message_id,schema_version,tenant_id,site_id,message_type,asset_id,asset_type,timestamp,sequence_no,production.operating_state,production.material_type,production.throughput_tph,production.target_throughput_tph,production.total_tonnes,production.load_count,production.production_loss_reason,production.alert_flag,diagnostics.fault_codes
c2c1ed6d-8be4-48a8-9ea5-142ab6c6f8ce,1.0,acme-mining,site-01,production_telemetry,ACME-S01-PROD-001,production_meter,2026-09-01T16:14:12.813Z,1,running,ore,1830.3,1800.0,1949847.9,16777,,False,[]
5ea412ef-6395-44af-930e-8547b619f137,1.0,acme-mining,site-01,production_telemetry,ACME-S01-PROD-002,production_meter,2026-09-01T16:14:12.813Z,1,running,ore,1730.5,1800.0,461253.2,8713,,False,[]
1c19f4a6-29de-458d-9643-7da7b1bea91f,1.0,acme-mining,site-01,production_telemetry,ACME-S01-PROD-003,production_meter,2026-09-01T16:14:12.813Z,1,running,ore,1738.1,1800.0,1328049.6,10624,,False,[]
37ad301c-8f7d-4c2c-a1de-1802e9ce282e,1.0,acme-mining,site-01,production_telemetry,ACME-S01-PROD-004,production_meter,2026-09-01T16:14:12.813Z,1,running,ore,1792.3,1800.0,889458.4,7080,,False,[]
43109281-765c-4141-884b-c1731f652e50,1.0,acme-mining,site-01,production_telemetry,ACME-S01-PROD-005,production_meter,2026-09-01T16:14:12.813Z,1,running,ore,1531.4,1800.0,588245.3,16290,,False,[]
666ec677-0cdf-4181-bd2a-fd0a771770f0,1.0,acme-mining,site-01,production_telemetry,ACME-S01-PROD-006,production_meter,2026-09-01T16:14:12.813Z,1,running,ore,1808.4,1800.0,1532890.3,7893,,False,[]
6c5ea2b9-9109-4702-bff2-82e8ac9c0e50,1.0,acme-mining,site-01,production_telemetry,ACME-S01-PROD-007,production_meter,2026-09-01T16:14:12.813Z,1,running,ore,1826.9,1800.0,1602298.3,957,,False,[]
2348cbeb-fbd6-4e50-805c-f89ead209ec2,1.0,acme-mining,site-01,production_telemetry,ACME-S01-PROD-008,production_meter,2026-09-01T16:14:12.813Z,1,running,ore,1847.1,1800.0,1313246.2,12673,,False,[]
47346070-8fe2-4bb1-9e6b-13c086ffe80a,1.0,acme-mining,site-01,production_telemetry,ACME-S01-PROD-009,production_meter,2026-09-01T16:14:12.813Z,1,running,ore,1590.7,1800.0,520599.9,2572,,False,[]
5a07fe93-636a-4ebb-8a0e-ccc98784e746,1.0,acme-mining,site-01,production_telemetry,ACME-S01-PROD-010,production_meter,2026-09-01T16:14:12.813Z,1,running,ore,1740.9,1800.0,170705.5,16643,,False,[]
b0634acb-f216-4116-bc46-a19c9b59d437,1.0,acme-mining,site-01,production_telemetry,ACME-S01-PROD-011,production_meter,2026-09-01T16:14:12.813Z,1,stopped,ore,460.4,1800.0,1423320.2,18202,feed_shortage,True,"[""PRODUCTION_RATE_LOW""]"
87f8289d-8026-466c-bd83-87c2aaf0ff31,1.0,acme-mining,site-01,production_telemetry,ACME-S01-PROD-012,production_meter,2026-09-01T16:14:12.813Z,1,degraded,ore,332.3,1800.0,875420.6,9667,crusher_trip,True,"[""PRODUCTION_RATE_LOW""]"
5ae60545-8e8e-46eb-89d5-fb1aaf2e0c5f,1.0,acme-mining,site-01,production_telemetry,ACME-S01-PROD-013,production_meter,2026-09-01T16:14:12.813Z,1,running,ore,1792.6,1800.0,1402795.0,18342,,False,[]
27f1e518-5db1-4e78-8ecf-d844ec438fda,1.0,acme-mining,site-01,production_telemetry,ACME-S01-PROD-014,production_meter,2026-09-01T16:14:12.813Z,1,running,ore,1678.2,1800.0,1665965.4,3504,,False,[]
bbd7722a-54b8-48be-825d-dbbec882c2ea,1.0,acme-mining,site-01,production_telemetry,ACME-S01-PROD-015,production_meter,2026-09-01T16:14:12.813Z,1,running,ore,1701.9,1800.0,339257.7,19001,,False,[]
e4b4858c-556d-4e83-ab16-1fb44dc64fc2,1.0,acme-mining,site-01,production_telemetry,ACME-S01-PROD-016,production_meter,2026-09-01T16:14:12.813Z,1,running,ore,1615.9,1800.0,1571302.5,593,,False,[]
80996c6a-6699-43b4-bf3b-4cfe4ae92fc3,1.0,acme-mining,site-01,production_telemetry,ACME-S01-PROD-017,production_meter,2026-09-01T16:14:12.813Z,1,running,ore,1552.9,1800.0,1746253.1,4819,,False,[]
53b9cad8-9aca-4280-a799-ed32f99008d4,1.0,acme-mining,site-01,production_telemetry,ACME-S01-PROD-018,production_meter,2026-09-01T16:14:12.813Z,1,running,ore,1728.6,1800.0,1509266.7,17739,,False,[]
e943caaf-e183-4080-9ef4-25f86f6a9422,1.0,acme-mining,site-01,production_telemetry,ACME-S01-PROD-019,production_meter,2026-09-01T16:14:12.813Z,1,stopped,ore,296.8,1800.0,520944.9,1921,feed_shortage,True,"[""PRODUCTION_RATE_LOW""]"
fb586bbc-28bf-4540-9e78-34055ba221db,1.0,acme-mining,site-01,production_telemetry,ACME-S01-PROD-020,production_meter,2026-09-01T16:14:12.813Z,1,running,ore,1553.9,1800.0,1997317.0,13661,,False,[]
35ea7df5-3423-4a8a-a34a-268cd4f103b5,1.0,acme-mining,site-02,production_telemetry,ACME-S02-PROD-001,production_meter,2026-09-01T16:14:12.813Z,1,running,ore,1673.9,1800.0,1892585.0,11562,,False,[]
2f07e9c1-c54a-4b07-ac8a-b4f79b32232a,1.0,acme-mining,site-02,production_telemetry,ACME-S02-PROD-002,production_meter,2026-09-01T16:14:12.813Z,1,running,ore,1818.9,1800.0,1610456.0,6047,,False,[]
46556b83-8718-439e-9053-b0d11cd5e6a4,1.0,acme-mining,site-02,production_telemetry,ACME-S02-PROD-003,production_meter,2026-09-01T16:14:12.813Z,1,running,ore,1626.3,1800.0,1095496.6,2936,,False,[]
a094a6e6-9c74-492e-a697-775691be1fef,1.0,acme-mining,site-02,production_telemetry,ACME-S02-PROD-004,production_meter,2026-09-01T16:14:12.813Z,1,running,ore,1882.3,1800.0,1443624.8,800,,False,[]
1030c3ac-eef9-4067-8cf3-644c71814405,1.0,acme-mining,site-02,production_telemetry,ACME-S02-PROD-005,production_meter,2026-09-01T16:14:12.813Z,1,running,ore,1712.5,1800.0,1352642.6,1016,,False,[]
96223e0b-704f-4d2d-9b63-6f24b146f970,1.0,acme-mining,site-02,production_telemetry,ACME-S02-PROD-006,production_meter,2026-09-01T16:14:12.813Z,1,running,ore,1837.7,1800.0,132573.5,14610,,False,[]
9a992186-cc4b-4f6b-b615-ddb00df02ceb,1.0,acme-mining,site-02,production_telemetry,ACME-S02-PROD-007,production_meter,2026-09-01T16:14:12.813Z,1,running,ore,1760.8,1800.0,1100268.8,12115,,False,[]
3d4e5e0e-b695-47a7-b1c0-ff06b32be100,1.0,acme-mining,site-02,production_telemetry,ACME-S02-PROD-008,production_meter,2026-09-01T16:14:12.813Z,1,running,ore,1608.1,1800.0,529131.0,3142,,False,[]
3823143c-7805-4fb1-ba61-76da53950d02,1.0,acme-mining,site-02,production_telemetry,ACME-S02-PROD-009,production_meter,2026-09-01T16:14:12.813Z,1,running,ore,1602.1,1800.0,206620.6,810,,False,[]
be1796b1-2229-460d-893f-a19c139863d6,1.0,acme-mining,site-02,production_telemetry,ACME-S02-PROD-010,production_meter,2026-09-01T16:14:12.813Z,1,running,ore,1684.4,1800.0,1950297.9,17807,,False,[]
43f0e91f-eb1d-4f60-9265-5c16ae6d7ed1,1.0,acme-mining,site-02,production_telemetry,ACME-S02-PROD-011,production_meter,2026-09-01T16:14:12.813Z,1,running,ore,1596.7,1800.0,1855904.8,9688,,False,[]
ab25649f-0635-4495-9ead-2d8ea0f7ff06,1.0,acme-mining,site-02,production_telemetry,ACME-S02-PROD-012,production_meter,2026-09-01T16:14:12.813Z,1,running,ore,1808.2,1800.0,1215371.1,13552,,False,[]
204b5c0b-b815-4474-a551-edc39eb774fc,1.0,acme-mining,site-02,production_telemetry,ACME-S02-PROD-013,production_meter,2026-09-01T16:14:12.813Z,1,running,ore,1771.1,1800.0,1127071.1,13078,,False,[]
dbd8af3a-0b48-44fd-a736-1336b4b70477,1.0,acme-mining,site-02,production_telemetry,ACME-S02-PROD-014,production_meter,2026-09-01T16:14:12.813Z,1,running,ore,1625.3,1800.0,202025.5,14823,,False,[]
342fae54-0e43-460f-8e6a-9a0a90ff2b38,1.0,acme-mining,site-02,production_telemetry,ACME-S02-PROD-015,production_meter,2026-09-01T16:14:12.813Z,1,stopped,ore,287.4,1800.0,720116.0,9457,crusher_trip,True,"[""PRODUCTION_RATE_LOW""]"
52b583ed-c441-40d7-b978-268961b2a973,1.0,acme-mining,site-02,production_telemetry,ACME-S02-PROD-016,production_meter,2026-09-01T16:14:12.813Z,1,running,ore,1774.2,1800.0,1213165.2,12955,,False,[]
62bb8fca-e011-47d0-9295-f7f387d3a729,1.0,acme-mining,site-02,production_telemetry,ACME-S02-PROD-017,production_meter,2026-09-01T16:14:12.813Z,1,running,ore,1790.1,1800.0,1452189.1,5556,,False,[]
c38631b9-179e-4e2f-b3c4-83a5af4690dd,1.0,acme-mining,site-02,production_telemetry,ACME-S02-PROD-018,production_meter,2026-09-01T16:14:12.813Z,1,running,ore,1513.6,1800.0,612558.3,4842,,False,[]
f5fe0acd-11f7-4fb3-a5dc-d45e8f28e741,1.0,acme-mining,site-02,production_telemetry,ACME-S02-PROD-019,production_meter,2026-09-01T16:14:12.813Z,1,running,ore,1522.8,1800.0,1153019.7,11131,,False,[]
7146e394-d30b-4b97-9202-86b4357ce02d,1.0,acme-mining,site-02,production_telemetry,ACME-S02-PROD-020,production_meter,2026-09-01T16:14:12.813Z,1,running,ore,1857.6,1800.0,1986190.0,8455,,False,[]
7afc124d-14c3-433c-b9ed-e5b622f44650,1.0,beta-minerals,north-site,production_telemetry,BETA-NORTH-PROD-001,production_meter,2026-09-01T16:14:12.813Z,1,running,ore,1515.0,1800.0,490442.4,805,,False,[]
3c68250e-15b0-46f9-9356-dc5dddf271a7,1.0,beta-minerals,north-site,production_telemetry,BETA-NORTH-PROD-002,production_meter,2026-09-01T16:14:12.813Z,1,running,ore,1669.0,1800.0,1678242.5,3938,,False,[]
9b1c87a5-16b2-4220-a334-5115966e715b,1.0,beta-minerals,north-site,production_telemetry,BETA-NORTH-PROD-003,production_meter,2026-09-01T16:14:12.813Z,1,running,ore,1668.5,1800.0,1578124.3,17643,,False,[]
b0b49a7f-62ab-43ea-9375-50620240399a,1.0,beta-minerals,north-site,production_telemetry,BETA-NORTH-PROD-004,production_meter,2026-09-01T16:14:12.813Z,1,stopped,ore,262.2,1800.0,1407587.8,16251,conveyor_blockage,True,"[""PRODUCTION_RATE_LOW""]"
a04794c4-29a2-4143-8791-5e597ab031a8,1.0,beta-minerals,north-site,production_telemetry,BETA-NORTH-PROD-005,production_meter,2026-09-01T16:14:12.813Z,1,running,ore,1629.0,1800.0,383376.8,3452,,False,[]
7a342346-8ea1-49a8-b8ab-a26224326b09,1.0,beta-minerals,north-site,production_telemetry,BETA-NORTH-PROD-006,production_meter,2026-09-01T16:14:12.813Z,1,running,ore,1695.3,1800.0,1956855.2,9155,,False,[]
6441666c-0660-40ed-9baf-9dd266bc51c3,1.0,beta-minerals,north-site,production_telemetry,BETA-NORTH-PROD-007,production_meter,2026-09-01T16:14:12.813Z,1,running,ore,1582.4,1800.0,694145.7,4298,,False,[]
0cda1489-7c13-4c63-84a1-1cb93c7e70c4,1.0,beta-minerals,north-site,production_telemetry,BETA-NORTH-PROD-008,production_meter,2026-09-01T16:14:12.813Z,1,running,ore,1824.6,1800.0,779304.6,14844,,False,[]
937794bc-542a-47c7-8492-1e29892b9f49,1.0,beta-minerals,north-site,production_telemetry,BETA-NORTH-PROD-009,production_meter,2026-09-01T16:14:12.813Z,1,running,ore,1566.7,1800.0,860477.6,15460,,False,[]
08aaf987-3171-4870-aef9-a32185eca28b,1.0,beta-minerals,north-site,production_telemetry,BETA-NORTH-PROD-010,production_meter,2026-09-01T16:14:12.813Z,1,running,ore,1887.8,1800.0,314810.1,2422,,False,[]
a0a5dacf-ab2d-43f6-a916-8e4cbf378373,1.0,beta-minerals,north-site,production_telemetry,BETA-NORTH-PROD-011,production_meter,2026-09-01T16:14:12.813Z,1,running,ore,1754.2,1800.0,932511.8,12944,,False,[]
394d50df-f763-4d15-81c7-c21260a57eee,1.0,beta-minerals,north-site,production_telemetry,BETA-NORTH-PROD-012,production_meter,2026-09-01T16:14:12.813Z,1,running,ore,1530.1,1800.0,1017853.5,16495,,False,[]
535943ef-a91d-4e7a-95a6-3267a4dcf247,1.0,beta-minerals,north-site,production_telemetry,BETA-NORTH-PROD-013,production_meter,2026-09-01T16:14:12.813Z,1,running,ore,1585.6,1800.0,1388067.2,19396,,False,[]
020324f4-6730-467e-ba40-f59a5c34be16,1.0,beta-minerals,north-site,production_telemetry,BETA-NORTH-PROD-014,production_meter,2026-09-01T16:14:12.813Z,1,running,ore,1618.9,1800.0,1274656.4,14684,,False,[]
fdb66338-d9f4-419f-8292-2065febabfe5,1.0,beta-minerals,north-site,production_telemetry,BETA-NORTH-PROD-015,production_meter,2026-09-01T16:14:12.813Z,1,running,ore,1821.8,1800.0,1160856.6,2289,,False,[]
37449a75-e5f4-493b-a194-fb1d72d14b74,1.0,beta-minerals,north-site,production_telemetry,BETA-NORTH-PROD-016,production_meter,2026-09-01T16:14:12.813Z,1,running,ore,1883.2,1800.0,1527719.6,11007,,False,[]
8c1c26b8-d599-4a0b-a82d-993fe809dacc,1.0,beta-minerals,north-site,production_telemetry,BETA-NORTH-PROD-017,production_meter,2026-09-01T16:14:12.813Z,1,running,ore,1731.3,1800.0,546502.4,15544,,False,[]
eac1ad08-188e-44eb-a46b-51287f25ea77,1.0,beta-minerals,north-site,production_telemetry,BETA-NORTH-PROD-018,production_meter,2026-09-01T16:14:12.813Z,1,running,ore,1609.3,1800.0,1515956.3,1083,,False,[]
17222709-1a68-4569-b92d-dd604f925862,1.0,beta-minerals,north-site,production_telemetry,BETA-NORTH-PROD-019,production_meter,2026-09-01T16:14:12.813Z,1,running,ore,1712.4,1800.0,1276228.1,10482,,False,[]
eea84fb4-0061-4874-9ce3-6ac60912f4cf,1.0,beta-minerals,north-site,production_telemetry,BETA-NORTH-PROD-020,production_meter,2026-09-01T16:14:12.813Z,1,running,ore,1638.9,1800.0,1651520.8,15392,,False,[]
e8763408-f1ac-4823-bd2a-8dfd2afb8cbe,1.0,beta-minerals,north-site,production_telemetry,BETA-NORTH-PROD-021,production_meter,2026-09-01T16:14:12.813Z,1,running,ore,1829.5,1800.0,285132.9,7767,,False,[]
5e34b36b-d990-4d02-91b6-f7cb0becdab2,1.0,beta-minerals,north-site,production_telemetry,BETA-NORTH-PROD-022,production_meter,2026-09-01T16:14:12.813Z,1,running,ore,1620.0,1800.0,302014.5,5880,,False,[]
fa8dae64-42a1-477f-b2c3-2d8059ac934f,1.0,beta-minerals,north-site,production_telemetry,BETA-NORTH-PROD-023,production_meter,2026-09-01T16:14:12.813Z,1,running,ore,1625.3,1800.0,329419.3,13375,,False,[]
8927bdeb-60e6-489b-8c69-15848abe4cf6,1.0,beta-minerals,north-site,production_telemetry,BETA-NORTH-PROD-024,production_meter,2026-09-01T16:14:12.813Z,1,running,ore,1600.5,1800.0,1303159.1,19795,,False,[]
82588a54-5173-4385-bdca-796b77b36fd3,1.0,beta-minerals,north-site,production_telemetry,BETA-NORTH-PROD-025,production_meter,2026-09-01T16:14:12.813Z,1,running,ore,1768.6,1800.0,108243.9,2092,,False,[]
1ad09022-b34d-4a4e-98e3-3951ce19cea7,1.0,beta-minerals,north-site,production_telemetry,BETA-NORTH-PROD-026,production_meter,2026-09-01T16:14:12.813Z,1,running,ore,1852.4,1800.0,1414456.2,6191,,False,[]
7e9506d0-0ed9-495b-9d2d-20c6b0597dae,1.0,beta-minerals,north-site,production_telemetry,BETA-NORTH-PROD-027,production_meter,2026-09-01T16:14:12.813Z,1,running,ore,1706.5,1800.0,830861.4,8635,,False,[]
35b1d48d-b000-4271-9ee0-735baf0556a2,1.0,beta-minerals,north-site,production_telemetry,BETA-NORTH-PROD-028,production_meter,2026-09-01T16:14:12.813Z,1,running,ore,1699.7,1800.0,1430029.5,17287,,False,[]
4902a3a0-2b03-4c19-9008-3cfc3a0b8f7f,1.0,beta-minerals,north-site,production_telemetry,BETA-NORTH-PROD-029,production_meter,2026-09-01T16:14:12.813Z,1,running,ore,1829.6,1800.0,481691.8,10022,,False,[]
c11295ad-97c7-439c-aaa6-fc8c226806f7,1.0,beta-minerals,north-site,production_telemetry,BETA-NORTH-PROD-030,production_meter,2026-09-01T16:14:12.813Z,1,running,ore,1607.2,1800.0,1130736.0,11064,,False,[]
2873da79-8867-46c5-bb2c-6f5a7cc68577,1.0,acme-mining,site-01,production_telemetry,ACME-S01-PROD-001,production_meter,2026-09-01T16:14:17.813Z,2,running,ore,1807.2,1800.0,1949850.4,16778,,False,[]
f0170c65-e820-485e-800e-018b36087deb,1.0,acme-mining,site-01,production_telemetry,ACME-S01-PROD-002,production_meter,2026-09-01T16:14:17.813Z,2,running,ore,1503.4,1800.0,461255.3,8714,,False,[]
f68e9148-78b2-44df-98b0-645f62f77fc9,1.0,acme-mining,site-01,production_telemetry,ACME-S01-PROD-003,production_meter,2026-09-01T16:14:17.813Z,2,running,ore,1874.5,1800.0,1328052.2,10625,,False,[]
92a91131-87d9-4c35-b200-1710872cf7a5,1.0,acme-mining,site-01,production_telemetry,ACME-S01-PROD-004,production_meter,2026-09-01T16:14:17.813Z,2,running,ore,1588.6,1800.0,889460.6,7081,,False,[]
7f691498-058f-47ff-b537-b59237a7820a,1.0,acme-mining,site-01,production_telemetry,ACME-S01-PROD-005,production_meter,2026-09-01T16:14:17.813Z,2,stopped,ore,756.8,1800.0,588246.3,16291,crusher_trip,True,"[""PRODUCTION_RATE_LOW""]"
3f2b5b01-2679-452f-beea-7ca502d35dba,1.0,acme-mining,site-01,production_telemetry,ACME-S01-PROD-006,production_meter,2026-09-01T16:14:17.813Z,2,running,ore,1745.4,1800.0,1532892.8,7894,,False,[]
bf65ba0e-c4b9-476a-a7f7-cd1f842299b1,1.0,acme-mining,site-01,production_telemetry,ACME-S01-PROD-007,production_meter,2026-09-01T16:14:17.813Z,2,running,ore,1787.1,1800.0,1602300.8,958,,False,[]
37aa69c8-751f-4b19-b42a-332cdbf20eef,1.0,acme-mining,site-01,production_telemetry,ACME-S01-PROD-008,production_meter,2026-09-01T16:14:17.813Z,2,running,ore,1697.5,1800.0,1313248.5,12674,,False,[]
c1df32e0-5810-41b0-85b7-66c7e04a2db2,1.0,acme-mining,site-01,production_telemetry,ACME-S01-PROD-009,production_meter,2026-09-01T16:14:17.813Z,2,running,ore,1612.3,1800.0,520602.1,2573,,False,[]
05c4823a-1c62-4a60-b672-4db87fabd9f5,1.0,acme-mining,site-01,production_telemetry,ACME-S01-PROD-010,production_meter,2026-09-01T16:14:17.813Z,2,running,ore,1782.8,1800.0,170707.9,16644,,False,[]
f858f302-b593-4c4d-9cde-a0dc99cc5449,1.0,acme-mining,site-01,production_telemetry,ACME-S01-PROD-011,production_meter,2026-09-01T16:14:17.813Z,2,running,ore,1578.4,1800.0,1423322.4,18203,,False,[]
3ac0eb78-d4a0-43a5-bbab-71c874908f5f,1.0,acme-mining,site-01,production_telemetry,ACME-S01-PROD-012,production_meter,2026-09-01T16:14:17.813Z,2,running,ore,1658.4,1800.0,875422.9,9668,,False,[]
3bc68c25-7608-4cfb-bfbb-12ad3cc0af1e,1.0,acme-mining,site-01,production_telemetry,ACME-S01-PROD-013,production_meter,2026-09-01T16:14:17.813Z,2,running,ore,1727.6,1800.0,1402797.4,18343,,False,[]
a9387602-3f7e-4b52-98cb-497cb056caa7,1.0,acme-mining,site-01,production_telemetry,ACME-S01-PROD-014,production_meter,2026-09-01T16:14:17.813Z,2,running,ore,1720.7,1800.0,1665967.8,3505,,False,[]
d5f035f3-b855-484f-8189-9c448f8f0700,1.0,acme-mining,site-01,production_telemetry,ACME-S01-PROD-015,production_meter,2026-09-01T16:14:17.813Z,2,running,ore,1726.3,1800.0,339260.1,19002,,False,[]
46d7cb2d-22f6-47e5-8d2f-3ac30f731d01,1.0,acme-mining,site-01,production_telemetry,ACME-S01-PROD-016,production_meter,2026-09-01T16:14:17.813Z,2,running,ore,1726.1,1800.0,1571304.9,594,,False,[]
60ea0a3f-6403-4df2-a7a4-79b277376b06,1.0,acme-mining,site-01,production_telemetry,ACME-S01-PROD-017,production_meter,2026-09-01T16:14:17.813Z,2,running,ore,1551.3,1800.0,1746255.3,4820,,False,[]
8955f63e-cce7-4556-af1c-bdb7fc2f2b22,1.0,acme-mining,site-01,production_telemetry,ACME-S01-PROD-018,production_meter,2026-09-01T16:14:17.813Z,2,running,ore,1603.8,1800.0,1509268.9,17740,,False,[]
540a23fe-7631-429c-9400-93c1b3926b13,1.0,acme-mining,site-01,production_telemetry,ACME-S01-PROD-019,production_meter,2026-09-01T16:14:17.813Z,2,running,ore,1591.2,1800.0,520947.2,1922,,False,[]
151e1a93-b3f1-428e-86a0-89bc0fded424,1.0,acme-mining,site-01,production_telemetry,ACME-S01-PROD-020,production_meter,2026-09-01T16:14:17.813Z,2,running,ore,1812.9,1800.0,1997319.5,13662,,False,[]
6ef20a8e-cdab-428b-b6bb-9b28a595a5a6,1.0,acme-mining,site-02,production_telemetry,ACME-S02-PROD-001,production_meter,2026-09-01T16:14:17.813Z,2,running,ore,1558.3,1800.0,1892587.1,11563,,False,[]
6f9cbda3-a5ab-48f1-8f39-1825528b4e41,1.0,acme-mining,site-02,production_telemetry,ACME-S02-PROD-002,production_meter,2026-09-01T16:14:17.813Z,2,running,ore,1820.5,1800.0,1610458.5,6048,,False,[]
49d17930-682e-4c3b-98be-bfa966d52eb7,1.0,acme-mining,site-02,production_telemetry,ACME-S02-PROD-003,production_meter,2026-09-01T16:14:17.813Z,2,running,ore,1739.6,1800.0,1095499.1,2937,,False,[]
1a4de7e6-0766-4feb-9129-1fdaad4c510b,1.0,acme-mining,site-02,production_telemetry,ACME-S02-PROD-004,production_meter,2026-09-01T16:14:17.813Z,2,running,ore,1896.1,1800.0,1443627.4,801,,False,[]
12b8d1e3-894f-45bc-b023-aed093d954ad,1.0,acme-mining,site-02,production_telemetry,ACME-S02-PROD-005,production_meter,2026-09-01T16:14:17.813Z,2,running,ore,1898.7,1800.0,1352645.3,1017,,False,[]
981015b1-b514-4d2d-89d1-93b8a91c7200,1.0,acme-mining,site-02,production_telemetry,ACME-S02-PROD-006,production_meter,2026-09-01T16:14:17.813Z,2,running,ore,1691.3,1800.0,132575.8,14611,,False,[]
ebfdc186-3861-4afd-9648-fe9cea1158d5,1.0,acme-mining,site-02,production_telemetry,ACME-S02-PROD-007,production_meter,2026-09-01T16:14:17.813Z,2,running,ore,1698.0,1800.0,1100271.2,12116,,False,[]
8023ad56-cab4-4e85-a27b-b578b6d7c08d,1.0,acme-mining,site-02,production_telemetry,ACME-S02-PROD-008,production_meter,2026-09-01T16:14:17.813Z,2,running,ore,1650.7,1800.0,529133.3,3143,,False,[]
4d66aeae-cd59-451c-866d-a424179791a2,1.0,acme-mining,site-02,production_telemetry,ACME-S02-PROD-009,production_meter,2026-09-01T16:14:17.813Z,2,running,ore,1633.3,1800.0,206622.9,811,,False,[]
a970afc8-7e8c-49fa-a1a9-2119cb182778,1.0,acme-mining,site-02,production_telemetry,ACME-S02-PROD-010,production_meter,2026-09-01T16:14:17.813Z,2,running,ore,1584.2,1800.0,1950300.1,17808,,False,[]
406d8e91-991e-4281-8f6f-ef8d7fc333ae,1.0,acme-mining,site-02,production_telemetry,ACME-S02-PROD-011,production_meter,2026-09-01T16:14:17.813Z,2,running,ore,1824.2,1800.0,1855907.4,9689,,False,[]
b83d91fe-52a3-473c-b16f-3767d025d928,1.0,acme-mining,site-02,production_telemetry,ACME-S02-PROD-012,production_meter,2026-09-01T16:14:17.813Z,2,running,ore,1521.0,1800.0,1215373.2,13553,,False,[]
ed73c3d1-9a0b-47d0-b04b-f190eaa30391,1.0,acme-mining,site-02,production_telemetry,ACME-S02-PROD-013,production_meter,2026-09-01T16:14:17.813Z,2,running,ore,1571.6,1800.0,1127073.3,13079,,False,[]
1539eb6a-fc67-48b4-b823-744a6bdb35b5,1.0,acme-mining,site-02,production_telemetry,ACME-S02-PROD-014,production_meter,2026-09-01T16:14:17.813Z,2,running,ore,1656.7,1800.0,202027.8,14824,,False,[]
e165a9e8-4c3c-4eac-9d6b-dbdde217ae59,1.0,acme-mining,site-02,production_telemetry,ACME-S02-PROD-015,production_meter,2026-09-01T16:14:17.813Z,2,running,ore,1763.7,1800.0,720118.5,9458,,False,[]
28cb9245-f8ac-4c87-a30e-d3f82b38d3fb,1.0,acme-mining,site-02,production_telemetry,ACME-S02-PROD-016,production_meter,2026-09-01T16:14:17.813Z,2,running,ore,1896.4,1800.0,1213167.8,12956,,False,[]
53e01a8c-1eac-449b-a876-e8bb98e7c949,1.0,acme-mining,site-02,production_telemetry,ACME-S02-PROD-017,production_meter,2026-09-01T16:14:17.813Z,2,running,ore,1635.0,1800.0,1452191.4,5557,,False,[]
c906bf15-0f80-4c16-b31a-266a9781deb8,1.0,acme-mining,site-02,production_telemetry,ACME-S02-PROD-018,production_meter,2026-09-01T16:14:17.813Z,2,running,ore,1896.1,1800.0,612561.0,4843,,False,[]
445f4b5c-56a2-4632-a8f3-f6dde6b46c4f,1.0,acme-mining,site-02,production_telemetry,ACME-S02-PROD-019,production_meter,2026-09-01T16:14:17.813Z,2,running,ore,1656.4,1800.0,1153022.0,11132,,False,[]
171d64c6-2578-45ca-9623-fdfd34c5af1c,1.0,acme-mining,site-02,production_telemetry,ACME-S02-PROD-020,production_meter,2026-09-01T16:14:17.813Z,2,running,ore,1613.2,1800.0,1986192.2,8456,,False,[]
33c432f5-c7de-4cea-b5d2-6ccd14a3684c,1.0,beta-minerals,north-site,production_telemetry,BETA-NORTH-PROD-001,production_meter,2026-09-01T16:14:17.813Z,2,running,ore,1888.7,1800.0,490445.1,806,,False,[]
77096e7c-209d-4181-a26b-1a255b955348,1.0,beta-minerals,north-site,production_telemetry,BETA-NORTH-PROD-002,production_meter,2026-09-01T16:14:17.813Z,2,running,ore,1505.7,1800.0,1678244.6,3939,,False,[]
4f8a1836-1fe4-4bbe-9521-dd0e1d281640,1.0,beta-minerals,north-site,production_telemetry,BETA-NORTH-PROD-003,production_meter,2026-09-01T16:14:17.813Z,2,running,ore,1506.5,1800.0,1578126.4,17644,,False,[]
d11aa824-6bdf-41d3-9e1d-ed0b613672da,1.0,beta-minerals,north-site,production_telemetry,BETA-NORTH-PROD-004,production_meter,2026-09-01T16:14:17.813Z,2,running,ore,1700.8,1800.0,1407590.2,16252,,False,[]
e0d044af-a4ff-4a8e-876c-b899e1bdf27a,1.0,beta-minerals,north-site,production_telemetry,BETA-NORTH-PROD-005,production_meter,2026-09-01T16:14:17.813Z,2,running,ore,1779.7,1800.0,383379.3,3453,,False,[]
977244f4-f20a-401c-a9a0-50126e8ba938,1.0,beta-minerals,north-site,production_telemetry,BETA-NORTH-PROD-006,production_meter,2026-09-01T16:14:17.813Z,2,running,ore,1682.4,1800.0,1956857.5,9156,,False,[]
35d0933d-26c9-40db-bd29-31b50e2bb07d,1.0,beta-minerals,north-site,production_telemetry,BETA-NORTH-PROD-007,production_meter,2026-09-01T16:14:17.813Z,2,running,ore,1640.9,1800.0,694148.0,4299,,False,[]
0981de9a-4925-46cd-841d-c0f0b06eb136,1.0,beta-minerals,north-site,production_telemetry,BETA-NORTH-PROD-008,production_meter,2026-09-01T16:14:17.813Z,2,running,ore,1709.3,1800.0,779307.0,14845,,False,[]
ae92aef3-fa03-4ffb-9eba-76c1baa2235d,1.0,beta-minerals,north-site,production_telemetry,BETA-NORTH-PROD-009,production_meter,2026-09-01T16:14:17.813Z,2,running,ore,1545.4,1800.0,860479.8,15461,,False,[]
2e831bcd-7769-4a7f-bd47-ce5dcd5a866b,1.0,beta-minerals,north-site,production_telemetry,BETA-NORTH-PROD-010,production_meter,2026-09-01T16:14:17.813Z,2,running,ore,1671.4,1800.0,314812.4,2423,,False,[]
c98d5596-9824-4698-8ddf-ceb189ad3e4e,1.0,beta-minerals,north-site,production_telemetry,BETA-NORTH-PROD-011,production_meter,2026-09-01T16:14:17.813Z,2,running,ore,1738.0,1800.0,932514.2,12945,,False,[]
a8537b59-11b1-4767-91de-8c127fdbeeac,1.0,beta-minerals,north-site,production_telemetry,BETA-NORTH-PROD-012,production_meter,2026-09-01T16:14:17.813Z,2,running,ore,1652.6,1800.0,1017855.8,16496,,False,[]
0b3f363d-bda0-4bd5-ac36-918a8efaf9ec,1.0,beta-minerals,north-site,production_telemetry,BETA-NORTH-PROD-013,production_meter,2026-09-01T16:14:17.813Z,2,running,ore,1775.4,1800.0,1388069.6,19397,,False,[]
64f862f6-823d-4a05-9139-9931bd3a9fdd,1.0,beta-minerals,north-site,production_telemetry,BETA-NORTH-PROD-014,production_meter,2026-09-01T16:14:17.813Z,2,running,ore,1613.3,1800.0,1274658.6,14685,,False,[]
4be37447-3405-4732-acf5-69a118e8ca46,1.0,beta-minerals,north-site,production_telemetry,BETA-NORTH-PROD-015,production_meter,2026-09-01T16:14:17.813Z,2,running,ore,1870.1,1800.0,1160859.2,2290,,False,[]
e367a83e-802f-40c8-a2e9-889a46c512f5,1.0,beta-minerals,north-site,production_telemetry,BETA-NORTH-PROD-016,production_meter,2026-09-01T16:14:17.813Z,2,running,ore,1898.1,1800.0,1527722.3,11008,,False,[]
0224f34a-9cab-41cf-80fd-b1b7c1d0f46f,1.0,beta-minerals,north-site,production_telemetry,BETA-NORTH-PROD-017,production_meter,2026-09-01T16:14:17.813Z,2,running,ore,1541.5,1800.0,546504.5,15545,,False,[]
620086b1-5944-4b5a-86e4-ad068729b784,1.0,beta-minerals,north-site,production_telemetry,BETA-NORTH-PROD-018,production_meter,2026-09-01T16:14:17.813Z,2,running,ore,1746.5,1800.0,1515958.7,1084,,False,[]
6cedc9f5-9f87-41cb-a453-48425222bb1c,1.0,beta-minerals,north-site,production_telemetry,BETA-NORTH-PROD-019,production_meter,2026-09-01T16:14:17.813Z,2,running,ore,1698.6,1800.0,1276230.4,10483,,False,[]
106822b4-82a0-492c-8a39-7627506e3727,1.0,beta-minerals,north-site,production_telemetry,BETA-NORTH-PROD-020,production_meter,2026-09-01T16:14:17.813Z,2,running,ore,1870.9,1800.0,1651523.4,15393,,False,[]
245d8e0f-0ed3-4d6e-9b11-8b573bbbb058,1.0,beta-minerals,north-site,production_telemetry,BETA-NORTH-PROD-021,production_meter,2026-09-01T16:14:17.813Z,2,running,ore,1677.6,1800.0,285135.2,7768,,False,[]
41208fee-5e8a-4476-9504-9d4ad57c77a5,1.0,beta-minerals,north-site,production_telemetry,BETA-NORTH-PROD-022,production_meter,2026-09-01T16:14:17.813Z,2,running,ore,1513.1,1800.0,302016.6,5881,,False,[]
5f89abd1-8df2-4d51-ba23-c0cfec455a8b,1.0,beta-minerals,north-site,production_telemetry,BETA-NORTH-PROD-023,production_meter,2026-09-01T16:14:17.813Z,2,running,ore,1668.3,1800.0,329421.6,13376,,False,[]
142f8373-952c-4ca7-970c-d125810734c9,1.0,beta-minerals,north-site,production_telemetry,BETA-NORTH-PROD-024,production_meter,2026-09-01T16:14:17.813Z,2,running,ore,1681.9,1800.0,1303161.4,19796,,False,[]
cc12ae4e-92ed-4f8f-9dfe-4202942ebfca,1.0,beta-minerals,north-site,production_telemetry,BETA-NORTH-PROD-025,production_meter,2026-09-01T16:14:17.813Z,2,running,ore,1578.2,1800.0,108246.1,2093,,False,[]
5ec1b1f1-f99d-4c8c-bb78-27e21982a37a,1.0,beta-minerals,north-site,production_telemetry,BETA-NORTH-PROD-026,production_meter,2026-09-01T16:14:17.813Z,2,running,ore,1549.8,1800.0,1414458.4,6192,,False,[]
6f240073-47ff-48f2-8c87-7d78c1ba4886,1.0,beta-minerals,north-site,production_telemetry,BETA-NORTH-PROD-027,production_meter,2026-09-01T16:14:17.813Z,2,running,ore,1865.6,1800.0,830864.0,8636,,False,[]
83f669cf-e205-48e1-a3e5-a29e3812cad2,1.0,beta-minerals,north-site,production_telemetry,BETA-NORTH-PROD-028,production_meter,2026-09-01T16:14:17.813Z,2,running,ore,1828.2,1800.0,1430032.0,17288,,False,[]
43befe04-74dd-4cf1-bfca-2dd806ce95ea,1.0,beta-minerals,north-site,production_telemetry,BETA-NORTH-PROD-029,production_meter,2026-09-01T16:14:17.813Z,2,running,ore,1796.5,1800.0,481694.3,10023,,False,[]
467b16a2-e358-45e1-9679-006827c4bb61,1.0,beta-minerals,north-site,production_telemetry,BETA-NORTH-PROD-030,production_meter,2026-09-01T16:14:17.813Z,2,stopped,ore,373.2,1800.0,1130736.6,11065,conveyor_blockage,True,"[""PRODUCTION_RATE_LOW""]"
0a0222e0-6447-4a23-956f-24787bbf50e6,1.0,acme-mining,site-01,production_telemetry,ACME-S01-PROD-001,production_meter,2026-09-01T16:14:22.813Z,3,running,ore,1553.3,1800.0,1949852.6,16779,,False,[]
884f31eb-b2a9-4741-bfee-c9730780f5fe,1.0,acme-mining,site-01,production_telemetry,ACME-S01-PROD-002,production_meter,2026-09-01T16:14:22.813Z,3,running,ore,1722.6,1800.0,461257.7,8715,,False,[]
701d3ecb-8f40-45c2-9c93-b335c53471cd,1.0,acme-mining,site-01,production_telemetry,ACME-S01-PROD-003,production_meter,2026-09-01T16:14:22.813Z,3,running,ore,1696.4,1800.0,1328054.5,10626,,False,[]
326d5ee4-582d-4cda-8f44-03aa1429e3e2,1.0,acme-mining,site-01,production_telemetry,ACME-S01-PROD-004,production_meter,2026-09-01T16:14:22.813Z,3,running,ore,1590.2,1800.0,889462.8,7082,,False,[]
3f33fbf6-3cf2-40f1-b008-15c4a3e76373,1.0,acme-mining,site-01,production_telemetry,ACME-S01-PROD-005,production_meter,2026-09-01T16:14:22.813Z,3,running,ore,1673.6,1800.0,588248.7,16292,,False,[]
e4e8574c-1dbe-47f8-b99e-ab4fbfd47198,1.0,acme-mining,site-01,production_telemetry,ACME-S01-PROD-006,production_meter,2026-09-01T16:14:22.813Z,3,running,ore,1816.0,1800.0,1532895.3,7895,,False,[]
14f4cdda-7c9f-4c2a-b2ab-c0441520397b,1.0,acme-mining,site-01,production_telemetry,ACME-S01-PROD-007,production_meter,2026-09-01T16:14:22.813Z,3,running,ore,1509.7,1800.0,1602302.9,959,,False,[]
7617be19-3b0c-4957-860c-5dbe32a78615,1.0,acme-mining,site-01,production_telemetry,ACME-S01-PROD-008,production_meter,2026-09-01T16:14:22.813Z,3,running,ore,1538.5,1800.0,1313250.7,12675,,False,[]
df331b07-3828-4e11-a470-4b4f8c4cd145,1.0,acme-mining,site-01,production_telemetry,ACME-S01-PROD-009,production_meter,2026-09-01T16:14:22.813Z,3,stopped,ore,252.9,1800.0,520602.5,2574,feed_shortage,True,"[""PRODUCTION_RATE_LOW""]"
2b3f81bc-23ac-4f0f-bfa4-8539aa5d5679,1.0,acme-mining,site-01,production_telemetry,ACME-S01-PROD-010,production_meter,2026-09-01T16:14:22.813Z,3,running,ore,1528.8,1800.0,170710.1,16645,,False,[]
9531bd42-bb8a-440a-98b0-24c946498bf9,1.0,acme-mining,site-01,production_telemetry,ACME-S01-PROD-011,production_meter,2026-09-01T16:14:22.813Z,3,running,ore,1792.0,1800.0,1423324.9,18204,,False,[]
f18dedb7-eff8-45fa-964b-cbb845e74b5d,1.0,acme-mining,site-01,production_telemetry,ACME-S01-PROD-012,production_meter,2026-09-01T16:14:22.813Z,3,running,ore,1756.9,1800.0,875425.4,9669,,False,[]
cda2796b-5bf6-40cd-8587-72c0effd2946,1.0,acme-mining,site-01,production_telemetry,ACME-S01-PROD-013,production_meter,2026-09-01T16:14:22.813Z,3,running,ore,1833.0,1800.0,1402799.9,18344,,False,[]
1b108c70-28cb-4c77-afc5-5383ec9375e1,1.0,acme-mining,site-01,production_telemetry,ACME-S01-PROD-014,production_meter,2026-09-01T16:14:22.813Z,3,running,ore,1689.5,1800.0,1665970.1,3506,,False,[]
a08e8799-839c-4e73-83a3-ce9196eb2620,1.0,acme-mining,site-01,production_telemetry,ACME-S01-PROD-015,production_meter,2026-09-01T16:14:22.813Z,3,running,ore,1747.4,1800.0,339262.6,19003,,False,[]
b98beb80-151c-4448-83a2-5d6a9b0f72f0,1.0,acme-mining,site-01,production_telemetry,ACME-S01-PROD-016,production_meter,2026-09-01T16:14:22.813Z,3,running,ore,1555.1,1800.0,1571307.1,595,,False,[]
7db9f12e-4cda-4e4c-a345-ea83143a73e6,1.0,acme-mining,site-01,production_telemetry,ACME-S01-PROD-017,production_meter,2026-09-01T16:14:22.813Z,3,running,ore,1671.0,1800.0,1746257.6,4821,,False,[]
558f0921-2ac5-43d2-8d6f-7b36b3d9cd2b,1.0,acme-mining,site-01,production_telemetry,ACME-S01-PROD-018,production_meter,2026-09-01T16:14:22.813Z,3,running,ore,1528.3,1800.0,1509271.1,17741,,False,[]
87f148d7-aeed-4b45-ba99-234219b4f42c,1.0,acme-mining,site-01,production_telemetry,ACME-S01-PROD-019,production_meter,2026-09-01T16:14:22.813Z,3,running,ore,1813.0,1800.0,520949.7,1923,,False,[]
c09df8cf-dd5d-48a7-9ce4-5ed571680a44,1.0,acme-mining,site-01,production_telemetry,ACME-S01-PROD-020,production_meter,2026-09-01T16:14:22.813Z,3,running,ore,1547.2,1800.0,1997321.7,13663,,False,[]
3e80c1d8-e251-412d-890b-55699bfe7bed,1.0,acme-mining,site-02,production_telemetry,ACME-S02-PROD-001,production_meter,2026-09-01T16:14:22.813Z,3,running,ore,1746.6,1800.0,1892589.6,11564,,False,[]
113b5f8f-5574-4d2b-a5a0-09669dee6cd9,1.0,acme-mining,site-02,production_telemetry,ACME-S02-PROD-002,production_meter,2026-09-01T16:14:22.813Z,3,running,ore,1789.2,1800.0,1610461.0,6049,,False,[]
90edad94-018d-486b-9d7d-efe5ad0c4aa4,1.0,acme-mining,site-02,production_telemetry,ACME-S02-PROD-003,production_meter,2026-09-01T16:14:22.813Z,3,running,ore,1593.0,1800.0,1095501.3,2938,,False,[]
9952d7b3-f206-448c-a1c1-9e7099dac603,1.0,acme-mining,site-02,production_telemetry,ACME-S02-PROD-004,production_meter,2026-09-01T16:14:22.813Z,3,running,ore,1600.8,1800.0,1443629.6,802,,False,[]
8c9ca2be-67a1-42f4-90d3-2e61ae6f5bb9,1.0,acme-mining,site-02,production_telemetry,ACME-S02-PROD-005,production_meter,2026-09-01T16:14:22.813Z,3,running,ore,1635.1,1800.0,1352647.5,1018,,False,[]
10902c80-34bf-4a8e-88a6-d690d847e9f5,1.0,acme-mining,site-02,production_telemetry,ACME-S02-PROD-006,production_meter,2026-09-01T16:14:22.813Z,3,running,ore,1628.6,1800.0,132578.1,14612,,False,[]
62a53df7-1d26-4994-8460-98514f7c1ca5,1.0,acme-mining,site-02,production_telemetry,ACME-S02-PROD-007,production_meter,2026-09-01T16:14:22.813Z,3,running,ore,1662.6,1800.0,1100273.5,12117,,False,[]
7c5a1075-6f5b-4b84-b6c3-bef2c72f241f,1.0,acme-mining,site-02,production_telemetry,ACME-S02-PROD-008,production_meter,2026-09-01T16:14:22.813Z,3,stopped,ore,665.3,1800.0,529134.2,3144,feed_shortage,True,"[""PRODUCTION_RATE_LOW""]"
e2c3c100-6ffc-4a34-8c91-545a65c67bc5,1.0,acme-mining,site-02,production_telemetry,ACME-S02-PROD-009,production_meter,2026-09-01T16:14:22.813Z,3,running,ore,1883.8,1800.0,206625.5,812,,False,[]
e28e51f5-10ee-4ba1-acbb-aa0da6507c43,1.0,acme-mining,site-02,production_telemetry,ACME-S02-PROD-010,production_meter,2026-09-01T16:14:22.813Z,3,running,ore,1684.5,1800.0,1950302.4,17809,,False,[]
a8205bda-5f82-48dc-b708-d6189419d192,1.0,acme-mining,site-02,production_telemetry,ACME-S02-PROD-011,production_meter,2026-09-01T16:14:22.813Z,3,running,ore,1721.9,1800.0,1855909.7,9690,,False,[]
15402cc7-a775-4828-9bd1-47b11c58d0bd,1.0,acme-mining,site-02,production_telemetry,ACME-S02-PROD-012,production_meter,2026-09-01T16:14:22.813Z,3,running,ore,1793.2,1800.0,1215375.7,13554,,False,[]
967baf75-622c-44e4-bf0c-8ee4135723e8,1.0,acme-mining,site-02,production_telemetry,ACME-S02-PROD-013,production_meter,2026-09-01T16:14:22.813Z,3,running,ore,1670.3,1800.0,1127075.6,13080,,False,[]
4f1f9e1f-8555-4e6e-980d-a7e3ffcddf19,1.0,acme-mining,site-02,production_telemetry,ACME-S02-PROD-014,production_meter,2026-09-01T16:14:22.813Z,3,running,ore,1550.9,1800.0,202029.9,14825,,False,[]
8e5ba6a0-efec-43bd-9d00-20b9c8d4e4ad,1.0,acme-mining,site-02,production_telemetry,ACME-S02-PROD-015,production_meter,2026-09-01T16:14:22.813Z,3,degraded,ore,316.8,1800.0,720118.9,9459,conveyor_blockage,True,"[""PRODUCTION_RATE_LOW""]"
3aa53fc1-a211-499d-b3bc-e235e9e46892,1.0,acme-mining,site-02,production_telemetry,ACME-S02-PROD-016,production_meter,2026-09-01T16:14:22.813Z,3,running,ore,1545.5,1800.0,1213170.0,12957,,False,[]
b5decac3-d7c9-4826-8fd8-94ed91f5bbc0,1.0,acme-mining,site-02,production_telemetry,ACME-S02-PROD-017,production_meter,2026-09-01T16:14:22.813Z,3,running,ore,1698.1,1800.0,1452193.7,5558,,False,[]
0fb086c7-29b7-4775-99a2-12a5e75b209e,1.0,acme-mining,site-02,production_telemetry,ACME-S02-PROD-018,production_meter,2026-09-01T16:14:22.813Z,3,running,ore,1709.8,1800.0,612563.4,4844,,False,[]
42cf647b-d582-4606-a6b6-d5cf84aa5132,1.0,acme-mining,site-02,production_telemetry,ACME-S02-PROD-019,production_meter,2026-09-01T16:14:22.813Z,3,running,ore,1849.7,1800.0,1153024.6,11133,,False,[]
fbc6f91b-8504-487c-9ba1-c778e18e5830,1.0,acme-mining,site-02,production_telemetry,ACME-S02-PROD-020,production_meter,2026-09-01T16:14:22.813Z,3,running,ore,1503.7,1800.0,1986194.3,8457,,False,[]
139becdb-c574-469c-8a91-3cdc91262f19,1.0,beta-minerals,north-site,production_telemetry,BETA-NORTH-PROD-001,production_meter,2026-09-01T16:14:22.813Z,3,running,ore,1578.8,1800.0,490447.3,807,,False,[]
178e98ce-1937-4bcf-b7ae-117ee44a14bf,1.0,beta-minerals,north-site,production_telemetry,BETA-NORTH-PROD-002,production_meter,2026-09-01T16:14:22.813Z,3,running,ore,1727.8,1800.0,1678247.0,3940,,False,[]
ffc8c10b-3fe7-4fce-b598-cb851daff0d7,1.0,beta-minerals,north-site,production_telemetry,BETA-NORTH-PROD-003,production_meter,2026-09-01T16:14:22.813Z,3,running,ore,1504.9,1800.0,1578128.4,17645,,False,[]
6f48a8ad-47c3-49af-9135-7a781d1c04c5,1.0,beta-minerals,north-site,production_telemetry,BETA-NORTH-PROD-004,production_meter,2026-09-01T16:14:22.813Z,3,running,ore,1827.6,1800.0,1407592.7,16253,,False,[]
e8a0d16f-55fc-4543-ba75-adbdec96da1d,1.0,beta-minerals,north-site,production_telemetry,BETA-NORTH-PROD-005,production_meter,2026-09-01T16:14:22.813Z,3,running,ore,1859.3,1800.0,383381.9,3454,,False,[]
ff9de325-e69e-405d-9cdb-016b09b296f5,1.0,beta-minerals,north-site,production_telemetry,BETA-NORTH-PROD-006,production_meter,2026-09-01T16:14:22.813Z,3,running,ore,1645.4,1800.0,1956859.8,9157,,False,[]
8822b474-20ea-4afb-8a36-0bd0cc44188c,1.0,beta-minerals,north-site,production_telemetry,BETA-NORTH-PROD-007,production_meter,2026-09-01T16:14:22.813Z,3,degraded,ore,773.6,1800.0,694149.1,4300,conveyor_blockage,True,"[""PRODUCTION_RATE_LOW""]"
00b1ee4e-2fbd-44a8-9a09-63b9558d608e,1.0,beta-minerals,north-site,production_telemetry,BETA-NORTH-PROD-008,production_meter,2026-09-01T16:14:22.813Z,3,running,ore,1713.9,1800.0,779309.4,14846,,False,[]
14992d60-894e-4e37-a4c0-0b759f4af0e2,1.0,beta-minerals,north-site,production_telemetry,BETA-NORTH-PROD-009,production_meter,2026-09-01T16:14:22.813Z,3,running,ore,1849.0,1800.0,860482.3,15462,,False,[]
63b40d65-a2c1-49b6-8134-edfa37bef5fe,1.0,beta-minerals,north-site,production_telemetry,BETA-NORTH-PROD-010,production_meter,2026-09-01T16:14:22.813Z,3,running,ore,1522.4,1800.0,314814.5,2424,,False,[]
976c873b-bdfa-4f6b-9f61-0507b3424061,1.0,beta-minerals,north-site,production_telemetry,BETA-NORTH-PROD-011,production_meter,2026-09-01T16:14:22.813Z,3,running,ore,1599.2,1800.0,932516.4,12946,,False,[]
bdbf7549-9da3-495e-bf3b-0dc538cfa353,1.0,beta-minerals,north-site,production_telemetry,BETA-NORTH-PROD-012,production_meter,2026-09-01T16:14:22.813Z,3,running,ore,1795.8,1800.0,1017858.3,16497,,False,[]
791afe44-8208-4069-b35c-f1bce5946031,1.0,beta-minerals,north-site,production_telemetry,BETA-NORTH-PROD-013,production_meter,2026-09-01T16:14:22.813Z,3,running,ore,1760.3,1800.0,1388072.1,19398,,False,[]
f4c0b618-214a-43a9-8c59-47a75e17b2e4,1.0,beta-minerals,north-site,production_telemetry,BETA-NORTH-PROD-014,production_meter,2026-09-01T16:14:22.813Z,3,running,ore,1775.9,1800.0,1274661.1,14686,,False,[]
4c9a6e55-f6af-4ae8-8b02-a7780a7da6cc,1.0,beta-minerals,north-site,production_telemetry,BETA-NORTH-PROD-015,production_meter,2026-09-01T16:14:22.813Z,3,running,ore,1516.1,1800.0,1160861.3,2291,,False,[]
9dead517-e304-40ce-9e5f-63b50a8b5801,1.0,beta-minerals,north-site,production_telemetry,BETA-NORTH-PROD-016,production_meter,2026-09-01T16:14:22.813Z,3,running,ore,1720.8,1800.0,1527724.6,11009,,False,[]
79e97296-7efa-405e-b152-8be4dd6db5e8,1.0,beta-minerals,north-site,production_telemetry,BETA-NORTH-PROD-017,production_meter,2026-09-01T16:14:22.813Z,3,running,ore,1576.0,1800.0,546506.7,15546,,False,[]
5bee8af3-f644-467b-a1ae-807c5e763f47,1.0,beta-minerals,north-site,production_telemetry,BETA-NORTH-PROD-018,production_meter,2026-09-01T16:14:22.813Z,3,running,ore,1525.5,1800.0,1515960.8,1085,,False,[]
322e4218-0ce3-4b4f-a2ff-945572902f81,1.0,beta-minerals,north-site,production_telemetry,BETA-NORTH-PROD-019,production_meter,2026-09-01T16:14:22.813Z,3,running,ore,1709.0,1800.0,1276232.8,10484,,False,[]
3edf41fc-083f-419b-9d45-45b58195dfd9,1.0,beta-minerals,north-site,production_telemetry,BETA-NORTH-PROD-020,production_meter,2026-09-01T16:14:22.813Z,3,running,ore,1591.0,1800.0,1651525.6,15394,,False,[]
e4d1135d-6f71-45e9-8997-a270eea3fa93,1.0,beta-minerals,north-site,production_telemetry,BETA-NORTH-PROD-021,production_meter,2026-09-01T16:14:22.813Z,3,running,ore,1732.5,1800.0,285137.6,7769,,False,[]
eb7582eb-a538-41ff-8c01-e91704d7ba08,1.0,beta-minerals,north-site,production_telemetry,BETA-NORTH-PROD-022,production_meter,2026-09-01T16:14:22.813Z,3,running,ore,1714.8,1800.0,302019.0,5882,,False,[]
7ce80049-c85e-47e0-ac70-763408999d13,1.0,beta-minerals,north-site,production_telemetry,BETA-NORTH-PROD-023,production_meter,2026-09-01T16:14:22.813Z,3,running,ore,1627.5,1800.0,329423.9,13377,,False,[]
5c893be2-69b8-4c2c-a8f3-660691c6ba43,1.0,beta-minerals,north-site,production_telemetry,BETA-NORTH-PROD-024,production_meter,2026-09-01T16:14:22.813Z,3,running,ore,1578.6,1800.0,1303163.6,19797,,False,[]
6911711f-0fa9-480f-8e8d-362f088c79c3,1.0,beta-minerals,north-site,production_telemetry,BETA-NORTH-PROD-025,production_meter,2026-09-01T16:14:22.813Z,3,running,ore,1533.4,1800.0,108248.3,2094,,False,[]
7dfb226b-d913-4b83-9ca8-19adc594efdb,1.0,beta-minerals,north-site,production_telemetry,BETA-NORTH-PROD-026,production_meter,2026-09-01T16:14:22.813Z,3,running,ore,1716.9,1800.0,1414460.8,6193,,False,[]
e6b3d6a5-c567-4b40-aaa2-e62feb48e4bb,1.0,beta-minerals,north-site,production_telemetry,BETA-NORTH-PROD-027,production_meter,2026-09-01T16:14:22.813Z,3,running,ore,1694.9,1800.0,830866.3,8637,,False,[]
7b2a01c8-9bc6-47aa-8076-343841928ff1,1.0,beta-minerals,north-site,production_telemetry,BETA-NORTH-PROD-028,production_meter,2026-09-01T16:14:22.813Z,3,running,ore,1732.7,1800.0,1430034.4,17289,,False,[]
e877b689-fd64-4f0a-9b2c-8946beb7d815,1.0,beta-minerals,north-site,production_telemetry,BETA-NORTH-PROD-029,production_meter,2026-09-01T16:14:22.813Z,3,running,ore,1544.6,1800.0,481696.4,10024,,False,[]
4fe16be5-2876-449d-805b-7fbef9cae909,1.0,beta-minerals,north-site,production_telemetry,BETA-NORTH-PROD-030,production_meter,2026-09-01T16:14:22.813Z,3,running,ore,1811.0,1800.0,1130739.1,11066,,False,[]
7867863e-c533-4690-a128-61b73e4267d8,1.0,acme-mining,site-01,production_telemetry,ACME-S01-PROD-001,production_meter,2026-09-01T16:14:27.813Z,4,running,ore,1661.7,1800.0,1949854.9,16780,,False,[]
025f997d-774a-40bc-9011-50e5d2e1177b,1.0,acme-mining,site-01,production_telemetry,ACME-S01-PROD-002,production_meter,2026-09-01T16:14:27.813Z,4,running,ore,1866.6,1800.0,461260.3,8716,,False,[]
ebdd2d85-bc60-4b7f-81b3-49c9725943ae,1.0,acme-mining,site-01,production_telemetry,ACME-S01-PROD-003,production_meter,2026-09-01T16:14:27.813Z,4,running,ore,1824.4,1800.0,1328057.1,10627,,False,[]
a84728b8-855c-405e-bea2-4ddb09e6e70f,1.0,acme-mining,site-01,production_telemetry,ACME-S01-PROD-004,production_meter,2026-09-01T16:14:27.813Z,4,running,ore,1783.1,1800.0,889465.3,7083,,False,[]
f14147f4-6309-4551-a22f-ffed952850c4,1.0,acme-mining,site-01,production_telemetry,ACME-S01-PROD-005,production_meter,2026-09-01T16:14:27.813Z,4,running,ore,1539.5,1800.0,588250.8,16293,,False,[]
e7e2fb74-dc8e-44d6-8c44-f364749e9aac,1.0,acme-mining,site-01,production_telemetry,ACME-S01-PROD-006,production_meter,2026-09-01T16:14:27.813Z,4,running,ore,1765.4,1800.0,1532897.7,7896,,False,[]
8aa386e9-6fc1-4f15-b082-824be701e213,1.0,acme-mining,site-01,production_telemetry,ACME-S01-PROD-007,production_meter,2026-09-01T16:14:27.813Z,4,running,ore,1710.9,1800.0,1602305.2,960,,False,[]
10d2adf0-521d-47e6-9ce6-26bc75c2cbcc,1.0,acme-mining,site-01,production_telemetry,ACME-S01-PROD-008,production_meter,2026-09-01T16:14:27.813Z,4,running,ore,1712.8,1800.0,1313253.0,12676,,False,[]
23b4daed-e7e0-4ee9-a155-39918a54909d,1.0,acme-mining,site-01,production_telemetry,ACME-S01-PROD-009,production_meter,2026-09-01T16:14:27.813Z,4,running,ore,1718.6,1800.0,520604.9,2575,,False,[]
fa5966c0-36a9-46bf-8538-414f5f3cb244,1.0,acme-mining,site-01,production_telemetry,ACME-S01-PROD-010,production_meter,2026-09-01T16:14:27.813Z,4,running,ore,1628.1,1800.0,170712.3,16646,,False,[]
7cbbb926-e304-4d24-ac8e-b6b761317b38,1.0,acme-mining,site-01,production_telemetry,ACME-S01-PROD-011,production_meter,2026-09-01T16:14:27.813Z,4,running,ore,1579.2,1800.0,1423327.1,18205,,False,[]
8af82b87-70be-43b3-af28-d029e19f22ec,1.0,acme-mining,site-01,production_telemetry,ACME-S01-PROD-012,production_meter,2026-09-01T16:14:27.813Z,4,running,ore,1670.5,1800.0,875427.7,9670,,False,[]
0b64c3b8-f2ee-44c5-8b46-c1c7e1fd7aa8,1.0,acme-mining,site-01,production_telemetry,ACME-S01-PROD-013,production_meter,2026-09-01T16:14:27.813Z,4,running,ore,1533.0,1800.0,1402802.1,18345,,False,[]
a5a73a3b-e6f0-42b5-85a5-e55017c43c72,1.0,acme-mining,site-01,production_telemetry,ACME-S01-PROD-014,production_meter,2026-09-01T16:14:27.813Z,4,stopped,ore,558.7,1800.0,1665970.9,3507,conveyor_blockage,True,"[""PRODUCTION_RATE_LOW""]"
20bfa0f8-1030-4457-bb76-e689d2a3f00c,1.0,acme-mining,site-01,production_telemetry,ACME-S01-PROD-015,production_meter,2026-09-01T16:14:27.813Z,4,running,ore,1814.5,1800.0,339265.1,19004,,False,[]
c275ba62-023a-4a5e-b1aa-c2957adf29cd,1.0,acme-mining,site-01,production_telemetry,ACME-S01-PROD-016,production_meter,2026-09-01T16:14:27.813Z,4,running,ore,1773.6,1800.0,1571309.6,596,,False,[]
77434cba-a559-4a44-a3b9-af1b656cf19b,1.0,acme-mining,site-01,production_telemetry,ACME-S01-PROD-017,production_meter,2026-09-01T16:14:27.813Z,4,running,ore,1832.5,1800.0,1746260.2,4822,,False,[]
f0595044-7754-4111-a666-37258ee5d951,1.0,acme-mining,site-01,production_telemetry,ACME-S01-PROD-018,production_meter,2026-09-01T16:14:27.813Z,4,running,ore,1535.7,1800.0,1509273.2,17742,,False,[]
09311cd4-f3d4-4c16-bbcb-22653e9d8e13,1.0,acme-mining,site-01,production_telemetry,ACME-S01-PROD-019,production_meter,2026-09-01T16:14:27.813Z,4,running,ore,1799.1,1800.0,520952.2,1924,,False,[]
4cb97400-8f0b-4a29-9990-3d7643f776b1,1.0,acme-mining,site-01,production_telemetry,ACME-S01-PROD-020,production_meter,2026-09-01T16:14:27.813Z,4,running,ore,1569.3,1800.0,1997323.8,13664,,False,[]
a8cab5dd-1c5b-4e1a-b06d-ac30fdb2109b,1.0,acme-mining,site-02,production_telemetry,ACME-S02-PROD-001,production_meter,2026-09-01T16:14:27.813Z,4,degraded,ore,729.6,1800.0,1892590.6,11565,feed_shortage,True,"[""PRODUCTION_RATE_LOW""]"
0bd260ff-ad06-466e-bd16-32b27724847a,1.0,acme-mining,site-02,production_telemetry,ACME-S02-PROD-002,production_meter,2026-09-01T16:14:27.813Z,4,running,ore,1500.8,1800.0,1610463.1,6050,,False,[]
71c9de58-9381-457f-b721-6e5fea748d58,1.0,acme-mining,site-02,production_telemetry,ACME-S02-PROD-003,production_meter,2026-09-01T16:14:27.813Z,4,running,ore,1849.4,1800.0,1095503.8,2939,,False,[]
bdd6d6fd-ffee-4342-b737-ee1704bc6b25,1.0,acme-mining,site-02,production_telemetry,ACME-S02-PROD-004,production_meter,2026-09-01T16:14:27.813Z,4,running,ore,1674.1,1800.0,1443632.0,803,,False,[]
38462676-3af0-4f87-9d90-fd607784d9b0,1.0,acme-mining,site-02,production_telemetry,ACME-S02-PROD-005,production_meter,2026-09-01T16:14:27.813Z,4,running,ore,1695.4,1800.0,1352649.9,1019,,False,[]
f20b80c8-8018-4b40-ba9e-ef3f99685578,1.0,acme-mining,site-02,production_telemetry,ACME-S02-PROD-006,production_meter,2026-09-01T16:14:27.813Z,4,running,ore,1839.4,1800.0,132580.7,14613,,False,[]
94bd277d-48f9-4c55-94a2-c1220333bec9,1.0,acme-mining,site-02,production_telemetry,ACME-S02-PROD-007,production_meter,2026-09-01T16:14:27.813Z,4,stopped,ore,578.9,1800.0,1100274.3,12118,conveyor_blockage,True,"[""PRODUCTION_RATE_LOW""]"
55a92142-fc19-493f-85b1-598d6bbe0087,1.0,acme-mining,site-02,production_telemetry,ACME-S02-PROD-008,production_meter,2026-09-01T16:14:27.813Z,4,running,ore,1649.3,1800.0,529136.5,3145,,False,[]
e2da97f4-fede-49c3-9533-bb1b6eb2b350,1.0,acme-mining,site-02,production_telemetry,ACME-S02-PROD-009,production_meter,2026-09-01T16:14:27.813Z,4,running,ore,1790.5,1800.0,206628.0,813,,False,[]
adb71a1e-a3d6-42d8-948e-b8a8086bfe80,1.0,acme-mining,site-02,production_telemetry,ACME-S02-PROD-010,production_meter,2026-09-01T16:14:27.813Z,4,running,ore,1628.3,1800.0,1950304.7,17810,,False,[]
21295e35-7dc8-4ae9-ae3f-80e1ac453e68,1.0,acme-mining,site-02,production_telemetry,ACME-S02-PROD-011,production_meter,2026-09-01T16:14:27.813Z,4,running,ore,1662.8,1800.0,1855912.1,9691,,False,[]
115743cc-acbe-4df4-adfd-601de120b4e9,1.0,acme-mining,site-02,production_telemetry,ACME-S02-PROD-012,production_meter,2026-09-01T16:14:27.813Z,4,running,ore,1648.8,1800.0,1215378.0,13555,,False,[]
58658a38-4838-473d-9380-f5ec7f56c782,1.0,acme-mining,site-02,production_telemetry,ACME-S02-PROD-013,production_meter,2026-09-01T16:14:27.813Z,4,running,ore,1806.9,1800.0,1127078.1,13081,,False,[]
8fd3444a-3449-483d-a855-827b21a127cf,1.0,acme-mining,site-02,production_telemetry,ACME-S02-PROD-014,production_meter,2026-09-01T16:14:27.813Z,4,running,ore,1769.1,1800.0,202032.4,14826,,False,[]
e08e2fd6-7792-4beb-ae32-630f133062fd,1.0,acme-mining,site-02,production_telemetry,ACME-S02-PROD-015,production_meter,2026-09-01T16:14:27.813Z,4,running,ore,1770.3,1800.0,720121.4,9460,,False,[]
7a20c5bc-a635-4c5f-8b69-bb53c8e95d7d,1.0,acme-mining,site-02,production_telemetry,ACME-S02-PROD-016,production_meter,2026-09-01T16:14:27.813Z,4,running,ore,1884.6,1800.0,1213172.6,12958,,False,[]
d9ee5e2a-1d48-4ffd-9a41-685695f79790,1.0,acme-mining,site-02,production_telemetry,ACME-S02-PROD-017,production_meter,2026-09-01T16:14:27.813Z,4,running,ore,1601.3,1800.0,1452195.9,5559,,False,[]
5c86fa0f-9beb-40b9-9e06-2d487ec36db1,1.0,acme-mining,site-02,production_telemetry,ACME-S02-PROD-018,production_meter,2026-09-01T16:14:27.813Z,4,running,ore,1869.9,1800.0,612565.9,4845,,False,[]
198ed964-937b-4930-9741-455bf6be2f51,1.0,acme-mining,site-02,production_telemetry,ACME-S02-PROD-019,production_meter,2026-09-01T16:14:27.813Z,4,running,ore,1680.3,1800.0,1153026.9,11134,,False,[]
f1bde6e8-409c-401d-a13f-761d38ea8085,1.0,acme-mining,site-02,production_telemetry,ACME-S02-PROD-020,production_meter,2026-09-01T16:14:27.813Z,4,running,ore,1772.1,1800.0,1986196.8,8458,,False,[]
42509687-7744-4deb-8ed9-c665f59e2cf9,1.0,beta-minerals,north-site,production_telemetry,BETA-NORTH-PROD-001,production_meter,2026-09-01T16:14:27.813Z,4,running,ore,1883.5,1800.0,490449.9,808,,False,[]
b4d40c6b-4109-403d-845c-e9a8ef5a991b,1.0,beta-minerals,north-site,production_telemetry,BETA-NORTH-PROD-002,production_meter,2026-09-01T16:14:27.813Z,4,running,ore,1609.5,1800.0,1678249.2,3941,,False,[]
ca7e6abe-69f4-4810-96d2-3f12af3b7067,1.0,beta-minerals,north-site,production_telemetry,BETA-NORTH-PROD-003,production_meter,2026-09-01T16:14:27.813Z,4,running,ore,1718.6,1800.0,1578130.8,17646,,False,[]
9365a66c-77f5-4147-9983-08d14197fd79,1.0,beta-minerals,north-site,production_telemetry,BETA-NORTH-PROD-004,production_meter,2026-09-01T16:14:27.813Z,4,running,ore,1700.7,1800.0,1407595.1,16254,,False,[]
56929d63-613b-4a19-b997-4e5fa42b5d2c,1.0,beta-minerals,north-site,production_telemetry,BETA-NORTH-PROD-005,production_meter,2026-09-01T16:14:27.813Z,4,running,ore,1817.9,1800.0,383384.4,3455,,False,[]
75019235-e0d4-4a59-81db-00de3d4897b3,1.0,beta-minerals,north-site,production_telemetry,BETA-NORTH-PROD-006,production_meter,2026-09-01T16:14:27.813Z,4,running,ore,1622.5,1800.0,1956862.0,9158,,False,[]
448864bb-a350-4b68-b65e-ef0378b89de3,1.0,beta-minerals,north-site,production_telemetry,BETA-NORTH-PROD-007,production_meter,2026-09-01T16:14:27.813Z,4,running,ore,1520.5,1800.0,694151.2,4301,,False,[]
de8b2b0f-ad3d-4529-af3e-4707e1494425,1.0,beta-minerals,north-site,production_telemetry,BETA-NORTH-PROD-008,production_meter,2026-09-01T16:14:27.813Z,4,running,ore,1585.4,1800.0,779311.6,14847,,False,[]
4dbb8612-1998-4447-bb10-3a9bf8e3d64e,1.0,beta-minerals,north-site,production_telemetry,BETA-NORTH-PROD-009,production_meter,2026-09-01T16:14:27.813Z,4,running,ore,1615.0,1800.0,860484.6,15463,,False,[]
f006c760-d038-4bdb-a8c6-e4c46a14c70b,1.0,beta-minerals,north-site,production_telemetry,BETA-NORTH-PROD-010,production_meter,2026-09-01T16:14:27.813Z,4,running,ore,1593.9,1800.0,314816.7,2425,,False,[]
9d16a55c-5cb2-4983-8f50-21b1351d9b14,1.0,beta-minerals,north-site,production_telemetry,BETA-NORTH-PROD-011,production_meter,2026-09-01T16:14:27.813Z,4,running,ore,1724.3,1800.0,932518.8,12947,,False,[]
7b31d366-6d7f-4de1-b608-b1d98898a4cd,1.0,beta-minerals,north-site,production_telemetry,BETA-NORTH-PROD-012,production_meter,2026-09-01T16:14:27.813Z,4,running,ore,1718.0,1800.0,1017860.6,16498,,False,[]
56ae2c8b-cdf4-4006-a5a9-60fc0103a7e2,1.0,beta-minerals,north-site,production_telemetry,BETA-NORTH-PROD-013,production_meter,2026-09-01T16:14:27.813Z,4,running,ore,1774.0,1800.0,1388074.5,19399,,False,[]
41a3523a-f870-40c4-a708-03856326aa4d,1.0,beta-minerals,north-site,production_telemetry,BETA-NORTH-PROD-014,production_meter,2026-09-01T16:14:27.813Z,4,running,ore,1758.7,1800.0,1274663.5,14687,,False,[]
5d3e062b-a645-4c37-8c48-cf4ca0d27a5c,1.0,beta-minerals,north-site,production_telemetry,BETA-NORTH-PROD-015,production_meter,2026-09-01T16:14:27.813Z,4,running,ore,1508.3,1800.0,1160863.4,2292,,False,[]
c5722311-63b8-4faf-a1ad-5caaf26383f6,1.0,beta-minerals,north-site,production_telemetry,BETA-NORTH-PROD-016,production_meter,2026-09-01T16:14:27.813Z,4,running,ore,1799.8,1800.0,1527727.1,11010,,False,[]
8c568019-7095-433d-8595-9590261f6e2e,1.0,beta-minerals,north-site,production_telemetry,BETA-NORTH-PROD-017,production_meter,2026-09-01T16:14:27.813Z,4,running,ore,1763.0,1800.0,546509.2,15547,,False,[]
1caa74c8-6c76-459a-85b6-ebffcae5cfb7,1.0,beta-minerals,north-site,production_telemetry,BETA-NORTH-PROD-018,production_meter,2026-09-01T16:14:27.813Z,4,running,ore,1666.2,1800.0,1515963.1,1086,,False,[]
d1c80b0f-c882-4e51-baa9-70ba91b4e31b,1.0,beta-minerals,north-site,production_telemetry,BETA-NORTH-PROD-019,production_meter,2026-09-01T16:14:27.813Z,4,running,ore,1581.6,1800.0,1276235.0,10485,,False,[]
1a248828-b409-4f53-a19f-1012027b4d67,1.0,beta-minerals,north-site,production_telemetry,BETA-NORTH-PROD-020,production_meter,2026-09-01T16:14:27.813Z,4,running,ore,1539.0,1800.0,1651527.7,15395,,False,[]
b62cf5a3-1ff6-4491-9754-1a24bcc6447a,1.0,beta-minerals,north-site,production_telemetry,BETA-NORTH-PROD-021,production_meter,2026-09-01T16:14:27.813Z,4,running,ore,1623.8,1800.0,285139.9,7770,,False,[]
ee22ad60-920b-4362-b560-cb20bad5d846,1.0,beta-minerals,north-site,production_telemetry,BETA-NORTH-PROD-022,production_meter,2026-09-01T16:14:27.813Z,4,running,ore,1719.5,1800.0,302021.4,5883,,False,[]
b2c29550-d18f-4481-884d-dfa2c2cbe18d,1.0,beta-minerals,north-site,production_telemetry,BETA-NORTH-PROD-023,production_meter,2026-09-01T16:14:27.813Z,4,running,ore,1893.1,1800.0,329426.5,13378,,False,[]
05fe4b57-9a83-46a4-a6af-b845421e8413,1.0,beta-minerals,north-site,production_telemetry,BETA-NORTH-PROD-024,production_meter,2026-09-01T16:14:27.813Z,4,running,ore,1841.2,1800.0,1303166.2,19798,,False,[]
24aae9ef-7c49-4879-b436-56da13f54694,1.0,beta-minerals,north-site,production_telemetry,BETA-NORTH-PROD-025,production_meter,2026-09-01T16:14:27.813Z,4,stopped,ore,678.3,1800.0,108249.2,2095,crusher_trip,True,"[""PRODUCTION_RATE_LOW""]"
b0712ade-6e3c-4dff-9288-bdbeac637c61,1.0,beta-minerals,north-site,production_telemetry,BETA-NORTH-PROD-026,production_meter,2026-09-01T16:14:27.813Z,4,running,ore,1680.5,1800.0,1414463.1,6194,,False,[]
9e26ad46-8a0e-4ff3-b897-539b28585a25,1.0,beta-minerals,north-site,production_telemetry,BETA-NORTH-PROD-027,production_meter,2026-09-01T16:14:27.813Z,4,running,ore,1806.4,1800.0,830868.8,8638,,False,[]
097c12ac-28f0-431b-beca-f6775ab59a42,1.0,beta-minerals,north-site,production_telemetry,BETA-NORTH-PROD-028,production_meter,2026-09-01T16:14:27.813Z,4,running,ore,1686.1,1800.0,1430036.8,17290,,False,[]
53f76bf3-6064-4015-8ab3-f47b625ac95e,1.0,beta-minerals,north-site,production_telemetry,BETA-NORTH-PROD-029,production_meter,2026-09-01T16:14:27.813Z,4,running,ore,1767.2,1800.0,481698.9,10025,,False,[]
fea84611-6508-4fca-b2ff-e840ed4c0410,1.0,beta-minerals,north-site,production_telemetry,BETA-NORTH-PROD-030,production_meter,2026-09-01T16:14:27.813Z,4,running,ore,1533.3,1800.0,1130741.2,11067,,False,[]
87f18607-420b-4bed-b405-42595b44b188,1.0,acme-mining,site-01,production_telemetry,ACME-S01-PROD-001,production_meter,2026-09-01T16:14:32.813Z,5,running,ore,1656.2,1800.0,1949857.2,16781,,False,[]
57500a05-b143-4cf4-ac6b-b59fde0b4621,1.0,acme-mining,site-01,production_telemetry,ACME-S01-PROD-002,production_meter,2026-09-01T16:14:32.813Z,5,running,ore,1535.4,1800.0,461262.4,8717,,False,[]
41b25358-621d-49a3-9391-3ee5867d19e7,1.0,acme-mining,site-01,production_telemetry,ACME-S01-PROD-003,production_meter,2026-09-01T16:14:32.813Z,5,running,ore,1510.9,1800.0,1328059.2,10628,,False,[]
ff93ea9f-9fb7-4804-a106-6eb6cc05151a,1.0,acme-mining,site-01,production_telemetry,ACME-S01-PROD-004,production_meter,2026-09-01T16:14:32.813Z,5,running,ore,1682.3,1800.0,889467.6,7084,,False,[]
7230bd63-9e5c-4e55-aef8-750edc89f109,1.0,acme-mining,site-01,production_telemetry,ACME-S01-PROD-005,production_meter,2026-09-01T16:14:32.813Z,5,running,ore,1798.1,1800.0,588253.3,16294,,False,[]
383a0965-a579-42ec-a924-23039d3f583a,1.0,acme-mining,site-01,production_telemetry,ACME-S01-PROD-006,production_meter,2026-09-01T16:14:32.813Z,5,running,ore,1570.2,1800.0,1532899.9,7897,,False,[]
8ac36f76-ed02-4cde-bab7-2fac5ed54711,1.0,acme-mining,site-01,production_telemetry,ACME-S01-PROD-007,production_meter,2026-09-01T16:14:32.813Z,5,running,ore,1859.0,1800.0,1602307.8,961,,False,[]
0156265c-aa69-4283-a87a-abf452edd455,1.0,acme-mining,site-01,production_telemetry,ACME-S01-PROD-008,production_meter,2026-09-01T16:14:32.813Z,5,running,ore,1827.0,1800.0,1313255.6,12677,,False,[]
ad69370e-9406-48f0-aa49-d1591ea783b7,1.0,acme-mining,site-01,production_telemetry,ACME-S01-PROD-009,production_meter,2026-09-01T16:14:32.813Z,5,running,ore,1573.4,1800.0,520607.1,2576,,False,[]
6314d602-031a-4d2f-93d8-0fba3742950a,1.0,acme-mining,site-01,production_telemetry,ACME-S01-PROD-010,production_meter,2026-09-01T16:14:32.813Z,5,running,ore,1694.2,1800.0,170714.7,16647,,False,[]
e49d833e-83f0-4033-b906-7ede4d207b41,1.0,acme-mining,site-01,production_telemetry,ACME-S01-PROD-011,production_meter,2026-09-01T16:14:32.813Z,5,running,ore,1669.8,1800.0,1423329.4,18206,,False,[]
17828267-111b-4000-b1a9-416d10f4a291,1.0,acme-mining,site-01,production_telemetry,ACME-S01-PROD-012,production_meter,2026-09-01T16:14:32.813Z,5,running,ore,1861.0,1800.0,875430.3,9671,,False,[]
ef31307f-9e90-4fd0-9a20-ac65513cabf3,1.0,acme-mining,site-01,production_telemetry,ACME-S01-PROD-013,production_meter,2026-09-01T16:14:32.813Z,5,running,ore,1893.6,1800.0,1402804.7,18346,,False,[]
605ddbe7-8171-4823-93ab-98641c9ef02f,1.0,acme-mining,site-01,production_telemetry,ACME-S01-PROD-014,production_meter,2026-09-01T16:14:32.813Z,5,running,ore,1616.2,1800.0,1665973.1,3508,,False,[]
95100366-8baa-44e5-b68a-c95334f6fa94,1.0,acme-mining,site-01,production_telemetry,ACME-S01-PROD-015,production_meter,2026-09-01T16:14:32.813Z,5,running,ore,1546.3,1800.0,339267.2,19005,,False,[]
d25a4783-a8e0-4d57-8c09-9dbfd9a97eeb,1.0,acme-mining,site-01,production_telemetry,ACME-S01-PROD-016,production_meter,2026-09-01T16:14:32.813Z,5,running,ore,1721.8,1800.0,1571312.0,597,,False,[]
7e024cef-2c83-40f3-b902-ba2e4f4cc74a,1.0,acme-mining,site-01,production_telemetry,ACME-S01-PROD-017,production_meter,2026-09-01T16:14:32.813Z,5,running,ore,1894.1,1800.0,1746262.8,4823,,False,[]
fe326707-88a7-4645-91ac-0539d840c90a,1.0,acme-mining,site-01,production_telemetry,ACME-S01-PROD-018,production_meter,2026-09-01T16:14:32.813Z,5,running,ore,1637.0,1800.0,1509275.5,17743,,False,[]
7cf94c98-325b-4b74-aeb2-402db1544c5d,1.0,acme-mining,site-01,production_telemetry,ACME-S01-PROD-019,production_meter,2026-09-01T16:14:32.813Z,5,running,ore,1845.1,1800.0,520954.7,1925,,False,[]
f4deea24-20ae-4ec1-9437-68f611d84ac8,1.0,acme-mining,site-01,production_telemetry,ACME-S01-PROD-020,production_meter,2026-09-01T16:14:32.813Z,5,running,ore,1794.7,1800.0,1997326.3,13665,,False,[]
3de4f337-ca7f-4247-9152-598ba748d283,1.0,acme-mining,site-02,production_telemetry,ACME-S02-PROD-001,production_meter,2026-09-01T16:14:32.813Z,5,running,ore,1794.8,1800.0,1892593.1,11566,,False,[]
a8d59436-c013-48ab-863d-8831f35d7d0e,1.0,acme-mining,site-02,production_telemetry,ACME-S02-PROD-002,production_meter,2026-09-01T16:14:32.813Z,5,running,ore,1587.5,1800.0,1610465.3,6051,,False,[]
7f854964-9e15-493c-8d18-1bf6f1bf7685,1.0,acme-mining,site-02,production_telemetry,ACME-S02-PROD-003,production_meter,2026-09-01T16:14:32.813Z,5,running,ore,1615.9,1800.0,1095506.1,2940,,False,[]
6c8b75b7-f4ac-4316-bfac-00167c84bf2d,1.0,acme-mining,site-02,production_telemetry,ACME-S02-PROD-004,production_meter,2026-09-01T16:14:32.813Z,5,running,ore,1728.4,1800.0,1443634.4,804,,False,[]
8e137000-c461-4c84-9557-d7f228340d0f,1.0,acme-mining,site-02,production_telemetry,ACME-S02-PROD-005,production_meter,2026-09-01T16:14:32.813Z,5,running,ore,1601.6,1800.0,1352652.1,1020,,False,[]
25a8e6ad-6de2-468e-9a96-00791c816423,1.0,acme-mining,site-02,production_telemetry,ACME-S02-PROD-006,production_meter,2026-09-01T16:14:32.813Z,5,running,ore,1810.0,1800.0,132583.2,14614,,False,[]
4e21abf0-07ff-46ec-b2cd-5b30381adcb7,1.0,acme-mining,site-02,production_telemetry,ACME-S02-PROD-007,production_meter,2026-09-01T16:14:32.813Z,5,running,ore,1790.0,1800.0,1100276.8,12119,,False,[]
ca116fa4-e96f-4127-a481-f2979d560dbb,1.0,acme-mining,site-02,production_telemetry,ACME-S02-PROD-008,production_meter,2026-09-01T16:14:32.813Z,5,running,ore,1678.7,1800.0,529138.9,3146,,False,[]
7d553dab-a14b-438b-b38f-380841a20fdc,1.0,acme-mining,site-02,production_telemetry,ACME-S02-PROD-009,production_meter,2026-09-01T16:14:32.813Z,5,running,ore,1844.2,1800.0,206630.5,814,,False,[]
c02fd3c4-759a-4c80-813a-23cd1a314291,1.0,acme-mining,site-02,production_telemetry,ACME-S02-PROD-010,production_meter,2026-09-01T16:14:32.813Z,5,running,ore,1574.7,1800.0,1950306.8,17811,,False,[]
79e2f9ee-b2d5-4da9-857e-836f7073a6b4,1.0,acme-mining,site-02,production_telemetry,ACME-S02-PROD-011,production_meter,2026-09-01T16:14:32.813Z,5,running,ore,1528.0,1800.0,1855914.2,9692,,False,[]
a6549662-4b46-4c33-a568-67593a4490b4,1.0,acme-mining,site-02,production_telemetry,ACME-S02-PROD-012,production_meter,2026-09-01T16:14:32.813Z,5,running,ore,1598.6,1800.0,1215380.2,13556,,False,[]
bc0b3664-2e33-4b41-acce-b3e796751972,1.0,acme-mining,site-02,production_telemetry,ACME-S02-PROD-013,production_meter,2026-09-01T16:14:32.813Z,5,running,ore,1687.4,1800.0,1127080.4,13082,,False,[]
e2105f2b-bc51-47ee-8131-fdff56d6be6e,1.0,acme-mining,site-02,production_telemetry,ACME-S02-PROD-014,production_meter,2026-09-01T16:14:32.813Z,5,running,ore,1699.1,1800.0,202034.7,14827,,False,[]
7af875c7-8b90-4230-b32a-1a35e349472d,1.0,acme-mining,site-02,production_telemetry,ACME-S02-PROD-015,production_meter,2026-09-01T16:14:32.813Z,5,running,ore,1696.1,1800.0,720123.7,9461,,False,[]
49e23179-fc2f-49eb-9595-0a82aa04c87d,1.0,acme-mining,site-02,production_telemetry,ACME-S02-PROD-016,production_meter,2026-09-01T16:14:32.813Z,5,running,ore,1630.8,1800.0,1213174.9,12959,,False,[]
70c41ec4-43f7-4b4a-af69-e2bc65323d3e,1.0,acme-mining,site-02,production_telemetry,ACME-S02-PROD-017,production_meter,2026-09-01T16:14:32.813Z,5,running,ore,1723.3,1800.0,1452198.3,5560,,False,[]
14b7c712-68f9-4281-b5d3-2ac861468230,1.0,acme-mining,site-02,production_telemetry,ACME-S02-PROD-018,production_meter,2026-09-01T16:14:32.813Z,5,running,ore,1597.2,1800.0,612568.2,4846,,False,[]
27bad993-f009-4adf-9faf-dec64a4337ce,1.0,acme-mining,site-02,production_telemetry,ACME-S02-PROD-019,production_meter,2026-09-01T16:14:32.813Z,5,running,ore,1824.9,1800.0,1153029.5,11135,,False,[]
3f3eeabc-2d71-4736-a4c0-070d8b2957e7,1.0,acme-mining,site-02,production_telemetry,ACME-S02-PROD-020,production_meter,2026-09-01T16:14:32.813Z,5,running,ore,1539.4,1800.0,1986198.9,8459,,False,[]
5e585c3b-b214-4404-a9dc-246a10d3dab2,1.0,beta-minerals,north-site,production_telemetry,BETA-NORTH-PROD-001,production_meter,2026-09-01T16:14:32.813Z,5,running,ore,1557.9,1800.0,490452.0,809,,False,[]
75b442a6-0c37-424b-ad06-c53cf2a0b7d9,1.0,beta-minerals,north-site,production_telemetry,BETA-NORTH-PROD-002,production_meter,2026-09-01T16:14:32.813Z,5,running,ore,1591.8,1800.0,1678251.4,3942,,False,[]
23592fda-aa23-4351-a848-17f278c17ff6,1.0,beta-minerals,north-site,production_telemetry,BETA-NORTH-PROD-003,production_meter,2026-09-01T16:14:32.813Z,5,running,ore,1852.4,1800.0,1578133.4,17647,,False,[]
0d061457-a0a6-4661-a4e6-625f50a36b28,1.0,beta-minerals,north-site,production_telemetry,BETA-NORTH-PROD-004,production_meter,2026-09-01T16:14:32.813Z,5,degraded,ore,724.8,1800.0,1407596.1,16255,feed_shortage,True,"[""PRODUCTION_RATE_LOW""]"
835b2039-3a30-492d-9c2b-234a7f30ae64,1.0,beta-minerals,north-site,production_telemetry,BETA-NORTH-PROD-005,production_meter,2026-09-01T16:14:32.813Z,5,running,ore,1849.0,1800.0,383386.9,3456,,False,[]
8e57fb9b-2569-445c-a1b6-4a5ef591e096,1.0,beta-minerals,north-site,production_telemetry,BETA-NORTH-PROD-006,production_meter,2026-09-01T16:14:32.813Z,5,running,ore,1702.1,1800.0,1956864.4,9159,,False,[]
e69c9ec7-daf0-4264-b0fd-248d8b106218,1.0,beta-minerals,north-site,production_telemetry,BETA-NORTH-PROD-007,production_meter,2026-09-01T16:14:32.813Z,5,running,ore,1526.8,1800.0,694153.3,4302,,False,[]
43b07b5a-21f2-48ed-a33a-33e185286373,1.0,beta-minerals,north-site,production_telemetry,BETA-NORTH-PROD-008,production_meter,2026-09-01T16:14:32.813Z,5,running,ore,1895.6,1800.0,779314.2,14848,,False,[]
257a88a6-19be-425a-b726-d62c0bda3a6c,1.0,beta-minerals,north-site,production_telemetry,BETA-NORTH-PROD-009,production_meter,2026-09-01T16:14:32.813Z,5,running,ore,1601.8,1800.0,860486.8,15464,,False,[]
a828b8b5-ca82-46db-a39b-ec344ca48cec,1.0,beta-minerals,north-site,production_telemetry,BETA-NORTH-PROD-010,production_meter,2026-09-01T16:14:32.813Z,5,running,ore,1643.8,1800.0,314819.0,2426,,False,[]
12d3eaf5-425a-44d1-b92e-7de66e870da6,1.0,beta-minerals,north-site,production_telemetry,BETA-NORTH-PROD-011,production_meter,2026-09-01T16:14:32.813Z,5,running,ore,1521.4,1800.0,932520.9,12948,,False,[]
59fcc647-a31d-44eb-83c0-c316aa2917c8,1.0,beta-minerals,north-site,production_telemetry,BETA-NORTH-PROD-012,production_meter,2026-09-01T16:14:32.813Z,5,running,ore,1827.8,1800.0,1017863.2,16499,,False,[]
347c47ce-7e72-4552-b525-dbd989f2bf13,1.0,beta-minerals,north-site,production_telemetry,BETA-NORTH-PROD-013,production_meter,2026-09-01T16:14:32.813Z,5,running,ore,1775.4,1800.0,1388077.0,19400,,False,[]
30d782e1-97b9-4102-bea8-acecf701cda8,1.0,beta-minerals,north-site,production_telemetry,BETA-NORTH-PROD-014,production_meter,2026-09-01T16:14:32.813Z,5,running,ore,1747.8,1800.0,1274666.0,14688,,False,[]
ce9a4724-4729-4ed0-8c45-dbeb32524f12,1.0,beta-minerals,north-site,production_telemetry,BETA-NORTH-PROD-015,production_meter,2026-09-01T16:14:32.813Z,5,running,ore,1813.7,1800.0,1160865.9,2293,,False,[]
5cd9a3ba-6c8c-4e05-8c9f-8ef6f4e5d847,1.0,beta-minerals,north-site,production_telemetry,BETA-NORTH-PROD-016,production_meter,2026-09-01T16:14:32.813Z,5,running,ore,1756.7,1800.0,1527729.6,11011,,False,[]
732e896a-c20b-43ab-aaef-6d6cfbf8940f,1.0,beta-minerals,north-site,production_telemetry,BETA-NORTH-PROD-017,production_meter,2026-09-01T16:14:32.813Z,5,running,ore,1864.1,1800.0,546511.8,15548,,False,[]
086dc716-5dd6-4abf-b6b0-86f31acd82eb,1.0,beta-minerals,north-site,production_telemetry,BETA-NORTH-PROD-018,production_meter,2026-09-01T16:14:32.813Z,5,running,ore,1628.2,1800.0,1515965.4,1087,,False,[]
d87d509b-e4b8-418e-8381-1b08117cdd7f,1.0,beta-minerals,north-site,production_telemetry,BETA-NORTH-PROD-019,production_meter,2026-09-01T16:14:32.813Z,5,running,ore,1549.3,1800.0,1276237.2,10486,,False,[]
5ad2b933-61e1-4405-81ee-03a5b12a4118,1.0,beta-minerals,north-site,production_telemetry,BETA-NORTH-PROD-020,production_meter,2026-09-01T16:14:32.813Z,5,running,ore,1884.1,1800.0,1651530.3,15396,,False,[]
69f1d56b-b2e5-4c3c-8317-b9291ca02b7f,1.0,beta-minerals,north-site,production_telemetry,BETA-NORTH-PROD-021,production_meter,2026-09-01T16:14:32.813Z,5,running,ore,1602.2,1800.0,285142.1,7771,,False,[]
cf0a5ceb-5dff-48ef-814f-76d4a22c9d59,1.0,beta-minerals,north-site,production_telemetry,BETA-NORTH-PROD-022,production_meter,2026-09-01T16:14:32.813Z,5,running,ore,1654.4,1800.0,302023.7,5884,,False,[]
9c6f1a20-7ed8-47e8-bc56-19defdaa1c10,1.0,beta-minerals,north-site,production_telemetry,BETA-NORTH-PROD-023,production_meter,2026-09-01T16:14:32.813Z,5,running,ore,1731.7,1800.0,329428.9,13379,,False,[]
e530bcaf-5ddb-41b1-93a5-04adb5808003,1.0,beta-minerals,north-site,production_telemetry,BETA-NORTH-PROD-024,production_meter,2026-09-01T16:14:32.813Z,5,running,ore,1711.1,1800.0,1303168.6,19799,,False,[]
58978b8d-9c89-4ef3-a671-b29402825489,1.0,beta-minerals,north-site,production_telemetry,BETA-NORTH-PROD-025,production_meter,2026-09-01T16:14:32.813Z,5,running,ore,1853.9,1800.0,108251.8,2096,,False,[]
57f8d3d5-8de1-407a-b4b7-0a3bf4387548,1.0,beta-minerals,north-site,production_telemetry,BETA-NORTH-PROD-026,production_meter,2026-09-01T16:14:32.813Z,5,running,ore,1739.5,1800.0,1414465.5,6195,,False,[]
9a54d534-b8ff-4404-ab51-b07fdcdff6a3,1.0,beta-minerals,north-site,production_telemetry,BETA-NORTH-PROD-027,production_meter,2026-09-01T16:14:32.813Z,5,running,ore,1894.1,1800.0,830871.5,8639,,False,[]
fbfe1eaf-760e-456d-a823-fd8308d0d7ec,1.0,beta-minerals,north-site,production_telemetry,BETA-NORTH-PROD-028,production_meter,2026-09-01T16:14:32.813Z,5,running,ore,1781.2,1800.0,1430039.3,17291,,False,[]
8f663a9b-7389-4970-94ea-fea07cfa9f6b,1.0,beta-minerals,north-site,production_telemetry,BETA-NORTH-PROD-029,production_meter,2026-09-01T16:14:32.813Z,5,running,ore,1541.9,1800.0,481701.0,10026,,False,[]
39f5b15d-fe9d-4bbe-96a4-fde56677afbc,1.0,beta-minerals,north-site,production_telemetry,BETA-NORTH-PROD-030,production_meter,2026-09-01T16:14:32.813Z,5,running,ore,1772.4,1800.0,1130743.7,11068,,False,[]
4805c225-99f5-45b6-9c7c-ecefba7359f9,1.0,acme-mining,site-01,production_telemetry,ACME-S01-PROD-001,production_meter,2026-09-01T16:14:37.813Z,6,running,ore,1712.3,1800.0,1949859.5,16782,,False,[]
cd9ff968-0e1d-425c-9398-95d39ec42c36,1.0,acme-mining,site-01,production_telemetry,ACME-S01-PROD-002,production_meter,2026-09-01T16:14:37.813Z,6,running,ore,1566.8,1800.0,461264.6,8718,,False,[]
fc978d91-9250-4378-a0bb-6d87d7e40b85,1.0,acme-mining,site-01,production_telemetry,ACME-S01-PROD-003,production_meter,2026-09-01T16:14:37.813Z,6,running,ore,1531.8,1800.0,1328061.3,10629,,False,[]
cc849938-aea9-47c5-9b79-ba3e3faf9000,1.0,acme-mining,site-01,production_telemetry,ACME-S01-PROD-004,production_meter,2026-09-01T16:14:37.813Z,6,running,ore,1678.7,1800.0,889469.9,7085,,False,[]
f518f10c-5532-480d-9964-c3f5ba048cde,1.0,acme-mining,site-01,production_telemetry,ACME-S01-PROD-005,production_meter,2026-09-01T16:14:37.813Z,6,running,ore,1722.8,1800.0,588255.7,16295,,False,[]
6d7d2d3b-c06c-4bfa-b887-ae92ab876efe,1.0,acme-mining,site-01,production_telemetry,ACME-S01-PROD-006,production_meter,2026-09-01T16:14:37.813Z,6,running,ore,1583.6,1800.0,1532902.1,7898,,False,[]
94fc39c2-c50f-4507-8576-20abe33194f5,1.0,acme-mining,site-01,production_telemetry,ACME-S01-PROD-007,production_meter,2026-09-01T16:14:37.813Z,6,running,ore,1763.2,1800.0,1602310.3,962,,False,[]
a8dd2cef-0e23-4fed-a995-279185d45ef9,1.0,acme-mining,site-01,production_telemetry,ACME-S01-PROD-008,production_meter,2026-09-01T16:14:37.813Z,6,running,ore,1570.5,1800.0,1313257.8,12678,,False,[]
d4e57910-c096-476c-9a0b-9e79ad353ec8,1.0,acme-mining,site-01,production_telemetry,ACME-S01-PROD-009,production_meter,2026-09-01T16:14:37.813Z,6,running,ore,1702.2,1800.0,520609.4,2577,,False,[]
ce15bbcd-86d6-45b9-9535-1672270e20e2,1.0,acme-mining,site-01,production_telemetry,ACME-S01-PROD-010,production_meter,2026-09-01T16:14:37.813Z,6,running,ore,1606.8,1800.0,170716.9,16648,,False,[]
f1a21e45-32c5-4157-97bf-86ae8939d2b7,1.0,acme-mining,site-01,production_telemetry,ACME-S01-PROD-011,production_meter,2026-09-01T16:14:37.813Z,6,running,ore,1856.1,1800.0,1423332.0,18207,,False,[]
459e8029-46e4-4adf-825c-2f73a32583d5,1.0,acme-mining,site-01,production_telemetry,ACME-S01-PROD-012,production_meter,2026-09-01T16:14:37.813Z,6,running,ore,1545.0,1800.0,875432.4,9672,,False,[]
a4fa94cc-bbfd-442c-8e31-d547eabd97dd,1.0,acme-mining,site-01,production_telemetry,ACME-S01-PROD-013,production_meter,2026-09-01T16:14:37.813Z,6,running,ore,1885.9,1800.0,1402807.3,18347,,False,[]
f4406aef-7e84-4c6b-a2ba-33a7f198e234,1.0,acme-mining,site-01,production_telemetry,ACME-S01-PROD-014,production_meter,2026-09-01T16:14:37.813Z,6,running,ore,1873.5,1800.0,1665975.7,3509,,False,[]
a6dae401-357c-43e5-92be-1dcf5ebc497e,1.0,acme-mining,site-01,production_telemetry,ACME-S01-PROD-015,production_meter,2026-09-01T16:14:37.813Z,6,running,ore,1776.6,1800.0,339269.7,19006,,False,[]
4a5bf152-ca8f-4978-b148-5b132a623ad4,1.0,acme-mining,site-01,production_telemetry,ACME-S01-PROD-016,production_meter,2026-09-01T16:14:37.813Z,6,running,ore,1636.6,1800.0,1571314.2,598,,False,[]
3986faaf-140c-402a-acea-2e3a8932d0b0,1.0,acme-mining,site-01,production_telemetry,ACME-S01-PROD-017,production_meter,2026-09-01T16:14:37.813Z,6,running,ore,1559.0,1800.0,1746265.0,4824,,False,[]
30087b24-5b6f-48c1-a4e3-7988e57ed265,1.0,acme-mining,site-01,production_telemetry,ACME-S01-PROD-018,production_meter,2026-09-01T16:14:37.813Z,6,running,ore,1685.1,1800.0,1509277.8,17744,,False,[]
c1d0246c-ab36-4cbe-bb40-79b20ad54295,1.0,acme-mining,site-01,production_telemetry,ACME-S01-PROD-019,production_meter,2026-09-01T16:14:37.813Z,6,running,ore,1672.0,1800.0,520957.1,1926,,False,[]
5abf5079-06fe-4fbe-a9e9-0f52bea8646b,1.0,acme-mining,site-01,production_telemetry,ACME-S01-PROD-020,production_meter,2026-09-01T16:14:37.813Z,6,running,ore,1662.7,1800.0,1997328.6,13666,,False,[]
422af23e-eece-43a4-af3f-f9de72940fdf,1.0,acme-mining,site-02,production_telemetry,ACME-S02-PROD-001,production_meter,2026-09-01T16:14:37.813Z,6,running,ore,1533.3,1800.0,1892595.2,11567,,False,[]
3eb052c2-eb28-4bb6-b422-ad10d3abf908,1.0,acme-mining,site-02,production_telemetry,ACME-S02-PROD-002,production_meter,2026-09-01T16:14:37.813Z,6,running,ore,1545.6,1800.0,1610467.5,6052,,False,[]
36b9c320-ca59-4bed-bbc2-6442d5cfb208,1.0,acme-mining,site-02,production_telemetry,ACME-S02-PROD-003,production_meter,2026-09-01T16:14:37.813Z,6,running,ore,1716.9,1800.0,1095508.5,2941,,False,[]
8a8d46e6-51fe-4445-b8e6-3ccaa5864aae,1.0,acme-mining,site-02,production_telemetry,ACME-S02-PROD-004,production_meter,2026-09-01T16:14:37.813Z,6,running,ore,1830.9,1800.0,1443636.9,805,,False,[]
2c60ef32-a175-4f32-8789-d19a2c3f0b5c,1.0,acme-mining,site-02,production_telemetry,ACME-S02-PROD-005,production_meter,2026-09-01T16:14:37.813Z,6,running,ore,1659.1,1800.0,1352654.4,1021,,False,[]
64296274-63e8-47c5-8c41-6c0ed5fd4889,1.0,acme-mining,site-02,production_telemetry,ACME-S02-PROD-006,production_meter,2026-09-01T16:14:37.813Z,6,running,ore,1673.6,1800.0,132585.5,14615,,False,[]
1b5c1290-90fe-401b-abcf-214da8862a65,1.0,acme-mining,site-02,production_telemetry,ACME-S02-PROD-007,production_meter,2026-09-01T16:14:37.813Z,6,running,ore,1810.8,1800.0,1100279.3,12120,,False,[]
fd81a25b-ddf9-4dfe-958b-684bf3120e0a,1.0,acme-mining,site-02,production_telemetry,ACME-S02-PROD-008,production_meter,2026-09-01T16:14:37.813Z,6,degraded,ore,335.3,1800.0,529139.3,3147,crusher_trip,True,"[""PRODUCTION_RATE_LOW""]"
2afb9da3-82fd-4ff7-833b-e170faeb2ef7,1.0,acme-mining,site-02,production_telemetry,ACME-S02-PROD-009,production_meter,2026-09-01T16:14:37.813Z,6,running,ore,1786.8,1800.0,206633.0,815,,False,[]
c2e30346-8c38-40de-9b6c-9d0de8f34770,1.0,acme-mining,site-02,production_telemetry,ACME-S02-PROD-010,production_meter,2026-09-01T16:14:37.813Z,6,running,ore,1769.2,1800.0,1950309.3,17812,,False,[]
7641b6ef-b045-4422-ba64-83d1f2847188,1.0,acme-mining,site-02,production_telemetry,ACME-S02-PROD-011,production_meter,2026-09-01T16:14:37.813Z,6,running,ore,1792.4,1800.0,1855916.7,9693,,False,[]
2a6d36d1-2944-4efa-b4ac-c6b4c428514c,1.0,acme-mining,site-02,production_telemetry,ACME-S02-PROD-012,production_meter,2026-09-01T16:14:37.813Z,6,running,ore,1859.1,1800.0,1215382.8,13557,,False,[]
a52045d4-6de4-484c-be25-defa9f403095,1.0,acme-mining,site-02,production_telemetry,ACME-S02-PROD-013,production_meter,2026-09-01T16:14:37.813Z,6,running,ore,1740.0,1800.0,1127082.9,13083,,False,[]
487fa5de-b11a-4f52-8262-26a1499248e3,1.0,acme-mining,site-02,production_telemetry,ACME-S02-PROD-014,production_meter,2026-09-01T16:14:37.813Z,6,running,ore,1711.3,1800.0,202037.1,14828,,False,[]
99c4eb5f-241c-4a9f-b216-79da5f63f574,1.0,acme-mining,site-02,production_telemetry,ACME-S02-PROD-015,production_meter,2026-09-01T16:14:37.813Z,6,running,ore,1875.2,1800.0,720126.3,9462,,False,[]
3a6cd0ae-09f2-4810-ad69-199624d4531b,1.0,acme-mining,site-02,production_telemetry,ACME-S02-PROD-016,production_meter,2026-09-01T16:14:37.813Z,6,running,ore,1780.1,1800.0,1213177.3,12960,,False,[]
07d74ada-8d3e-4f31-9eb3-bef45e098501,1.0,acme-mining,site-02,production_telemetry,ACME-S02-PROD-017,production_meter,2026-09-01T16:14:37.813Z,6,running,ore,1858.3,1800.0,1452200.9,5561,,False,[]
da6c8a9f-0548-4d75-ac20-c281ba99f5da,1.0,acme-mining,site-02,production_telemetry,ACME-S02-PROD-018,production_meter,2026-09-01T16:14:37.813Z,6,running,ore,1538.0,1800.0,612570.3,4847,,False,[]
3cc11843-6e5d-47e0-accd-e4438a80d54f,1.0,acme-mining,site-02,production_telemetry,ACME-S02-PROD-019,production_meter,2026-09-01T16:14:37.813Z,6,degraded,ore,647.8,1800.0,1153030.4,11136,crusher_trip,True,"[""PRODUCTION_RATE_LOW""]"
97d0a83f-8ab2-4cc2-adfe-e948155f2f57,1.0,acme-mining,site-02,production_telemetry,ACME-S02-PROD-020,production_meter,2026-09-01T16:14:37.813Z,6,running,ore,1873.7,1800.0,1986201.5,8460,,False,[]
8596057e-7d13-4482-9cb8-d4678d64eb32,1.0,beta-minerals,north-site,production_telemetry,BETA-NORTH-PROD-001,production_meter,2026-09-01T16:14:37.813Z,6,running,ore,1647.8,1800.0,490454.3,810,,False,[]
a05db0ce-8d82-4573-972a-a2c36455174d,1.0,beta-minerals,north-site,production_telemetry,BETA-NORTH-PROD-002,production_meter,2026-09-01T16:14:37.813Z,6,running,ore,1700.5,1800.0,1678253.8,3943,,False,[]
f16e4022-1a33-4d2b-828e-0b06f7468080,1.0,beta-minerals,north-site,production_telemetry,BETA-NORTH-PROD-003,production_meter,2026-09-01T16:14:37.813Z,6,running,ore,1885.1,1800.0,1578136.0,17648,,False,[]
aed8823b-0aea-4c08-9964-5c7feb1f35ba,1.0,beta-minerals,north-site,production_telemetry,BETA-NORTH-PROD-004,production_meter,2026-09-01T16:14:37.813Z,6,running,ore,1889.1,1800.0,1407598.7,16256,,False,[]
a44df231-4d94-43ec-b543-f591cde01138,1.0,beta-minerals,north-site,production_telemetry,BETA-NORTH-PROD-005,production_meter,2026-09-01T16:14:37.813Z,6,running,ore,1603.9,1800.0,383389.2,3457,,False,[]
7b20df61-a1c6-4ba9-8f74-96e73a184eef,1.0,beta-minerals,north-site,production_telemetry,BETA-NORTH-PROD-006,production_meter,2026-09-01T16:14:37.813Z,6,running,ore,1504.8,1800.0,1956866.5,9160,,False,[]
5b226333-1f90-409b-8817-2166e3acf0a8,1.0,beta-minerals,north-site,production_telemetry,BETA-NORTH-PROD-007,production_meter,2026-09-01T16:14:37.813Z,6,running,ore,1629.6,1800.0,694155.6,4303,,False,[]
adb5893e-f00d-420d-a6ab-7b86db191899,1.0,beta-minerals,north-site,production_telemetry,BETA-NORTH-PROD-008,production_meter,2026-09-01T16:14:37.813Z,6,running,ore,1665.1,1800.0,779316.5,14849,,False,[]
2ff90cb0-99a7-4a25-83b6-3eec841d5f6e,1.0,beta-minerals,north-site,production_telemetry,BETA-NORTH-PROD-009,production_meter,2026-09-01T16:14:37.813Z,6,stopped,ore,768.9,1800.0,860487.9,15465,conveyor_blockage,True,"[""PRODUCTION_RATE_LOW""]"
5e29a34a-472a-47fd-aed9-8dc0e1e3966a,1.0,beta-minerals,north-site,production_telemetry,BETA-NORTH-PROD-010,production_meter,2026-09-01T16:14:37.813Z,6,running,ore,1781.6,1800.0,314821.5,2427,,False,[]
8fb2ce17-f775-4f7c-b732-41859f3dd5c1,1.0,beta-minerals,north-site,production_telemetry,BETA-NORTH-PROD-011,production_meter,2026-09-01T16:14:37.813Z,6,running,ore,1672.8,1800.0,932523.2,12949,,False,[]
98fa6a68-9ca9-4a11-b1a3-be3c0d8a4e00,1.0,beta-minerals,north-site,production_telemetry,BETA-NORTH-PROD-012,production_meter,2026-09-01T16:14:37.813Z,6,running,ore,1521.5,1800.0,1017865.3,16500,,False,[]
7e8664d3-fc23-4eaf-9522-b0f60c2320c3,1.0,beta-minerals,north-site,production_telemetry,BETA-NORTH-PROD-013,production_meter,2026-09-01T16:14:37.813Z,6,running,ore,1555.2,1800.0,1388079.2,19401,,False,[]
999510d3-0d3a-4936-9ea5-4583229c3c2f,1.0,beta-minerals,north-site,production_telemetry,BETA-NORTH-PROD-014,production_meter,2026-09-01T16:14:37.813Z,6,running,ore,1788.4,1800.0,1274668.4,14689,,False,[]
2ee6fff7-806e-487f-8d47-1b5b7fb96e2d,1.0,beta-minerals,north-site,production_telemetry,BETA-NORTH-PROD-015,production_meter,2026-09-01T16:14:37.813Z,6,running,ore,1782.5,1800.0,1160868.4,2294,,False,[]
b167e032-f3f8-47aa-a29a-6076264fcd98,1.0,beta-minerals,north-site,production_telemetry,BETA-NORTH-PROD-016,production_meter,2026-09-01T16:14:37.813Z,6,running,ore,1536.6,1800.0,1527731.7,11012,,False,[]
ac66b8ba-da4a-4682-9f44-afed8c15f5c1,1.0,beta-minerals,north-site,production_telemetry,BETA-NORTH-PROD-017,production_meter,2026-09-01T16:14:37.813Z,6,running,ore,1868.3,1800.0,546514.4,15549,,False,[]
c0d243f8-9e69-4227-a3e9-54b64a503f6f,1.0,beta-minerals,north-site,production_telemetry,BETA-NORTH-PROD-018,production_meter,2026-09-01T16:14:37.813Z,6,running,ore,1705.3,1800.0,1515967.8,1088,,False,[]
4155e7c2-bcb6-40f4-a9f6-95c76cac2bf1,1.0,beta-minerals,north-site,production_telemetry,BETA-NORTH-PROD-019,production_meter,2026-09-01T16:14:37.813Z,6,running,ore,1806.8,1800.0,1276239.7,10487,,False,[]
f66d26b6-ff45-4455-9315-c829f73d99e0,1.0,beta-minerals,north-site,production_telemetry,BETA-NORTH-PROD-020,production_meter,2026-09-01T16:14:37.813Z,6,running,ore,1559.7,1800.0,1651532.5,15397,,False,[]
c77bf4e1-1af8-4bf7-8dc0-5136817a44b1,1.0,beta-minerals,north-site,production_telemetry,BETA-NORTH-PROD-021,production_meter,2026-09-01T16:14:37.813Z,6,running,ore,1556.3,1800.0,285144.3,7772,,False,[]
a9becc46-e2f4-4aad-8541-f382309bf489,1.0,beta-minerals,north-site,production_telemetry,BETA-NORTH-PROD-022,production_meter,2026-09-01T16:14:37.813Z,6,running,ore,1700.3,1800.0,302026.0,5885,,False,[]
2fd7b5b7-8c9c-4cc9-9bba-0ee260260005,1.0,beta-minerals,north-site,production_telemetry,BETA-NORTH-PROD-023,production_meter,2026-09-01T16:14:37.813Z,6,running,ore,1604.8,1800.0,329431.1,13380,,False,[]
b1b1c11e-5d74-4942-8ccd-2bb599e5e805,1.0,beta-minerals,north-site,production_telemetry,BETA-NORTH-PROD-024,production_meter,2026-09-01T16:14:37.813Z,6,running,ore,1554.4,1800.0,1303170.7,19800,,False,[]
be09a43e-2cc7-4db6-85be-af4500f390c7,1.0,beta-minerals,north-site,production_telemetry,BETA-NORTH-PROD-025,production_meter,2026-09-01T16:14:37.813Z,6,running,ore,1865.1,1800.0,108254.4,2097,,False,[]
294c2fe3-06cb-4402-95f9-43eb650e6f52,1.0,beta-minerals,north-site,production_telemetry,BETA-NORTH-PROD-026,production_meter,2026-09-01T16:14:37.813Z,6,running,ore,1577.1,1800.0,1414467.7,6196,,False,[]
25f69998-8128-4881-ac47-ab8bf194391c,1.0,beta-minerals,north-site,production_telemetry,BETA-NORTH-PROD-027,production_meter,2026-09-01T16:14:37.813Z,6,running,ore,1880.4,1800.0,830874.1,8640,,False,[]
cec453d1-d659-4d71-b0c4-62bdcdd3ac18,1.0,beta-minerals,north-site,production_telemetry,BETA-NORTH-PROD-028,production_meter,2026-09-01T16:14:37.813Z,6,running,ore,1898.3,1800.0,1430041.9,17292,,False,[]
d40d204c-1df5-4579-812c-483f3b8bb9f4,1.0,beta-minerals,north-site,production_telemetry,BETA-NORTH-PROD-029,production_meter,2026-09-01T16:14:37.813Z,6,degraded,ore,337.7,1800.0,481701.5,10027,feed_shortage,True,"[""PRODUCTION_RATE_LOW""]"
b5130803-7cc6-4c8a-a1ff-023b90e0d645,1.0,beta-minerals,north-site,production_telemetry,BETA-NORTH-PROD-030,production_meter,2026-09-01T16:14:37.813Z,6,running,ore,1720.7,1800.0,1130746.1,11069,,False,[]
34962c7a-c899-4bf0-9c10-c3c4f3a2a4d6,1.0,acme-mining,site-01,production_telemetry,ACME-S01-PROD-001,production_meter,2026-09-01T16:14:42.813Z,7,running,ore,1895.7,1800.0,1949862.2,16783,,False,[]
dd0a1026-ba38-463f-a381-09c9bd948c01,1.0,acme-mining,site-01,production_telemetry,ACME-S01-PROD-002,production_meter,2026-09-01T16:14:42.813Z,7,running,ore,1818.5,1800.0,461267.1,8719,,False,[]
ef1ca0f1-a4e3-4983-81b0-c464dadb4e29,1.0,acme-mining,site-01,production_telemetry,ACME-S01-PROD-003,production_meter,2026-09-01T16:14:42.813Z,7,running,ore,1513.4,1800.0,1328063.4,10630,,False,[]
8c41dfcd-26ca-47c8-ab3b-1b89d8cb9f9f,1.0,acme-mining,site-01,production_telemetry,ACME-S01-PROD-004,production_meter,2026-09-01T16:14:42.813Z,7,running,ore,1732.4,1800.0,889472.3,7086,,False,[]
58d7e822-caa9-4020-b72b-3c4aabe9695a,1.0,acme-mining,site-01,production_telemetry,ACME-S01-PROD-005,production_meter,2026-09-01T16:14:42.813Z,7,running,ore,1823.4,1800.0,588258.2,16296,,False,[]
636242ef-bb95-4fe5-84f6-9fa44a2b5e16,1.0,acme-mining,site-01,production_telemetry,ACME-S01-PROD-006,production_meter,2026-09-01T16:14:42.813Z,7,running,ore,1813.3,1800.0,1532904.6,7899,,False,[]
9a084d91-f482-4ed2-a195-171c2b205f50,1.0,acme-mining,site-01,production_telemetry,ACME-S01-PROD-007,production_meter,2026-09-01T16:14:42.813Z,7,running,ore,1802.0,1800.0,1602312.8,963,,False,[]
8fcace8d-766c-4525-8cd7-7dffa77a6e7e,1.0,acme-mining,site-01,production_telemetry,ACME-S01-PROD-008,production_meter,2026-09-01T16:14:42.813Z,7,running,ore,1850.1,1800.0,1313260.3,12679,,False,[]
a652c1b2-245f-4f73-ba47-e9573552145a,1.0,acme-mining,site-01,production_telemetry,ACME-S01-PROD-009,production_meter,2026-09-01T16:14:42.813Z,7,running,ore,1598.5,1800.0,520611.6,2578,,False,[]
2ea734bd-ccbf-473c-8102-3e9ab7e93b01,1.0,acme-mining,site-01,production_telemetry,ACME-S01-PROD-010,production_meter,2026-09-01T16:14:42.813Z,7,running,ore,1736.8,1800.0,170719.3,16649,,False,[]
4618252e-c17b-478f-9dc4-5babee601007,1.0,acme-mining,site-01,production_telemetry,ACME-S01-PROD-011,production_meter,2026-09-01T16:14:42.813Z,7,running,ore,1824.7,1800.0,1423334.5,18208,,False,[]
399c267a-6972-419f-bb71-7860b94fcc04,1.0,acme-mining,site-01,production_telemetry,ACME-S01-PROD-012,production_meter,2026-09-01T16:14:42.813Z,7,degraded,ore,657.2,1800.0,875433.4,9673,crusher_trip,True,"[""PRODUCTION_RATE_LOW""]"
da5de3db-4a32-44e5-a3a7-7a645e1c818d,1.0,acme-mining,site-01,production_telemetry,ACME-S01-PROD-013,production_meter,2026-09-01T16:14:42.813Z,7,running,ore,1886.4,1800.0,1402809.9,18348,,False,[]
1993d0c6-d445-4ca3-9c0a-bc3dec150791,1.0,acme-mining,site-01,production_telemetry,ACME-S01-PROD-014,production_meter,2026-09-01T16:14:42.813Z,7,running,ore,1608.1,1800.0,1665978.0,3510,,False,[]
9fb6c7f7-e649-4063-a556-98f3e3798ed3,1.0,acme-mining,site-01,production_telemetry,ACME-S01-PROD-015,production_meter,2026-09-01T16:14:42.813Z,7,running,ore,1731.9,1800.0,339272.1,19007,,False,[]
0558dbaa-11ba-4f40-8e16-9e9200bcdfc6,1.0,acme-mining,site-01,production_telemetry,ACME-S01-PROD-016,production_meter,2026-09-01T16:14:42.813Z,7,running,ore,1633.3,1800.0,1571316.5,599,,False,[]
c02d308a-756f-4d32-8e10-182786886b9e,1.0,acme-mining,site-01,production_telemetry,ACME-S01-PROD-017,production_meter,2026-09-01T16:14:42.813Z,7,running,ore,1625.2,1800.0,1746267.2,4825,,False,[]
23224168-a9e2-4f2f-a869-16bf63ee8476,1.0,acme-mining,site-01,production_telemetry,ACME-S01-PROD-018,production_meter,2026-09-01T16:14:42.813Z,7,running,ore,1740.5,1800.0,1509280.2,17745,,False,[]
5a6f1926-c82e-4eff-a1a5-7f5fed72ac91,1.0,acme-mining,site-01,production_telemetry,ACME-S01-PROD-019,production_meter,2026-09-01T16:14:42.813Z,7,running,ore,1522.6,1800.0,520959.2,1927,,False,[]
5df13fcd-6471-4d6e-99c2-64637af802e6,1.0,acme-mining,site-01,production_telemetry,ACME-S01-PROD-020,production_meter,2026-09-01T16:14:42.813Z,7,running,ore,1886.8,1800.0,1997331.3,13667,,False,[]
ee37c744-c2c1-42cc-8eee-a0234603de79,1.0,acme-mining,site-02,production_telemetry,ACME-S02-PROD-001,production_meter,2026-09-01T16:14:42.813Z,7,running,ore,1899.6,1800.0,1892597.8,11568,,False,[]
6d8a2ab2-a7aa-4a13-96d7-92a5f0dd9b28,1.0,acme-mining,site-02,production_telemetry,ACME-S02-PROD-002,production_meter,2026-09-01T16:14:42.813Z,7,running,ore,1592.3,1800.0,1610469.7,6053,,False,[]
f82e7e11-8668-4515-b148-2c36958aac1b,1.0,acme-mining,site-02,production_telemetry,ACME-S02-PROD-003,production_meter,2026-09-01T16:14:42.813Z,7,stopped,ore,505.0,1800.0,1095509.2,2942,conveyor_blockage,True,"[""PRODUCTION_RATE_LOW""]"
b1255b2c-7732-4595-b836-51bd98817b34,1.0,acme-mining,site-02,production_telemetry,ACME-S02-PROD-004,production_meter,2026-09-01T16:14:42.813Z,7,running,ore,1551.7,1800.0,1443639.1,806,,False,[]
a9231d90-c0a6-400d-8bf1-f0d1a8bdf69c,1.0,acme-mining,site-02,production_telemetry,ACME-S02-PROD-005,production_meter,2026-09-01T16:14:42.813Z,7,running,ore,1726.8,1800.0,1352656.8,1022,,False,[]
a09de802-2ce7-41c5-acdc-ed2ba80d4cdd,1.0,acme-mining,site-02,production_telemetry,ACME-S02-PROD-006,production_meter,2026-09-01T16:14:42.813Z,7,running,ore,1864.5,1800.0,132588.1,14616,,False,[]
b1cd7036-ac8b-45bd-91f6-53107c5deaac,1.0,acme-mining,site-02,production_telemetry,ACME-S02-PROD-007,production_meter,2026-09-01T16:14:42.813Z,7,running,ore,1862.0,1800.0,1100281.9,12121,,False,[]
80f73d8b-ea75-4891-8544-37a529a7307b,1.0,acme-mining,site-02,production_telemetry,ACME-S02-PROD-008,production_meter,2026-09-01T16:14:42.813Z,7,running,ore,1520.2,1800.0,529141.4,3148,,False,[]
ede7f49c-7132-4484-93ca-6b67219aee6b,1.0,acme-mining,site-02,production_telemetry,ACME-S02-PROD-009,production_meter,2026-09-01T16:14:42.813Z,7,running,ore,1741.9,1800.0,206635.4,816,,False,[]
c1cccba2-f2f6-46a7-b31c-e41c80dfab4f,1.0,acme-mining,site-02,production_telemetry,ACME-S02-PROD-010,production_meter,2026-09-01T16:14:42.813Z,7,running,ore,1566.3,1800.0,1950311.5,17813,,False,[]
0be29b30-6a12-4214-b605-b802aa39e847,1.0,acme-mining,site-02,production_telemetry,ACME-S02-PROD-011,production_meter,2026-09-01T16:14:42.813Z,7,running,ore,1748.0,1800.0,1855919.1,9694,,False,[]
f9078550-1b2a-4a14-87ff-21dc7bc4e0c7,1.0,acme-mining,site-02,production_telemetry,ACME-S02-PROD-012,production_meter,2026-09-01T16:14:42.813Z,7,stopped,ore,290.0,1800.0,1215383.2,13558,feed_shortage,True,"[""PRODUCTION_RATE_LOW""]"
c0728100-a800-4eb8-8645-deb69400b28d,1.0,acme-mining,site-02,production_telemetry,ACME-S02-PROD-013,production_meter,2026-09-01T16:14:42.813Z,7,running,ore,1570.8,1800.0,1127085.0,13084,,False,[]
29c16a64-d549-4daf-b561-831de3ea015d,1.0,acme-mining,site-02,production_telemetry,ACME-S02-PROD-014,production_meter,2026-09-01T16:14:42.813Z,7,running,ore,1650.8,1800.0,202039.4,14829,,False,[]
30b16720-52a8-4527-8d66-de33b28908ca,1.0,acme-mining,site-02,production_telemetry,ACME-S02-PROD-015,production_meter,2026-09-01T16:14:42.813Z,7,running,ore,1863.5,1800.0,720128.9,9463,,False,[]
ed623852-2c23-4723-9598-2dd3392b4403,1.0,acme-mining,site-02,production_telemetry,ACME-S02-PROD-016,production_meter,2026-09-01T16:14:42.813Z,7,running,ore,1762.9,1800.0,1213179.8,12961,,False,[]
f9090c41-fcd6-4884-995c-fc04af88e9fb,1.0,acme-mining,site-02,production_telemetry,ACME-S02-PROD-017,production_meter,2026-09-01T16:14:42.813Z,7,running,ore,1865.9,1800.0,1452203.5,5562,,False,[]
f4fdd1d8-d47e-4c4a-bb4a-255d0323ecec,1.0,acme-mining,site-02,production_telemetry,ACME-S02-PROD-018,production_meter,2026-09-01T16:14:42.813Z,7,running,ore,1880.5,1800.0,612572.9,4848,,False,[]
2dc4164d-2de2-4e1b-ba30-1070e24b4cf0,1.0,acme-mining,site-02,production_telemetry,ACME-S02-PROD-019,production_meter,2026-09-01T16:14:42.813Z,7,running,ore,1586.1,1800.0,1153032.6,11137,,False,[]
eca416f2-99ab-4d64-ab91-9ffa9a3d4e1e,1.0,acme-mining,site-02,production_telemetry,ACME-S02-PROD-020,production_meter,2026-09-01T16:14:42.813Z,7,running,ore,1793.9,1800.0,1986204.0,8461,,False,[]
2567f451-3d2e-474b-8ac1-3f1a4e47d255,1.0,beta-minerals,north-site,production_telemetry,BETA-NORTH-PROD-001,production_meter,2026-09-01T16:14:42.813Z,7,running,ore,1887.4,1800.0,490456.9,811,,False,[]
fe11eed0-a974-41b1-bcb1-24da29c903f2,1.0,beta-minerals,north-site,production_telemetry,BETA-NORTH-PROD-002,production_meter,2026-09-01T16:14:42.813Z,7,running,ore,1801.2,1800.0,1678256.3,3944,,False,[]
e918dfbf-654e-4531-b832-a5ff57d23a7d,1.0,beta-minerals,north-site,production_telemetry,BETA-NORTH-PROD-003,production_meter,2026-09-01T16:14:42.813Z,7,running,ore,1671.4,1800.0,1578138.3,17649,,False,[]
5da76568-cc5a-4c34-b95d-24ad2cfd6154,1.0,beta-minerals,north-site,production_telemetry,BETA-NORTH-PROD-004,production_meter,2026-09-01T16:14:42.813Z,7,running,ore,1607.7,1800.0,1407600.9,16257,,False,[]
2d48b0cf-8c27-4f44-9b03-6a8b8441239a,1.0,beta-minerals,north-site,production_telemetry,BETA-NORTH-PROD-005,production_meter,2026-09-01T16:14:42.813Z,7,running,ore,1654.7,1800.0,383391.5,3458,,False,[]
5177fc8f-a4de-41e1-bbd5-b14cb95415ac,1.0,beta-minerals,north-site,production_telemetry,BETA-NORTH-PROD-006,production_meter,2026-09-01T16:14:42.813Z,7,running,ore,1716.6,1800.0,1956868.9,9161,,False,[]
b7385ad9-970c-4b20-b767-a0b237657d91,1.0,beta-minerals,north-site,production_telemetry,BETA-NORTH-PROD-007,production_meter,2026-09-01T16:14:42.813Z,7,running,ore,1842.5,1800.0,694158.1,4304,,False,[]
0b64c72d-9353-4a1c-8c75-789c6d82b9b7,1.0,beta-minerals,north-site,production_telemetry,BETA-NORTH-PROD-008,production_meter,2026-09-01T16:14:42.813Z,7,running,ore,1677.9,1800.0,779318.8,14850,,False,[]
c9eed6e1-34ea-4ba2-af4e-3a156f27722f,1.0,beta-minerals,north-site,production_telemetry,BETA-NORTH-PROD-009,production_meter,2026-09-01T16:14:42.813Z,7,running,ore,1821.6,1800.0,860490.4,15466,,False,[]
7fc46f52-0e46-4eb8-ade0-b603e065a4ba,1.0,beta-minerals,north-site,production_telemetry,BETA-NORTH-PROD-010,production_meter,2026-09-01T16:14:42.813Z,7,running,ore,1717.2,1800.0,314823.9,2428,,False,[]
2ac6f2f8-352c-4ec3-8d65-6f91ad743ddf,1.0,beta-minerals,north-site,production_telemetry,BETA-NORTH-PROD-011,production_meter,2026-09-01T16:14:42.813Z,7,running,ore,1556.3,1800.0,932525.4,12950,,False,[]
185ff7b2-f209-417b-a5b3-a25a0780ba18,1.0,beta-minerals,north-site,production_telemetry,BETA-NORTH-PROD-012,production_meter,2026-09-01T16:14:42.813Z,7,running,ore,1660.3,1800.0,1017867.6,16501,,False,[]
08e49fa8-556a-472f-8cb0-8b5da58f1e02,1.0,beta-minerals,north-site,production_telemetry,BETA-NORTH-PROD-013,production_meter,2026-09-01T16:14:42.813Z,7,stopped,ore,446.0,1800.0,1388079.8,19402,feed_shortage,True,"[""PRODUCTION_RATE_LOW""]"
8407fff4-909a-4555-9b96-592d7d56c567,1.0,beta-minerals,north-site,production_telemetry,BETA-NORTH-PROD-014,production_meter,2026-09-01T16:14:42.813Z,7,running,ore,1702.6,1800.0,1274670.8,14690,,False,[]
5b833c21-c43e-481c-a150-8aae7f254b9d,1.0,beta-minerals,north-site,production_telemetry,BETA-NORTH-PROD-015,production_meter,2026-09-01T16:14:42.813Z,7,running,ore,1632.2,1800.0,1160870.6,2295,,False,[]
3cd63411-17d7-433c-a4fd-81c15f892a50,1.0,beta-minerals,north-site,production_telemetry,BETA-NORTH-PROD-016,production_meter,2026-09-01T16:14:42.813Z,7,running,ore,1709.1,1800.0,1527734.1,11013,,False,[]
98ed67f4-5a3d-4e08-8d9c-ab75573f8d0d,1.0,beta-minerals,north-site,production_telemetry,BETA-NORTH-PROD-017,production_meter,2026-09-01T16:14:42.813Z,7,running,ore,1631.1,1800.0,546516.6,15550,,False,[]
ac14d342-d8e8-4123-bfdc-3f973c98685b,1.0,beta-minerals,north-site,production_telemetry,BETA-NORTH-PROD-018,production_meter,2026-09-01T16:14:42.813Z,7,running,ore,1855.4,1800.0,1515970.3,1089,,False,[]
fd95bbd7-450a-423f-8f17-9be8a01cbc78,1.0,beta-minerals,north-site,production_telemetry,BETA-NORTH-PROD-019,production_meter,2026-09-01T16:14:42.813Z,7,running,ore,1896.5,1800.0,1276242.3,10488,,False,[]
e121711f-1691-4e80-b7e8-9c1615eeb51f,1.0,beta-minerals,north-site,production_telemetry,BETA-NORTH-PROD-020,production_meter,2026-09-01T16:14:42.813Z,7,running,ore,1688.1,1800.0,1651534.9,15398,,False,[]
43249c5a-cf76-48b2-8ae8-74fe7b64f9c6,1.0,beta-minerals,north-site,production_telemetry,BETA-NORTH-PROD-021,production_meter,2026-09-01T16:14:42.813Z,7,running,ore,1502.7,1800.0,285146.3,7773,,False,[]
55b4f056-f3af-459f-aafc-3324e66ec648,1.0,beta-minerals,north-site,production_telemetry,BETA-NORTH-PROD-022,production_meter,2026-09-01T16:14:42.813Z,7,running,ore,1678.6,1800.0,302028.3,5886,,False,[]
4757a857-04b1-4f08-a378-c47ae5268f0f,1.0,beta-minerals,north-site,production_telemetry,BETA-NORTH-PROD-023,production_meter,2026-09-01T16:14:42.813Z,7,running,ore,1823.7,1800.0,329433.7,13381,,False,[]
8818b849-7d00-4495-a52b-38b46be4c1a3,1.0,beta-minerals,north-site,production_telemetry,BETA-NORTH-PROD-024,production_meter,2026-09-01T16:14:42.813Z,7,running,ore,1842.3,1800.0,1303173.3,19801,,False,[]
b884e1e6-8620-4652-8f9e-c384597c1a12,1.0,beta-minerals,north-site,production_telemetry,BETA-NORTH-PROD-025,production_meter,2026-09-01T16:14:42.813Z,7,running,ore,1523.0,1800.0,108256.5,2098,,False,[]
cbbaf446-2c34-42c1-877d-a35669b1a0bd,1.0,beta-minerals,north-site,production_telemetry,BETA-NORTH-PROD-026,production_meter,2026-09-01T16:14:42.813Z,7,running,ore,1653.0,1800.0,1414470.0,6197,,False,[]
6388550f-76cc-4a69-bcce-6e263a2892a4,1.0,beta-minerals,north-site,production_telemetry,BETA-NORTH-PROD-027,production_meter,2026-09-01T16:14:42.813Z,7,running,ore,1542.6,1800.0,830876.2,8641,,False,[]
0d37e708-b4a6-47a5-8c62-231d1b6adf6c,1.0,beta-minerals,north-site,production_telemetry,BETA-NORTH-PROD-028,production_meter,2026-09-01T16:14:42.813Z,7,running,ore,1602.7,1800.0,1430044.1,17293,,False,[]
f13bc364-ba91-4aa5-9077-662144fef399,1.0,beta-minerals,north-site,production_telemetry,BETA-NORTH-PROD-029,production_meter,2026-09-01T16:14:42.813Z,7,running,ore,1527.5,1800.0,481703.6,10028,,False,[]
a0d26108-4a0c-48ce-b66d-9508a6a131b0,1.0,beta-minerals,north-site,production_telemetry,BETA-NORTH-PROD-030,production_meter,2026-09-01T16:14:42.813Z,7,running,ore,1744.6,1800.0,1130748.5,11070,,False,[]
45a65ab6-012a-4b48-9292-3dab499441dc,1.0,acme-mining,site-01,production_telemetry,ACME-S01-PROD-001,production_meter,2026-09-01T16:14:47.813Z,8,running,ore,1826.4,1800.0,1949864.7,16784,,False,[]
554927bd-b6e4-40b5-ab25-d87bd9b0e72b,1.0,acme-mining,site-01,production_telemetry,ACME-S01-PROD-002,production_meter,2026-09-01T16:14:47.813Z,8,running,ore,1684.0,1800.0,461269.4,8720,,False,[]
2f50e9c9-9a11-4e8f-bc95-4cfc353515e8,1.0,acme-mining,site-01,production_telemetry,ACME-S01-PROD-003,production_meter,2026-09-01T16:14:47.813Z,8,running,ore,1734.0,1800.0,1328065.8,10631,,False,[]
2b66c949-8b32-4477-a44a-de5e6fe036d1,1.0,acme-mining,site-01,production_telemetry,ACME-S01-PROD-004,production_meter,2026-09-01T16:14:47.813Z,8,running,ore,1752.2,1800.0,889474.8,7087,,False,[]
9ac402c8-6a7f-40df-96c0-52a0a29a93e6,1.0,acme-mining,site-01,production_telemetry,ACME-S01-PROD-005,production_meter,2026-09-01T16:14:47.813Z,8,running,ore,1586.1,1800.0,588260.4,16297,,False,[]
1cd1bebd-47be-4b4c-8b52-c14380954187,1.0,acme-mining,site-01,production_telemetry,ACME-S01-PROD-006,production_meter,2026-09-01T16:14:47.813Z,8,running,ore,1604.9,1800.0,1532906.9,7900,,False,[]
4d63a277-10c4-42eb-869f-f72355eee3d9,1.0,acme-mining,site-01,production_telemetry,ACME-S01-PROD-007,production_meter,2026-09-01T16:14:47.813Z,8,running,ore,1532.0,1800.0,1602314.9,964,,False,[]
bf8747f9-005a-4f9f-a6b9-dc01b3daa55b,1.0,acme-mining,site-01,production_telemetry,ACME-S01-PROD-008,production_meter,2026-09-01T16:14:47.813Z,8,running,ore,1572.6,1800.0,1313262.5,12680,,False,[]
92b138bd-86ee-484f-a26d-b369c08aac3e,1.0,acme-mining,site-01,production_telemetry,ACME-S01-PROD-009,production_meter,2026-09-01T16:14:47.813Z,8,running,ore,1864.4,1800.0,520614.2,2579,,False,[]
9ebf11d8-f680-438e-be2c-5b279db2d381,1.0,acme-mining,site-01,production_telemetry,ACME-S01-PROD-010,production_meter,2026-09-01T16:14:47.813Z,8,running,ore,1726.9,1800.0,170721.7,16650,,False,[]
10c52085-1317-42bc-a74e-94f803a18725,1.0,acme-mining,site-01,production_telemetry,ACME-S01-PROD-011,production_meter,2026-09-01T16:14:47.813Z,8,running,ore,1664.0,1800.0,1423336.8,18209,,False,[]
e7961d32-0991-4374-9af5-dd6a2e6a6a6b,1.0,acme-mining,site-01,production_telemetry,ACME-S01-PROD-012,production_meter,2026-09-01T16:14:47.813Z,8,running,ore,1510.2,1800.0,875435.4,9674,,False,[]
6efe57bf-8cd5-4b9d-a63f-e9aae3ce8cc6,1.0,acme-mining,site-01,production_telemetry,ACME-S01-PROD-013,production_meter,2026-09-01T16:14:47.813Z,8,running,ore,1720.3,1800.0,1402812.3,18349,,False,[]
b85224cb-cf22-4f06-af29-ae14411fcc6a,1.0,acme-mining,site-01,production_telemetry,ACME-S01-PROD-014,production_meter,2026-09-01T16:14:47.813Z,8,running,ore,1588.3,1800.0,1665980.2,3511,,False,[]
0427fa45-93fc-4e32-8058-c57374a1929f,1.0,acme-mining,site-01,production_telemetry,ACME-S01-PROD-015,production_meter,2026-09-01T16:14:47.813Z,8,running,ore,1542.0,1800.0,339274.3,19008,,False,[]
9530647c-994c-4420-a803-3bc2912bace6,1.0,acme-mining,site-01,production_telemetry,ACME-S01-PROD-016,production_meter,2026-09-01T16:14:47.813Z,8,running,ore,1567.9,1800.0,1571318.7,600,,False,[]
8c795227-484b-4515-82e1-b535397dd19f,1.0,acme-mining,site-01,production_telemetry,ACME-S01-PROD-017,production_meter,2026-09-01T16:14:47.813Z,8,running,ore,1728.5,1800.0,1746269.6,4826,,False,[]
646ff9d1-dca8-463a-8472-c5fe2ab779b9,1.0,acme-mining,site-01,production_telemetry,ACME-S01-PROD-018,production_meter,2026-09-01T16:14:47.813Z,8,running,ore,1810.4,1800.0,1509282.7,17746,,False,[]
5446dac3-56b2-4379-bf5a-f98149e1584a,1.0,acme-mining,site-01,production_telemetry,ACME-S01-PROD-019,production_meter,2026-09-01T16:14:47.813Z,8,running,ore,1740.7,1800.0,520961.6,1928,,False,[]
6c4b09b3-d178-42f5-8009-c258b55af2df,1.0,acme-mining,site-01,production_telemetry,ACME-S01-PROD-020,production_meter,2026-09-01T16:14:47.813Z,8,running,ore,1513.6,1800.0,1997333.4,13668,,False,[]
dcb5a568-53ee-4bd9-b921-9e7d15daa88b,1.0,acme-mining,site-02,production_telemetry,ACME-S02-PROD-001,production_meter,2026-09-01T16:14:47.813Z,8,running,ore,1652.6,1800.0,1892600.1,11569,,False,[]
f36675af-bab8-44be-836b-9a7e4ffd76d7,1.0,acme-mining,site-02,production_telemetry,ACME-S02-PROD-002,production_meter,2026-09-01T16:14:47.813Z,8,running,ore,1694.8,1800.0,1610472.0,6054,,False,[]
5975e33d-e70e-451d-92aa-090f7d0ba820,1.0,acme-mining,site-02,production_telemetry,ACME-S02-PROD-003,production_meter,2026-09-01T16:14:47.813Z,8,running,ore,1719.6,1800.0,1095511.6,2943,,False,[]
57be62a0-c489-42a2-8747-d36061485fb5,1.0,acme-mining,site-02,production_telemetry,ACME-S02-PROD-004,production_meter,2026-09-01T16:14:47.813Z,8,degraded,ore,584.5,1800.0,1443639.9,807,conveyor_blockage,True,"[""PRODUCTION_RATE_LOW""]"
1fcf841e-f1cb-47f4-bb3b-b49c3fd96e78,1.0,acme-mining,site-02,production_telemetry,ACME-S02-PROD-005,production_meter,2026-09-01T16:14:47.813Z,8,running,ore,1762.8,1800.0,1352659.3,1023,,False,[]
7a549cce-83b6-4316-870b-bf11a733b1a5,1.0,acme-mining,site-02,production_telemetry,ACME-S02-PROD-006,production_meter,2026-09-01T16:14:47.813Z,8,running,ore,1742.5,1800.0,132590.5,14617,,False,[]
c5a7b2ab-13b3-4ff3-bb23-19e01466d5d3,1.0,acme-mining,site-02,production_telemetry,ACME-S02-PROD-007,production_meter,2026-09-01T16:14:47.813Z,8,running,ore,1758.3,1800.0,1100284.3,12122,,False,[]
3993509f-9594-4bf5-b751-14d8f5b4124a,1.0,acme-mining,site-02,production_telemetry,ACME-S02-PROD-008,production_meter,2026-09-01T16:14:47.813Z,8,running,ore,1780.7,1800.0,529143.9,3149,,False,[]
d146332b-0358-48c4-a1eb-0f29182c6016,1.0,acme-mining,site-02,production_telemetry,ACME-S02-PROD-009,production_meter,2026-09-01T16:14:47.813Z,8,running,ore,1542.7,1800.0,206637.6,817,,False,[]
3f05f7e0-3861-4d04-bb09-e9f7ec6fb440,1.0,acme-mining,site-02,production_telemetry,ACME-S02-PROD-010,production_meter,2026-09-01T16:14:47.813Z,8,running,ore,1655.7,1800.0,1950313.8,17814,,False,[]
5d9244b2-db60-4d09-8e7f-70197b9a03f2,1.0,acme-mining,site-02,production_telemetry,ACME-S02-PROD-011,production_meter,2026-09-01T16:14:47.813Z,8,running,ore,1706.9,1800.0,1855921.5,9695,,False,[]
02afe75b-44de-41e0-a231-8573628627fd,1.0,acme-mining,site-02,production_telemetry,ACME-S02-PROD-012,production_meter,2026-09-01T16:14:47.813Z,8,running,ore,1534.1,1800.0,1215385.3,13559,,False,[]
c29942a8-13fb-492a-bbb1-0675008ce04a,1.0,acme-mining,site-02,production_telemetry,ACME-S02-PROD-013,production_meter,2026-09-01T16:14:47.813Z,8,running,ore,1830.6,1800.0,1127087.6,13085,,False,[]
8a30e851-3f1a-41da-a338-1169b7ea9208,1.0,acme-mining,site-02,production_telemetry,ACME-S02-PROD-014,production_meter,2026-09-01T16:14:47.813Z,8,running,ore,1642.5,1800.0,202041.7,14830,,False,[]
8426ccbe-c002-4766-9303-2f61b241bb6d,1.0,acme-mining,site-02,production_telemetry,ACME-S02-PROD-015,production_meter,2026-09-01T16:14:47.813Z,8,running,ore,1708.5,1800.0,720131.3,9464,,False,[]
50eabbaa-123a-4ecf-a634-68896af904c5,1.0,acme-mining,site-02,production_telemetry,ACME-S02-PROD-016,production_meter,2026-09-01T16:14:47.813Z,8,running,ore,1563.9,1800.0,1213182.0,12962,,False,[]
d2a599eb-b7c7-40ce-ba1a-0b0740c38b4f,1.0,acme-mining,site-02,production_telemetry,ACME-S02-PROD-017,production_meter,2026-09-01T16:14:47.813Z,8,running,ore,1847.9,1800.0,1452206.1,5563,,False,[]
5c479091-3a3b-47a9-91e1-3feadc60a03e,1.0,acme-mining,site-02,production_telemetry,ACME-S02-PROD-018,production_meter,2026-09-01T16:14:47.813Z,8,running,ore,1845.9,1800.0,612575.5,4849,,False,[]
9da26786-9b28-4e96-bb10-9a9b114f89b7,1.0,acme-mining,site-02,production_telemetry,ACME-S02-PROD-019,production_meter,2026-09-01T16:14:47.813Z,8,running,ore,1891.6,1800.0,1153035.2,11138,,False,[]
40b68ff3-bc4e-48f7-82f1-dea7f129bf97,1.0,acme-mining,site-02,production_telemetry,ACME-S02-PROD-020,production_meter,2026-09-01T16:14:47.813Z,8,running,ore,1575.8,1800.0,1986206.2,8462,,False,[]
a56fa728-55bc-49c7-8686-1046c4e5edbc,1.0,beta-minerals,north-site,production_telemetry,BETA-NORTH-PROD-001,production_meter,2026-09-01T16:14:47.813Z,8,running,ore,1596.2,1800.0,490459.2,812,,False,[]
3320232f-ecd3-46db-9fbe-e1ca71a96248,1.0,beta-minerals,north-site,production_telemetry,BETA-NORTH-PROD-002,production_meter,2026-09-01T16:14:47.813Z,8,running,ore,1542.6,1800.0,1678258.4,3945,,False,[]
2598e3f0-59b1-42ca-b3ed-8db1e3f1c46d,1.0,beta-minerals,north-site,production_telemetry,BETA-NORTH-PROD-003,production_meter,2026-09-01T16:14:47.813Z,8,running,ore,1806.0,1800.0,1578140.8,17650,,False,[]
611aa44d-fb16-4f40-8d24-e2cfbc2bc1fd,1.0,beta-minerals,north-site,production_telemetry,BETA-NORTH-PROD-004,production_meter,2026-09-01T16:14:47.813Z,8,running,ore,1810.5,1800.0,1407603.4,16258,,False,[]
5f2fc58f-bac0-4214-8525-f9eefc66491d,1.0,beta-minerals,north-site,production_telemetry,BETA-NORTH-PROD-005,production_meter,2026-09-01T16:14:47.813Z,8,running,ore,1876.0,1800.0,383394.1,3459,,False,[]
f664eb59-bf07-4a98-9092-26b4e9e425e9,1.0,beta-minerals,north-site,production_telemetry,BETA-NORTH-PROD-006,production_meter,2026-09-01T16:14:47.813Z,8,running,ore,1697.8,1800.0,1956871.2,9162,,False,[]
d85c0d0c-3d5c-461e-9178-7425652fbf00,1.0,beta-minerals,north-site,production_telemetry,BETA-NORTH-PROD-007,production_meter,2026-09-01T16:14:47.813Z,8,running,ore,1578.2,1800.0,694160.3,4305,,False,[]
3441f458-9941-46f9-ae75-68a5815e0355,1.0,beta-minerals,north-site,production_telemetry,BETA-NORTH-PROD-008,production_meter,2026-09-01T16:14:47.813Z,8,running,ore,1709.9,1800.0,779321.2,14851,,False,[]
fea18463-ca95-4ca9-a676-269a55e198a8,1.0,beta-minerals,north-site,production_telemetry,BETA-NORTH-PROD-009,production_meter,2026-09-01T16:14:47.813Z,8,running,ore,1829.3,1800.0,860492.9,15467,,False,[]
a8668e7a-8c0f-4113-8ce6-6c419c7fe436,1.0,beta-minerals,north-site,production_telemetry,BETA-NORTH-PROD-010,production_meter,2026-09-01T16:14:47.813Z,8,stopped,ore,369.6,1800.0,314824.4,2429,feed_shortage,True,"[""PRODUCTION_RATE_LOW""]"
6a5e250a-8c13-49c5-bda6-593347b6b372,1.0,beta-minerals,north-site,production_telemetry,BETA-NORTH-PROD-011,production_meter,2026-09-01T16:14:47.813Z,8,running,ore,1527.5,1800.0,932527.5,12951,,False,[]
a385a8bf-ed5f-4822-8712-4e5dbc548f95,1.0,beta-minerals,north-site,production_telemetry,BETA-NORTH-PROD-012,production_meter,2026-09-01T16:14:47.813Z,8,running,ore,1656.4,1800.0,1017869.9,16502,,False,[]
eefb1386-baae-4c01-9696-7a0dec750ca5,1.0,beta-minerals,north-site,production_telemetry,BETA-NORTH-PROD-013,production_meter,2026-09-01T16:14:47.813Z,8,running,ore,1697.7,1800.0,1388082.1,19403,,False,[]
317a8fff-f1ef-489e-b818-22ed418197cd,1.0,beta-minerals,north-site,production_telemetry,BETA-NORTH-PROD-014,production_meter,2026-09-01T16:14:47.813Z,8,running,ore,1587.4,1800.0,1274673.0,14691,,False,[]
3793a61c-24fb-4831-bdc6-35ca1e3151c7,1.0,beta-minerals,north-site,production_telemetry,BETA-NORTH-PROD-015,production_meter,2026-09-01T16:14:47.813Z,8,running,ore,1772.0,1800.0,1160873.1,2296,,False,[]
cd38cb66-1354-475f-91da-57da207df4aa,1.0,beta-minerals,north-site,production_telemetry,BETA-NORTH-PROD-016,production_meter,2026-09-01T16:14:47.813Z,8,running,ore,1682.8,1800.0,1527736.4,11014,,False,[]
3137d9e2-c567-44db-a261-644b630add99,1.0,beta-minerals,north-site,production_telemetry,BETA-NORTH-PROD-017,production_meter,2026-09-01T16:14:47.813Z,8,running,ore,1773.7,1800.0,546519.1,15551,,False,[]
78d962a6-0359-4582-81d1-ad63ba488960,1.0,beta-minerals,north-site,production_telemetry,BETA-NORTH-PROD-018,production_meter,2026-09-01T16:14:47.813Z,8,running,ore,1768.4,1800.0,1515972.8,1090,,False,[]
caf35b97-86ad-49a7-9ac8-fbe21fb1ce95,1.0,beta-minerals,north-site,production_telemetry,BETA-NORTH-PROD-019,production_meter,2026-09-01T16:14:47.813Z,8,running,ore,1618.2,1800.0,1276244.5,10489,,False,[]
61bac44d-1a73-4140-8771-976e5d62b56b,1.0,beta-minerals,north-site,production_telemetry,BETA-NORTH-PROD-020,production_meter,2026-09-01T16:14:47.813Z,8,running,ore,1740.4,1800.0,1651537.3,15399,,False,[]
18e26b5b-7164-4b2b-a9c5-971e486e2714,1.0,beta-minerals,north-site,production_telemetry,BETA-NORTH-PROD-021,production_meter,2026-09-01T16:14:47.813Z,8,running,ore,1794.8,1800.0,285148.8,7774,,False,[]
5da73f51-6564-4785-af14-12a619327e18,1.0,beta-minerals,north-site,production_telemetry,BETA-NORTH-PROD-022,production_meter,2026-09-01T16:14:47.813Z,8,running,ore,1869.2,1800.0,302030.9,5887,,False,[]
44139013-bcdd-4665-b62c-91adde7d5aec,1.0,beta-minerals,north-site,production_telemetry,BETA-NORTH-PROD-023,production_meter,2026-09-01T16:14:47.813Z,8,running,ore,1510.9,1800.0,329435.8,13382,,False,[]
a36a1ea0-18a5-49ce-a2c3-8a5dace3f352,1.0,beta-minerals,north-site,production_telemetry,BETA-NORTH-PROD-024,production_meter,2026-09-01T16:14:47.813Z,8,running,ore,1625.3,1800.0,1303175.5,19802,,False,[]
5caccadc-8045-429f-be64-c1ee38cfc93e,1.0,beta-minerals,north-site,production_telemetry,BETA-NORTH-PROD-025,production_meter,2026-09-01T16:14:47.813Z,8,running,ore,1726.2,1800.0,108258.9,2099,,False,[]
123cc732-2fa5-4897-be36-d272459f492f,1.0,beta-minerals,north-site,production_telemetry,BETA-NORTH-PROD-026,production_meter,2026-09-01T16:14:47.813Z,8,running,ore,1861.0,1800.0,1414472.6,6198,,False,[]
62629a3c-9fe6-46dd-81a2-56877eeca6cc,1.0,beta-minerals,north-site,production_telemetry,BETA-NORTH-PROD-027,production_meter,2026-09-01T16:14:47.813Z,8,running,ore,1586.6,1800.0,830878.4,8642,,False,[]
3188a714-0106-44c5-a240-0f1071a8ec1b,1.0,beta-minerals,north-site,production_telemetry,BETA-NORTH-PROD-028,production_meter,2026-09-01T16:14:47.813Z,8,running,ore,1811.8,1800.0,1430046.6,17294,,False,[]
5183d5ce-1641-48bb-9b21-1695dddf371d,1.0,beta-minerals,north-site,production_telemetry,BETA-NORTH-PROD-029,production_meter,2026-09-01T16:14:47.813Z,8,running,ore,1511.3,1800.0,481705.7,10029,,False,[]
10473865-8a28-4562-8b2c-6c7a562a996e,1.0,beta-minerals,north-site,production_telemetry,BETA-NORTH-PROD-030,production_meter,2026-09-01T16:14:47.813Z,8,running,ore,1694.6,1800.0,1130750.8,11071,,False,[]
f25d2450-e5d4-49e8-bbce-f172f943993e,1.0,acme-mining,site-01,production_telemetry,ACME-S01-PROD-001,production_meter,2026-09-01T16:14:52.813Z,9,running,ore,1748.0,1800.0,1949867.1,16785,,False,[]
1bd066dc-78e0-4d4a-bcff-032ac60e9993,1.0,acme-mining,site-01,production_telemetry,ACME-S01-PROD-002,production_meter,2026-09-01T16:14:52.813Z,9,running,ore,1709.0,1800.0,461271.8,8721,,False,[]
0fbb9243-a63a-43ac-8fa4-88655b0a8c2d,1.0,acme-mining,site-01,production_telemetry,ACME-S01-PROD-003,production_meter,2026-09-01T16:14:52.813Z,9,running,ore,1771.0,1800.0,1328068.3,10632,,False,[]
b80793bf-318d-4114-a718-1df06cc14504,1.0,acme-mining,site-01,production_telemetry,ACME-S01-PROD-004,production_meter,2026-09-01T16:14:52.813Z,9,running,ore,1866.7,1800.0,889477.4,7088,,False,[]
8272ff32-450a-4667-b512-29b4f49e6c73,1.0,acme-mining,site-01,production_telemetry,ACME-S01-PROD-005,production_meter,2026-09-01T16:14:52.813Z,9,running,ore,1721.6,1800.0,588262.8,16298,,False,[]
06379663-95df-4003-862b-dc35f69c722c,1.0,acme-mining,site-01,production_telemetry,ACME-S01-PROD-006,production_meter,2026-09-01T16:14:52.813Z,9,running,ore,1644.4,1800.0,1532909.2,7901,,False,[]
c001ff3f-dc51-4ec0-b42f-12371f7196c9,1.0,acme-mining,site-01,production_telemetry,ACME-S01-PROD-007,production_meter,2026-09-01T16:14:52.813Z,9,running,ore,1854.8,1800.0,1602317.5,965,,False,[]
64eb7d4c-87ce-4cb8-b3c2-92f3cca22076,1.0,acme-mining,site-01,production_telemetry,ACME-S01-PROD-008,production_meter,2026-09-01T16:14:52.813Z,9,running,ore,1650.7,1800.0,1313264.8,12681,,False,[]
1a22f363-aea5-4cc7-853b-483b45fe30f6,1.0,acme-mining,site-01,production_telemetry,ACME-S01-PROD-009,production_meter,2026-09-01T16:14:52.813Z,9,running,ore,1748.3,1800.0,520616.7,2580,,False,[]
050b905a-7d65-41f2-a06f-b445d7370375,1.0,acme-mining,site-01,production_telemetry,ACME-S01-PROD-010,production_meter,2026-09-01T16:14:52.813Z,9,running,ore,1582.2,1800.0,170723.9,16651,,False,[]
5c339e9d-6ac5-471f-93b4-1ceb22034d5c,1.0,acme-mining,site-01,production_telemetry,ACME-S01-PROD-011,production_meter,2026-09-01T16:14:52.813Z,9,running,ore,1735.0,1800.0,1423339.3,18210,,False,[]
734ab8c0-f9d9-458b-b54a-038fe81251f1,1.0,acme-mining,site-01,production_telemetry,ACME-S01-PROD-012,production_meter,2026-09-01T16:14:52.813Z,9,running,ore,1804.9,1800.0,875438.0,9675,,False,[]
b9f83dfb-5c58-4625-9f5e-aa6b04b5a054,1.0,acme-mining,site-01,production_telemetry,ACME-S01-PROD-013,production_meter,2026-09-01T16:14:52.813Z,9,running,ore,1719.1,1800.0,1402814.7,18350,,False,[]
5bc019be-a523-4bd7-afa6-28a95dbe22d6,1.0,acme-mining,site-01,production_telemetry,ACME-S01-PROD-014,production_meter,2026-09-01T16:14:52.813Z,9,running,ore,1516.4,1800.0,1665982.3,3512,,False,[]
17edde79-222a-4c2f-99bc-3fb3cc002ddf,1.0,acme-mining,site-01,production_telemetry,ACME-S01-PROD-015,production_meter,2026-09-01T16:14:52.813Z,9,running,ore,1578.4,1800.0,339276.4,19009,,False,[]
def5c80a-4d57-4e50-acad-04d020d26463,1.0,acme-mining,site-01,production_telemetry,ACME-S01-PROD-016,production_meter,2026-09-01T16:14:52.813Z,9,running,ore,1827.6,1800.0,1571321.2,601,,False,[]
14bb458e-37da-4f4a-a5a1-76ba1176587f,1.0,acme-mining,site-01,production_telemetry,ACME-S01-PROD-017,production_meter,2026-09-01T16:14:52.813Z,9,running,ore,1575.6,1800.0,1746271.8,4827,,False,[]
7f875e77-186d-411f-9e17-b88a056e2805,1.0,acme-mining,site-01,production_telemetry,ACME-S01-PROD-018,production_meter,2026-09-01T16:14:52.813Z,9,running,ore,1742.7,1800.0,1509285.2,17747,,False,[]
bf566c83-44c7-4db3-b8e0-c53bdba4e512,1.0,acme-mining,site-01,production_telemetry,ACME-S01-PROD-019,production_meter,2026-09-01T16:14:52.813Z,9,running,ore,1624.7,1800.0,520963.8,1929,,False,[]
ebef04d8-16c3-46f1-961d-12df60289a89,1.0,acme-mining,site-01,production_telemetry,ACME-S01-PROD-020,production_meter,2026-09-01T16:14:52.813Z,9,running,ore,1775.7,1800.0,1997335.8,13669,,False,[]
84bf66e9-4baf-447d-ac18-55a05f8b07b4,1.0,acme-mining,site-02,production_telemetry,ACME-S02-PROD-001,production_meter,2026-09-01T16:14:52.813Z,9,running,ore,1778.5,1800.0,1892602.6,11570,,False,[]
a31357ea-7f1a-4ce9-9322-f3464b7e1664,1.0,acme-mining,site-02,production_telemetry,ACME-S02-PROD-002,production_meter,2026-09-01T16:14:52.813Z,9,running,ore,1652.8,1800.0,1610474.3,6055,,False,[]
ef30e711-f39f-42b2-a1af-d4f6fbe92846,1.0,acme-mining,site-02,production_telemetry,ACME-S02-PROD-003,production_meter,2026-09-01T16:14:52.813Z,9,running,ore,1704.5,1800.0,1095513.9,2944,,False,[]
548c5741-e473-49c8-81f8-62c45aa8cc0c,1.0,acme-mining,site-02,production_telemetry,ACME-S02-PROD-004,production_meter,2026-09-01T16:14:52.813Z,9,degraded,ore,281.9,1800.0,1443640.3,808,feed_shortage,True,"[""PRODUCTION_RATE_LOW""]"
320e99fe-cfe1-416a-acf5-877be75335f0,1.0,acme-mining,site-02,production_telemetry,ACME-S02-PROD-005,production_meter,2026-09-01T16:14:52.813Z,9,running,ore,1677.8,1800.0,1352661.6,1024,,False,[]
78f454f7-8eee-40ca-a0f2-2543e7ea35bb,1.0,acme-mining,site-02,production_telemetry,ACME-S02-PROD-006,production_meter,2026-09-01T16:14:52.813Z,9,running,ore,1671.5,1800.0,132592.8,14618,,False,[]
12f82c1c-4a1f-4a9a-bb5d-3c8216ed8f15,1.0,acme-mining,site-02,production_telemetry,ACME-S02-PROD-007,production_meter,2026-09-01T16:14:52.813Z,9,running,ore,1539.9,1800.0,1100286.5,12123,,False,[]
c1ac708c-39b4-4b8a-bfe2-dd3207132ffc,1.0,acme-mining,site-02,production_telemetry,ACME-S02-PROD-008,production_meter,2026-09-01T16:14:52.813Z,9,running,ore,1611.8,1800.0,529146.1,3150,,False,[]
cc95299d-f925-4330-bebc-4929f8a7ea9f,1.0,acme-mining,site-02,production_telemetry,ACME-S02-PROD-009,production_meter,2026-09-01T16:14:52.813Z,9,running,ore,1532.1,1800.0,206639.7,818,,False,[]
c32ee5eb-46ff-461e-8243-8694a74b6630,1.0,acme-mining,site-02,production_telemetry,ACME-S02-PROD-010,production_meter,2026-09-01T16:14:52.813Z,9,running,ore,1553.8,1800.0,1950315.9,17815,,False,[]
84212606-2d03-4520-a537-98f246bc1571,1.0,acme-mining,site-02,production_telemetry,ACME-S02-PROD-011,production_meter,2026-09-01T16:14:52.813Z,9,degraded,ore,614.0,1800.0,1855922.3,9696,crusher_trip,True,"[""PRODUCTION_RATE_LOW""]"
5da6d4a2-162d-4254-9dec-15e68115d181,1.0,acme-mining,site-02,production_telemetry,ACME-S02-PROD-012,production_meter,2026-09-01T16:14:52.813Z,9,running,ore,1606.8,1800.0,1215387.6,13560,,False,[]
471d6a0e-9c13-458e-ba4b-646e23793cbe,1.0,acme-mining,site-02,production_telemetry,ACME-S02-PROD-013,production_meter,2026-09-01T16:14:52.813Z,9,running,ore,1539.0,1800.0,1127089.7,13086,,False,[]
224aa83c-a3fb-48e4-8dfa-39a42cca1cb0,1.0,acme-mining,site-02,production_telemetry,ACME-S02-PROD-014,production_meter,2026-09-01T16:14:52.813Z,9,running,ore,1567.6,1800.0,202043.9,14831,,False,[]
d0241846-2cb0-4ee8-9fd2-a9f47891a3d0,1.0,acme-mining,site-02,production_telemetry,ACME-S02-PROD-015,production_meter,2026-09-01T16:14:52.813Z,9,running,ore,1655.7,1800.0,720133.6,9465,,False,[]
1da1a4dd-b4bf-4835-b80b-de1cbedd11f8,1.0,acme-mining,site-02,production_telemetry,ACME-S02-PROD-016,production_meter,2026-09-01T16:14:52.813Z,9,running,ore,1703.3,1800.0,1213184.3,12963,,False,[]
603bd10d-2995-4641-b77a-46e2b076a865,1.0,acme-mining,site-02,production_telemetry,ACME-S02-PROD-017,production_meter,2026-09-01T16:14:52.813Z,9,running,ore,1658.0,1800.0,1452208.4,5564,,False,[]
17355c94-9b03-42cb-b498-31f842c657f0,1.0,acme-mining,site-02,production_telemetry,ACME-S02-PROD-018,production_meter,2026-09-01T16:14:52.813Z,9,running,ore,1863.2,1800.0,612578.1,4850,,False,[]
35c14806-0fd7-4509-9a44-62bc6463cbcc,1.0,acme-mining,site-02,production_telemetry,ACME-S02-PROD-019,production_meter,2026-09-01T16:14:52.813Z,9,stopped,ore,795.3,1800.0,1153036.3,11139,conveyor_blockage,True,"[""PRODUCTION_RATE_LOW""]"
2444b02f-18fc-48d4-998f-4a5c7be630a3,1.0,acme-mining,site-02,production_telemetry,ACME-S02-PROD-020,production_meter,2026-09-01T16:14:52.813Z,9,running,ore,1717.4,1800.0,1986208.6,8463,,False,[]
8abf0d94-725d-41ce-b6af-f42eac7862a7,1.0,beta-minerals,north-site,production_telemetry,BETA-NORTH-PROD-001,production_meter,2026-09-01T16:14:52.813Z,9,running,ore,1737.6,1800.0,490461.6,813,,False,[]
dbdf2b18-f918-48a0-8d79-054459b6873e,1.0,beta-minerals,north-site,production_telemetry,BETA-NORTH-PROD-002,production_meter,2026-09-01T16:14:52.813Z,9,degraded,ore,742.7,1800.0,1678259.5,3946,conveyor_blockage,True,"[""PRODUCTION_RATE_LOW""]"
02dbb31e-2c6a-45eb-8cd7-84c7cc725635,1.0,beta-minerals,north-site,production_telemetry,BETA-NORTH-PROD-003,production_meter,2026-09-01T16:14:52.813Z,9,running,ore,1721.9,1800.0,1578143.2,17651,,False,[]
7078d567-2806-42ab-b7e1-3b982821bc6f,1.0,beta-minerals,north-site,production_telemetry,BETA-NORTH-PROD-004,production_meter,2026-09-01T16:14:52.813Z,9,running,ore,1886.8,1800.0,1407606.1,16259,,False,[]
b74c5eb0-06af-421f-a66f-0909d989a033,1.0,beta-minerals,north-site,production_telemetry,BETA-NORTH-PROD-005,production_meter,2026-09-01T16:14:52.813Z,9,running,ore,1714.3,1800.0,383396.5,3460,,False,[]
c098dd2a-82ba-4c0b-8515-e2184885e95a,1.0,beta-minerals,north-site,production_telemetry,BETA-NORTH-PROD-006,production_meter,2026-09-01T16:14:52.813Z,9,running,ore,1711.0,1800.0,1956873.6,9163,,False,[]
19fe0ccb-8fc2-44b3-98ae-c2ce7bf7e359,1.0,beta-minerals,north-site,production_telemetry,BETA-NORTH-PROD-007,production_meter,2026-09-01T16:14:52.813Z,9,running,ore,1873.0,1800.0,694162.9,4306,,False,[]
d77ac752-40fd-429f-9a55-502e39680c77,1.0,beta-minerals,north-site,production_telemetry,BETA-NORTH-PROD-008,production_meter,2026-09-01T16:14:52.813Z,9,running,ore,1518.3,1800.0,779323.3,14852,,False,[]
2375d878-5570-4dfe-a80d-374dbda6d2b9,1.0,beta-minerals,north-site,production_telemetry,BETA-NORTH-PROD-009,production_meter,2026-09-01T16:14:52.813Z,9,running,ore,1514.1,1800.0,860495.0,15468,,False,[]
9305e047-265c-4824-94f0-e4c68f4475b4,1.0,beta-minerals,north-site,production_telemetry,BETA-NORTH-PROD-010,production_meter,2026-09-01T16:14:52.813Z,9,running,ore,1633.6,1800.0,314826.7,2430,,False,[]
4dc7bbf0-e9e9-4966-a358-2876a3d4b861,1.0,beta-minerals,north-site,production_telemetry,BETA-NORTH-PROD-011,production_meter,2026-09-01T16:14:52.813Z,9,running,ore,1722.7,1800.0,932529.9,12952,,False,[]
53bbd4a7-cca0-43ee-a6e0-9dec1e5eb9bb,1.0,beta-minerals,north-site,production_telemetry,BETA-NORTH-PROD-012,production_meter,2026-09-01T16:14:52.813Z,9,running,ore,1652.1,1800.0,1017872.2,16503,,False,[]
92151fb4-7c11-404d-9be0-b951179d79e1,1.0,beta-minerals,north-site,production_telemetry,BETA-NORTH-PROD-013,production_meter,2026-09-01T16:14:52.813Z,9,running,ore,1513.7,1800.0,1388084.2,19404,,False,[]
f5740ed7-ed51-4551-b7b8-a8073adc7e76,1.0,beta-minerals,north-site,production_telemetry,BETA-NORTH-PROD-014,production_meter,2026-09-01T16:14:52.813Z,9,running,ore,1562.4,1800.0,1274675.2,14692,,False,[]
4d9d329b-a059-4fc5-a032-06aeaa6b2a56,1.0,beta-minerals,north-site,production_telemetry,BETA-NORTH-PROD-015,production_meter,2026-09-01T16:14:52.813Z,9,running,ore,1829.6,1800.0,1160875.6,2297,,False,[]
5cba872e-7111-4f6e-8097-95b33a4a189d,1.0,beta-minerals,north-site,production_telemetry,BETA-NORTH-PROD-016,production_meter,2026-09-01T16:14:52.813Z,9,running,ore,1893.4,1800.0,1527739.1,11015,,False,[]
7465d9fe-7764-4427-9028-f48ef520cac0,1.0,beta-minerals,north-site,production_telemetry,BETA-NORTH-PROD-017,production_meter,2026-09-01T16:14:52.813Z,9,running,ore,1767.5,1800.0,546521.6,15552,,False,[]
335d93b2-09f4-4d2a-a7ab-6fc20266ef93,1.0,beta-minerals,north-site,production_telemetry,BETA-NORTH-PROD-018,production_meter,2026-09-01T16:14:52.813Z,9,running,ore,1679.0,1800.0,1515975.1,1091,,False,[]
0f51f34e-1d0f-4952-8c96-c7375d33c8c9,1.0,beta-minerals,north-site,production_telemetry,BETA-NORTH-PROD-019,production_meter,2026-09-01T16:14:52.813Z,9,running,ore,1683.2,1800.0,1276246.9,10490,,False,[]
571023c3-2cc7-4b91-ad0e-d83f1923b111,1.0,beta-minerals,north-site,production_telemetry,BETA-NORTH-PROD-020,production_meter,2026-09-01T16:14:52.813Z,9,running,ore,1613.1,1800.0,1651539.5,15400,,False,[]
eefd2fcf-1baa-44ad-9d11-1dda3653e766,1.0,beta-minerals,north-site,production_telemetry,BETA-NORTH-PROD-021,production_meter,2026-09-01T16:14:52.813Z,9,running,ore,1589.3,1800.0,285151.0,7775,,False,[]
ff1a6021-532f-4654-8235-886489f320c4,1.0,beta-minerals,north-site,production_telemetry,BETA-NORTH-PROD-022,production_meter,2026-09-01T16:14:52.813Z,9,running,ore,1812.4,1800.0,302033.5,5888,,False,[]
ab956f89-728d-4d91-9c13-0e902a41a11e,1.0,beta-minerals,north-site,production_telemetry,BETA-NORTH-PROD-023,production_meter,2026-09-01T16:14:52.813Z,9,running,ore,1588.8,1800.0,329438.0,13383,,False,[]
44b61e27-748f-4c71-9153-43b6c407f4ae,1.0,beta-minerals,north-site,production_telemetry,BETA-NORTH-PROD-024,production_meter,2026-09-01T16:14:52.813Z,9,running,ore,1741.5,1800.0,1303178.0,19803,,False,[]
31c0f68b-4103-4fcc-8b2d-3402e967ef64,1.0,beta-minerals,north-site,production_telemetry,BETA-NORTH-PROD-025,production_meter,2026-09-01T16:14:52.813Z,9,running,ore,1708.2,1800.0,108261.3,2100,,False,[]
9bfb571c-bdc1-4da7-b05c-0e48394bc7d0,1.0,beta-minerals,north-site,production_telemetry,BETA-NORTH-PROD-026,production_meter,2026-09-01T16:14:52.813Z,9,running,ore,1751.5,1800.0,1414475.0,6199,,False,[]
ffaf1bde-38ea-4ffc-96e7-fdb31ce3efb1,1.0,beta-minerals,north-site,production_telemetry,BETA-NORTH-PROD-027,production_meter,2026-09-01T16:14:52.813Z,9,running,ore,1541.3,1800.0,830880.6,8643,,False,[]
e5442471-d83b-4578-b342-912f8e7a7552,1.0,beta-minerals,north-site,production_telemetry,BETA-NORTH-PROD-028,production_meter,2026-09-01T16:14:52.813Z,9,running,ore,1890.8,1800.0,1430049.3,17295,,False,[]
68377a15-39f1-4d14-9384-0fd7e6eb3137,1.0,beta-minerals,north-site,production_telemetry,BETA-NORTH-PROD-029,production_meter,2026-09-01T16:14:52.813Z,9,running,ore,1581.8,1800.0,481707.9,10030,,False,[]
198de84a-8b08-4639-a8fe-277a92239c40,1.0,beta-minerals,north-site,production_telemetry,BETA-NORTH-PROD-030,production_meter,2026-09-01T16:14:52.813Z,9,running,ore,1531.8,1800.0,1130753.0,11072,,False,[]
e3bd3bd4-f69e-4f6c-af41-0fab464efde0,1.0,acme-mining,site-01,production_telemetry,ACME-S01-PROD-001,production_meter,2026-09-01T16:14:57.813Z,10,running,ore,1698.3,1800.0,1949869.5,16786,,False,[]
acd6c36f-871f-450d-950a-f3cbc7e64d32,1.0,acme-mining,site-01,production_telemetry,ACME-S01-PROD-002,production_meter,2026-09-01T16:14:57.813Z,10,running,ore,1542.3,1800.0,461273.9,8722,,False,[]
0cac82a3-d1e8-496d-b0b2-69ca4a300b18,1.0,acme-mining,site-01,production_telemetry,ACME-S01-PROD-003,production_meter,2026-09-01T16:14:57.813Z,10,running,ore,1598.6,1800.0,1328070.5,10633,,False,[]
41c7a924-5fd1-4051-af9e-0267be3c4629,1.0,acme-mining,site-01,production_telemetry,ACME-S01-PROD-004,production_meter,2026-09-01T16:14:57.813Z,10,running,ore,1741.7,1800.0,889479.8,7089,,False,[]
541e7c73-a49d-498c-a332-c620e2825c0b,1.0,acme-mining,site-01,production_telemetry,ACME-S01-PROD-005,production_meter,2026-09-01T16:14:57.813Z,10,running,ore,1730.9,1800.0,588265.2,16299,,False,[]
0d91a90a-fabb-4f7a-bd80-80df9b8e966f,1.0,acme-mining,site-01,production_telemetry,ACME-S01-PROD-006,production_meter,2026-09-01T16:14:57.813Z,10,running,ore,1737.8,1800.0,1532911.6,7902,,False,[]
3521f4ed-76a3-47f1-8347-38bc7c59a6e5,1.0,acme-mining,site-01,production_telemetry,ACME-S01-PROD-007,production_meter,2026-09-01T16:14:57.813Z,10,running,ore,1753.4,1800.0,1602319.9,966,,False,[]
3dc79a8c-141e-4889-a4c9-a8c5f266b5a6,1.0,acme-mining,site-01,production_telemetry,ACME-S01-PROD-008,production_meter,2026-09-01T16:14:57.813Z,10,running,ore,1778.4,1800.0,1313267.3,12682,,False,[]
c2c99dd3-9e87-48e5-9481-4d48c7fa9367,1.0,acme-mining,site-01,production_telemetry,ACME-S01-PROD-009,production_meter,2026-09-01T16:14:57.813Z,10,running,ore,1864.9,1800.0,520619.2,2581,,False,[]
c207726d-2266-4c19-874a-485af67dc357,1.0,acme-mining,site-01,production_telemetry,ACME-S01-PROD-010,production_meter,2026-09-01T16:14:57.813Z,10,running,ore,1588.1,1800.0,170726.1,16652,,False,[]
ce6b9536-3e71-4fba-8a8b-59d4180b431d,1.0,acme-mining,site-01,production_telemetry,ACME-S01-PROD-011,production_meter,2026-09-01T16:14:57.813Z,10,running,ore,1694.3,1800.0,1423341.6,18211,,False,[]
7514096c-73f0-4267-a9b3-965f86924bfc,1.0,acme-mining,site-01,production_telemetry,ACME-S01-PROD-012,production_meter,2026-09-01T16:14:57.813Z,10,running,ore,1707.6,1800.0,875440.3,9676,,False,[]
00204c4a-5014-4046-b4c6-481634fa786b,1.0,acme-mining,site-01,production_telemetry,ACME-S01-PROD-013,production_meter,2026-09-01T16:14:57.813Z,10,running,ore,1831.5,1800.0,1402817.3,18351,,False,[]
e5bbd7c8-b88d-41d3-a41a-b1fd4a009fde,1.0,acme-mining,site-01,production_telemetry,ACME-S01-PROD-014,production_meter,2026-09-01T16:14:57.813Z,10,running,ore,1793.6,1800.0,1665984.8,3513,,False,[]
7296b30f-3cc8-4c4e-b277-5df99003405d,1.0,acme-mining,site-01,production_telemetry,ACME-S01-PROD-015,production_meter,2026-09-01T16:14:57.813Z,10,running,ore,1724.3,1800.0,339278.8,19010,,False,[]
80252bec-d2fc-46e8-aef8-33fe847c5846,1.0,acme-mining,site-01,production_telemetry,ACME-S01-PROD-016,production_meter,2026-09-01T16:14:57.813Z,10,running,ore,1658.6,1800.0,1571323.5,602,,False,[]
03b8015e-fb2c-4663-9273-2860b9fd16c1,1.0,acme-mining,site-01,production_telemetry,ACME-S01-PROD-017,production_meter,2026-09-01T16:14:57.813Z,10,running,ore,1718.4,1800.0,1746274.2,4828,,False,[]
ad0a7b44-815f-4953-8d1a-3541d402cc27,1.0,acme-mining,site-01,production_telemetry,ACME-S01-PROD-018,production_meter,2026-09-01T16:14:57.813Z,10,running,ore,1810.4,1800.0,1509287.7,17748,,False,[]
f9d1db92-4136-4fb4-949d-7c09a6da094a,1.0,acme-mining,site-01,production_telemetry,ACME-S01-PROD-019,production_meter,2026-09-01T16:14:57.813Z,10,running,ore,1687.0,1800.0,520966.2,1930,,False,[]
ac965d1b-ef3a-4350-bafa-8f19574a0edc,1.0,acme-mining,site-01,production_telemetry,ACME-S01-PROD-020,production_meter,2026-09-01T16:14:57.813Z,10,running,ore,1520.5,1800.0,1997337.9,13670,,False,[]
0fe6dcce-43f6-4119-b46d-d1656336c3b5,1.0,acme-mining,site-02,production_telemetry,ACME-S02-PROD-001,production_meter,2026-09-01T16:14:57.813Z,10,running,ore,1855.0,1800.0,1892605.2,11571,,False,[]
b6b774ff-ff37-4642-8459-9f9cb6fdb1da,1.0,acme-mining,site-02,production_telemetry,ACME-S02-PROD-002,production_meter,2026-09-01T16:14:57.813Z,10,running,ore,1530.3,1800.0,1610476.4,6056,,False,[]
1f2304c6-00cb-4db1-81a4-b0cdb0a706cd,1.0,acme-mining,site-02,production_telemetry,ACME-S02-PROD-003,production_meter,2026-09-01T16:14:57.813Z,10,running,ore,1506.8,1800.0,1095516.0,2945,,False,[]
dea844bc-8e0f-4d53-a080-e65347f990cf,1.0,acme-mining,site-02,production_telemetry,ACME-S02-PROD-004,production_meter,2026-09-01T16:14:57.813Z,10,running,ore,1827.4,1800.0,1443642.8,809,,False,[]
dee9a888-21c7-48ed-bd1a-c3ed024c40ca,1.0,acme-mining,site-02,production_telemetry,ACME-S02-PROD-005,production_meter,2026-09-01T16:14:57.813Z,10,running,ore,1612.1,1800.0,1352663.8,1025,,False,[]
a7ecd1c2-d9ad-46dd-a38e-d092e69587d5,1.0,acme-mining,site-02,production_telemetry,ACME-S02-PROD-006,production_meter,2026-09-01T16:14:57.813Z,10,running,ore,1630.4,1800.0,132595.1,14619,,False,[]
e49d1bff-92a4-4313-8648-7b9114dc02b4,1.0,acme-mining,site-02,production_telemetry,ACME-S02-PROD-007,production_meter,2026-09-01T16:14:57.813Z,10,running,ore,1551.7,1800.0,1100288.6,12124,,False,[]
4cc325f9-141f-45bf-9e9f-e99925910db0,1.0,acme-mining,site-02,production_telemetry,ACME-S02-PROD-008,production_meter,2026-09-01T16:14:57.813Z,10,running,ore,1696.4,1800.0,529148.5,3151,,False,[]
921904d5-c6e6-48f8-8dd2-64bddef1d451,1.0,acme-mining,site-02,production_telemetry,ACME-S02-PROD-009,production_meter,2026-09-01T16:14:57.813Z,10,running,ore,1684.3,1800.0,206642.1,819,,False,[]
db0cdba6-5c2f-4666-8e9d-c76ba7e1ad45,1.0,acme-mining,site-02,production_telemetry,ACME-S02-PROD-010,production_meter,2026-09-01T16:14:57.813Z,10,running,ore,1870.4,1800.0,1950318.5,17816,,False,[]
493a9cb1-fa33-4c6e-99b1-d4cdd7309f84,1.0,acme-mining,site-02,production_telemetry,ACME-S02-PROD-011,production_meter,2026-09-01T16:14:57.813Z,10,running,ore,1672.6,1800.0,1855924.6,9697,,False,[]
a8be1c7f-c616-40ea-aaed-6d25dd264a54,1.0,acme-mining,site-02,production_telemetry,ACME-S02-PROD-012,production_meter,2026-09-01T16:14:57.813Z,10,running,ore,1685.1,1800.0,1215389.9,13561,,False,[]
2524dab0-cb18-427f-a95c-e3e2249f235b,1.0,acme-mining,site-02,production_telemetry,ACME-S02-PROD-013,production_meter,2026-09-01T16:14:57.813Z,10,running,ore,1767.1,1800.0,1127092.2,13087,,False,[]
c7503afc-f019-4e84-8230-6b70d53e8337,1.0,acme-mining,site-02,production_telemetry,ACME-S02-PROD-014,production_meter,2026-09-01T16:14:57.813Z,10,running,ore,1884.3,1800.0,202046.5,14832,,False,[]
be237c3d-18f0-40c0-8273-f8c91815f2d4,1.0,acme-mining,site-02,production_telemetry,ACME-S02-PROD-015,production_meter,2026-09-01T16:14:57.813Z,10,running,ore,1637.3,1800.0,720135.9,9466,,False,[]
5dbdfb59-78c2-4d52-b8b2-f8b091b64dbf,1.0,acme-mining,site-02,production_telemetry,ACME-S02-PROD-016,production_meter,2026-09-01T16:14:57.813Z,10,running,ore,1890.5,1800.0,1213186.9,12964,,False,[]
1dbc846a-07ac-4c41-a76e-349a093e6e96,1.0,acme-mining,site-02,production_telemetry,ACME-S02-PROD-017,production_meter,2026-09-01T16:14:57.813Z,10,degraded,ore,743.1,1800.0,1452209.4,5565,feed_shortage,True,"[""PRODUCTION_RATE_LOW""]"
e18b551a-da96-48c7-80a5-4e3595541df6,1.0,acme-mining,site-02,production_telemetry,ACME-S02-PROD-018,production_meter,2026-09-01T16:14:57.813Z,10,running,ore,1553.6,1800.0,612580.2,4851,,False,[]
f5fc056e-9b2f-402e-a5bf-a58c454364dc,1.0,acme-mining,site-02,production_telemetry,ACME-S02-PROD-019,production_meter,2026-09-01T16:14:57.813Z,10,running,ore,1533.2,1800.0,1153038.4,11140,,False,[]
4c41c3aa-fd9f-4be4-a37d-82ac62436e89,1.0,acme-mining,site-02,production_telemetry,ACME-S02-PROD-020,production_meter,2026-09-01T16:14:57.813Z,10,running,ore,1705.6,1800.0,1986210.9,8464,,False,[]
abe2d664-47b3-42f4-bf69-88922706d4ff,1.0,beta-minerals,north-site,production_telemetry,BETA-NORTH-PROD-001,production_meter,2026-09-01T16:14:57.813Z,10,running,ore,1801.5,1800.0,490464.1,814,,False,[]
7b737ef5-14b6-4373-a616-972e078147e3,1.0,beta-minerals,north-site,production_telemetry,BETA-NORTH-PROD-002,production_meter,2026-09-01T16:14:57.813Z,10,running,ore,1890.7,1800.0,1678262.1,3947,,False,[]
cd183e5d-71f3-4222-9be4-4d0e854d9527,1.0,beta-minerals,north-site,production_telemetry,BETA-NORTH-PROD-003,production_meter,2026-09-01T16:14:57.813Z,10,running,ore,1826.1,1800.0,1578145.8,17652,,False,[]
5e5d3f84-396b-45e9-98fd-94d19147bb33,1.0,beta-minerals,north-site,production_telemetry,BETA-NORTH-PROD-004,production_meter,2026-09-01T16:14:57.813Z,10,running,ore,1742.5,1800.0,1407608.5,16260,,False,[]
8dbeeabf-7fee-419a-a4e3-ecd85615f38d,1.0,beta-minerals,north-site,production_telemetry,BETA-NORTH-PROD-005,production_meter,2026-09-01T16:14:57.813Z,10,running,ore,1627.6,1800.0,383398.7,3461,,False,[]
af80a12c-92e2-429b-9a96-5794f165b3b6,1.0,beta-minerals,north-site,production_telemetry,BETA-NORTH-PROD-006,production_meter,2026-09-01T16:14:57.813Z,10,running,ore,1516.2,1800.0,1956875.7,9164,,False,[]
6244ea28-049a-496f-ba65-27c93dbdfe64,1.0,beta-minerals,north-site,production_telemetry,BETA-NORTH-PROD-007,production_meter,2026-09-01T16:14:57.813Z,10,running,ore,1629.3,1800.0,694165.2,4307,,False,[]
10455976-b59f-43ca-9611-fc47f36c7383,1.0,beta-minerals,north-site,production_telemetry,BETA-NORTH-PROD-008,production_meter,2026-09-01T16:14:57.813Z,10,running,ore,1518.0,1800.0,779325.4,14853,,False,[]
1f20c333-dbd3-456b-9ddb-dfba60939912,1.0,beta-minerals,north-site,production_telemetry,BETA-NORTH-PROD-009,production_meter,2026-09-01T16:14:57.813Z,10,running,ore,1758.0,1800.0,860497.5,15469,,False,[]
adf80d4c-dcaa-4207-8f75-7cb3ccd58a52,1.0,beta-minerals,north-site,production_telemetry,BETA-NORTH-PROD-010,production_meter,2026-09-01T16:14:57.813Z,10,running,ore,1656.0,1800.0,314829.0,2431,,False,[]
9de0d7b5-e64c-4008-96b1-f63782b35327,1.0,beta-minerals,north-site,production_telemetry,BETA-NORTH-PROD-011,production_meter,2026-09-01T16:14:57.813Z,10,running,ore,1743.3,1800.0,932532.3,12953,,False,[]
373c0168-77a2-4b63-9489-0197988abaad,1.0,beta-minerals,north-site,production_telemetry,BETA-NORTH-PROD-012,production_meter,2026-09-01T16:14:57.813Z,10,running,ore,1606.1,1800.0,1017874.4,16504,,False,[]
16c4b0aa-804c-45b9-8573-70feb565c577,1.0,beta-minerals,north-site,production_telemetry,BETA-NORTH-PROD-013,production_meter,2026-09-01T16:14:57.813Z,10,running,ore,1809.8,1800.0,1388086.7,19405,,False,[]
a1e76e8d-1740-4222-94bd-17bd822d6e77,1.0,beta-minerals,north-site,production_telemetry,BETA-NORTH-PROD-014,production_meter,2026-09-01T16:14:57.813Z,10,running,ore,1600.5,1800.0,1274677.4,14693,,False,[]
7470c79d-3e0d-49be-b786-cf8b87787c66,1.0,beta-minerals,north-site,production_telemetry,BETA-NORTH-PROD-015,production_meter,2026-09-01T16:14:57.813Z,10,running,ore,1632.0,1800.0,1160877.9,2298,,False,[]
1f7fcb25-d57e-40d5-bf0b-8541ea5c82ad,1.0,beta-minerals,north-site,production_telemetry,BETA-NORTH-PROD-016,production_meter,2026-09-01T16:14:57.813Z,10,running,ore,1574.7,1800.0,1527741.2,11016,,False,[]
e0e5b19e-6c15-47dd-bf26-b38370364298,1.0,beta-minerals,north-site,production_telemetry,BETA-NORTH-PROD-017,production_meter,2026-09-01T16:14:57.813Z,10,running,ore,1642.3,1800.0,546523.8,15553,,False,[]
e86db4f3-709e-445a-a4d3-d0d415639226,1.0,beta-minerals,north-site,production_telemetry,BETA-NORTH-PROD-018,production_meter,2026-09-01T16:14:57.813Z,10,degraded,ore,498.5,1800.0,1515975.8,1092,feed_shortage,True,"[""PRODUCTION_RATE_LOW""]"
30fce537-66bb-4d93-99fd-4010673aaae9,1.0,beta-minerals,north-site,production_telemetry,BETA-NORTH-PROD-019,production_meter,2026-09-01T16:14:57.813Z,10,running,ore,1583.8,1800.0,1276249.1,10491,,False,[]
0b274dc4-138f-4218-9e73-6288f006af7f,1.0,beta-minerals,north-site,production_telemetry,BETA-NORTH-PROD-020,production_meter,2026-09-01T16:14:57.813Z,10,running,ore,1667.8,1800.0,1651541.8,15401,,False,[]
2f0cc49f-8878-4fa7-9f59-ef37f2fa72a6,1.0,beta-minerals,north-site,production_telemetry,BETA-NORTH-PROD-021,production_meter,2026-09-01T16:14:57.813Z,10,running,ore,1670.9,1800.0,285153.4,7776,,False,[]
521b7de1-06ad-4822-9934-e4609e72f555,1.0,beta-minerals,north-site,production_telemetry,BETA-NORTH-PROD-022,production_meter,2026-09-01T16:14:57.813Z,10,running,ore,1735.0,1800.0,302035.9,5889,,False,[]
ab673dbf-4a99-4d39-b4f6-a52d3667afc1,1.0,beta-minerals,north-site,production_telemetry,BETA-NORTH-PROD-023,production_meter,2026-09-01T16:14:57.813Z,10,running,ore,1690.8,1800.0,329440.3,13384,,False,[]
e357f495-9afa-451c-8f55-abee2c7291e5,1.0,beta-minerals,north-site,production_telemetry,BETA-NORTH-PROD-024,production_meter,2026-09-01T16:14:57.813Z,10,running,ore,1610.5,1800.0,1303180.2,19804,,False,[]
bda90dba-aad4-40aa-888e-c0199033fa6e,1.0,beta-minerals,north-site,production_telemetry,BETA-NORTH-PROD-025,production_meter,2026-09-01T16:14:57.813Z,10,running,ore,1865.6,1800.0,108263.9,2101,,False,[]
6c97623d-4bcb-4770-965c-6faaa75a9fe9,1.0,beta-minerals,north-site,production_telemetry,BETA-NORTH-PROD-026,production_meter,2026-09-01T16:14:57.813Z,10,running,ore,1796.7,1800.0,1414477.5,6200,,False,[]
0b2e64d6-ece0-42bd-9187-ff26510ccf68,1.0,beta-minerals,north-site,production_telemetry,BETA-NORTH-PROD-027,production_meter,2026-09-01T16:14:57.813Z,10,running,ore,1532.4,1800.0,830882.7,8644,,False,[]
e87ebff6-1aad-4466-b6cc-90ef3c4ca2ca,1.0,beta-minerals,north-site,production_telemetry,BETA-NORTH-PROD-028,production_meter,2026-09-01T16:14:57.813Z,10,running,ore,1825.0,1800.0,1430051.8,17296,,False,[]
03cbb843-bfb8-4c24-8206-f4e44eadbf27,1.0,beta-minerals,north-site,production_telemetry,BETA-NORTH-PROD-029,production_meter,2026-09-01T16:14:57.813Z,10,stopped,ore,649.9,1800.0,481708.8,10031,feed_shortage,True,"[""PRODUCTION_RATE_LOW""]"
a08a0432-c7d5-4e17-95d1-6280ee84b38f,1.0,beta-minerals,north-site,production_telemetry,BETA-NORTH-PROD-030,production_meter,2026-09-01T16:14:57.813Z,10,running,ore,1640.5,1800.0,1130755.2,11073,,False,[]
c5e87a2f-a36a-4316-a3dc-6123556cc2c9,1.0,acme-mining,site-01,production_telemetry,ACME-S01-PROD-001,production_meter,2026-09-01T16:15:02.813Z,11,running,ore,1751.5,1800.0,1949871.9,16787,,False,[]
2a982463-cd01-4904-a917-b82b8b932f13,1.0,acme-mining,site-01,production_telemetry,ACME-S01-PROD-002,production_meter,2026-09-01T16:15:02.813Z,11,running,ore,1741.1,1800.0,461276.4,8723,,False,[]
3770a07f-9bca-4e81-a53a-086dc5bc4cfd,1.0,acme-mining,site-01,production_telemetry,ACME-S01-PROD-003,production_meter,2026-09-01T16:15:02.813Z,11,running,ore,1637.1,1800.0,1328072.8,10634,,False,[]
d679b0b4-e4a2-4bef-87fe-b95fcc82a192,1.0,acme-mining,site-01,production_telemetry,ACME-S01-PROD-004,production_meter,2026-09-01T16:15:02.813Z,11,running,ore,1589.7,1800.0,889482.0,7090,,False,[]
f19e8500-6f70-4411-8c24-624e77b52362,1.0,acme-mining,site-01,production_telemetry,ACME-S01-PROD-005,production_meter,2026-09-01T16:15:02.813Z,11,running,ore,1510.7,1800.0,588267.3,16300,,False,[]
e5b15dfb-c792-48c8-bfa2-ca763521b9bf,1.0,acme-mining,site-01,production_telemetry,ACME-S01-PROD-006,production_meter,2026-09-01T16:15:02.813Z,11,running,ore,1875.4,1800.0,1532914.2,7903,,False,[]
9a56e299-8991-483b-aeb3-a894c317f24a,1.0,acme-mining,site-01,production_telemetry,ACME-S01-PROD-007,production_meter,2026-09-01T16:15:02.813Z,11,running,ore,1766.5,1800.0,1602322.4,967,,False,[]
f221f2fe-28b6-46fe-8644-08cf161300af,1.0,acme-mining,site-01,production_telemetry,ACME-S01-PROD-008,production_meter,2026-09-01T16:15:02.813Z,11,running,ore,1572.6,1800.0,1313269.5,12683,,False,[]
a78aaa18-353f-4dbc-9bb8-0cc34f375052,1.0,acme-mining,site-01,production_telemetry,ACME-S01-PROD-009,production_meter,2026-09-01T16:15:02.813Z,11,degraded,ore,315.0,1800.0,520619.7,2582,crusher_trip,True,"[""PRODUCTION_RATE_LOW""]"
7386ef73-2d32-4394-872c-ff8b793f2c02,1.0,acme-mining,site-01,production_telemetry,ACME-S01-PROD-010,production_meter,2026-09-01T16:15:02.813Z,11,running,ore,1672.9,1800.0,170728.4,16653,,False,[]
555e23e6-8de9-442b-924c-4a2448a7c5ad,1.0,acme-mining,site-01,production_telemetry,ACME-S01-PROD-011,production_meter,2026-09-01T16:15:02.813Z,11,running,ore,1569.4,1800.0,1423343.8,18212,,False,[]
9aecf236-1cc4-48bd-b571-8bc2392b22ce,1.0,acme-mining,site-01,production_telemetry,ACME-S01-PROD-012,production_meter,2026-09-01T16:15:02.813Z,11,running,ore,1819.4,1800.0,875442.9,9677,,False,[]
1889f3aa-2632-4ffb-8d4d-54b9fbce9ece,1.0,acme-mining,site-01,production_telemetry,ACME-S01-PROD-013,production_meter,2026-09-01T16:15:02.813Z,11,running,ore,1675.5,1800.0,1402819.6,18352,,False,[]
b325c3fc-ebf6-46da-8ed7-d5f9a1f059ea,1.0,acme-mining,site-01,production_telemetry,ACME-S01-PROD-014,production_meter,2026-09-01T16:15:02.813Z,11,running,ore,1606.8,1800.0,1665987.0,3514,,False,[]
f2d03503-0334-402c-8958-d3ffb398040b,1.0,acme-mining,site-01,production_telemetry,ACME-S01-PROD-015,production_meter,2026-09-01T16:15:02.813Z,11,running,ore,1893.7,1800.0,339281.5,19011,,False,[]
2cff0256-e2b1-48d6-8bed-d58bf2be199f,1.0,acme-mining,site-01,production_telemetry,ACME-S01-PROD-016,production_meter,2026-09-01T16:15:02.813Z,11,running,ore,1837.7,1800.0,1571326.1,603,,False,[]
05ab5eac-a1a8-47f3-a4e0-ecc8c8084a00,1.0,acme-mining,site-01,production_telemetry,ACME-S01-PROD-017,production_meter,2026-09-01T16:15:02.813Z,11,running,ore,1644.8,1800.0,1746276.5,4829,,False,[]
9ce2f208-513d-4e92-a657-086c909869ad,1.0,acme-mining,site-01,production_telemetry,ACME-S01-PROD-018,production_meter,2026-09-01T16:15:02.813Z,11,running,ore,1747.2,1800.0,1509290.1,17749,,False,[]
0840b66b-fd3a-41c1-8f74-13d69bbf456d,1.0,acme-mining,site-01,production_telemetry,ACME-S01-PROD-019,production_meter,2026-09-01T16:15:02.813Z,11,running,ore,1850.6,1800.0,520968.8,1931,,False,[]
d304c425-e857-4632-b66b-24dc781620a6,1.0,acme-mining,site-01,production_telemetry,ACME-S01-PROD-020,production_meter,2026-09-01T16:15:02.813Z,11,running,ore,1547.4,1800.0,1997340.1,13671,,False,[]
b13f07bb-7277-4a01-a135-d045eb5fa003,1.0,acme-mining,site-02,production_telemetry,ACME-S02-PROD-001,production_meter,2026-09-01T16:15:02.813Z,11,running,ore,1823.2,1800.0,1892607.7,11572,,False,[]
1d594c38-5c3c-4a38-9238-0c5f4e922398,1.0,acme-mining,site-02,production_telemetry,ACME-S02-PROD-002,production_meter,2026-09-01T16:15:02.813Z,11,running,ore,1761.4,1800.0,1610478.9,6057,,False,[]
59165abd-58c9-4ab7-adb3-32c3bbd2f454,1.0,acme-mining,site-02,production_telemetry,ACME-S02-PROD-003,production_meter,2026-09-01T16:15:02.813Z,11,running,ore,1611.7,1800.0,1095518.3,2946,,False,[]
2ee2b03e-0d7e-4fc1-bd86-77be6c6d8d36,1.0,acme-mining,site-02,production_telemetry,ACME-S02-PROD-004,production_meter,2026-09-01T16:15:02.813Z,11,running,ore,1750.6,1800.0,1443645.2,810,,False,[]
73319778-ad34-40a1-a460-1a64fa2debd4,1.0,acme-mining,site-02,production_telemetry,ACME-S02-PROD-005,production_meter,2026-09-01T16:15:02.813Z,11,running,ore,1733.3,1800.0,1352666.2,1026,,False,[]
eefc013d-b971-4785-b273-e4bdbb9c6dee,1.0,acme-mining,site-02,production_telemetry,ACME-S02-PROD-006,production_meter,2026-09-01T16:15:02.813Z,11,stopped,ore,560.9,1800.0,132595.9,14620,conveyor_blockage,True,"[""PRODUCTION_RATE_LOW""]"
d0e6ad38-8cb2-4240-8d60-d16f7a3629c7,1.0,acme-mining,site-02,production_telemetry,ACME-S02-PROD-007,production_meter,2026-09-01T16:15:02.813Z,11,running,ore,1735.7,1800.0,1100291.0,12125,,False,[]
832b5af0-56f4-4d19-a973-422299269bd6,1.0,acme-mining,site-02,production_telemetry,ACME-S02-PROD-008,production_meter,2026-09-01T16:15:02.813Z,11,running,ore,1767.1,1800.0,529151.0,3152,,False,[]
2704ce91-5002-4501-9fde-ffa0260ce677,1.0,acme-mining,site-02,production_telemetry,ACME-S02-PROD-009,production_meter,2026-09-01T16:15:02.813Z,11,running,ore,1525.6,1800.0,206644.2,820,,False,[]
cee6bf8d-9f37-4e8e-a936-b0706dadd26b,1.0,acme-mining,site-02,production_telemetry,ACME-S02-PROD-010,production_meter,2026-09-01T16:15:02.813Z,11,running,ore,1764.5,1800.0,1950321.0,17817,,False,[]
230a8a2c-3f67-4826-b34d-00ebb9774746,1.0,acme-mining,site-02,production_telemetry,ACME-S02-PROD-011,production_meter,2026-09-01T16:15:02.813Z,11,running,ore,1835.9,1800.0,1855927.2,9698,,False,[]
2805f40e-198e-423b-a6ff-ee0bdccf0fc6,1.0,acme-mining,site-02,production_telemetry,ACME-S02-PROD-012,production_meter,2026-09-01T16:15:02.813Z,11,running,ore,1816.3,1800.0,1215392.4,13562,,False,[]
c2221252-0dac-4aa8-b875-aebc30c6ab3a,1.0,acme-mining,site-02,production_telemetry,ACME-S02-PROD-013,production_meter,2026-09-01T16:15:02.813Z,11,running,ore,1808.8,1800.0,1127094.7,13088,,False,[]
68a651ed-48ea-4e63-8cc1-755b0e6e5b2a,1.0,acme-mining,site-02,production_telemetry,ACME-S02-PROD-014,production_meter,2026-09-01T16:15:02.813Z,11,running,ore,1852.4,1800.0,202049.1,14833,,False,[]
0171b8b2-9a6c-4e97-940a-d1f01b00770e,1.0,acme-mining,site-02,production_telemetry,ACME-S02-PROD-015,production_meter,2026-09-01T16:15:02.813Z,11,running,ore,1653.5,1800.0,720138.2,9467,,False,[]
4330ecfe-f242-416c-bd06-b04305ffa572,1.0,acme-mining,site-02,production_telemetry,ACME-S02-PROD-016,production_meter,2026-09-01T16:15:02.813Z,11,running,ore,1574.3,1800.0,1213189.1,12965,,False,[]
7ab103e0-aefd-4496-b662-14e4dd0a4182,1.0,acme-mining,site-02,production_telemetry,ACME-S02-PROD-017,production_meter,2026-09-01T16:15:02.813Z,11,running,ore,1687.1,1800.0,1452211.7,5566,,False,[]
0e8f394e-6aaf-417d-a707-7b3a29383188,1.0,acme-mining,site-02,production_telemetry,ACME-S02-PROD-018,production_meter,2026-09-01T16:15:02.813Z,11,running,ore,1782.8,1800.0,612582.7,4852,,False,[]
e25f71e0-65f2-4307-a7e2-4582ea16a53f,1.0,acme-mining,site-02,production_telemetry,ACME-S02-PROD-019,production_meter,2026-09-01T16:15:02.813Z,11,running,ore,1521.3,1800.0,1153040.6,11141,,False,[]
6bac2657-f29f-40a1-9722-a0ee4176cdce,1.0,acme-mining,site-02,production_telemetry,ACME-S02-PROD-020,production_meter,2026-09-01T16:15:02.813Z,11,running,ore,1784.9,1800.0,1986213.4,8465,,False,[]
73bdf630-b364-4f35-a8c0-1055d15a06cf,1.0,beta-minerals,north-site,production_telemetry,BETA-NORTH-PROD-001,production_meter,2026-09-01T16:15:02.813Z,11,running,ore,1764.8,1800.0,490466.5,815,,False,[]
a7c46f6f-b783-4dfc-82e0-9a363412f5d7,1.0,beta-minerals,north-site,production_telemetry,BETA-NORTH-PROD-002,production_meter,2026-09-01T16:15:02.813Z,11,running,ore,1767.2,1800.0,1678264.5,3948,,False,[]
5ff0483b-f11d-4ab8-9d94-8fe501e66045,1.0,beta-minerals,north-site,production_telemetry,BETA-NORTH-PROD-003,production_meter,2026-09-01T16:15:02.813Z,11,running,ore,1880.7,1800.0,1578148.4,17653,,False,[]
c35061c1-25b8-4e65-9564-fe732207b497,1.0,beta-minerals,north-site,production_telemetry,BETA-NORTH-PROD-004,production_meter,2026-09-01T16:15:02.813Z,11,running,ore,1624.9,1800.0,1407610.7,16261,,False,[]
ed3816e1-18af-48c5-a43c-2579715707bf,1.0,beta-minerals,north-site,production_telemetry,BETA-NORTH-PROD-005,production_meter,2026-09-01T16:15:02.813Z,11,running,ore,1755.7,1800.0,383401.2,3462,,False,[]
fd428070-d671-4ae4-8dfd-bed8ef8252b4,1.0,beta-minerals,north-site,production_telemetry,BETA-NORTH-PROD-006,production_meter,2026-09-01T16:15:02.813Z,11,running,ore,1863.5,1800.0,1956878.3,9165,,False,[]
525d83d5-6758-40ef-80be-c027ca57f6de,1.0,beta-minerals,north-site,production_telemetry,BETA-NORTH-PROD-007,production_meter,2026-09-01T16:15:02.813Z,11,running,ore,1818.4,1800.0,694167.7,4308,,False,[]
e2f0aedc-27d7-46c9-bc73-2c570bda1c36,1.0,beta-minerals,north-site,production_telemetry,BETA-NORTH-PROD-008,production_meter,2026-09-01T16:15:02.813Z,11,running,ore,1723.9,1800.0,779327.8,14854,,False,[]
d7b9eab5-f792-4d2f-a7a4-b786e6650c96,1.0,beta-minerals,north-site,production_telemetry,BETA-NORTH-PROD-009,production_meter,2026-09-01T16:15:02.813Z,11,stopped,ore,354.9,1800.0,860498.0,15470,crusher_trip,True,"[""PRODUCTION_RATE_LOW""]"
e0313aae-e779-43b4-8200-e28075cebde4,1.0,beta-minerals,north-site,production_telemetry,BETA-NORTH-PROD-010,production_meter,2026-09-01T16:15:02.813Z,11,running,ore,1643.7,1800.0,314831.2,2432,,False,[]
2dc89a59-281c-4ca8-a408-03912789a52b,1.0,beta-minerals,north-site,production_telemetry,BETA-NORTH-PROD-011,production_meter,2026-09-01T16:15:02.813Z,11,running,ore,1713.4,1800.0,932534.7,12954,,False,[]
3d1e8dc9-0bf1-423c-86e5-15cb894824d7,1.0,beta-minerals,north-site,production_telemetry,BETA-NORTH-PROD-012,production_meter,2026-09-01T16:15:02.813Z,11,running,ore,1885.9,1800.0,1017877.1,16505,,False,[]
32d8ae45-5fb8-44ac-ac22-63dd35583a4a,1.0,beta-minerals,north-site,production_telemetry,BETA-NORTH-PROD-013,production_meter,2026-09-01T16:15:02.813Z,11,running,ore,1717.3,1800.0,1388089.1,19406,,False,[]
3c21c832-5249-4df5-9fcc-fd99050613d1,1.0,beta-minerals,north-site,production_telemetry,BETA-NORTH-PROD-014,production_meter,2026-09-01T16:15:02.813Z,11,running,ore,1889.1,1800.0,1274680.0,14694,,False,[]
8f9444cf-4183-47df-8c5a-ab566c1526f2,1.0,beta-minerals,north-site,production_telemetry,BETA-NORTH-PROD-015,production_meter,2026-09-01T16:15:02.813Z,11,running,ore,1559.0,1800.0,1160880.1,2299,,False,[]
3ff40eef-1851-4874-91e0-75b2e2807019,1.0,beta-minerals,north-site,production_telemetry,BETA-NORTH-PROD-016,production_meter,2026-09-01T16:15:02.813Z,11,running,ore,1793.9,1800.0,1527743.7,11017,,False,[]
832af8e7-f7c6-43c6-b2b2-a1f030717111,1.0,beta-minerals,north-site,production_telemetry,BETA-NORTH-PROD-017,production_meter,2026-09-01T16:15:02.813Z,11,running,ore,1569.7,1800.0,546526.0,15554,,False,[]
49fa4747-6d7d-49cd-ab8b-bb4db259e02f,1.0,beta-minerals,north-site,production_telemetry,BETA-NORTH-PROD-018,production_meter,2026-09-01T16:15:02.813Z,11,running,ore,1833.5,1800.0,1515978.4,1093,,False,[]
f9013696-5d7e-4457-87b4-999ca7e035b4,1.0,beta-minerals,north-site,production_telemetry,BETA-NORTH-PROD-019,production_meter,2026-09-01T16:15:02.813Z,11,running,ore,1899.6,1800.0,1276251.7,10492,,False,[]
9cf91d47-5713-47a7-a76e-d4f52299f8d2,1.0,beta-minerals,north-site,production_telemetry,BETA-NORTH-PROD-020,production_meter,2026-09-01T16:15:02.813Z,11,running,ore,1898.0,1800.0,1651544.5,15402,,False,[]
d663deb2-400a-4d44-ab20-7a9972206443,1.0,beta-minerals,north-site,production_telemetry,BETA-NORTH-PROD-021,production_meter,2026-09-01T16:15:02.813Z,11,running,ore,1874.9,1800.0,285156.0,7777,,False,[]
bb7bd5da-414b-4081-86e9-8daf8d402899,1.0,beta-minerals,north-site,production_telemetry,BETA-NORTH-PROD-022,production_meter,2026-09-01T16:15:02.813Z,11,running,ore,1852.5,1800.0,302038.4,5890,,False,[]
dcd4a998-1348-4eb3-bd4e-536606a641b3,1.0,beta-minerals,north-site,production_telemetry,BETA-NORTH-PROD-023,production_meter,2026-09-01T16:15:02.813Z,11,running,ore,1714.8,1800.0,329442.7,13385,,False,[]
244fa37c-cd81-4822-91ad-1508c265c928,1.0,beta-minerals,north-site,production_telemetry,BETA-NORTH-PROD-024,production_meter,2026-09-01T16:15:02.813Z,11,running,ore,1515.7,1800.0,1303182.3,19805,,False,[]
05c0a22a-6284-42ee-bfd2-e5dfabcec1f1,1.0,beta-minerals,north-site,production_telemetry,BETA-NORTH-PROD-025,production_meter,2026-09-01T16:15:02.813Z,11,running,ore,1653.9,1800.0,108266.2,2102,,False,[]
3ca551fe-de5f-4172-b22e-340c9b11efed,1.0,beta-minerals,north-site,production_telemetry,BETA-NORTH-PROD-026,production_meter,2026-09-01T16:15:02.813Z,11,running,ore,1553.8,1800.0,1414479.7,6201,,False,[]
55ce0c93-635f-4067-ba05-f00f89af0f81,1.0,beta-minerals,north-site,production_telemetry,BETA-NORTH-PROD-027,production_meter,2026-09-01T16:15:02.813Z,11,running,ore,1579.2,1800.0,830884.9,8645,,False,[]
69156a39-00d4-42e8-be90-819c1b15805a,1.0,beta-minerals,north-site,production_telemetry,BETA-NORTH-PROD-028,production_meter,2026-09-01T16:15:02.813Z,11,running,ore,1873.5,1800.0,1430054.4,17297,,False,[]
16dff2b6-1646-43f9-9d46-4ac90a05a8c4,1.0,beta-minerals,north-site,production_telemetry,BETA-NORTH-PROD-029,production_meter,2026-09-01T16:15:02.813Z,11,running,ore,1800.5,1800.0,481711.3,10032,,False,[]
3d716155-b5f3-4dac-8979-ff0ec7e57ddd,1.0,beta-minerals,north-site,production_telemetry,BETA-NORTH-PROD-030,production_meter,2026-09-01T16:15:02.813Z,11,running,ore,1782.4,1800.0,1130757.7,11074,,False,[]
36e3f06e-ce78-4ff1-bb61-9c838de4008f,1.0,acme-mining,site-01,production_telemetry,ACME-S01-PROD-001,production_meter,2026-09-01T16:15:07.813Z,12,running,ore,1748.3,1800.0,1949874.4,16788,,False,[]
fd0c4c25-c63a-412b-a700-0019d04f1671,1.0,acme-mining,site-01,production_telemetry,ACME-S01-PROD-002,production_meter,2026-09-01T16:15:07.813Z,12,running,ore,1749.5,1800.0,461278.8,8724,,False,[]
80d24acb-c306-403a-956a-79b074b922fc,1.0,acme-mining,site-01,production_telemetry,ACME-S01-PROD-003,production_meter,2026-09-01T16:15:07.813Z,12,running,ore,1878.4,1800.0,1328075.4,10635,,False,[]
e7ce1f7b-2eb5-41ef-9e0e-3d7523ca9e39,1.0,acme-mining,site-01,production_telemetry,ACME-S01-PROD-004,production_meter,2026-09-01T16:15:07.813Z,12,running,ore,1644.3,1800.0,889484.3,7091,,False,[]
362d02c7-e00d-4d7a-888d-707e6ac0ef8c,1.0,acme-mining,site-01,production_telemetry,ACME-S01-PROD-005,production_meter,2026-09-01T16:15:07.813Z,12,running,ore,1511.8,1800.0,588269.4,16301,,False,[]
0358bec3-a9a2-47d8-bb8d-0bdf9f5e2acf,1.0,acme-mining,site-01,production_telemetry,ACME-S01-PROD-006,production_meter,2026-09-01T16:15:07.813Z,12,running,ore,1505.5,1800.0,1532916.3,7904,,False,[]
c8d5e6dd-af70-41b1-8924-1dcad1981771,1.0,acme-mining,site-01,production_telemetry,ACME-S01-PROD-007,production_meter,2026-09-01T16:15:07.813Z,12,running,ore,1710.3,1800.0,1602324.7,968,,False,[]
c41e504d-a71d-42ed-91bd-12971b449f92,1.0,acme-mining,site-01,production_telemetry,ACME-S01-PROD-008,production_meter,2026-09-01T16:15:07.813Z,12,running,ore,1673.6,1800.0,1313271.8,12684,,False,[]
6c58e1b3-00e1-4e0d-8f00-15524f96c14b,1.0,acme-mining,site-01,production_telemetry,ACME-S01-PROD-009,production_meter,2026-09-01T16:15:07.813Z,12,stopped,ore,766.4,1800.0,520620.7,2583,conveyor_blockage,True,"[""PRODUCTION_RATE_LOW""]"
f8bf7087-9134-4be8-9e40-2cbbee75ac72,1.0,acme-mining,site-01,production_telemetry,ACME-S01-PROD-010,production_meter,2026-09-01T16:15:07.813Z,12,degraded,ore,653.8,1800.0,170729.4,16654,crusher_trip,True,"[""PRODUCTION_RATE_LOW""]"
b9ed52b7-75b1-4b06-a8ae-c945a70001d8,1.0,acme-mining,site-01,production_telemetry,ACME-S01-PROD-011,production_meter,2026-09-01T16:15:07.813Z,12,running,ore,1518.8,1800.0,1423345.9,18213,,False,[]
56479348-b85a-4e79-980f-1d9bc04c7f22,1.0,acme-mining,site-01,production_telemetry,ACME-S01-PROD-012,production_meter,2026-09-01T16:15:07.813Z,12,running,ore,1718.5,1800.0,875445.2,9678,,False,[]
6220e12d-5a05-4971-acef-6505147ae156,1.0,acme-mining,site-01,production_telemetry,ACME-S01-PROD-013,production_meter,2026-09-01T16:15:07.813Z,12,running,ore,1639.8,1800.0,1402821.9,18353,,False,[]
cd8c3cb5-f054-4c99-9e18-49c7484b2486,1.0,acme-mining,site-01,production_telemetry,ACME-S01-PROD-014,production_meter,2026-09-01T16:15:07.813Z,12,running,ore,1693.8,1800.0,1665989.4,3515,,False,[]
8d830547-d927-4b82-9188-ad8b4394a0a7,1.0,acme-mining,site-01,production_telemetry,ACME-S01-PROD-015,production_meter,2026-09-01T16:15:07.813Z,12,running,ore,1716.5,1800.0,339283.9,19012,,False,[]
42d2243d-58af-494f-a710-3d5eb379090b,1.0,acme-mining,site-01,production_telemetry,ACME-S01-PROD-016,production_meter,2026-09-01T16:15:07.813Z,12,running,ore,1502.0,1800.0,1571328.2,604,,False,[]
8cb08134-c187-4cd7-b485-24ecd7883217,1.0,acme-mining,site-01,production_telemetry,ACME-S01-PROD-017,production_meter,2026-09-01T16:15:07.813Z,12,running,ore,1801.2,1800.0,1746279.0,4830,,False,[]
de0449d5-7592-4ab5-89b6-4daa0f81e1c6,1.0,acme-mining,site-01,production_telemetry,ACME-S01-PROD-018,production_meter,2026-09-01T16:15:07.813Z,12,running,ore,1517.2,1800.0,1509292.2,17750,,False,[]
b7905e60-5fc8-4e0c-9de0-2d886ddcfb23,1.0,acme-mining,site-01,production_telemetry,ACME-S01-PROD-019,production_meter,2026-09-01T16:15:07.813Z,12,running,ore,1863.5,1800.0,520971.4,1932,,False,[]
5191ad04-9a4d-467a-9816-56c6c67860f8,1.0,acme-mining,site-01,production_telemetry,ACME-S01-PROD-020,production_meter,2026-09-01T16:15:07.813Z,12,running,ore,1599.2,1800.0,1997342.3,13672,,False,[]
67bea39b-a81b-4642-be9a-51e8d1ffc186,1.0,acme-mining,site-02,production_telemetry,ACME-S02-PROD-001,production_meter,2026-09-01T16:15:07.813Z,12,running,ore,1601.9,1800.0,1892609.9,11573,,False,[]
25b41be4-7e10-47c2-abd9-f574b4ea2afe,1.0,acme-mining,site-02,production_telemetry,ACME-S02-PROD-002,production_meter,2026-09-01T16:15:07.813Z,12,stopped,ore,764.3,1800.0,1610479.9,6058,crusher_trip,True,"[""PRODUCTION_RATE_LOW""]"
909b78af-f445-454e-aaf2-bd80e08329cf,1.0,acme-mining,site-02,production_telemetry,ACME-S02-PROD-003,production_meter,2026-09-01T16:15:07.813Z,12,running,ore,1670.9,1800.0,1095520.6,2947,,False,[]
aa93dfeb-77c7-4341-86d8-1a787d7eca99,1.0,acme-mining,site-02,production_telemetry,ACME-S02-PROD-004,production_meter,2026-09-01T16:15:07.813Z,12,running,ore,1666.8,1800.0,1443647.6,811,,False,[]
296b94b9-a32b-4205-b3fd-bb428721e080,1.0,acme-mining,site-02,production_telemetry,ACME-S02-PROD-005,production_meter,2026-09-01T16:15:07.813Z,12,running,ore,1766.9,1800.0,1352668.7,1027,,False,[]
20f6deca-2059-4604-ac38-d75aa6cca49a,1.0,acme-mining,site-02,production_telemetry,ACME-S02-PROD-006,production_meter,2026-09-01T16:15:07.813Z,12,running,ore,1840.0,1800.0,132598.4,14621,,False,[]
90e13672-3db9-4193-8470-1fdddeeede8f,1.0,acme-mining,site-02,production_telemetry,ACME-S02-PROD-007,production_meter,2026-09-01T16:15:07.813Z,12,running,ore,1591.1,1800.0,1100293.2,12126,,False,[]
c3fb5a3e-5f50-4f40-b0c9-a7677a4ea1e6,1.0,acme-mining,site-02,production_telemetry,ACME-S02-PROD-008,production_meter,2026-09-01T16:15:07.813Z,12,running,ore,1847.5,1800.0,529153.5,3153,,False,[]
2e399028-fae3-476d-b0db-77487bb2e8c1,1.0,acme-mining,site-02,production_telemetry,ACME-S02-PROD-009,production_meter,2026-09-01T16:15:07.813Z,12,running,ore,1717.8,1800.0,206646.6,821,,False,[]
878f0237-ed52-4131-8027-431f2c15b310,1.0,acme-mining,site-02,production_telemetry,ACME-S02-PROD-010,production_meter,2026-09-01T16:15:07.813Z,12,running,ore,1731.7,1800.0,1950323.4,17818,,False,[]
2c0053c1-abea-4ea0-8613-fa0812be6ce7,1.0,acme-mining,site-02,production_telemetry,ACME-S02-PROD-011,production_meter,2026-09-01T16:15:07.813Z,12,running,ore,1687.6,1800.0,1855929.5,9699,,False,[]
382383ad-02ad-4292-8821-c4feb6f866f0,1.0,acme-mining,site-02,production_telemetry,ACME-S02-PROD-012,production_meter,2026-09-01T16:15:07.813Z,12,running,ore,1821.8,1800.0,1215395.0,13563,,False,[]
7fe0bd85-4cc5-48ed-a01a-a525d83c76a9,1.0,acme-mining,site-02,production_telemetry,ACME-S02-PROD-013,production_meter,2026-09-01T16:15:07.813Z,12,running,ore,1816.0,1800.0,1127097.2,13089,,False,[]
7f33ff76-c429-4922-a3a0-44dc380132ac,1.0,acme-mining,site-02,production_telemetry,ACME-S02-PROD-014,production_meter,2026-09-01T16:15:07.813Z,12,running,ore,1886.2,1800.0,202051.7,14834,,False,[]
b173f199-b7cd-409c-9154-a76f08e9a63e,1.0,acme-mining,site-02,production_telemetry,ACME-S02-PROD-015,production_meter,2026-09-01T16:15:07.813Z,12,running,ore,1814.0,1800.0,720140.7,9468,,False,[]
b7863c49-4b62-465b-bcb2-f02f67e92a31,1.0,acme-mining,site-02,production_telemetry,ACME-S02-PROD-016,production_meter,2026-09-01T16:15:07.813Z,12,running,ore,1744.0,1800.0,1213191.6,12966,,False,[]
dd479ce1-bb0c-4230-93c7-050e4417b513,1.0,acme-mining,site-02,production_telemetry,ACME-S02-PROD-017,production_meter,2026-09-01T16:15:07.813Z,12,running,ore,1536.4,1800.0,1452213.9,5567,,False,[]
500d373c-5c43-46fc-85d9-acb323beb626,1.0,acme-mining,site-02,production_telemetry,ACME-S02-PROD-018,production_meter,2026-09-01T16:15:07.813Z,12,running,ore,1563.1,1800.0,612584.9,4853,,False,[]
4aa25bcd-39d9-4112-aceb-87b96d4ce974,1.0,acme-mining,site-02,production_telemetry,ACME-S02-PROD-019,production_meter,2026-09-01T16:15:07.813Z,12,running,ore,1511.1,1800.0,1153042.7,11142,,False,[]
f154c4cb-c372-4875-b252-9e144d247259,1.0,acme-mining,site-02,production_telemetry,ACME-S02-PROD-020,production_meter,2026-09-01T16:15:07.813Z,12,running,ore,1538.3,1800.0,1986215.5,8466,,False,[]
4772e2d3-b6ad-401d-89ff-cb8fb974c0dd,1.0,beta-minerals,north-site,production_telemetry,BETA-NORTH-PROD-001,production_meter,2026-09-01T16:15:07.813Z,12,running,ore,1607.3,1800.0,490468.8,816,,False,[]
21cc13a3-619a-4d42-9aa3-33fb620d560d,1.0,beta-minerals,north-site,production_telemetry,BETA-NORTH-PROD-002,production_meter,2026-09-01T16:15:07.813Z,12,running,ore,1837.2,1800.0,1678267.1,3949,,False,[]
dc07407d-9fb6-44c2-8a33-dee234c42f99,1.0,beta-minerals,north-site,production_telemetry,BETA-NORTH-PROD-003,production_meter,2026-09-01T16:15:07.813Z,12,running,ore,1615.4,1800.0,1578150.6,17654,,False,[]
94ef7717-a0ab-4333-97ff-59b227313cdb,1.0,beta-minerals,north-site,production_telemetry,BETA-NORTH-PROD-004,production_meter,2026-09-01T16:15:07.813Z,12,running,ore,1701.1,1800.0,1407613.1,16262,,False,[]
742e7ec6-249c-441a-b266-f988a455947a,1.0,beta-minerals,north-site,production_telemetry,BETA-NORTH-PROD-005,production_meter,2026-09-01T16:15:07.813Z,12,running,ore,1849.6,1800.0,383403.7,3463,,False,[]
83054525-12bf-415e-bd0e-5752ae8f551d,1.0,beta-minerals,north-site,production_telemetry,BETA-NORTH-PROD-006,production_meter,2026-09-01T16:15:07.813Z,12,running,ore,1804.1,1800.0,1956880.8,9166,,False,[]
7ee36283-0190-4436-ade3-d9e44113ebc8,1.0,beta-minerals,north-site,production_telemetry,BETA-NORTH-PROD-007,production_meter,2026-09-01T16:15:07.813Z,12,running,ore,1696.0,1800.0,694170.0,4309,,False,[]
4a049661-9ec8-4af2-bf04-7811e1beaa19,1.0,beta-minerals,north-site,production_telemetry,BETA-NORTH-PROD-008,production_meter,2026-09-01T16:15:07.813Z,12,running,ore,1635.4,1800.0,779330.1,14855,,False,[]
1d17c24e-9d00-43ff-8a42-79dd3b891655,1.0,beta-minerals,north-site,production_telemetry,BETA-NORTH-PROD-009,production_meter,2026-09-01T16:15:07.813Z,12,running,ore,1642.0,1800.0,860500.2,15471,,False,[]
564197dd-a645-49aa-a7a8-a49643152662,1.0,beta-minerals,north-site,production_telemetry,BETA-NORTH-PROD-010,production_meter,2026-09-01T16:15:07.813Z,12,running,ore,1862.9,1800.0,314833.8,2433,,False,[]
00d364a2-c41a-44cc-b6c2-5cb6053a1464,1.0,beta-minerals,north-site,production_telemetry,BETA-NORTH-PROD-011,production_meter,2026-09-01T16:15:07.813Z,12,running,ore,1874.2,1800.0,932537.3,12955,,False,[]
5263b145-047f-4312-98b0-48414747357e,1.0,beta-minerals,north-site,production_telemetry,BETA-NORTH-PROD-012,production_meter,2026-09-01T16:15:07.813Z,12,running,ore,1643.4,1800.0,1017879.3,16506,,False,[]
9ee59b4a-4554-4740-b2aa-0892d172ca12,1.0,beta-minerals,north-site,production_telemetry,BETA-NORTH-PROD-013,production_meter,2026-09-01T16:15:07.813Z,12,running,ore,1777.0,1800.0,1388091.6,19407,,False,[]
60e1d50f-a862-4381-a7ff-adff17be403e,1.0,beta-minerals,north-site,production_telemetry,BETA-NORTH-PROD-014,production_meter,2026-09-01T16:15:07.813Z,12,running,ore,1666.4,1800.0,1274682.3,14695,,False,[]
e189d708-1180-4441-96f1-ee9619c9ef23,1.0,beta-minerals,north-site,production_telemetry,BETA-NORTH-PROD-015,production_meter,2026-09-01T16:15:07.813Z,12,running,ore,1843.8,1800.0,1160882.6,2300,,False,[]
d6d309f4-2ac1-4a14-ae0f-7f614388ca2b,1.0,beta-minerals,north-site,production_telemetry,BETA-NORTH-PROD-016,production_meter,2026-09-01T16:15:07.813Z,12,running,ore,1894.3,1800.0,1527746.4,11018,,False,[]
a55543fc-7d13-4f2d-8486-8be95d568109,1.0,beta-minerals,north-site,production_telemetry,BETA-NORTH-PROD-017,production_meter,2026-09-01T16:15:07.813Z,12,running,ore,1892.1,1800.0,546528.6,15555,,False,[]
94762e0b-56b4-4bb8-9d0f-bab546e3060b,1.0,beta-minerals,north-site,production_telemetry,BETA-NORTH-PROD-018,production_meter,2026-09-01T16:15:07.813Z,12,running,ore,1668.2,1800.0,1515980.7,1094,,False,[]
cd157e2e-95ab-45fd-8d3f-6de44ae8c4fc,1.0,beta-minerals,north-site,production_telemetry,BETA-NORTH-PROD-019,production_meter,2026-09-01T16:15:07.813Z,12,running,ore,1655.2,1800.0,1276254.0,10493,,False,[]
01c1b4ba-e710-4845-bd4f-c950504eefa3,1.0,beta-minerals,north-site,production_telemetry,BETA-NORTH-PROD-020,production_meter,2026-09-01T16:15:07.813Z,12,running,ore,1505.7,1800.0,1651546.6,15403,,False,[]
d72ab78c-e85a-4a78-8f59-9fa2dd686c0e,1.0,beta-minerals,north-site,production_telemetry,BETA-NORTH-PROD-021,production_meter,2026-09-01T16:15:07.813Z,12,running,ore,1648.2,1800.0,285158.3,7778,,False,[]
6672fcbd-cadd-4847-9be3-ca0e482266f4,1.0,beta-minerals,north-site,production_telemetry,BETA-NORTH-PROD-022,production_meter,2026-09-01T16:15:07.813Z,12,running,ore,1665.3,1800.0,302040.8,5891,,False,[]
20b2f8a7-99ba-4903-8001-239bedaf0649,1.0,beta-minerals,north-site,production_telemetry,BETA-NORTH-PROD-023,production_meter,2026-09-01T16:15:07.813Z,12,running,ore,1528.7,1800.0,329444.8,13386,,False,[]
5afb47b8-2239-4234-8d32-c7bbbb2b92e9,1.0,beta-minerals,north-site,production_telemetry,BETA-NORTH-PROD-024,production_meter,2026-09-01T16:15:07.813Z,12,running,ore,1633.7,1800.0,1303184.6,19806,,False,[]
054044e3-3426-42ca-a562-1060ad4d4cad,1.0,beta-minerals,north-site,production_telemetry,BETA-NORTH-PROD-025,production_meter,2026-09-01T16:15:07.813Z,12,running,ore,1574.9,1800.0,108268.3,2103,,False,[]
904329a9-117a-4010-b197-13d92e3aab69,1.0,beta-minerals,north-site,production_telemetry,BETA-NORTH-PROD-026,production_meter,2026-09-01T16:15:07.813Z,12,running,ore,1648.6,1800.0,1414482.0,6202,,False,[]
bd99c4aa-bebc-4b5b-9f69-aa3190c876f9,1.0,beta-minerals,north-site,production_telemetry,BETA-NORTH-PROD-027,production_meter,2026-09-01T16:15:07.813Z,12,running,ore,1559.4,1800.0,830887.1,8646,,False,[]
4db6e473-8ce6-4bb4-9762-609e041cfd39,1.0,beta-minerals,north-site,production_telemetry,BETA-NORTH-PROD-028,production_meter,2026-09-01T16:15:07.813Z,12,running,ore,1661.6,1800.0,1430056.7,17298,,False,[]
3965620e-1d13-4040-a606-436916bb73a5,1.0,beta-minerals,north-site,production_telemetry,BETA-NORTH-PROD-029,production_meter,2026-09-01T16:15:07.813Z,12,running,ore,1532.6,1800.0,481713.5,10033,,False,[]
c449c534-1247-43ae-9dbe-f5a510eaa5de,1.0,beta-minerals,north-site,production_telemetry,BETA-NORTH-PROD-030,production_meter,2026-09-01T16:15:07.813Z,12,running,ore,1783.6,1800.0,1130760.2,11075,,False,[]
