message_id,schema_version,tenant_id,site_id,message_type,asset_id,asset_type,timestamp,sequence_no,location.lat,location.lon,location.heading,location.speed_kmh,location.zone,haul_cycle.cycle_id,haul_cycle.cycle_state,haul_cycle.payload_tonnes,haul_cycle.target_payload_tonnes,fuel.total_litres,fuel.level_pct,fuel.engine_on,fuel.idle_flag,operating.engine_hours,operating.odometer_km,operating.geofence_violation,operating.harsh_braking_flag,operating.speeding_flag,diagnostics.engine_temp_c,diagnostics.battery_voltage,diagnostics.fault_codes,diagnostics.health_index
e0b9b6fb-bebd-4013-afc4-567220564121,1.0,acme-mining,site-01,fleet_telemetry,ACME-S01-TRUCK-001,haul_truck,2026-09-01T20:17:58.253Z,1,-16.552565,-71.509228,127.0,0.8,Pit-A,cycle-acme-s01-truck-001-00001,loading,226.9,240.0,131012.92,40.6,True,True,14355.85,35756.78,False,False,False,91.2,25.0,[],1.0
a965b4d3-67a2-4462-b9f7-bb6d08bf4392,1.0,acme-mining,site-01,fleet_telemetry,ACME-S01-TRUCK-002,haul_truck,2026-09-01T20:17:58.253Z,1,-16.574077,-71.527701,50.0,0.7,Pit-A,cycle-acme-s01-truck-002-00001,loading,223.3,240.0,51225.92,41.3,True,True,13318.44,40023.09,False,False,False,91.0,24.0,[],1.0
58cc8dad-875d-4be7-b3f7-4976ca217f5c,1.0,acme-mining,site-01,fleet_telemetry,ACME-S01-TRUCK-003,haul_truck,2026-09-01T20:17:58.253Z,1,-16.548991,-71.591955,130.4,0.1,Pit-A,cycle-acme-s01-truck-003-00001,loading,218.5,240.0,132403.93,85.8,True,True,9693.82,303001.7,False,False,False,87.9,24.8,[],1.0
6565ead1-ec38-4619-b2ba-adaae9dd2b70,1.0,acme-mining,site-01,fleet_telemetry,ACME-S01-TRUCK-004,haul_truck,2026-09-01T20:17:58.253Z,1,-16.654925,-71.481901,173.3,0.2,Pit-A,cycle-acme-s01-truck-004-00001,loading,225.7,240.0,158101.62,31.5,True,True,4096.17,623044.24,False,False,False,93.2,24.5,[],1.0
7c571369-e3b2-4f32-a20c-449dac816d48,1.0,acme-mining,site-01,fleet_telemetry,ACME-S01-TRUCK-005,haul_truck,2026-09-01T20:17:58.253Z,1,-16.582073,-71.484795,15.5,0.3,Pit-A,cycle-acme-s01-truck-005-00001,loading,226.0,240.0,438170.96,51.5,True,True,16270.32,357823.7,False,False,False,86.2,24.6,[],1.0
c396b19a-46e1-4de8-94fb-9336ad6a28f8,1.0,acme-mining,site-01,fleet_telemetry,ACME-S01-TRUCK-006,haul_truck,2026-09-01T20:17:58.253Z,1,-16.624098,-71.604733,20.1,0.2,Pit-A,cycle-acme-s01-truck-006-00001,loading,216.5,240.0,30162.75,41.0,True,True,13039.87,463880.26,False,False,False,91.7,24.2,[],1.0
e9b81167-0f7d-4187-b455-17e040d95145,1.0,acme-mining,site-01,fleet_telemetry,ACME-S01-TRUCK-007,haul_truck,2026-09-01T20:17:58.253Z,1,-16.613557,-71.510272,6.7,0.3,Pit-A,cycle-acme-s01-truck-007-00001,loading,223.2,240.0,377008.61,36.4,True,True,8858.68,305648.49,False,False,False,91.6,24.8,[],1.0
13a370cf-a584-4ac2-be2b-6bb8a60a61ee,1.0,acme-mining,site-01,fleet_telemetry,ACME-S01-TRUCK-008,haul_truck,2026-09-01T20:17:58.253Z,1,-16.609687,-71.459176,357.3,1.0,Pit-A,cycle-acme-s01-truck-008-00001,loading,217.0,240.0,330815.81,36.4,True,True,13713.58,127817.35,False,False,False,90.5,25.0,[],1.0
29d3fe9a-3580-4cad-8c26-d8cfcffdf2e0,1.0,acme-mining,site-01,fleet_telemetry,ACME-S01-TRUCK-009,haul_truck,2026-09-01T20:17:58.253Z,1,-16.538912,-71.488693,295.3,0.3,Pit-A,cycle-acme-s01-truck-009-00001,loading,223.2,240.0,348057.99,28.9,True,True,5455.84,224298.12,False,False,False,93.9,24.1,[],1.0
f917b6ff-94ff-4b88-88aa-58fa94cc8c49,1.0,acme-mining,site-01,fleet_telemetry,ACME-S01-TRUCK-010,haul_truck,2026-09-01T20:17:58.253Z,1,-16.56553,-71.554199,163.2,1.0,Pit-A,cycle-acme-s01-truck-010-00001,loading,224.7,240.0,395601.78,47.0,True,True,5272.84,614033.12,False,False,False,89.4,24.6,[],1.0
56a59f5f-d579-4282-b7f8-8c8a57f0a12b,1.0,acme-mining,site-01,fleet_telemetry,ACME-S01-TRUCK-011,haul_truck,2026-09-01T20:17:58.253Z,1,-16.550878,-71.548951,309.4,0.3,Pit-A,cycle-acme-s01-truck-011-00001,loading,217.3,240.0,337795.17,62.7,True,True,3828.88,107967.1,False,False,False,88.0,24.5,[],1.0
37457aaa-2277-43d5-8487-2204f0fbd34f,1.0,acme-mining,site-01,fleet_telemetry,ACME-S01-TRUCK-012,haul_truck,2026-09-01T20:17:58.253Z,1,-16.662861,-71.599956,221.2,0.6,Pit-A,cycle-acme-s01-truck-012-00001,loading,217.2,240.0,234191.59,31.4,True,True,5449.6,648448.69,False,False,False,90.8,23.9,[],1.0
a97078d0-f66b-4ac7-a546-74bc9bf52637,1.0,acme-mining,site-01,fleet_telemetry,ACME-S01-TRUCK-013,haul_truck,2026-09-01T20:17:58.253Z,1,-16.630174,-71.528984,46.9,1.2,Pit-A,cycle-acme-s01-truck-013-00001,loading,217.4,240.0,272190.93,57.8,True,True,13443.87,262403.41,False,False,False,90.8,24.6,[],1.0
0ca1a2ce-f1d1-4349-ae47-1f72d7385511,1.0,acme-mining,site-01,fleet_telemetry,ACME-S01-TRUCK-014,haul_truck,2026-09-01T20:17:58.253Z,1,-16.652552,-71.547938,187.9,1.2,Pit-A,cycle-acme-s01-truck-014-00001,loading,225.3,240.0,127403.1,69.9,True,True,15252.26,358291.31,False,False,False,92.5,24.3,[],1.0
92145cb5-d8ee-44dd-af7b-48c3fd38ddbf,1.0,acme-mining,site-01,fleet_telemetry,ACME-S01-TRUCK-015,haul_truck,2026-09-01T20:17:58.253Z,1,-16.570352,-71.482833,284.2,0.1,Pit-A,cycle-acme-s01-truck-015-00001,loading,218.8,240.0,233379.96,32.4,True,True,21404.03,500036.19,False,False,False,94.0,24.3,[],1.0
c6b17624-881c-401c-ab30-917b6bbfa39a,1.0,acme-mining,site-01,fleet_telemetry,ACME-S01-TRUCK-016,haul_truck,2026-09-01T20:17:58.253Z,1,-16.585543,-71.617408,35.2,0.9,Pit-A,cycle-acme-s01-truck-016-00001,loading,225.1,240.0,247326.79,79.5,True,True,4040.19,500381.81,False,False,False,93.0,24.0,[],1.0
12d57915-7a8e-4e2f-b381-b13d61bec890,1.0,acme-mining,site-01,fleet_telemetry,ACME-S01-TRUCK-017,haul_truck,2026-09-01T20:17:58.253Z,1,-16.632088,-71.578961,315.5,0.7,Pit-A,cycle-acme-s01-truck-017-00001,loading,226.3,240.0,443541.43,81.5,True,True,3171.6,248677.88,False,False,False,88.8,24.4,[],1.0
2a69bea3-f77b-4128-8a43-021a50dc954d,1.0,acme-mining,site-01,fleet_telemetry,ACME-S01-TRUCK-018,haul_truck,2026-09-01T20:17:58.253Z,1,-16.547866,-71.596957,42.4,0.3,Pit-A,cycle-acme-s01-truck-018-00001,loading,225.5,240.0,40453.53,78.2,True,True,2615.85,326173.99,False,False,False,91.8,23.8,[],1.0
76bf96b7-9bf7-4894-9557-fe08fa1dd159,1.0,acme-mining,site-01,fleet_telemetry,ACME-S01-TRUCK-019,haul_truck,2026-09-01T20:17:58.253Z,1,-16.521774,-71.496658,55.7,1.0,Pit-A,cycle-acme-s01-truck-019-00001,loading,219.8,240.0,276901.34,92.5,True,True,4300.69,352434.49,False,False,False,89.6,24.7,[],1.0
c1f5cc9a-ca51-4469-840d-1750f9e3b748,1.0,acme-mining,site-01,fleet_telemetry,ACME-S01-TRUCK-020,haul_truck,2026-09-01T20:17:58.253Z,1,-16.598162,-71.577835,99.2,0.4,Pit-A,cycle-acme-s01-truck-020-00001,loading,221.1,240.0,174305.04,88.0,True,True,9258.64,443162.79,False,False,False,89.7,24.8,[],1.0
a18285bd-f6ca-4085-b8a2-2c420b321592,1.0,acme-mining,site-01,fleet_telemetry,ACME-S01-TRUCK-021,haul_truck,2026-09-01T20:17:58.253Z,1,-16.569424,-71.580869,133.2,1.1,Pit-A,cycle-acme-s01-truck-021-00001,loading,225.4,240.0,106895.67,30.0,True,True,13272.15,164972.28,False,False,False,90.8,24.6,[],1.0
8b3ba526-8d11-4de9-b3b2-a86b9a227e7a,1.0,acme-mining,site-01,fleet_telemetry,ACME-S01-TRUCK-022,haul_truck,2026-09-01T20:17:58.253Z,1,-16.64923,-71.467818,264.8,0.4,Pit-A,cycle-acme-s01-truck-022-00001,loading,220.1,240.0,304350.24,40.0,True,True,2302.18,169942.92,False,False,False,93.1,25.0,[],1.0
fe1130ad-71af-4c9d-a0ed-e41ffbc044b9,1.0,acme-mining,site-01,fleet_telemetry,ACME-S01-TRUCK-023,haul_truck,2026-09-01T20:17:58.253Z,1,-16.564963,-71.560812,58.2,1.0,Pit-A,cycle-acme-s01-truck-023-00001,loading,221.4,240.0,189106.4,31.6,True,True,5951.54,317972.96,False,False,False,93.0,24.1,[],1.0
87d19627-def3-4e17-8a3a-e808edce1efd,1.0,acme-mining,site-01,fleet_telemetry,ACME-S01-TRUCK-024,haul_truck,2026-09-01T20:17:58.253Z,1,-16.616112,-71.479632,254.4,0.6,Pit-A,cycle-acme-s01-truck-024-00001,loading,222.6,240.0,53303.88,53.2,True,True,15075.33,640024.08,False,False,False,93.0,24.0,[],1.0
3a7b5f9e-0e42-48e3-a5ec-5df1c0019c3e,1.0,acme-mining,site-01,fleet_telemetry,ACME-S01-TRUCK-025,haul_truck,2026-09-01T20:17:58.253Z,1,-16.530482,-71.605438,156.7,1.4,Pit-A,cycle-acme-s01-truck-025-00001,loading,217.1,240.0,90734.76,57.4,True,True,12169.26,108314.85,False,False,False,114.3,23.9,"[""ENG_OVERHEAT""]",0.72
c1c2747b-8605-4361-9d79-29f6f31f9c15,1.0,acme-mining,site-01,fleet_telemetry,ACME-S01-TRUCK-026,haul_truck,2026-09-01T20:17:58.253Z,1,-16.655478,-71.49693,354.3,0.3,Pit-A,cycle-acme-s01-truck-026-00001,loading,216.5,240.0,247858.71,26.0,True,True,2875.67,430851.28,False,False,False,89.8,24.7,[],1.0
1dce57fc-09cf-44b5-ab74-edfc160d6c92,1.0,acme-mining,site-01,fleet_telemetry,ACME-S01-TRUCK-027,haul_truck,2026-09-01T20:17:58.253Z,1,-16.609764,-71.459851,295.2,0.8,Pit-A,cycle-acme-s01-truck-027-00001,loading,223.2,240.0,186457.75,29.1,True,True,11095.59,154660.8,False,False,False,95.5,24.7,[],1.0
1ea6e803-a970-495c-8d7e-9591d89a62d2,1.0,acme-mining,site-01,fleet_telemetry,ACME-S01-TRUCK-028,haul_truck,2026-09-01T20:17:58.253Z,1,-16.564501,-71.539633,102.9,0.7,Pit-A,cycle-acme-s01-truck-028-00001,loading,223.9,240.0,331422.36,79.8,True,True,6847.29,458852.65,False,False,False,94.0,23.8,[],1.0
6d02be07-ce64-46d8-acd9-f4b5571dfc38,1.0,acme-mining,site-01,fleet_telemetry,ACME-S01-TRUCK-029,haul_truck,2026-09-01T20:17:58.253Z,1,-16.661254,-71.524032,13.0,0.9,Pit-A,cycle-acme-s01-truck-029-00001,loading,218.8,240.0,248565.91,77.4,True,True,21336.64,384883.58,False,False,False,87.7,24.1,[],1.0
b2ba058a-adc0-4d3b-bf8b-9b6e30ec9836,1.0,acme-mining,site-01,fleet_telemetry,ACME-S01-TRUCK-030,haul_truck,2026-09-01T20:17:58.253Z,1,-16.575194,-71.509466,127.1,0.0,Pit-A,cycle-acme-s01-truck-030-00001,loading,228.0,240.0,45249.06,38.0,True,True,4137.58,625290.71,False,False,False,93.8,24.4,[],1.0
5ec1a701-0be6-4698-a157-b68af72bdd42,1.0,acme-mining,site-01,fleet_telemetry,ACME-S01-TRUCK-031,haul_truck,2026-09-01T20:17:58.253Z,1,-16.657283,-71.51232,32.5,0.9,Pit-A,cycle-acme-s01-truck-031-00001,loading,224.8,240.0,264724.4,27.8,True,True,20761.84,378895.51,False,False,False,86.7,24.2,[],1.0
76803037-fa94-4311-890b-9a2462599d61,1.0,acme-mining,site-01,fleet_telemetry,ACME-S01-TRUCK-032,haul_truck,2026-09-01T20:17:58.253Z,1,-16.607074,-71.51003,99.5,1.2,Pit-A,cycle-acme-s01-truck-032-00001,loading,220.2,240.0,325124.41,41.7,True,True,20615.77,148683.3,False,False,False,95.6,24.6,[],1.0
09159ba5-53ca-4967-a65d-8482033ec7d7,1.0,acme-mining,site-01,fleet_telemetry,ACME-S01-TRUCK-033,haul_truck,2026-09-01T20:17:58.253Z,1,-16.580321,-71.601503,146.5,0.3,Pit-A,cycle-acme-s01-truck-033-00001,loading,222.9,240.0,14098.82,68.5,True,True,20495.19,609512.6,False,False,False,88.6,23.9,[],1.0
066851ca-d4a6-443c-9f09-a4da0792e045,1.0,acme-mining,site-01,fleet_telemetry,ACME-S01-TRUCK-034,haul_truck,2026-09-01T20:17:58.253Z,1,-16.611276,-71.592261,344.3,0.1,Pit-A,cycle-acme-s01-truck-034-00001,loading,227.4,240.0,397580.26,86.5,True,True,6422.25,607953.41,False,False,False,94.0,25.0,[],1.0
38cf4072-b44f-48c5-ae49-95ebbc4dc2ca,1.0,acme-mining,site-01,fleet_telemetry,ACME-S01-TRUCK-035,haul_truck,2026-09-01T20:17:58.253Z,1,-16.539663,-71.569599,202.7,1.2,Pit-A,cycle-acme-s01-truck-035-00001,loading,224.3,240.0,297749.6,25.5,True,True,13767.57,641956.83,False,False,False,95.7,24.9,[],1.0
c11ca54b-0a11-4917-b5ed-6ec73d6ba173,1.0,acme-mining,site-01,fleet_telemetry,ACME-S01-TRUCK-036,haul_truck,2026-09-01T20:17:58.253Z,1,-16.625319,-71.583799,211.2,1.1,Pit-A,cycle-acme-s01-truck-036-00001,loading,221.5,240.0,336663.36,35.9,True,True,6406.68,580519.01,False,False,False,90.6,23.8,[],1.0
5b46ce64-49b4-4348-9c98-f2000642ca9b,1.0,acme-mining,site-01,fleet_telemetry,ACME-S01-TRUCK-037,haul_truck,2026-09-01T20:17:58.253Z,1,-16.568914,-71.484804,243.6,0.2,Pit-A,cycle-acme-s01-truck-037-00001,loading,223.6,240.0,409590.0,28.6,True,True,11514.67,178206.39,False,False,False,95.9,24.1,[],1.0
6fb7bdf4-a91b-4801-b3ee-be5fb71bc71c,1.0,acme-mining,site-01,fleet_telemetry,ACME-S01-TRUCK-038,haul_truck,2026-09-01T20:17:58.253Z,1,-16.582131,-71.54907,299.5,0.5,Pit-A,cycle-acme-s01-truck-038-00001,loading,222.2,240.0,125260.33,76.9,True,True,17147.73,421381.43,False,False,False,86.1,24.1,[],1.0
163893b8-a13b-424e-a26c-c92ac9be7bd6,1.0,acme-mining,site-01,fleet_telemetry,ACME-S01-TRUCK-039,haul_truck,2026-09-01T20:17:58.253Z,1,-16.611325,-71.529096,335.2,0.1,Pit-A,cycle-acme-s01-truck-039-00001,loading,225.9,240.0,75583.91,27.5,True,True,20835.08,455342.36,False,False,False,86.8,24.5,[],1.0
b2f5a18f-ccbd-463f-b9f4-e8daa1fb0ddc,1.0,acme-mining,site-01,fleet_telemetry,ACME-S01-TRUCK-040,haul_truck,2026-09-01T20:17:58.253Z,1,-16.526572,-71.583888,245.9,0.5,Pit-A,cycle-acme-s01-truck-040-00001,loading,219.2,240.0,360293.83,85.2,True,True,7335.08,586358.34,False,False,False,95.5,25.1,[],1.0
4f931dc2-bd2a-4286-bfa3-3ca20e3d52a5,1.0,acme-mining,site-01,fleet_telemetry,ACME-S01-TRUCK-041,haul_truck,2026-09-01T20:17:58.253Z,1,-16.550484,-71.469378,74.4,0.7,Pit-A,cycle-acme-s01-truck-041-00001,loading,224.8,240.0,394873.62,93.2,True,True,8297.99,372726.62,False,False,False,94.7,24.1,[],1.0
b749e3fb-be00-4baf-bd76-dc0a6f0c6755,1.0,acme-mining,site-01,fleet_telemetry,ACME-S01-TRUCK-042,haul_truck,2026-09-01T20:17:58.253Z,1,-16.55255,-71.56435,331.2,0.4,Pit-A,cycle-acme-s01-truck-042-00001,loading,217.9,240.0,397823.15,26.7,True,True,21495.57,530786.18,False,False,False,87.1,24.7,[],1.0
98cd10a5-c005-4fc2-bcef-fd07fe1fb265,1.0,acme-mining,site-01,fleet_telemetry,ACME-S01-TRUCK-043,haul_truck,2026-09-01T20:17:58.253Z,1,-16.533025,-71.581911,15.2,1.0,Pit-A,cycle-acme-s01-truck-043-00001,loading,225.2,240.0,57562.1,86.1,True,True,6456.28,516045.94,False,False,False,91.4,24.5,[],1.0
68c54571-d002-4003-996c-c4ce18a1202a,1.0,acme-mining,site-01,fleet_telemetry,ACME-S01-TRUCK-044,haul_truck,2026-09-01T20:17:58.253Z,1,-16.564795,-71.553745,312.7,0.9,Pit-A,cycle-acme-s01-truck-044-00001,loading,227.8,240.0,393382.16,40.6,True,True,8212.76,536937.92,False,False,False,95.0,24.5,[],1.0
72d62c31-0c81-43a0-9f6a-db58cebc20e1,1.0,acme-mining,site-01,fleet_telemetry,ACME-S01-TRUCK-045,haul_truck,2026-09-01T20:17:58.253Z,1,-16.513416,-71.531705,207.5,1.5,Pit-A,cycle-acme-s01-truck-045-00001,loading,219.4,240.0,292251.98,53.0,True,True,21298.05,195848.75,False,False,False,88.2,23.9,[],1.0
2e389449-79ec-4e99-9401-5e6b450e850d,1.0,acme-mining,site-01,fleet_telemetry,ACME-S01-TRUCK-046,haul_truck,2026-09-01T20:17:58.253Z,1,-16.664279,-71.522049,141.7,1.2,Pit-A,cycle-acme-s01-truck-046-00001,loading,222.5,240.0,265459.5,93.8,True,True,19393.22,184565.58,False,False,False,91.0,24.8,[],1.0
fdb16865-3dbc-4392-af9a-74ef0a6760f5,1.0,acme-mining,site-01,fleet_telemetry,ACME-S01-TRUCK-047,haul_truck,2026-09-01T20:17:58.253Z,1,-16.639987,-71.610398,248.0,0.3,Pit-A,cycle-acme-s01-truck-047-00001,loading,224.4,240.0,60884.16,88.0,True,True,10051.55,640068.59,False,False,False,90.6,23.8,[],1.0
19ce193b-501d-426c-8547-375dc8907cfe,1.0,acme-mining,site-01,fleet_telemetry,ACME-S01-TRUCK-048,haul_truck,2026-09-01T20:17:58.253Z,1,-16.563099,-71.559225,93.5,0.3,Pit-A,cycle-acme-s01-truck-048-00001,loading,219.9,240.0,326549.22,76.9,True,True,20422.19,359224.76,False,False,False,92.1,24.6,[],1.0
95afa2b2-ac2b-4335-bab9-99f2ad0273e7,1.0,acme-mining,site-01,fleet_telemetry,ACME-S01-TRUCK-049,haul_truck,2026-09-01T20:17:58.253Z,1,-16.58926,-71.510797,179.5,0.4,Pit-A,cycle-acme-s01-truck-049-00001,loading,223.4,240.0,64835.16,88.0,True,True,14010.9,437934.11,False,False,False,89.7,24.1,[],1.0
c9e6c091-a5e9-4e3f-9016-8b10b267095e,1.0,acme-mining,site-01,fleet_telemetry,ACME-S01-TRUCK-050,haul_truck,2026-09-01T20:17:58.253Z,1,-16.550698,-71.589656,64.7,1.1,Pit-A,cycle-acme-s01-truck-050-00001,loading,226.3,240.0,302568.97,51.5,True,True,12553.55,140859.26,False,False,False,88.8,24.0,[],1.0
67d19b4b-7fe5-490c-be9e-763f320b3ccb,1.0,acme-mining,site-01,fleet_telemetry,ACME-S01-TRUCK-051,haul_truck,2026-09-01T20:17:58.253Z,1,-16.577602,-71.512747,84.9,0.9,Pit-A,cycle-acme-s01-truck-051-00001,loading,217.2,240.0,136242.05,55.1,True,True,12416.27,20255.74,False,False,False,88.7,24.4,[],1.0
03903a12-f844-4310-831e-462113e00b4d,1.0,acme-mining,site-01,fleet_telemetry,ACME-S01-TRUCK-052,haul_truck,2026-09-01T20:17:58.253Z,1,-16.552646,-71.512084,290.0,0.6,Pit-A,cycle-acme-s01-truck-052-00001,loading,227.5,240.0,359243.6,92.2,True,True,15123.3,342039.62,False,False,False,87.5,24.0,[],1.0
1374c8c6-9ebf-42f1-a233-3afa9b3032e4,1.0,acme-mining,site-01,fleet_telemetry,ACME-S01-TRUCK-053,haul_truck,2026-09-01T20:17:58.253Z,1,-16.54135,-71.593923,259.3,0.7,Pit-A,cycle-acme-s01-truck-053-00001,loading,226.2,240.0,113342.2,46.7,True,True,2779.81,619759.79,False,False,False,91.2,24.9,[],1.0
aeb752b3-ac90-47b1-8086-c6b8d30964f9,1.0,acme-mining,site-01,fleet_telemetry,ACME-S01-TRUCK-054,haul_truck,2026-09-01T20:17:58.253Z,1,-16.578293,-71.502565,248.5,0.5,Pit-A,cycle-acme-s01-truck-054-00001,loading,222.8,240.0,210383.13,87.0,True,True,13759.01,504148.28,False,False,False,90.0,23.9,[],1.0
0b28825b-d3f7-4c8c-8bc1-45484020bf3a,1.0,acme-mining,site-01,fleet_telemetry,ACME-S01-TRUCK-055,haul_truck,2026-09-01T20:17:58.253Z,1,-16.547193,-71.600446,120.4,1.2,Pit-A,cycle-acme-s01-truck-055-00001,loading,223.6,240.0,12439.74,77.6,True,True,5972.47,433316.55,False,False,False,90.5,24.3,[],1.0
f9ab0fb9-d2ce-419f-8fa3-78f5f29bb3b8,1.0,acme-mining,site-01,fleet_telemetry,ACME-S01-TRUCK-056,haul_truck,2026-09-01T20:17:58.253Z,1,-16.523605,-71.598083,43.6,0.8,Pit-A,cycle-acme-s01-truck-056-00001,loading,219.1,240.0,214401.97,64.0,True,True,17847.13,458424.42,False,False,False,86.2,25.0,[],1.0
cd943947-9705-4a20-bcbf-31c3c14be611,1.0,acme-mining,site-01,fleet_telemetry,ACME-S01-TRUCK-057,haul_truck,2026-09-01T20:17:58.253Z,1,-16.527772,-71.519476,62.8,1.4,Pit-A,cycle-acme-s01-truck-057-00001,loading,222.9,240.0,271999.04,91.5,True,True,14952.65,642372.25,False,False,False,92.5,24.9,[],1.0
f60d969a-f397-4a62-9bdc-d4df471b8e2d,1.0,acme-mining,site-01,fleet_telemetry,ACME-S01-TRUCK-058,haul_truck,2026-09-01T20:17:58.253Z,1,-16.532561,-71.545489,320.2,0.5,Pit-A,cycle-acme-s01-truck-058-00001,loading,221.8,240.0,206202.01,36.1,True,True,9846.91,591318.48,False,False,False,93.4,24.3,[],1.0
4ba56d85-610e-47a6-9d53-e4b513dd28ae,1.0,acme-mining,site-01,fleet_telemetry,ACME-S01-TRUCK-059,haul_truck,2026-09-01T20:17:58.253Z,1,-16.658003,-71.571783,290.7,0.4,Pit-A,cycle-acme-s01-truck-059-00001,loading,217.7,240.0,285769.33,44.2,True,True,17035.25,348418.88,False,False,False,87.7,24.3,[],1.0
f0aaea9f-dae7-4ce1-9b43-4f272bb2f6c2,1.0,acme-mining,site-01,fleet_telemetry,ACME-S01-TRUCK-060,haul_truck,2026-09-01T20:17:58.253Z,1,-16.645951,-71.583268,58.3,0.9,Pit-A,cycle-acme-s01-truck-060-00001,loading,226.2,240.0,76365.51,51.8,True,True,19732.17,70763.93,False,False,False,86.7,24.1,[],1.0
cf119c5b-4fec-45ef-b10a-7ef7de877dcc,1.0,acme-mining,site-01,fleet_telemetry,ACME-S01-TRUCK-061,haul_truck,2026-09-01T20:17:58.253Z,1,-16.525626,-71.524047,97.6,0.5,Pit-A,cycle-acme-s01-truck-061-00001,loading,219.2,240.0,101007.15,54.4,True,True,12303.36,281937.77,False,False,False,92.4,24.4,[],1.0
5c54b66d-b5cb-40ca-b51a-02b9b81dfa6f,1.0,acme-mining,site-01,fleet_telemetry,ACME-S01-TRUCK-062,haul_truck,2026-09-01T20:17:58.253Z,1,-16.533848,-71.464951,149.0,1.3,Pit-A,cycle-acme-s01-truck-062-00001,loading,223.0,240.0,164773.89,77.7,True,True,8864.08,23714.53,False,False,False,95.7,24.1,[],1.0
a5974f74-4f37-4722-8a91-175edebaaba8,1.0,acme-mining,site-01,fleet_telemetry,ACME-S01-TRUCK-063,haul_truck,2026-09-01T20:17:58.253Z,1,-16.592697,-71.555283,252.2,0.0,Pit-A,cycle-acme-s01-truck-063-00001,loading,223.9,240.0,224820.99,44.1,True,True,17757.21,585621.15,False,False,False,95.4,23.9,[],1.0
2ab09e03-d391-482c-9683-f99c6598501d,1.0,acme-mining,site-01,fleet_telemetry,ACME-S01-TRUCK-064,haul_truck,2026-09-01T20:17:58.253Z,1,-16.58494,-71.472391,197.4,0.3,Pit-A,cycle-acme-s01-truck-064-00001,loading,216.8,240.0,414598.33,93.6,True,True,16152.65,549518.57,False,False,False,94.8,23.8,[],1.0
8541f7a3-69cc-41f9-9023-0b7e040d510a,1.0,acme-mining,site-01,fleet_telemetry,ACME-S01-TRUCK-065,haul_truck,2026-09-01T20:17:58.253Z,1,-16.628775,-71.565124,55.9,0.6,Pit-A,cycle-acme-s01-truck-065-00001,loading,217.0,240.0,391414.62,37.7,True,True,2579.69,290026.05,False,False,False,88.6,24.7,[],1.0
4e3afd45-2c79-45ca-a264-fa698318f32b,1.0,acme-mining,site-01,fleet_telemetry,ACME-S01-TRUCK-066,haul_truck,2026-09-01T20:17:58.253Z,1,-16.630037,-71.604395,225.5,1.3,Pit-A,cycle-acme-s01-truck-066-00001,loading,219.0,240.0,340884.34,83.2,True,True,16938.07,258849.52,False,False,False,88.8,24.0,[],1.0
a150648d-95fb-4ffc-ad3d-95508eb5ad7a,1.0,acme-mining,site-01,fleet_telemetry,ACME-S01-TRUCK-067,haul_truck,2026-09-01T20:17:58.253Z,1,-16.517234,-71.611059,171.4,1.3,Pit-A,cycle-acme-s01-truck-067-00001,loading,224.0,240.0,108657.77,29.8,True,True,1904.22,619709.41,False,False,False,108.9,25.2,"[""ENG_OVERHEAT""]",0.72
65b1831d-868b-49da-8c57-e2d4c90184b9,1.0,acme-mining,site-01,fleet_telemetry,ACME-S01-TRUCK-068,haul_truck,2026-09-01T20:17:58.253Z,1,-16.563287,-71.527265,251.1,0.8,Pit-A,cycle-acme-s01-truck-068-00001,loading,221.3,240.0,77048.25,33.8,True,True,5026.45,32839.41,False,False,False,95.7,24.0,[],1.0
5ca4e0b5-0384-4aa6-be1b-d83fe3d8628a,1.0,acme-mining,site-01,fleet_telemetry,ACME-S01-TRUCK-069,haul_truck,2026-09-01T20:17:58.253Z,1,-16.652075,-71.486412,188.4,0.9,Pit-A,cycle-acme-s01-truck-069-00001,loading,223.6,240.0,277188.92,77.4,True,True,17058.24,125707.16,False,False,False,91.6,24.7,[],1.0
0b3b3102-5bd7-4a2a-a058-affcd8672be2,1.0,acme-mining,site-01,fleet_telemetry,ACME-S01-TRUCK-070,haul_truck,2026-09-01T20:17:58.253Z,1,-16.610351,-71.466865,159.0,0.5,Pit-A,cycle-acme-s01-truck-070-00001,loading,222.5,240.0,263350.58,88.6,True,True,13068.12,605198.92,False,False,False,94.0,24.3,[],1.0
60e84e32-26de-4104-9b6a-19996c66ebad,1.0,acme-mining,site-01,fleet_telemetry,ACME-S01-TRUCK-071,haul_truck,2026-09-01T20:17:58.253Z,1,-16.534353,-71.521434,305.2,0.4,Pit-A,cycle-acme-s01-truck-071-00001,loading,216.0,240.0,54836.59,79.1,True,True,15441.03,415162.71,False,False,False,94.2,24.3,[],1.0
e846f918-a1da-40d1-92ca-8076aa28ca76,1.0,acme-mining,site-01,fleet_telemetry,ACME-S01-TRUCK-072,haul_truck,2026-09-01T20:17:58.253Z,1,-16.589446,-71.562903,3.3,0.7,Pit-A,cycle-acme-s01-truck-072-00001,loading,227.1,240.0,198486.35,50.9,True,True,17391.87,238738.37,False,False,False,110.3,24.4,"[""ENG_OVERHEAT""]",0.72
179c103d-0eb2-407e-a535-8e69b73efdae,1.0,acme-mining,site-01,fleet_telemetry,ACME-S01-TRUCK-073,haul_truck,2026-09-01T20:17:58.253Z,1,-16.557231,-71.547822,148.2,0.4,Pit-A,cycle-acme-s01-truck-073-00001,loading,216.1,240.0,289657.47,83.0,True,True,3037.43,625296.17,False,False,False,89.7,24.6,[],1.0
395c6a20-86de-4cac-a552-05389f56ff0d,1.0,acme-mining,site-01,fleet_telemetry,ACME-S01-TRUCK-074,haul_truck,2026-09-01T20:17:58.253Z,1,-16.538282,-71.522704,136.2,0.6,Pit-A,cycle-acme-s01-truck-074-00001,loading,224.8,240.0,350842.26,57.5,True,True,13857.34,599359.12,False,False,False,89.9,24.2,[],1.0
a9cefa0b-bb24-441a-93b3-f21f0bec3e96,1.0,acme-mining,site-01,fleet_telemetry,ACME-S01-TRUCK-075,haul_truck,2026-09-01T20:17:58.253Z,1,-16.596047,-71.519847,290.6,0.6,Pit-A,cycle-acme-s01-truck-075-00001,loading,225.2,240.0,397917.74,42.1,True,True,18411.5,74597.63,False,False,False,95.1,24.8,[],1.0
bdbb5bf9-89fe-48a3-b357-69844908e6f2,1.0,acme-mining,site-01,fleet_telemetry,ACME-S01-TRUCK-076,haul_truck,2026-09-01T20:17:58.253Z,1,-16.629064,-71.572755,307.2,0.4,Pit-A,cycle-acme-s01-truck-076-00001,loading,225.7,240.0,224521.99,49.8,True,True,11279.3,224758.93,False,False,False,90.1,24.1,[],1.0
a1e60ec1-1bc4-4f1e-8a83-486a7fdc2107,1.0,acme-mining,site-01,fleet_telemetry,ACME-S01-TRUCK-077,haul_truck,2026-09-01T20:17:58.253Z,1,-16.605372,-71.528672,224.1,0.4,Pit-A,cycle-acme-s01-truck-077-00001,loading,223.4,240.0,94064.85,41.9,True,True,12582.77,345475.17,False,False,False,88.7,24.1,[],1.0
fbb8fbba-6a80-4ae8-9e19-055d040594d3,1.0,acme-mining,site-01,fleet_telemetry,ACME-S01-TRUCK-078,haul_truck,2026-09-01T20:17:58.253Z,1,-16.634945,-71.506814,96.9,0.0,Pit-A,cycle-acme-s01-truck-078-00001,loading,222.4,240.0,358890.48,31.5,True,True,14493.14,329217.44,False,False,False,106.9,24.8,"[""ENG_OVERHEAT""]",0.72
aaeb211d-aecb-4980-944b-25a9d3e1c794,1.0,acme-mining,site-01,fleet_telemetry,ACME-S01-TRUCK-079,haul_truck,2026-09-01T20:17:58.253Z,1,-16.582338,-71.56121,123.1,1.1,Pit-A,cycle-acme-s01-truck-079-00001,loading,217.8,240.0,161253.27,94.8,True,True,8623.23,368687.96,False,False,False,90.9,24.2,[],1.0
634b6088-8c23-48cb-a9b7-d891cf29ee88,1.0,acme-mining,site-01,fleet_telemetry,ACME-S01-TRUCK-080,haul_truck,2026-09-01T20:17:58.253Z,1,-16.584662,-71.49555,118.9,1.2,Pit-A,cycle-acme-s01-truck-080-00001,loading,221.6,240.0,94737.11,33.4,True,True,6129.76,96013.21,False,False,False,93.9,25.0,[],1.0
faf7d725-1e93-45c6-a6b4-242bef242875,1.0,acme-mining,site-02,fleet_telemetry,ACME-S02-TRUCK-001,haul_truck,2026-09-01T20:17:58.253Z,1,-16.537063,-71.488508,266.2,1.0,Pit-A,cycle-acme-s02-truck-001-00001,loading,224.7,240.0,319615.38,60.0,True,True,4524.73,259530.69,False,False,False,86.9,24.1,[],1.0
32a2aba9-dfcb-4315-af4a-43d50a17ba39,1.0,acme-mining,site-02,fleet_telemetry,ACME-S02-TRUCK-002,haul_truck,2026-09-01T20:17:58.253Z,1,-16.601715,-71.552792,123.5,0.9,Pit-A,cycle-acme-s02-truck-002-00001,loading,226.0,240.0,44259.57,46.9,True,True,10047.86,309645.18,False,False,False,88.9,24.9,[],1.0
58b4f1d6-a50b-4387-af86-11d5b68b251b,1.0,acme-mining,site-02,fleet_telemetry,ACME-S02-TRUCK-003,haul_truck,2026-09-01T20:17:58.253Z,1,-16.5715,-71.484376,76.3,0.5,Pit-A,cycle-acme-s02-truck-003-00001,loading,220.0,240.0,152898.02,81.1,True,True,3241.68,33139.63,False,False,False,93.4,24.6,[],1.0
2ccd4f1d-02a7-49f5-889f-1635a0d11679,1.0,acme-mining,site-02,fleet_telemetry,ACME-S02-TRUCK-004,haul_truck,2026-09-01T20:17:58.253Z,1,-16.657816,-71.478216,250.2,1.1,Pit-A,cycle-acme-s02-truck-004-00001,loading,223.5,240.0,201697.69,53.0,True,True,10058.29,86693.78,False,False,False,95.9,24.7,[],1.0
5a562a27-c72e-44ed-bd4c-86bb87d1ece2,1.0,acme-mining,site-02,fleet_telemetry,ACME-S02-TRUCK-005,haul_truck,2026-09-01T20:17:58.253Z,1,-16.588808,-71.472552,21.6,0.6,Pit-A,cycle-acme-s02-truck-005-00001,loading,222.3,240.0,234612.66,33.0,True,True,7861.06,125923.61,False,False,False,88.6,24.1,[],1.0
841d7d01-5bae-4e78-bf5a-5dea69c9a72f,1.0,acme-mining,site-02,fleet_telemetry,ACME-S02-TRUCK-006,haul_truck,2026-09-01T20:17:58.253Z,1,-16.548766,-71.512619,24.0,1.0,Pit-A,cycle-acme-s02-truck-006-00001,loading,221.6,240.0,96799.61,67.2,True,True,5808.9,112259.86,False,False,False,95.5,24.7,[],1.0
19c1e756-0aae-46f0-a03c-fe578d23ca17,1.0,acme-mining,site-02,fleet_telemetry,ACME-S02-TRUCK-007,haul_truck,2026-09-01T20:17:58.253Z,1,-16.529272,-71.514621,105.3,1.0,Pit-A,cycle-acme-s02-truck-007-00001,loading,220.3,240.0,264965.98,72.7,True,True,10635.81,375153.36,False,False,False,87.1,25.0,[],1.0
ce9bafdb-508c-4fcf-8374-c56e75f7b78e,1.0,acme-mining,site-02,fleet_telemetry,ACME-S02-TRUCK-008,haul_truck,2026-09-01T20:17:58.253Z,1,-16.599647,-71.569049,325.3,0.6,Pit-A,cycle-acme-s02-truck-008-00001,loading,222.1,240.0,76421.28,29.8,True,True,19122.04,415146.97,False,False,False,93.1,24.5,[],1.0
81052289-fe2f-44ec-9376-8eb40a32148d,1.0,acme-mining,site-02,fleet_telemetry,ACME-S02-TRUCK-009,haul_truck,2026-09-01T20:17:58.253Z,1,-16.611402,-71.571568,201.8,0.9,Pit-A,cycle-acme-s02-truck-009-00001,loading,218.4,240.0,213166.71,27.6,True,True,8261.18,66740.11,False,False,False,95.7,24.8,[],1.0
38d9f5ea-8abf-4139-acc6-cb5c5f8f3810,1.0,acme-mining,site-02,fleet_telemetry,ACME-S02-TRUCK-010,haul_truck,2026-09-01T20:17:58.253Z,1,-16.543709,-71.47416,267.9,0.1,Pit-A,cycle-acme-s02-truck-010-00001,loading,219.7,240.0,213593.15,63.8,True,True,13838.18,339452.73,False,False,False,90.9,23.8,[],1.0
0b89671b-2a16-449e-8e59-d1d951210e02,1.0,acme-mining,site-02,fleet_telemetry,ACME-S02-TRUCK-011,haul_truck,2026-09-01T20:17:58.253Z,1,-16.6605,-71.60094,352.2,1.0,Pit-A,cycle-acme-s02-truck-011-00001,loading,219.6,240.0,219276.79,35.6,True,True,14618.96,222561.86,False,False,False,96.0,24.2,[],1.0
bfc338ea-41c2-4757-8923-0cd4a4cb0209,1.0,acme-mining,site-02,fleet_telemetry,ACME-S02-TRUCK-012,haul_truck,2026-09-01T20:17:58.253Z,1,-16.557181,-71.458942,356.4,0.1,Pit-A,cycle-acme-s02-truck-012-00001,loading,220.6,240.0,294295.94,27.7,True,True,21626.58,73127.35,False,False,False,96.0,25.1,[],1.0
2401c928-c185-47df-9202-c96de1c9396e,1.0,acme-mining,site-02,fleet_telemetry,ACME-S02-TRUCK-013,haul_truck,2026-09-01T20:17:58.253Z,1,-16.561776,-71.609122,49.4,1.4,Pit-A,cycle-acme-s02-truck-013-00001,loading,220.1,240.0,180463.31,79.2,True,True,8514.64,598300.18,False,False,False,89.9,24.8,[],1.0
43d835fd-ed7b-4da5-9543-cc2050f54f2b,1.0,acme-mining,site-02,fleet_telemetry,ACME-S02-TRUCK-014,haul_truck,2026-09-01T20:17:58.253Z,1,-16.554603,-71.51245,150.2,0.8,Pit-A,cycle-acme-s02-truck-014-00001,loading,226.5,240.0,308486.93,44.9,True,True,2197.33,79538.75,False,False,False,92.9,24.6,[],1.0
58f8a550-52f4-46d1-9340-b02c87a0cf27,1.0,acme-mining,site-02,fleet_telemetry,ACME-S02-TRUCK-015,haul_truck,2026-09-01T20:17:58.253Z,1,-16.515569,-71.505743,47.4,0.6,Pit-A,cycle-acme-s02-truck-015-00001,loading,223.3,240.0,72228.51,49.5,True,True,7867.28,387125.9,False,False,False,90.5,24.7,[],1.0
104adebd-7faa-4827-a893-6e9cde77a18f,1.0,acme-mining,site-02,fleet_telemetry,ACME-S02-TRUCK-016,haul_truck,2026-09-01T20:17:58.253Z,1,-16.617844,-71.597053,247.8,0.9,Pit-A,cycle-acme-s02-truck-016-00001,loading,218.4,240.0,255925.73,70.0,True,True,15827.28,73372.98,False,False,False,87.4,25.1,[],1.0
263d8e34-00ca-4027-b6a9-e6c2c2271025,1.0,acme-mining,site-02,fleet_telemetry,ACME-S02-TRUCK-017,haul_truck,2026-09-01T20:17:58.253Z,1,-16.620981,-71.465313,236.2,1.4,Pit-A,cycle-acme-s02-truck-017-00001,loading,226.9,240.0,233734.95,26.3,True,True,2781.2,442387.31,False,False,False,93.7,24.6,[],1.0
11d77e29-5b27-4626-9160-22e3f3cfe4cf,1.0,acme-mining,site-02,fleet_telemetry,ACME-S02-TRUCK-018,haul_truck,2026-09-01T20:17:58.253Z,1,-16.544301,-71.53627,66.3,0.2,Pit-A,cycle-acme-s02-truck-018-00001,loading,222.4,240.0,78175.9,45.7,True,True,4870.51,649985.27,False,False,False,93.2,25.0,[],1.0
6db4726f-a72c-403f-83e1-394ee1bbc860,1.0,acme-mining,site-02,fleet_telemetry,ACME-S02-TRUCK-019,haul_truck,2026-09-01T20:17:58.253Z,1,-16.610125,-71.59154,109.2,0.2,Pit-A,cycle-acme-s02-truck-019-00001,loading,219.8,240.0,347175.37,34.2,True,True,1600.25,232161.55,False,False,False,114.7,24.8,"[""ENG_OVERHEAT""]",0.72
58a15c3a-e3b4-4bb6-b069-901f26af6a4c,1.0,acme-mining,site-02,fleet_telemetry,ACME-S02-TRUCK-020,haul_truck,2026-09-01T20:17:58.253Z,1,-16.515266,-71.519805,67.6,1.2,Pit-A,cycle-acme-s02-truck-020-00001,loading,224.9,240.0,170291.76,75.4,True,True,16089.08,47526.23,False,False,False,87.5,24.0,[],1.0
d6831283-73b8-454d-bd6f-926de33b1a3b,1.0,acme-mining,site-02,fleet_telemetry,ACME-S02-TRUCK-021,haul_truck,2026-09-01T20:17:58.253Z,1,-16.525764,-71.586457,220.4,0.0,Pit-A,cycle-acme-s02-truck-021-00001,loading,223.4,240.0,434862.54,79.9,True,True,5760.86,170676.15,False,False,False,92.1,24.6,[],1.0
e83c08a1-94ea-4c37-8b26-f4960d93d892,1.0,acme-mining,site-02,fleet_telemetry,ACME-S02-TRUCK-022,haul_truck,2026-09-01T20:17:58.253Z,1,-16.586006,-71.462897,304.5,0.3,Pit-A,cycle-acme-s02-truck-022-00001,loading,217.0,240.0,133979.58,51.7,True,True,21670.13,310858.39,False,False,False,107.2,24.5,"[""ENG_OVERHEAT""]",0.72
1afed417-ad20-48cd-8b85-a04576a42ebd,1.0,acme-mining,site-02,fleet_telemetry,ACME-S02-TRUCK-023,haul_truck,2026-09-01T20:17:58.253Z,1,-16.520913,-71.503676,58.9,1.0,Pit-A,cycle-acme-s02-truck-023-00001,loading,220.6,240.0,221459.91,51.0,True,True,19307.64,52873.28,False,False,False,90.7,24.1,[],1.0
c445babe-919a-4fb3-aff9-bdec41ac1de6,1.0,acme-mining,site-02,fleet_telemetry,ACME-S02-TRUCK-024,haul_truck,2026-09-01T20:17:58.253Z,1,-16.646824,-71.547504,80.1,0.6,Pit-A,cycle-acme-s02-truck-024-00001,loading,227.1,240.0,130028.19,88.4,True,True,6843.34,500763.6,False,False,False,95.5,24.7,[],1.0
1f6984b7-c629-467f-8730-a53a7a9e83f0,1.0,acme-mining,site-02,fleet_telemetry,ACME-S02-TRUCK-025,haul_truck,2026-09-01T20:17:58.253Z,1,-16.606967,-71.557666,158.1,0.3,Pit-A,cycle-acme-s02-truck-025-00001,loading,218.1,240.0,419407.67,54.0,True,True,18114.11,577316.76,False,False,False,95.5,24.7,[],1.0
b44b610a-5795-4811-b979-fc657c9c6430,1.0,acme-mining,site-02,fleet_telemetry,ACME-S02-TRUCK-026,haul_truck,2026-09-01T20:17:58.253Z,1,-16.566406,-71.490879,279.4,1.0,Pit-A,cycle-acme-s02-truck-026-00001,loading,226.7,240.0,419563.42,83.7,True,True,8748.15,37758.16,False,False,False,90.3,24.7,[],1.0
9a51ee4b-5a07-4b70-8522-2ed8c2a3fe34,1.0,acme-mining,site-02,fleet_telemetry,ACME-S02-TRUCK-027,haul_truck,2026-09-01T20:17:58.253Z,1,-16.595342,-71.519044,205.8,1.2,Pit-A,cycle-acme-s02-truck-027-00001,loading,220.7,240.0,375688.63,78.1,True,True,20248.8,317646.61,False,False,False,95.4,24.6,[],1.0
c29f31c9-433b-4e4b-a08f-747655441b12,1.0,acme-mining,site-02,fleet_telemetry,ACME-S02-TRUCK-028,haul_truck,2026-09-01T20:17:58.253Z,1,-16.585957,-71.59971,164.4,1.0,Pit-A,cycle-acme-s02-truck-028-00001,loading,216.5,240.0,251473.89,75.9,True,True,6225.59,546026.75,False,False,False,87.1,25.0,[],1.0
50c03615-6976-4ca2-8870-bb6a3e0c4181,1.0,acme-mining,site-02,fleet_telemetry,ACME-S02-TRUCK-029,haul_truck,2026-09-01T20:17:58.253Z,1,-16.660351,-71.48363,14.1,1.3,Pit-A,cycle-acme-s02-truck-029-00001,loading,222.5,240.0,291138.78,68.6,True,True,3383.19,170216.89,False,False,False,95.8,24.3,[],1.0
03966ac8-26e2-4b68-bfc9-ba1cebbf8efe,1.0,acme-mining,site-02,fleet_telemetry,ACME-S02-TRUCK-030,haul_truck,2026-09-01T20:17:58.253Z,1,-16.601722,-71.51913,318.3,1.1,Pit-A,cycle-acme-s02-truck-030-00001,loading,218.3,240.0,116452.8,35.0,True,True,1148.43,344686.71,False,False,False,90.4,24.9,[],1.0
156a552d-78b5-4e79-8803-f4dd68a35b6d,1.0,acme-mining,site-02,fleet_telemetry,ACME-S02-TRUCK-031,haul_truck,2026-09-01T20:17:58.253Z,1,-16.517855,-71.530447,248.3,0.4,Pit-A,cycle-acme-s02-truck-031-00001,loading,219.5,240.0,240333.22,50.2,True,True,4771.06,440975.39,False,False,False,95.2,25.1,[],1.0
222df43a-5be3-4533-ba2d-732c718081aa,1.0,acme-mining,site-02,fleet_telemetry,ACME-S02-TRUCK-032,haul_truck,2026-09-01T20:17:58.253Z,1,-16.513434,-71.576916,64.7,0.7,Pit-A,cycle-acme-s02-truck-032-00001,loading,217.1,240.0,216859.45,69.5,True,True,12548.02,265985.85,False,False,False,91.0,24.6,[],1.0
fafb252b-a790-4407-a1b7-a75349ea83f0,1.0,acme-mining,site-02,fleet_telemetry,ACME-S02-TRUCK-033,haul_truck,2026-09-01T20:17:58.253Z,1,-16.55277,-71.564297,9.0,1.3,Pit-A,cycle-acme-s02-truck-033-00001,loading,220.7,240.0,286433.08,79.0,True,True,8109.81,481752.85,False,False,False,89.2,24.4,[],1.0
bff3c0d9-93ff-4dde-923d-08f5446907ad,1.0,acme-mining,site-02,fleet_telemetry,ACME-S02-TRUCK-034,haul_truck,2026-09-01T20:17:58.253Z,1,-16.513469,-71.540935,116.6,1.3,Pit-A,cycle-acme-s02-truck-034-00001,loading,226.6,240.0,375368.83,72.9,True,True,7977.2,424961.24,False,False,False,86.9,24.7,[],1.0
a7cdb5ee-ccae-418b-966a-3d05ef7c0069,1.0,acme-mining,site-02,fleet_telemetry,ACME-S02-TRUCK-035,haul_truck,2026-09-01T20:17:58.253Z,1,-16.663391,-71.585585,254.2,1.1,Pit-A,cycle-acme-s02-truck-035-00001,loading,224.8,240.0,211379.03,45.5,True,True,2137.73,508999.95,False,False,False,86.9,24.7,[],1.0
933904a7-b696-4a9f-8d6b-14cc5e9d740b,1.0,acme-mining,site-02,fleet_telemetry,ACME-S02-TRUCK-036,haul_truck,2026-09-01T20:17:58.253Z,1,-16.549873,-71.586923,220.3,0.1,Pit-A,cycle-acme-s02-truck-036-00001,loading,224.7,240.0,248933.53,42.7,True,True,11726.13,643147.3,False,False,False,95.8,24.0,[],1.0
7fadd557-a9de-46b8-b2ee-0f3c3ae6d500,1.0,acme-mining,site-02,fleet_telemetry,ACME-S02-TRUCK-037,haul_truck,2026-09-01T20:17:58.253Z,1,-16.528082,-71.498571,310.5,0.8,Pit-A,cycle-acme-s02-truck-037-00001,loading,218.1,240.0,64769.02,50.8,True,True,19154.92,229112.55,False,False,False,113.8,24.0,"[""ENG_OVERHEAT""]",0.72
75e10b43-ae5a-40a4-928e-0e4a13cd638e,1.0,acme-mining,site-02,fleet_telemetry,ACME-S02-TRUCK-038,haul_truck,2026-09-01T20:17:58.253Z,1,-16.542833,-71.574825,262.8,0.2,Pit-A,cycle-acme-s02-truck-038-00001,loading,216.6,240.0,314510.16,50.7,True,True,7987.58,137694.85,False,False,False,89.1,25.1,[],1.0
035db01d-71d2-4d17-b290-52c0525bc2db,1.0,acme-mining,site-02,fleet_telemetry,ACME-S02-TRUCK-039,haul_truck,2026-09-01T20:17:58.253Z,1,-16.619006,-71.604689,1.3,0.4,Pit-A,cycle-acme-s02-truck-039-00001,loading,226.8,240.0,371830.18,63.2,True,True,2473.25,399545.58,False,False,False,95.6,24.9,[],1.0
eade5930-5568-4ef2-a51b-68d243fc6146,1.0,acme-mining,site-02,fleet_telemetry,ACME-S02-TRUCK-040,haul_truck,2026-09-01T20:17:58.253Z,1,-16.598859,-71.50121,218.8,0.0,Pit-A,cycle-acme-s02-truck-040-00001,loading,222.0,240.0,83323.72,56.1,True,True,10253.42,472127.63,False,False,False,94.1,24.5,[],1.0
5a39e27b-8fdc-434e-8b77-42ba0f882835,1.0,acme-mining,site-02,fleet_telemetry,ACME-S02-TRUCK-041,haul_truck,2026-09-01T20:17:58.253Z,1,-16.568398,-71.55937,216.4,0.3,Pit-A,cycle-acme-s02-truck-041-00001,loading,221.4,240.0,427077.95,30.3,True,True,6620.58,637417.19,False,False,False,90.4,23.8,[],1.0
3ae77d1c-642f-4cfa-b1e5-963e2985ec22,1.0,acme-mining,site-02,fleet_telemetry,ACME-S02-TRUCK-042,haul_truck,2026-09-01T20:17:58.253Z,1,-16.664832,-71.606743,74.7,1.3,Pit-A,cycle-acme-s02-truck-042-00001,loading,223.5,240.0,277332.1,79.7,True,True,20999.14,109951.07,False,False,False,94.2,24.1,[],1.0
44723e04-0bad-4d4f-83ea-4a8e09c7d0b5,1.0,acme-mining,site-02,fleet_telemetry,ACME-S02-TRUCK-043,haul_truck,2026-09-01T20:17:58.253Z,1,-16.598412,-71.558146,208.1,0.1,Pit-A,cycle-acme-s02-truck-043-00001,loading,217.7,240.0,24249.56,35.7,True,True,8477.59,618164.28,False,False,False,86.3,24.6,[],1.0
92fdc630-174a-488b-9cd7-85d0f50efe3e,1.0,acme-mining,site-02,fleet_telemetry,ACME-S02-TRUCK-044,haul_truck,2026-09-01T20:17:58.253Z,1,-16.630462,-71.599348,58.1,0.5,Pit-A,cycle-acme-s02-truck-044-00001,loading,217.3,240.0,185135.0,70.5,True,True,12967.14,353559.73,False,False,False,95.9,24.2,[],1.0
af08792b-2ab2-4380-befa-b6ca4ebe21e4,1.0,acme-mining,site-02,fleet_telemetry,ACME-S02-TRUCK-045,haul_truck,2026-09-01T20:17:58.253Z,1,-16.557754,-71.583169,347.8,1.0,Pit-A,cycle-acme-s02-truck-045-00001,loading,222.9,240.0,61814.86,79.2,True,True,11776.2,595531.78,False,False,False,91.6,24.8,[],1.0
ae1e7bf7-10fd-4b51-ad55-1929edb08fb0,1.0,acme-mining,site-02,fleet_telemetry,ACME-S02-TRUCK-046,haul_truck,2026-09-01T20:17:58.253Z,1,-16.556261,-71.457938,295.2,0.5,Pit-A,cycle-acme-s02-truck-046-00001,loading,225.2,240.0,42582.92,37.1,True,True,5043.78,105508.9,False,False,False,114.1,24.9,"[""ENG_OVERHEAT""]",0.72
daefb8ad-9b19-4d65-b6a4-b7ff817f0561,1.0,acme-mining,site-02,fleet_telemetry,ACME-S02-TRUCK-047,haul_truck,2026-09-01T20:17:58.253Z,1,-16.622407,-71.592299,309.3,1.3,Pit-A,cycle-acme-s02-truck-047-00001,loading,221.6,240.0,251998.76,45.3,True,True,14958.2,467010.51,False,False,False,87.2,24.3,[],1.0
69f1e1f0-dd37-4edf-bff1-c91bc492c328,1.0,acme-mining,site-02,fleet_telemetry,ACME-S02-TRUCK-048,haul_truck,2026-09-01T20:17:58.253Z,1,-16.64818,-71.49104,205.6,0.6,Pit-A,cycle-acme-s02-truck-048-00001,loading,218.5,240.0,63399.5,39.1,True,True,17626.36,340516.12,False,False,False,86.6,25.2,[],1.0
9d0988c0-7932-4070-a836-645dd16100bd,1.0,acme-mining,site-02,fleet_telemetry,ACME-S02-TRUCK-049,haul_truck,2026-09-01T20:17:58.253Z,1,-16.528921,-71.60698,283.7,0.8,Pit-A,cycle-acme-s02-truck-049-00001,loading,224.7,240.0,442525.28,34.1,True,True,12932.28,314465.68,False,False,False,92.0,24.8,[],1.0
9bf93de3-b3cf-4911-9ea1-052c4d5e27ca,1.0,acme-mining,site-02,fleet_telemetry,ACME-S02-TRUCK-050,haul_truck,2026-09-01T20:17:58.253Z,1,-16.514819,-71.514726,224.3,0.6,Pit-A,cycle-acme-s02-truck-050-00001,loading,219.1,240.0,372269.36,30.2,True,True,11944.75,504573.67,False,False,False,91.8,25.1,[],1.0
2a796da0-91da-49c3-9ad2-a0308715651c,1.0,acme-mining,site-02,fleet_telemetry,ACME-S02-TRUCK-051,haul_truck,2026-09-01T20:17:58.253Z,1,-16.641286,-71.462898,290.8,0.9,Pit-A,cycle-acme-s02-truck-051-00001,loading,224.8,240.0,353315.71,69.8,True,True,8103.71,573114.9,False,False,False,91.0,25.0,[],1.0
07921260-46a1-4ac6-a24e-19a0272febf0,1.0,acme-mining,site-02,fleet_telemetry,ACME-S02-TRUCK-052,haul_truck,2026-09-01T20:17:58.253Z,1,-16.520842,-71.581425,167.3,0.3,Pit-A,cycle-acme-s02-truck-052-00001,loading,218.3,240.0,143814.82,36.3,True,True,18425.49,346404.34,False,False,False,87.2,24.9,[],1.0
85fb2448-78d0-4867-983a-7a9bc13e1855,1.0,acme-mining,site-02,fleet_telemetry,ACME-S02-TRUCK-053,haul_truck,2026-09-01T20:17:58.253Z,1,-16.582265,-71.597473,16.4,1.1,Pit-A,cycle-acme-s02-truck-053-00001,loading,223.4,240.0,120266.36,69.5,True,True,19772.43,552938.24,False,False,False,90.1,24.3,[],1.0
821b367a-3e9d-4ff3-a586-95b8850c4cdc,1.0,acme-mining,site-02,fleet_telemetry,ACME-S02-TRUCK-054,haul_truck,2026-09-01T20:17:58.253Z,1,-16.643008,-71.517583,91.6,1.2,Pit-A,cycle-acme-s02-truck-054-00001,loading,223.7,240.0,270395.74,65.6,True,True,2780.68,423822.08,False,False,False,92.9,23.9,[],1.0
5b3d7470-8240-425c-9187-a64a386d996b,1.0,acme-mining,site-02,fleet_telemetry,ACME-S02-TRUCK-055,haul_truck,2026-09-01T20:17:58.253Z,1,-16.663126,-71.514867,119.9,0.5,Pit-A,cycle-acme-s02-truck-055-00001,loading,225.2,240.0,373103.98,27.0,True,True,18661.64,375079.36,False,False,False,87.1,24.4,[],1.0
788e56a6-a4a4-448a-a894-a9206d621df3,1.0,acme-mining,site-02,fleet_telemetry,ACME-S02-TRUCK-056,haul_truck,2026-09-01T20:17:58.253Z,1,-16.570054,-71.571153,300.1,0.9,Pit-A,cycle-acme-s02-truck-056-00001,loading,226.0,240.0,291156.14,59.9,True,True,17059.53,282449.67,False,False,False,87.9,25.1,[],1.0
d448d3dc-7ef5-4242-9262-9159775c7046,1.0,acme-mining,site-02,fleet_telemetry,ACME-S02-TRUCK-057,haul_truck,2026-09-01T20:17:58.253Z,1,-16.560222,-71.592207,55.9,0.7,Pit-A,cycle-acme-s02-truck-057-00001,loading,216.4,240.0,188680.73,56.7,True,True,5991.41,528630.07,False,False,False,87.4,24.4,[],1.0
7796379f-5136-4604-b005-83817f1951e0,1.0,acme-mining,site-02,fleet_telemetry,ACME-S02-TRUCK-058,haul_truck,2026-09-01T20:17:58.253Z,1,-16.552928,-71.479776,333.9,1.3,Pit-A,cycle-acme-s02-truck-058-00001,loading,221.5,240.0,147536.32,75.3,True,True,5125.29,402195.97,False,False,False,94.1,23.9,[],1.0
a39a0530-67e1-45c1-866e-3ca70740a471,1.0,acme-mining,site-02,fleet_telemetry,ACME-S02-TRUCK-059,haul_truck,2026-09-01T20:17:58.253Z,1,-16.650796,-71.545565,6.7,0.8,Pit-A,cycle-acme-s02-truck-059-00001,loading,224.1,240.0,56720.95,41.9,True,True,16926.1,344437.49,False,False,False,91.6,24.6,[],1.0
06a1da82-749d-4919-900e-753a164f50eb,1.0,acme-mining,site-02,fleet_telemetry,ACME-S02-TRUCK-060,haul_truck,2026-09-01T20:17:58.253Z,1,-16.531951,-71.591948,53.7,0.5,Pit-A,cycle-acme-s02-truck-060-00001,loading,225.5,240.0,280766.09,42.4,True,True,6952.5,262014.4,False,False,False,86.7,25.0,[],1.0
58c47496-53ee-4397-9796-51746e08283b,1.0,acme-mining,site-02,fleet_telemetry,ACME-S02-TRUCK-061,haul_truck,2026-09-01T20:17:58.253Z,1,-16.59571,-71.476848,218.0,0.5,Pit-A,cycle-acme-s02-truck-061-00001,loading,222.4,240.0,80110.68,94.7,True,True,16087.92,139595.48,False,False,False,87.7,24.1,[],1.0
8ea06787-7da0-4614-bfc4-e03dc51c7f51,1.0,acme-mining,site-02,fleet_telemetry,ACME-S02-TRUCK-062,haul_truck,2026-09-01T20:17:58.253Z,1,-16.613937,-71.609414,255.5,0.2,Pit-A,cycle-acme-s02-truck-062-00001,loading,219.7,240.0,435342.14,40.1,True,True,20838.94,338430.01,False,False,False,94.6,24.2,[],1.0
96c3c01f-e1aa-496a-ba5a-584b18d7124a,1.0,acme-mining,site-02,fleet_telemetry,ACME-S02-TRUCK-063,haul_truck,2026-09-01T20:17:58.253Z,1,-16.628084,-71.558976,108.9,0.1,Pit-A,cycle-acme-s02-truck-063-00001,loading,220.5,240.0,57298.74,34.4,True,True,6857.87,25151.77,False,False,False,94.3,24.5,[],1.0
1dfbd1b6-b3af-446a-b899-ad3f9a0282eb,1.0,acme-mining,site-02,fleet_telemetry,ACME-S02-TRUCK-064,haul_truck,2026-09-01T20:17:58.253Z,1,-16.658635,-71.536819,33.3,0.3,Pit-A,cycle-acme-s02-truck-064-00001,loading,216.4,240.0,95648.35,63.7,True,True,9292.33,379277.44,False,False,False,88.0,24.5,[],1.0
5790549a-c632-40df-92bc-746b08f654a4,1.0,acme-mining,site-02,fleet_telemetry,ACME-S02-TRUCK-065,haul_truck,2026-09-01T20:17:58.253Z,1,-16.654931,-71.557788,174.0,1.2,Pit-A,cycle-acme-s02-truck-065-00001,loading,217.8,240.0,278859.0,34.0,True,True,18296.6,412642.2,False,False,False,89.4,25.0,[],1.0
766f877f-367c-4b14-a3f3-ef057a158040,1.0,acme-mining,site-02,fleet_telemetry,ACME-S02-TRUCK-066,haul_truck,2026-09-01T20:17:58.253Z,1,-16.590388,-71.610251,353.5,0.5,Pit-A,cycle-acme-s02-truck-066-00001,loading,225.2,240.0,97585.49,60.6,True,True,20705.71,495628.06,False,False,False,87.0,24.5,[],1.0
4ba76950-4bb0-4b1c-9fe7-ccbaaf58137f,1.0,acme-mining,site-02,fleet_telemetry,ACME-S02-TRUCK-067,haul_truck,2026-09-01T20:17:58.253Z,1,-16.648035,-71.468481,311.2,1.5,Pit-A,cycle-acme-s02-truck-067-00001,loading,216.4,240.0,75533.91,87.5,True,True,17844.08,347179.61,False,False,False,89.9,24.0,[],1.0
a594c213-3179-4a8c-ae14-e321cb25865e,1.0,acme-mining,site-02,fleet_telemetry,ACME-S02-TRUCK-068,haul_truck,2026-09-01T20:17:58.253Z,1,-16.537874,-71.532326,320.0,0.5,Pit-A,cycle-acme-s02-truck-068-00001,loading,226.2,240.0,141663.13,48.5,True,True,21801.06,485771.2,False,False,False,109.0,23.9,"[""ENG_OVERHEAT""]",0.72
59067353-22c7-4c87-be5b-fd7f55b4982d,1.0,acme-mining,site-02,fleet_telemetry,ACME-S02-TRUCK-069,haul_truck,2026-09-01T20:17:58.253Z,1,-16.603754,-71.568272,229.9,1.1,Pit-A,cycle-acme-s02-truck-069-00001,loading,216.3,240.0,155745.44,32.7,True,True,10867.72,30481.28,False,False,False,93.6,24.1,[],1.0
1e5a5c8c-393c-4fe2-a23f-6b9039d454e3,1.0,acme-mining,site-02,fleet_telemetry,ACME-S02-TRUCK-070,haul_truck,2026-09-01T20:17:58.253Z,1,-16.577844,-71.581093,241.5,0.3,Pit-A,cycle-acme-s02-truck-070-00001,loading,222.4,240.0,298460.05,93.0,True,True,13454.49,187284.18,False,False,False,93.7,24.2,[],1.0
ad1e34d3-c486-4451-95e9-b42d62ba9a7d,1.0,acme-mining,site-02,fleet_telemetry,ACME-S02-TRUCK-071,haul_truck,2026-09-01T20:17:58.253Z,1,-16.646756,-71.508584,36.8,0.2,Pit-A,cycle-acme-s02-truck-071-00001,loading,227.5,240.0,282683.77,83.9,True,True,4414.86,416285.9,False,False,False,91.6,24.6,[],1.0
f8a17b7c-a516-4796-b853-c5a2ce78c488,1.0,acme-mining,site-02,fleet_telemetry,ACME-S02-TRUCK-072,haul_truck,2026-09-01T20:17:58.253Z,1,-16.637777,-71.537209,206.6,0.8,Pit-A,cycle-acme-s02-truck-072-00001,loading,227.3,240.0,194263.35,53.9,True,True,4844.63,297854.3,False,False,False,94.0,24.0,[],1.0
27b7134e-61d7-4bdc-a2a8-d7b9c99780dc,1.0,acme-mining,site-02,fleet_telemetry,ACME-S02-TRUCK-073,haul_truck,2026-09-01T20:17:58.253Z,1,-16.637225,-71.565492,10.4,0.5,Pit-A,cycle-acme-s02-truck-073-00001,loading,222.5,240.0,37403.79,34.7,True,True,19303.74,483577.48,False,False,False,86.5,25.1,[],1.0
ed955cab-81e2-4539-8d60-729b6b567607,1.0,acme-mining,site-02,fleet_telemetry,ACME-S02-TRUCK-074,haul_truck,2026-09-01T20:17:58.253Z,1,-16.582996,-71.509361,253.6,0.1,Pit-A,cycle-acme-s02-truck-074-00001,loading,217.0,240.0,212251.97,62.3,True,True,8788.69,622711.86,False,False,False,89.9,25.0,[],1.0
27997417-c5f1-4982-ae31-788b24fff6e9,1.0,acme-mining,site-02,fleet_telemetry,ACME-S02-TRUCK-075,haul_truck,2026-09-01T20:17:58.253Z,1,-16.634421,-71.461834,119.6,0.9,Pit-A,cycle-acme-s02-truck-075-00001,loading,221.4,240.0,118468.44,64.1,True,True,13733.62,141126.43,False,False,False,89.6,24.1,[],1.0
8e949c34-411a-4065-98ae-7afd1bf1c364,1.0,acme-mining,site-02,fleet_telemetry,ACME-S02-TRUCK-076,haul_truck,2026-09-01T20:17:58.253Z,1,-16.580722,-71.467982,275.1,1.1,Pit-A,cycle-acme-s02-truck-076-00001,loading,216.9,240.0,225161.37,58.6,True,True,15743.9,454851.15,False,False,False,95.2,24.6,[],1.0
59b94708-8599-4d65-8df6-34224bece872,1.0,acme-mining,site-02,fleet_telemetry,ACME-S02-TRUCK-077,haul_truck,2026-09-01T20:17:58.253Z,1,-16.53946,-71.464763,111.7,0.1,Pit-A,cycle-acme-s02-truck-077-00001,loading,224.4,240.0,177065.46,93.6,True,True,3383.73,446272.02,False,False,False,87.0,24.7,[],1.0
dad8db6b-b14f-4808-bc15-9993963bd73e,1.0,acme-mining,site-02,fleet_telemetry,ACME-S02-TRUCK-078,haul_truck,2026-09-01T20:17:58.253Z,1,-16.565444,-71.497926,322.4,1.1,Pit-A,cycle-acme-s02-truck-078-00001,loading,227.4,240.0,44772.97,89.7,True,True,1691.81,621847.64,False,False,False,87.4,24.2,[],1.0
c4229988-9648-4486-beac-25db5e7c54c2,1.0,acme-mining,site-02,fleet_telemetry,ACME-S02-TRUCK-079,haul_truck,2026-09-01T20:17:58.253Z,1,-16.551857,-71.579215,309.8,0.5,Pit-A,cycle-acme-s02-truck-079-00001,loading,227.0,240.0,129513.46,32.6,True,True,6548.02,374071.35,False,False,False,89.3,24.3,[],1.0
0c107584-f52c-4c96-85e1-8a1ff49dac13,1.0,acme-mining,site-02,fleet_telemetry,ACME-S02-TRUCK-080,haul_truck,2026-09-01T20:17:58.253Z,1,-16.594815,-71.508509,304.4,0.7,Pit-A,cycle-acme-s02-truck-080-00001,loading,217.4,240.0,54087.12,48.1,True,True,5584.24,166687.03,False,False,False,90.8,24.2,[],1.0
be7b8076-48e0-407b-ac0e-0d7effc42964,1.0,beta-minerals,north-site,fleet_telemetry,BETA-NORTH-TRUCK-001,haul_truck,2026-09-01T20:17:58.253Z,1,-16.562058,-71.591203,292.5,0.1,Pit-A,cycle-beta-north-truck-001-00001,loading,228.0,240.0,383639.22,70.4,True,True,17975.94,92503.72,False,False,False,88.6,24.0,[],1.0
32581bcc-4844-4e41-9688-8b030f97699b,1.0,beta-minerals,north-site,fleet_telemetry,BETA-NORTH-TRUCK-002,haul_truck,2026-09-01T20:17:58.253Z,1,-16.596471,-71.489859,232.3,0.1,Pit-A,cycle-beta-north-truck-002-00001,loading,218.4,240.0,155635.47,54.8,True,True,11739.07,367703.48,False,False,False,89.9,24.0,[],1.0
4ce20b07-f006-4fde-bc0f-c739ffd5e04c,1.0,beta-minerals,north-site,fleet_telemetry,BETA-NORTH-TRUCK-003,haul_truck,2026-09-01T20:17:58.253Z,1,-16.638828,-71.522747,158.9,0.8,Pit-A,cycle-beta-north-truck-003-00001,loading,223.4,240.0,22844.62,68.0,True,True,14378.15,292244.71,False,False,False,87.1,24.2,[],1.0
8dcdb4b7-676d-46be-b313-5de63929fca5,1.0,beta-minerals,north-site,fleet_telemetry,BETA-NORTH-TRUCK-004,haul_truck,2026-09-01T20:17:58.253Z,1,-16.65412,-71.477983,6.8,0.1,Pit-A,cycle-beta-north-truck-004-00001,loading,224.7,240.0,365841.13,29.4,True,True,5162.63,493965.06,False,False,False,93.8,24.5,[],1.0
d5567bee-edc7-4ee3-b0c5-18b782dca91f,1.0,beta-minerals,north-site,fleet_telemetry,BETA-NORTH-TRUCK-005,haul_truck,2026-09-01T20:17:58.253Z,1,-16.515853,-71.567355,118.7,1.0,Pit-A,cycle-beta-north-truck-005-00001,loading,216.5,240.0,305108.65,59.3,True,True,4977.98,91791.63,False,False,False,107.4,24.3,"[""ENG_OVERHEAT""]",0.72
25d2350f-5a40-48a2-8e1c-468e827c22b5,1.0,beta-minerals,north-site,fleet_telemetry,BETA-NORTH-TRUCK-006,haul_truck,2026-09-01T20:17:58.253Z,1,-16.540202,-71.504542,145.4,0.0,Pit-A,cycle-beta-north-truck-006-00001,loading,225.3,240.0,382027.85,68.2,True,True,13244.5,239192.52,False,False,False,90.8,24.8,[],1.0
cf6366a5-fa66-47a4-989d-975d8a32f293,1.0,beta-minerals,north-site,fleet_telemetry,BETA-NORTH-TRUCK-007,haul_truck,2026-09-01T20:17:58.253Z,1,-16.641113,-71.50655,248.1,1.2,Pit-A,cycle-beta-north-truck-007-00001,loading,218.7,240.0,61859.15,46.4,True,True,2596.74,104387.1,False,False,False,89.8,24.9,[],1.0
f868b797-0628-4f54-89c1-2f2d0260c277,1.0,beta-minerals,north-site,fleet_telemetry,BETA-NORTH-TRUCK-008,haul_truck,2026-09-01T20:17:58.253Z,1,-16.584419,-71.470434,109.0,0.2,Pit-A,cycle-beta-north-truck-008-00001,loading,227.9,240.0,196137.08,59.1,True,True,13444.23,382127.81,False,False,False,89.3,23.9,[],1.0
9ad2bca2-589b-416a-bdbb-2ef73227f1d3,1.0,beta-minerals,north-site,fleet_telemetry,BETA-NORTH-TRUCK-009,haul_truck,2026-09-01T20:17:58.253Z,1,-16.59824,-71.608922,122.4,1.5,Pit-A,cycle-beta-north-truck-009-00001,loading,220.4,240.0,71730.49,47.0,True,True,12564.15,328474.48,False,False,False,94.5,25.0,[],1.0
0cd21e1f-49ad-4248-add5-5291d8477269,1.0,beta-minerals,north-site,fleet_telemetry,BETA-NORTH-TRUCK-010,haul_truck,2026-09-01T20:17:58.253Z,1,-16.565909,-71.552039,348.2,1.1,Pit-A,cycle-beta-north-truck-010-00001,loading,218.4,240.0,178935.46,64.3,True,True,11073.71,142930.95,False,False,False,91.5,24.7,[],1.0
70ddb5ff-750e-4b49-ae5d-567328c53b36,1.0,beta-minerals,north-site,fleet_telemetry,BETA-NORTH-TRUCK-011,haul_truck,2026-09-01T20:17:58.253Z,1,-16.623666,-71.573524,175.1,0.4,Pit-A,cycle-beta-north-truck-011-00001,loading,217.3,240.0,23578.73,78.3,True,True,11160.43,72082.49,False,False,False,92.9,25.0,[],1.0
a9ffd4ab-dc64-4df3-8eef-7b79563dba36,1.0,beta-minerals,north-site,fleet_telemetry,BETA-NORTH-TRUCK-012,haul_truck,2026-09-01T20:17:58.253Z,1,-16.588671,-71.525866,358.6,0.7,Pit-A,cycle-beta-north-truck-012-00001,loading,216.4,240.0,349920.98,59.7,True,True,17351.69,376359.79,False,False,False,86.3,24.1,[],1.0
5f4662a8-ccb5-4777-8477-e19c577c6091,1.0,beta-minerals,north-site,fleet_telemetry,BETA-NORTH-TRUCK-013,haul_truck,2026-09-01T20:17:58.253Z,1,-16.555363,-71.530083,347.3,0.6,Pit-A,cycle-beta-north-truck-013-00001,loading,223.7,240.0,371948.83,27.9,True,True,18253.6,251122.92,False,False,False,91.0,24.9,[],1.0
27739b64-e43d-4dc2-a09f-944fc3bb1334,1.0,beta-minerals,north-site,fleet_telemetry,BETA-NORTH-TRUCK-014,haul_truck,2026-09-01T20:17:58.253Z,1,-16.665243,-71.57545,145.9,1.4,Pit-A,cycle-beta-north-truck-014-00001,loading,220.1,240.0,118913.93,86.2,True,True,16402.96,431813.17,False,False,False,112.5,24.1,"[""ENG_OVERHEAT""]",0.72
f59e55a3-2530-449c-9b85-e8f159c38397,1.0,beta-minerals,north-site,fleet_telemetry,BETA-NORTH-TRUCK-015,haul_truck,2026-09-01T20:17:58.253Z,1,-16.540688,-71.523432,193.1,1.0,Pit-A,cycle-beta-north-truck-015-00001,loading,227.3,240.0,351277.95,41.6,True,True,10108.28,646193.34,False,False,False,94.7,24.8,[],1.0
2452c675-3b56-46b8-9752-d60bdf35a5b2,1.0,beta-minerals,north-site,fleet_telemetry,BETA-NORTH-TRUCK-016,haul_truck,2026-09-01T20:17:58.253Z,1,-16.660903,-71.56137,6.9,0.3,Pit-A,cycle-beta-north-truck-016-00001,loading,224.8,240.0,100912.67,39.5,True,True,4318.81,107718.03,False,False,False,90.9,25.1,[],1.0
07b16d3b-bda9-4f90-989f-2e999865c26c,1.0,beta-minerals,north-site,fleet_telemetry,BETA-NORTH-TRUCK-017,haul_truck,2026-09-01T20:17:58.253Z,1,-16.518016,-71.535194,227.7,0.9,Pit-A,cycle-beta-north-truck-017-00001,loading,223.8,240.0,138759.29,65.1,True,True,4369.6,636770.1,False,False,False,86.1,25.1,[],1.0
3c120dc6-39a5-4ba9-8fd9-407887ef8fb2,1.0,beta-minerals,north-site,fleet_telemetry,BETA-NORTH-TRUCK-018,haul_truck,2026-09-01T20:17:58.253Z,1,-16.626028,-71.512557,23.0,1.2,Pit-A,cycle-beta-north-truck-018-00001,loading,223.3,240.0,191102.36,29.1,True,True,3674.49,492559.31,False,False,False,94.4,24.9,[],1.0
ad0bf079-25fe-42d9-a5df-b7520a870c62,1.0,beta-minerals,north-site,fleet_telemetry,BETA-NORTH-TRUCK-019,haul_truck,2026-09-01T20:17:58.253Z,1,-16.562202,-71.539187,72.9,0.2,Pit-A,cycle-beta-north-truck-019-00001,loading,223.4,240.0,374532.01,78.3,True,True,6093.16,468178.76,False,False,False,86.6,24.3,[],1.0
977a8e8c-b935-4bd1-85d6-1f5af4305d0d,1.0,beta-minerals,north-site,fleet_telemetry,BETA-NORTH-TRUCK-020,haul_truck,2026-09-01T20:17:58.253Z,1,-16.547379,-71.553044,246.2,1.3,Pit-A,cycle-beta-north-truck-020-00001,loading,220.8,240.0,43227.18,80.6,True,True,14109.63,256358.57,False,False,False,87.2,24.6,[],1.0
e6c69d0d-3e8f-42ba-be03-e12fdcabd61a,1.0,beta-minerals,north-site,fleet_telemetry,BETA-NORTH-TRUCK-021,haul_truck,2026-09-01T20:17:58.253Z,1,-16.534853,-71.602597,62.4,0.5,Pit-A,cycle-beta-north-truck-021-00001,loading,218.6,240.0,266060.46,85.8,True,True,10439.55,327468.02,False,False,False,86.5,23.9,[],1.0
0de401ff-1aab-4df3-9770-d96ff5388787,1.0,beta-minerals,north-site,fleet_telemetry,BETA-NORTH-TRUCK-022,haul_truck,2026-09-01T20:17:58.253Z,1,-16.538424,-71.538346,59.4,0.4,Pit-A,cycle-beta-north-truck-022-00001,loading,218.0,240.0,184995.0,92.8,True,True,18822.25,521277.09,False,False,False,89.7,24.1,[],1.0
06d6c4af-31e8-4a1c-bb21-b65dabf3a430,1.0,beta-minerals,north-site,fleet_telemetry,BETA-NORTH-TRUCK-023,haul_truck,2026-09-01T20:17:58.253Z,1,-16.615402,-71.508292,135.4,0.9,Pit-A,cycle-beta-north-truck-023-00001,loading,225.5,240.0,259102.55,59.0,True,True,7960.41,384098.19,False,False,False,92.3,24.0,[],1.0
95b2d58c-53ab-412a-9ae2-4bcea73915da,1.0,beta-minerals,north-site,fleet_telemetry,BETA-NORTH-TRUCK-024,haul_truck,2026-09-01T20:17:58.253Z,1,-16.645123,-71.544457,254.4,1.3,Pit-A,cycle-beta-north-truck-024-00001,loading,216.1,240.0,17163.81,90.1,True,True,14075.01,547122.37,False,False,False,95.3,24.6,[],1.0
ad43025b-de59-4b43-b0f9-3bd2eb23bb38,1.0,beta-minerals,north-site,fleet_telemetry,BETA-NORTH-TRUCK-025,haul_truck,2026-09-01T20:17:58.253Z,1,-16.644964,-71.468264,45.7,0.4,Pit-A,cycle-beta-north-truck-025-00001,loading,225.5,240.0,68041.78,70.5,True,True,5089.15,453812.89,False,False,False,90.8,24.0,[],1.0
f54e7b7e-d39f-473a-b9cb-890bf969771e,1.0,beta-minerals,north-site,fleet_telemetry,BETA-NORTH-TRUCK-026,haul_truck,2026-09-01T20:17:58.253Z,1,-16.606985,-71.568619,248.9,0.4,Pit-A,cycle-beta-north-truck-026-00001,loading,218.9,240.0,407672.14,36.6,True,True,6108.25,254261.57,False,False,False,87.7,24.6,[],1.0
9a4be310-30e6-44bd-9211-47cfaf94d0f4,1.0,beta-minerals,north-site,fleet_telemetry,BETA-NORTH-TRUCK-027,haul_truck,2026-09-01T20:17:58.253Z,1,-16.65793,-71.522511,108.4,1.1,Pit-A,cycle-beta-north-truck-027-00001,loading,217.1,240.0,51880.84,39.9,True,True,9899.7,77455.49,False,False,False,94.3,24.4,[],1.0
2f8af27b-e39e-4327-8ba8-c42842c24612,1.0,beta-minerals,north-site,fleet_telemetry,BETA-NORTH-TRUCK-028,haul_truck,2026-09-01T20:17:58.253Z,1,-16.60283,-71.596352,222.7,0.8,Pit-A,cycle-beta-north-truck-028-00001,loading,227.8,240.0,369527.99,94.2,True,True,996.88,458226.18,False,False,False,95.8,25.0,[],1.0
7d791d6d-9d75-44de-98fc-d4f15f6a6173,1.0,beta-minerals,north-site,fleet_telemetry,BETA-NORTH-TRUCK-029,haul_truck,2026-09-01T20:17:58.253Z,1,-16.622519,-71.556265,74.9,1.5,Pit-A,cycle-beta-north-truck-029-00001,loading,221.6,240.0,55408.69,50.7,True,True,2693.82,527752.81,False,False,False,92.3,23.9,[],1.0
afc58fe1-68f6-4dc4-b530-5dca5b35357e,1.0,beta-minerals,north-site,fleet_telemetry,BETA-NORTH-TRUCK-030,haul_truck,2026-09-01T20:17:58.253Z,1,-16.572749,-71.591241,179.1,0.2,Pit-A,cycle-beta-north-truck-030-00001,loading,226.1,240.0,40101.13,64.4,True,True,14401.42,446596.36,False,False,False,95.1,24.0,[],1.0
bc0a1d07-4e1b-4888-8efa-7c2a2c69b160,1.0,beta-minerals,north-site,fleet_telemetry,BETA-NORTH-TRUCK-031,haul_truck,2026-09-01T20:17:58.253Z,1,-16.532806,-71.60363,90.5,1.4,Pit-A,cycle-beta-north-truck-031-00001,loading,220.4,240.0,191152.37,73.1,True,True,14115.3,115365.7,False,False,False,88.1,24.7,[],1.0
3838eefa-3a7c-46cf-9513-a6bf6c4ec11a,1.0,beta-minerals,north-site,fleet_telemetry,BETA-NORTH-TRUCK-032,haul_truck,2026-09-01T20:17:58.253Z,1,-16.648027,-71.573185,193.4,1.3,Pit-A,cycle-beta-north-truck-032-00001,loading,217.3,240.0,433829.45,47.0,True,True,13298.97,261940.1,False,False,False,86.5,24.0,[],1.0
00273866-cbcb-4e81-9284-f35acdb75bfb,1.0,beta-minerals,north-site,fleet_telemetry,BETA-NORTH-TRUCK-033,haul_truck,2026-09-01T20:17:58.253Z,1,-16.666108,-71.481969,160.1,0.0,Pit-A,cycle-beta-north-truck-033-00001,loading,216.9,240.0,135365.18,90.9,True,True,13541.18,474343.17,False,False,False,88.4,24.6,[],1.0
20cbab99-d10f-4f23-89bd-797a51f69e9f,1.0,beta-minerals,north-site,fleet_telemetry,BETA-NORTH-TRUCK-034,haul_truck,2026-09-01T20:17:58.253Z,1,-16.661669,-71.473834,39.6,0.6,Pit-A,cycle-beta-north-truck-034-00001,loading,226.8,240.0,339051.22,45.7,True,True,11776.28,340999.22,False,False,False,88.3,24.1,[],1.0
64b04c7c-f485-4e60-977f-e6f39898384c,1.0,beta-minerals,north-site,fleet_telemetry,BETA-NORTH-TRUCK-035,haul_truck,2026-09-01T20:17:58.253Z,1,-16.528204,-71.615569,26.5,0.4,Pit-A,cycle-beta-north-truck-035-00001,loading,218.4,240.0,290756.24,30.0,True,True,8980.78,171881.51,False,False,False,94.9,24.6,[],1.0
0fcdfcc9-e2de-4acd-8827-5d7df01a8c43,1.0,beta-minerals,north-site,fleet_telemetry,BETA-NORTH-TRUCK-036,haul_truck,2026-09-01T20:17:58.253Z,1,-16.561129,-71.495464,64.1,0.1,Pit-A,cycle-beta-north-truck-036-00001,loading,218.6,240.0,260087.39,50.6,True,True,3598.04,562312.82,False,False,False,92.1,24.3,[],1.0
ead79c55-baf8-47b4-b51c-566530eddd45,1.0,beta-minerals,north-site,fleet_telemetry,BETA-NORTH-TRUCK-037,haul_truck,2026-09-01T20:17:58.253Z,1,-16.660725,-71.491214,120.9,0.7,Pit-A,cycle-beta-north-truck-037-00001,loading,220.3,240.0,125361.54,27.8,True,True,1153.82,62545.52,False,False,False,88.7,23.8,[],1.0
6a851043-bb43-4894-9f1b-70f903817c8f,1.0,beta-minerals,north-site,fleet_telemetry,BETA-NORTH-TRUCK-038,haul_truck,2026-09-01T20:17:58.253Z,1,-16.584375,-71.593071,150.5,0.9,Pit-A,cycle-beta-north-truck-038-00001,loading,217.3,240.0,187002.08,69.8,True,True,17062.73,286852.4,False,False,False,90.7,24.9,[],1.0
7ab1bb37-10b3-46f8-83ee-4190d547449b,1.0,beta-minerals,north-site,fleet_telemetry,BETA-NORTH-TRUCK-039,haul_truck,2026-09-01T20:17:58.253Z,1,-16.607883,-71.516013,342.9,0.3,Pit-A,cycle-beta-north-truck-039-00001,loading,217.9,240.0,365546.46,62.5,True,True,11639.66,148014.42,False,False,False,93.9,25.1,[],1.0
43717bc7-1486-4d84-a61d-c05beaf8d925,1.0,beta-minerals,north-site,fleet_telemetry,BETA-NORTH-TRUCK-040,haul_truck,2026-09-01T20:17:58.253Z,1,-16.631283,-71.46956,187.8,0.9,Pit-A,cycle-beta-north-truck-040-00001,loading,218.8,240.0,429508.33,41.7,True,True,7375.59,295616.21,False,False,False,90.1,25.0,[],1.0
2b57937f-4cb5-45e7-ab8b-d3e08c512bd9,1.0,beta-minerals,north-site,fleet_telemetry,BETA-NORTH-TRUCK-041,haul_truck,2026-09-01T20:17:58.253Z,1,-16.557136,-71.50526,154.1,0.3,Pit-A,cycle-beta-north-truck-041-00001,loading,221.6,240.0,335889.62,33.4,True,True,7356.95,487266.91,False,False,False,86.1,25.0,[],1.0
60f64f34-7adf-44f0-9f7b-daa519e02e17,1.0,beta-minerals,north-site,fleet_telemetry,BETA-NORTH-TRUCK-042,haul_truck,2026-09-01T20:17:58.253Z,1,-16.650091,-71.49252,340.6,0.4,Pit-A,cycle-beta-north-truck-042-00001,loading,218.7,240.0,327136.85,36.7,True,True,11887.72,513281.87,False,False,False,95.3,25.1,[],1.0
1342f61d-79f8-47bb-92f5-d8d78c855062,1.0,beta-minerals,north-site,fleet_telemetry,BETA-NORTH-TRUCK-043,haul_truck,2026-09-01T20:17:58.253Z,1,-16.66018,-71.503528,264.0,1.3,Pit-A,cycle-beta-north-truck-043-00001,loading,216.5,240.0,365127.47,44.0,True,True,17154.32,38494.44,False,False,False,95.9,24.5,[],1.0
52d026f3-1089-4b86-b65f-c1f5d671422e,1.0,beta-minerals,north-site,fleet_telemetry,BETA-NORTH-TRUCK-044,haul_truck,2026-09-01T20:17:58.253Z,1,-16.643699,-71.59233,35.3,0.6,Pit-A,cycle-beta-north-truck-044-00001,loading,225.7,240.0,34393.23,85.2,True,True,11318.33,341792.58,False,False,False,93.0,24.5,[],1.0
22708997-676e-40c4-8441-e7db7dfc5707,1.0,beta-minerals,north-site,fleet_telemetry,BETA-NORTH-TRUCK-045,haul_truck,2026-09-01T20:17:58.253Z,1,-16.53301,-71.615534,78.5,0.1,Pit-A,cycle-beta-north-truck-045-00001,loading,224.3,240.0,335943.2,25.2,True,True,15091.35,92660.17,False,False,False,90.1,24.3,[],1.0
2deefc72-60fa-4995-a5f8-509b36d1628e,1.0,beta-minerals,north-site,fleet_telemetry,BETA-NORTH-TRUCK-046,haul_truck,2026-09-01T20:17:58.253Z,1,-16.581942,-71.471268,58.2,0.4,Pit-A,cycle-beta-north-truck-046-00001,loading,216.2,240.0,419710.45,85.0,True,True,8919.17,114553.34,False,False,False,92.7,24.4,[],1.0
1643bb7d-ca18-4d13-a977-cb058c528f4d,1.0,beta-minerals,north-site,fleet_telemetry,BETA-NORTH-TRUCK-047,haul_truck,2026-09-01T20:17:58.253Z,1,-16.53824,-71.526054,49.9,0.9,Pit-A,cycle-beta-north-truck-047-00001,loading,227.7,240.0,412976.12,47.4,True,True,5559.73,176405.81,False,False,False,90.6,24.8,[],1.0
67ac2d50-6a68-4b53-84af-0b6de54a4549,1.0,beta-minerals,north-site,fleet_telemetry,BETA-NORTH-TRUCK-048,haul_truck,2026-09-01T20:17:58.253Z,1,-16.659372,-71.543085,0.5,0.3,Pit-A,cycle-beta-north-truck-048-00001,loading,223.5,240.0,441822.12,91.8,True,True,4602.1,526732.95,False,False,False,93.0,24.7,[],1.0
7d535285-3c9b-4581-87b4-925e72505ec2,1.0,beta-minerals,north-site,fleet_telemetry,BETA-NORTH-TRUCK-049,haul_truck,2026-09-01T20:17:58.253Z,1,-16.580191,-71.568875,271.0,0.6,Pit-A,cycle-beta-north-truck-049-00001,loading,222.4,240.0,13506.46,39.0,True,True,7738.78,368447.58,False,False,False,89.0,24.8,[],1.0
fd52a2f7-de3e-4d20-987f-42371a7483c4,1.0,beta-minerals,north-site,fleet_telemetry,BETA-NORTH-TRUCK-050,haul_truck,2026-09-01T20:17:58.253Z,1,-16.553206,-71.530051,223.3,0.9,Pit-A,cycle-beta-north-truck-050-00001,loading,218.5,240.0,449026.35,79.3,True,True,8607.4,632270.38,False,False,False,92.8,24.3,[],1.0
0badd3e4-7694-46a3-bd4e-18941ae12edc,1.0,beta-minerals,north-site,fleet_telemetry,BETA-NORTH-TRUCK-051,haul_truck,2026-09-01T20:17:58.253Z,1,-16.536068,-71.477148,18.6,1.4,Pit-A,cycle-beta-north-truck-051-00001,loading,226.9,240.0,112519.03,49.2,True,True,935.21,278322.75,False,False,False,89.6,24.3,[],1.0
363f281e-c71f-4340-93b5-c8ed5376a632,1.0,beta-minerals,north-site,fleet_telemetry,BETA-NORTH-TRUCK-052,haul_truck,2026-09-01T20:17:58.253Z,1,-16.637569,-71.460201,201.8,0.7,Pit-A,cycle-beta-north-truck-052-00001,loading,220.4,240.0,334756.39,46.5,True,True,16889.3,257053.14,False,False,False,112.3,24.9,"[""ENG_OVERHEAT""]",0.72
23a4c3d0-e5b0-4a8d-a0e1-aa69c2917de4,1.0,beta-minerals,north-site,fleet_telemetry,BETA-NORTH-TRUCK-053,haul_truck,2026-09-01T20:17:58.253Z,1,-16.633364,-71.482219,265.4,0.2,Pit-A,cycle-beta-north-truck-053-00001,loading,222.5,240.0,133123.14,28.1,True,True,21418.26,109695.3,False,False,False,92.5,24.9,[],1.0
27f03659-bd09-44f5-afe6-f4fcb0f2b4f5,1.0,beta-minerals,north-site,fleet_telemetry,BETA-NORTH-TRUCK-054,haul_truck,2026-09-01T20:17:58.253Z,1,-16.568445,-71.554404,115.3,1.3,Pit-A,cycle-beta-north-truck-054-00001,loading,225.0,240.0,265539.1,60.4,True,True,10519.31,491176.62,False,False,False,93.6,25.1,[],1.0
5971e361-de8a-4a1f-9b90-12f3368d49b0,1.0,beta-minerals,north-site,fleet_telemetry,BETA-NORTH-TRUCK-055,haul_truck,2026-09-01T20:17:58.253Z,1,-16.619999,-71.489369,162.8,0.8,Pit-A,cycle-beta-north-truck-055-00001,loading,216.7,240.0,114179.58,43.3,True,True,10021.64,627457.51,False,False,False,89.7,24.5,[],1.0
d932e474-8264-4472-bd80-0d97b46cbdb3,1.0,beta-minerals,north-site,fleet_telemetry,BETA-NORTH-TRUCK-056,haul_truck,2026-09-01T20:17:58.253Z,1,-16.54561,-71.523947,323.7,1.2,Pit-A,cycle-beta-north-truck-056-00001,loading,222.4,240.0,42862.49,39.2,True,True,7542.83,191332.2,False,False,False,94.3,24.4,[],1.0
f40990d2-53d8-4d9d-911a-7a3d9c9ceec5,1.0,beta-minerals,north-site,fleet_telemetry,BETA-NORTH-TRUCK-057,haul_truck,2026-09-01T20:17:58.253Z,1,-16.547146,-71.545193,317.8,0.6,Pit-A,cycle-beta-north-truck-057-00001,loading,224.3,240.0,63124.18,50.1,True,True,10330.82,217840.97,False,False,False,95.8,24.1,[],1.0
dc231bb6-7ad8-460c-a707-22c261a043dc,1.0,beta-minerals,north-site,fleet_telemetry,BETA-NORTH-TRUCK-058,haul_truck,2026-09-01T20:17:58.253Z,1,-16.573872,-71.583097,344.9,1.3,Pit-A,cycle-beta-north-truck-058-00001,loading,220.7,240.0,143854.61,74.3,True,True,2716.92,528786.05,False,False,False,87.8,23.9,[],1.0
5dfd9bae-1973-40c4-8674-6c0fbf4989c0,1.0,beta-minerals,north-site,fleet_telemetry,BETA-NORTH-TRUCK-059,haul_truck,2026-09-01T20:17:58.253Z,1,-16.562051,-71.575873,73.5,0.2,Pit-A,cycle-beta-north-truck-059-00001,loading,217.8,240.0,166526.83,60.9,True,True,2733.71,176377.84,False,False,False,87.5,25.1,[],1.0
4958974d-3f3a-4783-abae-9768bc4831ac,1.0,beta-minerals,north-site,fleet_telemetry,BETA-NORTH-TRUCK-060,haul_truck,2026-09-01T20:17:58.253Z,1,-16.655244,-71.601195,170.6,0.0,Pit-A,cycle-beta-north-truck-060-00001,loading,224.2,240.0,254619.67,63.5,True,True,20984.45,558398.82,False,False,False,95.3,24.4,[],1.0
4e557f8d-e7d7-471b-88c6-e1d963d36b41,1.0,beta-minerals,north-site,fleet_telemetry,BETA-NORTH-TRUCK-061,haul_truck,2026-09-01T20:17:58.253Z,1,-16.538612,-71.557942,300.5,1.1,Pit-A,cycle-beta-north-truck-061-00001,loading,218.3,240.0,442329.6,34.1,True,True,1053.49,543134.57,False,False,False,113.2,24.5,"[""ENG_OVERHEAT""]",0.72
bb61600c-eb6d-4131-a17f-f66aee1dedb6,1.0,beta-minerals,north-site,fleet_telemetry,BETA-NORTH-TRUCK-062,haul_truck,2026-09-01T20:17:58.253Z,1,-16.660084,-71.473101,175.0,0.5,Pit-A,cycle-beta-north-truck-062-00001,loading,223.9,240.0,367608.74,26.5,True,True,13145.27,183057.01,False,False,False,93.9,24.7,[],1.0
6fcf1ecf-703a-4875-bd0b-2efb8b32c538,1.0,beta-minerals,north-site,fleet_telemetry,BETA-NORTH-TRUCK-063,haul_truck,2026-09-01T20:17:58.253Z,1,-16.519635,-71.609398,323.3,0.8,Pit-A,cycle-beta-north-truck-063-00001,loading,221.5,240.0,365910.39,33.6,True,True,2749.95,553783.52,False,False,False,91.7,24.2,[],1.0
6668837a-222c-42c3-b0b5-890933bdb32f,1.0,beta-minerals,north-site,fleet_telemetry,BETA-NORTH-TRUCK-064,haul_truck,2026-09-01T20:17:58.253Z,1,-16.642751,-71.583145,304.3,1.2,Pit-A,cycle-beta-north-truck-064-00001,loading,220.5,240.0,22972.23,72.8,True,True,18219.73,268849.18,False,False,False,88.9,24.0,[],1.0
b5865868-05f7-4cdf-a45e-bedd4e545d3e,1.0,beta-minerals,north-site,fleet_telemetry,BETA-NORTH-TRUCK-065,haul_truck,2026-09-01T20:17:58.253Z,1,-16.566835,-71.537677,192.7,0.4,Pit-A,cycle-beta-north-truck-065-00001,loading,223.4,240.0,280206.91,68.2,True,True,10255.44,113637.79,False,False,False,87.6,24.1,[],1.0
7be8eedc-250e-4a8b-804b-35d97360dcdd,1.0,beta-minerals,north-site,fleet_telemetry,BETA-NORTH-TRUCK-066,haul_truck,2026-09-01T20:17:58.253Z,1,-16.528856,-71.53337,58.0,0.3,Pit-A,cycle-beta-north-truck-066-00001,loading,226.9,240.0,70383.87,39.0,True,True,2092.76,196258.87,False,False,False,93.9,24.0,[],1.0
0840ee28-dc74-4de5-a551-c44746a3c55e,1.0,beta-minerals,north-site,fleet_telemetry,BETA-NORTH-TRUCK-067,haul_truck,2026-09-01T20:17:58.253Z,1,-16.583277,-71.539951,73.8,1.5,Pit-A,cycle-beta-north-truck-067-00001,loading,221.3,240.0,354042.96,50.1,True,True,17650.74,643324.28,False,False,False,89.7,24.8,[],1.0
367f4b09-5277-4e58-99c0-23e74117bd3a,1.0,beta-minerals,north-site,fleet_telemetry,BETA-NORTH-TRUCK-068,haul_truck,2026-09-01T20:17:58.253Z,1,-16.665711,-71.48779,351.1,1.0,Pit-A,cycle-beta-north-truck-068-00001,loading,217.8,240.0,21467.73,66.8,True,True,7618.02,190374.48,False,False,False,90.5,24.5,[],1.0
26394c8c-3765-4af8-801a-48c1d55b7345,1.0,beta-minerals,north-site,fleet_telemetry,BETA-NORTH-TRUCK-069,haul_truck,2026-09-01T20:17:58.253Z,1,-16.654379,-71.512402,333.9,0.2,Pit-A,cycle-beta-north-truck-069-00001,loading,227.2,240.0,449826.55,93.2,True,True,12023.97,503110.57,False,False,False,114.5,24.0,"[""ENG_OVERHEAT""]",0.72
82a033f5-0d53-48ec-9ae8-cf400f814ddb,1.0,beta-minerals,north-site,fleet_telemetry,BETA-NORTH-TRUCK-070,haul_truck,2026-09-01T20:17:58.253Z,1,-16.608252,-71.467867,106.4,1.5,Pit-A,cycle-beta-north-truck-070-00001,loading,222.1,240.0,263304.55,93.8,True,True,16997.86,617115.56,False,False,False,92.5,25.1,[],1.0
9ddab198-f1dc-4fe5-a0f8-62c2298426ff,1.0,beta-minerals,north-site,fleet_telemetry,BETA-NORTH-TRUCK-071,haul_truck,2026-09-01T20:17:58.253Z,1,-16.524163,-71.612987,287.8,1.5,Pit-A,cycle-beta-north-truck-071-00001,loading,227.9,240.0,364732.52,73.8,True,True,4533.33,393287.29,False,False,False,92.7,24.8,[],1.0
d235ab91-9bcc-41ac-adc5-a7874d5bd5bb,1.0,beta-minerals,north-site,fleet_telemetry,BETA-NORTH-TRUCK-072,haul_truck,2026-09-01T20:17:58.253Z,1,-16.52934,-71.538744,14.4,1.4,Pit-A,cycle-beta-north-truck-072-00001,loading,217.3,240.0,92822.83,94.2,True,True,12748.46,374758.6,False,False,False,90.8,24.7,[],1.0
609c0292-6bf6-4102-804d-1536c5c37e84,1.0,beta-minerals,north-site,fleet_telemetry,BETA-NORTH-TRUCK-073,haul_truck,2026-09-01T20:17:58.253Z,1,-16.593922,-71.564423,117.5,0.2,Pit-A,cycle-beta-north-truck-073-00001,loading,223.4,240.0,274731.65,26.4,True,True,1604.83,55385.83,False,False,False,109.2,24.7,"[""ENG_OVERHEAT""]",0.72
91cd2470-c5e1-490b-8098-2c57b4d333d4,1.0,beta-minerals,north-site,fleet_telemetry,BETA-NORTH-TRUCK-074,haul_truck,2026-09-01T20:17:58.253Z,1,-16.660871,-71.593866,70.4,0.3,Pit-A,cycle-beta-north-truck-074-00001,loading,225.4,240.0,363066.78,85.8,True,True,8024.09,131799.72,False,False,False,93.7,23.9,[],1.0
388a90e2-f751-4e09-95d6-90dd237b5f9b,1.0,beta-minerals,north-site,fleet_telemetry,BETA-NORTH-TRUCK-075,haul_truck,2026-09-01T20:17:58.253Z,1,-16.610625,-71.466792,142.0,1.3,Pit-A,cycle-beta-north-truck-075-00001,loading,227.5,240.0,388694.58,92.2,True,True,17216.57,553282.96,False,False,False,95.8,24.5,[],1.0
c0941910-4914-4978-a79c-94f8c1aff372,1.0,beta-minerals,north-site,fleet_telemetry,BETA-NORTH-TRUCK-076,haul_truck,2026-09-01T20:17:58.253Z,1,-16.600501,-71.515217,143.1,0.9,Pit-A,cycle-beta-north-truck-076-00001,loading,216.7,240.0,439378.71,76.3,True,True,7935.1,223240.02,False,False,False,92.7,24.8,[],1.0
3e8031fe-7c26-4e98-a4d8-5470ec4f36f1,1.0,beta-minerals,north-site,fleet_telemetry,BETA-NORTH-TRUCK-077,haul_truck,2026-09-01T20:17:58.253Z,1,-16.544481,-71.581782,110.9,0.6,Pit-A,cycle-beta-north-truck-077-00001,loading,216.1,240.0,315166.59,90.0,True,True,4493.1,630308.03,False,False,False,89.4,24.4,[],1.0
a37ab016-f26f-4188-8fcd-2c8bb33e27f7,1.0,beta-minerals,north-site,fleet_telemetry,BETA-NORTH-TRUCK-078,haul_truck,2026-09-01T20:17:58.253Z,1,-16.670112,-71.505179,149.6,0.8,Pit-A,cycle-beta-north-truck-078-00001,loading,226.7,240.0,139587.62,37.4,True,True,8821.74,482416.83,False,False,False,93.4,24.4,[],1.0
39fc29d5-6d37-4edf-965f-57104be78124,1.0,beta-minerals,north-site,fleet_telemetry,BETA-NORTH-TRUCK-079,haul_truck,2026-09-01T20:17:58.253Z,1,-16.635057,-71.527012,149.1,0.2,Pit-A,cycle-beta-north-truck-079-00001,loading,226.8,240.0,415256.83,92.7,True,True,1486.52,399504.86,False,False,False,93.3,25.0,[],1.0
39734b75-81aa-4340-8ecf-df2e8a3c136b,1.0,beta-minerals,north-site,fleet_telemetry,BETA-NORTH-TRUCK-080,haul_truck,2026-09-01T20:17:58.253Z,1,-16.56861,-71.463407,189.1,0.9,Pit-A,cycle-beta-north-truck-080-00001,loading,219.6,240.0,162596.47,47.4,True,True,7820.77,69018.18,False,False,False,95.9,24.3,[],1.0
1b6cd97d-0ee2-4971-b604-70acafd36dce,1.0,acme-mining,site-01,fleet_telemetry,ACME-S01-TRUCK-001,haul_truck,2026-09-01T20:18:03.253Z,2,-16.552552,-71.509235,269.3,28.3,Pit-A,cycle-acme-s01-truck-001-00001,hauling,223.0,240.0,131013.04,40.6,True,False,14355.85,35756.82,False,False,False,89.9,24.1,[],1.0
01d0c023-cff4-4df6-9965-1d3ff61ce727,1.0,acme-mining,site-01,fleet_telemetry,ACME-S01-TRUCK-002,haul_truck,2026-09-01T20:18:03.253Z,2,-16.57409,-71.527682,212.2,31.6,Pit-A,cycle-acme-s01-truck-002-00001,hauling,221.3,240.0,51226.05,41.3,True,False,13318.44,40023.13,False,False,False,88.5,24.5,[],1.0
46620fc6-7d72-48f2-99ab-a2aedf84226d,1.0,acme-mining,site-01,fleet_telemetry,ACME-S01-TRUCK-003,haul_truck,2026-09-01T20:18:03.253Z,2,-16.548998,-71.591958,316.5,30.7,Pit-A,cycle-acme-s01-truck-003-00001,hauling,224.2,240.0,132404.05,85.8,True,False,9693.82,303001.74,False,False,False,95.6,25.1,[],1.0
7d11531a-1cb8-4e29-b652-e242ddcf2fab,1.0,acme-mining,site-01,fleet_telemetry,ACME-S01-TRUCK-004,haul_truck,2026-09-01T20:18:03.253Z,2,-16.654913,-71.48192,302.8,30.5,Pit-A,cycle-acme-s01-truck-004-00001,hauling,227.6,240.0,158101.74,31.5,True,False,4096.17,623044.28,False,False,False,92.1,24.7,[],1.0
71fb20d4-eb3f-458d-a792-f88262f0f3be,1.0,acme-mining,site-01,fleet_telemetry,ACME-S01-TRUCK-005,haul_truck,2026-09-01T20:18:03.253Z,2,-16.582062,-71.484806,345.0,40.9,Pit-A,cycle-acme-s01-truck-005-00001,hauling,222.6,240.0,438171.08,51.5,True,False,16270.32,357823.75,False,False,False,89.1,24.3,[],1.0
6d874772-6772-4c61-80f1-2fb2e64fbe12,1.0,acme-mining,site-01,fleet_telemetry,ACME-S01-TRUCK-006,haul_truck,2026-09-01T20:18:03.253Z,2,-16.624083,-71.604719,141.4,38.6,Pit-A,cycle-acme-s01-truck-006-00001,hauling,220.7,240.0,30162.87,40.9,True,False,13039.87,463880.31,False,False,False,95.1,25.2,[],1.0
ea55948e-f176-4b7f-a2c5-510ed3f5b166,1.0,acme-mining,site-01,fleet_telemetry,ACME-S01-TRUCK-007,haul_truck,2026-09-01T20:18:03.253Z,2,-16.613544,-71.510283,329.6,28.6,Pit-A,cycle-acme-s01-truck-007-00001,hauling,218.5,240.0,377008.73,36.4,True,False,8858.68,305648.53,False,False,False,94.9,24.7,[],1.0
415e7fa4-936e-436d-8674-e9ae0af2b00d,1.0,acme-mining,site-01,fleet_telemetry,ACME-S01-TRUCK-008,haul_truck,2026-09-01T20:18:03.253Z,2,-16.609691,-71.459195,338.5,39.8,Pit-A,cycle-acme-s01-truck-008-00001,hauling,226.4,240.0,330815.93,36.4,True,False,13713.58,127817.41,False,False,False,94.2,24.5,[],1.0
4fb3981c-f7c6-422b-9a76-da2deb42d88b,1.0,acme-mining,site-01,fleet_telemetry,ACME-S01-TRUCK-009,haul_truck,2026-09-01T20:18:03.253Z,2,-16.538903,-71.488678,251.4,31.4,Pit-A,cycle-acme-s01-truck-009-00001,hauling,225.8,240.0,348058.12,28.9,True,False,5455.84,224298.17,False,False,False,94.2,24.5,[],1.0
c89a6fe0-fb39-4d06-9662-837c2b34e47f,1.0,acme-mining,site-01,fleet_telemetry,ACME-S01-TRUCK-010,haul_truck,2026-09-01T20:18:03.253Z,2,-16.565517,-71.554189,18.8,30.3,Pit-A,cycle-acme-s01-truck-010-00001,hauling,221.4,240.0,395601.9,47.0,True,False,5272.84,614033.16,False,False,False,86.3,24.7,[],1.0
373aa6c9-d150-4d0e-a24c-5b08b9124986,1.0,acme-mining,site-01,fleet_telemetry,ACME-S01-TRUCK-011,haul_truck,2026-09-01T20:18:03.253Z,2,-16.550892,-71.548955,29.6,35.3,Pit-A,cycle-acme-s01-truck-011-00001,hauling,223.5,240.0,337795.29,62.7,True,False,3828.88,107967.15,False,False,False,89.1,24.0,[],1.0
8d19ccab-056d-479c-ae78-e403f8b0e729,1.0,acme-mining,site-01,fleet_telemetry,ACME-S01-TRUCK-012,haul_truck,2026-09-01T20:18:03.253Z,2,-16.662848,-71.599946,285.3,33.3,Pit-A,cycle-acme-s01-truck-012-00001,hauling,226.2,240.0,234191.71,31.4,True,False,5449.6,648448.74,False,False,False,92.9,24.2,[],1.0
442f4d05-7600-40f0-b220-e57f94b7daef,1.0,acme-mining,site-01,fleet_telemetry,ACME-S01-TRUCK-013,haul_truck,2026-09-01T20:18:03.253Z,2,-16.630183,-71.528976,71.5,32.6,Pit-A,cycle-acme-s01-truck-013-00001,hauling,225.9,240.0,272191.05,57.8,True,False,13443.87,262403.45,False,False,False,94.0,24.4,[],1.0
53b2673f-3c06-4e16-9251-1913099cf163,1.0,acme-mining,site-01,fleet_telemetry,ACME-S01-TRUCK-014,haul_truck,2026-09-01T20:18:03.253Z,2,-16.652534,-71.547922,332.2,27.3,Pit-A,cycle-acme-s01-truck-014-00001,hauling,218.7,240.0,127403.23,69.9,True,False,15252.26,358291.35,False,False,False,95.5,24.7,[],1.0
0c477c3b-1a62-4f1b-96d2-9f5ddf74a7ab,1.0,acme-mining,site-01,fleet_telemetry,ACME-S01-TRUCK-015,haul_truck,2026-09-01T20:18:03.253Z,2,-16.570333,-71.482845,144.3,35.3,Pit-A,cycle-acme-s01-truck-015-00001,hauling,224.4,240.0,233380.08,32.4,True,False,21404.03,500036.23,False,False,False,87.7,24.4,[],1.0
a6288cdf-7951-439a-858d-e864ee0797bb,1.0,acme-mining,site-01,fleet_telemetry,ACME-S01-TRUCK-016,haul_truck,2026-09-01T20:18:03.253Z,2,-16.585549,-71.617391,156.6,28.7,Pit-A,cycle-acme-s01-truck-016-00001,hauling,217.4,240.0,247326.91,79.5,True,False,4040.2,500381.85,False,False,False,93.2,25.1,[],1.0
1bbfe17c-3a46-43ce-bd6f-e890f326fa84,1.0,acme-mining,site-01,fleet_telemetry,ACME-S01-TRUCK-017,haul_truck,2026-09-01T20:18:03.253Z,2,-16.632103,-71.578952,281.5,32.2,Pit-A,cycle-acme-s01-truck-017-00001,hauling,218.3,240.0,443541.55,81.5,True,False,3171.6,248677.93,False,False,False,94.6,24.2,[],1.0
16d2b8ea-3d61-4c5b-99ba-e112e5f66ed0,1.0,acme-mining,site-01,fleet_telemetry,ACME-S01-TRUCK-018,haul_truck,2026-09-01T20:18:03.253Z,2,-16.547852,-71.596953,243.7,32.9,Pit-A,cycle-acme-s01-truck-018-00001,hauling,227.9,240.0,40453.65,78.2,True,False,2615.86,326174.04,False,False,False,88.8,24.4,[],1.0
121f13a5-a69e-499a-9948-de06df15ff86,1.0,acme-mining,site-01,fleet_telemetry,ACME-S01-TRUCK-019,haul_truck,2026-09-01T20:18:03.253Z,2,-16.521782,-71.496667,133.0,31.4,Pit-A,cycle-acme-s01-truck-019-00001,hauling,223.4,240.0,276901.47,92.5,True,False,4300.69,352434.53,False,False,False,95.1,24.8,[],1.0
dbab9c96-1589-4b95-aaf8-a66f7472ab61,1.0,acme-mining,site-01,fleet_telemetry,ACME-S01-TRUCK-020,haul_truck,2026-09-01T20:18:03.253Z,2,-16.598169,-71.577827,255.0,52.5,Pit-A,cycle-acme-s01-truck-020-00001,hauling,224.2,240.0,174305.16,88.0,True,False,9258.64,443162.86,False,False,True,93.1,24.8,[],1.0
1ef6c64c-3c80-4f2f-bcce-5ac97938a9c0,1.0,acme-mining,site-01,fleet_telemetry,ACME-S01-TRUCK-021,haul_truck,2026-09-01T20:18:03.253Z,2,-16.569441,-71.580876,358.7,28.6,Pit-A,cycle-acme-s01-truck-021-00001,hauling,218.8,240.0,106895.79,30.0,True,False,13272.15,164972.32,False,False,False,95.1,25.1,[],1.0
21dfa8ea-d9d3-462e-af7f-1100be0668ea,1.0,acme-mining,site-01,fleet_telemetry,ACME-S01-TRUCK-022,haul_truck,2026-09-01T20:18:03.253Z,2,-16.64922,-71.467836,108.9,41.4,Pit-A,cycle-acme-s01-truck-022-00001,hauling,219.0,240.0,304350.36,40.0,True,False,2302.18,169942.98,False,False,False,92.2,24.4,[],1.0
b514959a-dc17-4242-82b0-ed809a593b2e,1.0,acme-mining,site-01,fleet_telemetry,ACME-S01-TRUCK-023,haul_truck,2026-09-01T20:18:03.253Z,2,-16.56496,-71.560809,334.8,30.7,Pit-A,cycle-acme-s01-truck-023-00001,hauling,219.1,240.0,189106.52,31.6,True,False,5951.54,317973.0,False,False,False,91.0,25.0,[],1.0
c0955a4c-3308-4a05-9142-2ec266648cf8,1.0,acme-mining,site-01,fleet_telemetry,ACME-S01-TRUCK-024,haul_truck,2026-09-01T20:18:03.253Z,2,-16.61611,-71.479647,46.0,26.4,Pit-A,cycle-acme-s01-truck-024-00001,hauling,217.4,240.0,53304.0,53.2,True,False,15075.33,640024.12,False,False,False,86.4,25.0,[],1.0
214dd730-8b1c-4487-ab6d-1a5a1d040cb0,1.0,acme-mining,site-01,fleet_telemetry,ACME-S01-TRUCK-025,haul_truck,2026-09-01T20:18:03.253Z,2,-16.530465,-71.605447,274.1,39.0,Pit-A,cycle-acme-s01-truck-025-00001,hauling,226.5,240.0,90734.88,57.4,True,False,12169.26,108314.9,False,False,False,92.1,24.2,[],1.0
5078ade9-1d35-48dc-aef3-d32aa449626d,1.0,acme-mining,site-01,fleet_telemetry,ACME-S01-TRUCK-026,haul_truck,2026-09-01T20:18:03.253Z,2,-16.655485,-71.49691,307.0,29.6,Pit-A,cycle-acme-s01-truck-026-00001,hauling,225.2,240.0,247858.83,26.0,True,False,2875.67,430851.32,False,False,False,87.5,24.7,[],1.0
3e693036-8a46-4825-beb4-4e8cb550e18d,1.0,acme-mining,site-01,fleet_telemetry,ACME-S01-TRUCK-027,haul_truck,2026-09-01T20:18:03.253Z,2,-16.609778,-71.459861,254.1,38.4,Pit-A,cycle-acme-s01-truck-027-00001,hauling,216.4,240.0,186457.87,29.1,True,False,11095.59,154660.85,False,False,False,88.6,24.4,[],1.0
69ed92a6-6ccc-499a-ba6a-0bf99f7fa524,1.0,acme-mining,site-01,fleet_telemetry,ACME-S01-TRUCK-028,haul_truck,2026-09-01T20:18:03.253Z,2,-16.564519,-71.539638,177.4,41.9,Pit-A,cycle-acme-s01-truck-028-00001,hauling,224.5,240.0,331422.48,79.8,True,False,6847.29,458852.71,False,False,False,90.9,25.0,[],1.0
46138a13-c6a8-490f-bb44-79ea535c6ca2,1.0,acme-mining,site-01,fleet_telemetry,ACME-S01-TRUCK-029,haul_truck,2026-09-01T20:18:03.253Z,2,-16.66127,-71.524017,183.1,39.6,Pit-A,cycle-acme-s01-truck-029-00001,hauling,218.2,240.0,248566.03,77.3,True,False,21336.64,384883.64,False,False,False,87.7,24.2,[],1.0
59c8133e-3abe-4ec7-af05-ed19e91d5865,1.0,acme-mining,site-01,fleet_telemetry,ACME-S01-TRUCK-030,haul_truck,2026-09-01T20:18:03.253Z,2,-16.575191,-71.509447,149.9,40.0,Pit-A,cycle-acme-s01-truck-030-00001,hauling,222.3,240.0,45249.19,38.0,True,False,4137.58,625290.76,False,False,False,91.7,23.9,[],1.0
b3b9f486-3d17-42e1-a19c-f80fc37807da,1.0,acme-mining,site-01,fleet_telemetry,ACME-S01-TRUCK-031,haul_truck,2026-09-01T20:18:03.253Z,2,-16.657267,-71.512339,141.9,37.8,Pit-A,cycle-acme-s01-truck-031-00001,hauling,224.2,240.0,264724.53,27.8,True,False,20761.84,378895.56,False,False,False,92.8,24.6,[],1.0
bb339718-8fae-493f-8b89-a315bd5c740c,1.0,acme-mining,site-01,fleet_telemetry,ACME-S01-TRUCK-032,haul_truck,2026-09-01T20:18:03.253Z,2,-16.607088,-71.510046,163.4,41.1,Pit-A,cycle-acme-s01-truck-032-00001,hauling,226.0,240.0,325124.53,41.7,True,False,20615.78,148683.35,False,False,False,92.6,25.1,[],1.0
62720c78-e03b-47a5-ab31-690670595f5a,1.0,acme-mining,site-01,fleet_telemetry,ACME-S01-TRUCK-033,haul_truck,2026-09-01T20:18:03.253Z,2,-16.580315,-71.601485,264.3,61.7,Pit-A,cycle-acme-s01-truck-033-00001,hauling,219.9,240.0,14098.94,68.5,True,False,20495.19,609512.69,False,False,True,93.3,25.1,[],1.0
522a0799-2e9b-41da-be03-fa63c296e1ea,1.0,acme-mining,site-01,fleet_telemetry,ACME-S01-TRUCK-034,haul_truck,2026-09-01T20:18:03.253Z,2,-16.611294,-71.592255,25.5,34.2,Pit-A,cycle-acme-s01-truck-034-00001,hauling,219.9,240.0,397580.38,86.5,True,False,6422.25,607953.46,False,False,False,86.6,25.1,[],1.0
326a15ae-8b9c-4868-a745-a5354291c071,1.0,acme-mining,site-01,fleet_telemetry,ACME-S01-TRUCK-035,haul_truck,2026-09-01T20:18:03.253Z,2,-16.539676,-71.569581,306.8,30.9,Pit-A,cycle-acme-s01-truck-035-00001,hauling,226.4,240.0,297749.72,25.5,True,False,13767.57,641956.87,False,False,False,86.9,24.0,[],1.0
8e91bbc4-b3f5-464f-8138-ee7938523964,1.0,acme-mining,site-01,fleet_telemetry,ACME-S01-TRUCK-036,haul_truck,2026-09-01T20:18:03.253Z,2,-16.625309,-71.583793,155.6,38.0,Pit-A,cycle-acme-s01-truck-036-00001,hauling,217.4,240.0,336663.48,35.9,True,False,6406.68,580519.06,False,False,False,90.9,24.9,[],1.0
741c08c9-ed74-4997-9dbc-1d45d0419aac,1.0,acme-mining,site-01,fleet_telemetry,ACME-S01-TRUCK-037,haul_truck,2026-09-01T20:18:03.253Z,2,-16.568929,-71.484798,176.2,29.6,Pit-A,cycle-acme-s01-truck-037-00001,hauling,226.0,240.0,409590.12,28.5,True,False,11514.67,178206.43,False,False,False,91.1,25.0,[],1.0
5cf6b4d7-e9c1-4f41-865d-1c4c1295cd78,1.0,acme-mining,site-01,fleet_telemetry,ACME-S01-TRUCK-038,haul_truck,2026-09-01T20:18:03.253Z,2,-16.582134,-71.54906,156.2,32.6,Pit-A,cycle-acme-s01-truck-038-00001,hauling,225.7,240.0,125260.46,76.9,True,False,17147.73,421381.47,False,False,False,92.1,24.4,[],1.0
a0700305-17b0-4738-a8ff-5d8df599aed5,1.0,acme-mining,site-01,fleet_telemetry,ACME-S01-TRUCK-039,haul_truck,2026-09-01T20:18:03.253Z,2,-16.611327,-71.529107,178.3,24.7,Pit-A,cycle-acme-s01-truck-039-00001,hauling,224.2,240.0,75584.03,27.5,True,False,20835.08,455342.4,False,False,False,87.6,24.7,[],1.0
82fc80b5-c970-4068-a651-76bb9918a2b3,1.0,acme-mining,site-01,fleet_telemetry,ACME-S01-TRUCK-040,haul_truck,2026-09-01T20:18:03.253Z,2,-16.526575,-71.583871,46.0,33.4,Pit-A,cycle-acme-s01-truck-040-00001,hauling,221.7,240.0,360293.96,85.2,True,False,7335.08,586358.39,False,False,False,87.5,25.1,[],1.0
ff2a0fef-7509-45bd-8bbc-eaafbe95e141,1.0,acme-mining,site-01,fleet_telemetry,ACME-S01-TRUCK-041,haul_truck,2026-09-01T20:18:03.253Z,2,-16.550492,-71.469396,38.7,39.1,Pit-A,cycle-acme-s01-truck-041-00001,hauling,216.9,240.0,394873.74,93.2,True,False,8297.99,372726.67,False,False,False,86.5,24.4,[],1.0
c59218ad-6f7b-4691-9fab-b4a994164534,1.0,acme-mining,site-01,fleet_telemetry,ACME-S01-TRUCK-042,haul_truck,2026-09-01T20:18:03.253Z,2,-16.552547,-71.56436,181.2,25.7,Pit-A,cycle-acme-s01-truck-042-00001,hauling,219.1,240.0,397823.27,26.7,True,False,21495.57,530786.22,False,False,False,86.8,24.0,[],1.0
2dcb14ed-fd19-4b81-93bb-05726cdadf42,1.0,acme-mining,site-01,fleet_telemetry,ACME-S01-TRUCK-043,haul_truck,2026-09-01T20:18:03.253Z,2,-16.533038,-71.581915,107.1,35.9,Pit-A,cycle-acme-s01-truck-043-00001,hauling,217.0,240.0,57562.22,86.0,True,False,6456.28,516045.99,False,False,False,94.8,24.6,[],1.0
161f7dcf-bff5-4646-bead-a6338308e61d,1.0,acme-mining,site-01,fleet_telemetry,ACME-S01-TRUCK-044,haul_truck,2026-09-01T20:18:03.253Z,2,-16.56479,-71.553755,67.4,32.2,Pit-A,cycle-acme-s01-truck-044-00001,hauling,227.6,240.0,393382.28,40.6,True,False,8212.76,536937.97,False,False,False,94.7,24.1,[],1.0
97697bae-7394-4247-8a13-e691b9d88256,1.0,acme-mining,site-01,fleet_telemetry,ACME-S01-TRUCK-045,haul_truck,2026-09-01T20:18:03.253Z,2,-16.513401,-71.531721,42.0,37.4,Pit-A,cycle-acme-s01-truck-045-00001,hauling,222.4,240.0,292252.11,53.0,True,False,21298.05,195848.8,False,False,False,86.1,24.0,[],1.0
ff172a7a-fb54-4ea3-bf70-f3b816d14fac,1.0,acme-mining,site-01,fleet_telemetry,ACME-S01-TRUCK-046,haul_truck,2026-09-01T20:18:03.253Z,2,-16.664264,-71.52203,222.6,32.6,Pit-A,cycle-acme-s01-truck-046-00001,hauling,223.2,240.0,265459.62,93.8,True,False,19393.22,184565.62,False,False,False,90.9,25.2,[],1.0
54214cd6-7ab5-4da2-b3c8-08d0613e3a96,1.0,acme-mining,site-01,fleet_telemetry,ACME-S01-TRUCK-047,haul_truck,2026-09-01T20:18:03.253Z,2,-16.63998,-71.610402,5.0,30.5,Pit-A,cycle-acme-s01-truck-047-00001,hauling,219.6,240.0,60884.29,88.0,True,False,10051.55,640068.63,False,False,False,87.3,24.0,[],1.0
61d409aa-9d87-400c-b78a-54dca8552d78,1.0,acme-mining,site-01,fleet_telemetry,ACME-S01-TRUCK-048,haul_truck,2026-09-01T20:18:03.253Z,2,-16.563085,-71.559236,156.8,24.3,Pit-A,cycle-acme-s01-truck-048-00001,hauling,223.8,240.0,326549.34,76.9,True,False,20422.2,359224.79,False,False,False,92.5,24.7,[],1.0
432d5213-2a63-4794-bef2-2a2d6dd22042,1.0,acme-mining,site-01,fleet_telemetry,ACME-S01-TRUCK-049,haul_truck,2026-09-01T20:18:03.253Z,2,-16.589268,-71.510799,59.8,38.2,Pit-A,cycle-acme-s01-truck-049-00001,hauling,221.7,240.0,64835.28,88.0,True,False,14010.9,437934.16,False,False,False,86.2,24.0,[],1.0
b82caa83-5d74-435d-87f7-6ef37d7abf71,1.0,acme-mining,site-01,fleet_telemetry,ACME-S01-TRUCK-050,haul_truck,2026-09-01T20:18:03.253Z,2,-16.5507,-71.589641,204.9,36.6,Pit-A,cycle-acme-s01-truck-050-00001,hauling,223.0,240.0,302569.09,51.5,True,False,12553.55,140859.31,False,False,False,88.0,25.0,[],1.0
a6b922dc-9de3-4110-9e4e-0507e4f94ddd,1.0,acme-mining,site-01,fleet_telemetry,ACME-S01-TRUCK-051,haul_truck,2026-09-01T20:18:03.253Z,2,-16.577594,-71.512728,214.4,57.9,Pit-A,cycle-acme-s01-truck-051-00001,hauling,226.2,240.0,136242.18,55.1,True,False,12416.27,20255.82,False,False,True,93.4,24.6,[],1.0
73cd969b-f592-4d69-b84b-5959c813dd6c,1.0,acme-mining,site-01,fleet_telemetry,ACME-S01-TRUCK-052,haul_truck,2026-09-01T20:18:03.253Z,2,-16.552647,-71.51208,293.9,29.2,Pit-A,cycle-acme-s01-truck-052-00001,hauling,223.3,240.0,359243.72,92.2,True,False,15123.3,342039.66,False,False,False,92.8,24.5,[],1.0
7844e8a0-257c-4af9-9623-f67ab11b7f3b,1.0,acme-mining,site-01,fleet_telemetry,ACME-S01-TRUCK-053,haul_truck,2026-09-01T20:18:03.253Z,2,-16.541353,-71.593931,150.1,36.9,Pit-A,cycle-acme-s01-truck-053-00001,hauling,216.8,240.0,113342.33,46.7,True,False,2779.81,619759.84,False,False,False,94.9,24.5,[],1.0
191ca49c-320c-4b53-8811-ed4669fcb427,1.0,acme-mining,site-01,fleet_telemetry,ACME-S01-TRUCK-054,haul_truck,2026-09-01T20:18:03.253Z,2,-16.578299,-71.502557,69.2,32.9,Pit-A,cycle-acme-s01-truck-054-00001,hauling,216.2,240.0,210383.26,87.0,True,False,13759.01,504148.33,False,False,False,88.9,24.3,[],1.0
4b1d8c91-b8cb-46d4-bc14-d821731780a5,1.0,acme-mining,site-01,fleet_telemetry,ACME-S01-TRUCK-055,haul_truck,2026-09-01T20:18:03.253Z,2,-16.547176,-71.600452,236.4,28.2,Pit-A,cycle-acme-s01-truck-055-00001,hauling,223.2,240.0,12439.86,77.6,True,False,5972.47,433316.59,False,False,False,94.4,24.0,[],1.0
00ddcde9-d8f4-4661-90a2-df7d1e10f7db,1.0,acme-mining,site-01,fleet_telemetry,ACME-S01-TRUCK-056,haul_truck,2026-09-01T20:18:03.253Z,2,-16.523586,-71.598069,286.5,29.3,Pit-A,cycle-acme-s01-truck-056-00001,hauling,224.1,240.0,214402.09,64.0,True,False,17847.13,458424.46,False,False,False,93.3,24.9,[],1.0
26666629-1bd3-4dd2-a024-dac01c201b9d,1.0,acme-mining,site-01,fleet_telemetry,ACME-S01-TRUCK-057,haul_truck,2026-09-01T20:18:03.253Z,2,-16.527781,-71.519466,71.8,39.2,Pit-A,cycle-acme-s01-truck-057-00001,hauling,224.0,240.0,271999.16,91.5,True,False,14952.65,642372.3,False,False,False,87.3,24.6,[],1.0
9a274c27-e0e2-43ce-9ae3-0c4372b5143a,1.0,acme-mining,site-01,fleet_telemetry,ACME-S01-TRUCK-058,haul_truck,2026-09-01T20:18:03.253Z,2,-16.532541,-71.545497,6.5,25.8,Pit-A,cycle-acme-s01-truck-058-00001,hauling,218.5,240.0,206202.13,36.1,True,False,9846.91,591318.52,False,False,False,86.5,25.0,[],1.0
cb32bbce-57aa-48bd-a3a9-2a536d26d508,1.0,acme-mining,site-01,fleet_telemetry,ACME-S01-TRUCK-059,haul_truck,2026-09-01T20:18:03.253Z,2,-16.65799,-71.571768,155.0,30.4,Pit-A,cycle-acme-s01-truck-059-00001,hauling,216.4,240.0,285769.45,44.2,True,False,17035.25,348418.92,False,False,False,86.6,24.7,[],1.0
1e3d8c4c-90da-4bf8-b0a6-6bccbba93470,1.0,acme-mining,site-01,fleet_telemetry,ACME-S01-TRUCK-060,haul_truck,2026-09-01T20:18:03.253Z,2,-16.645961,-71.583274,315.9,26.2,Pit-A,cycle-acme-s01-truck-060-00001,hauling,220.3,240.0,76365.63,51.8,True,False,19732.17,70763.96,False,False,False,86.5,24.2,[],1.0
b6ee5b77-b05f-4986-83d3-400cc7a21ab4,1.0,acme-mining,site-01,fleet_telemetry,ACME-S01-TRUCK-061,haul_truck,2026-09-01T20:18:03.253Z,2,-16.525625,-71.524041,157.6,26.7,Pit-A,cycle-acme-s01-truck-061-00001,hauling,224.5,240.0,101007.27,54.4,True,False,12303.36,281937.81,False,False,False,95.3,24.4,[],1.0
6b8be0e3-9ef0-485e-b092-4e853b128eca,1.0,acme-mining,site-01,fleet_telemetry,ACME-S01-TRUCK-062,haul_truck,2026-09-01T20:18:03.253Z,2,-16.533864,-71.464947,296.4,39.1,Pit-A,cycle-acme-s01-truck-062-00001,hauling,225.4,240.0,164774.01,77.7,True,False,8864.08,23714.59,False,False,False,95.5,23.9,[],1.0
cf78c4b9-7d48-43df-a4bf-0aa6ddd9ed30,1.0,acme-mining,site-01,fleet_telemetry,ACME-S01-TRUCK-063,haul_truck,2026-09-01T20:18:03.253Z,2,-16.592682,-71.555266,158.9,25.9,Pit-A,cycle-acme-s01-truck-063-00001,hauling,217.9,240.0,224821.11,44.1,True,False,17757.21,585621.18,False,False,False,88.9,24.5,[],1.0
86f0c858-ad34-410a-9b16-cddd3c26b6d9,1.0,acme-mining,site-01,fleet_telemetry,ACME-S01-TRUCK-064,haul_truck,2026-09-01T20:18:03.253Z,2,-16.584934,-71.472398,158.0,37.2,Pit-A,cycle-acme-s01-truck-064-00001,hauling,217.7,240.0,414598.45,93.6,True,False,16152.65,549518.62,False,False,False,94.5,24.4,[],1.0
0aae9dcb-8152-4ac8-abb4-6c02f11c6d12,1.0,acme-mining,site-01,fleet_telemetry,ACME-S01-TRUCK-065,haul_truck,2026-09-01T20:18:03.253Z,2,-16.628763,-71.56513,134.0,37.8,Pit-A,cycle-acme-s01-truck-065-00001,hauling,222.1,240.0,391414.74,37.7,True,False,2579.69,290026.1,False,False,False,86.9,24.9,[],1.0
3e89d3d5-3da9-4a16-b68b-970bbac0d7da,1.0,acme-mining,site-01,fleet_telemetry,ACME-S01-TRUCK-066,haul_truck,2026-09-01T20:18:03.253Z,2,-16.63005,-71.604385,288.6,30.5,Pit-A,cycle-acme-s01-truck-066-00001,hauling,221.1,240.0,340884.46,83.2,True,False,16938.07,258849.56,False,False,False,88.3,24.4,[],1.0
c393071a-950d-47fb-b70f-ba181c81a026,1.0,acme-mining,site-01,fleet_telemetry,ACME-S01-TRUCK-067,haul_truck,2026-09-01T20:18:03.253Z,2,-16.51722,-71.611047,52.4,31.4,Pit-A,cycle-acme-s01-truck-067-00001,hauling,220.3,240.0,108657.89,29.8,True,False,1904.22,619709.45,False,False,False,86.3,23.8,[],1.0
1fa9f3a1-d9b8-4e9b-8915-718cf27e5edf,1.0,acme-mining,site-01,fleet_telemetry,ACME-S01-TRUCK-068,haul_truck,2026-09-01T20:18:03.253Z,2,-16.563303,-71.527272,22.1,38.5,Pit-A,cycle-acme-s01-truck-068-00001,hauling,227.8,240.0,77048.37,33.8,True,False,5026.45,32839.47,False,False,False,87.6,24.9,[],1.0
22b09514-8eb5-4aa7-b8ec-cd2c1754fc61,1.0,acme-mining,site-01,fleet_telemetry,ACME-S01-TRUCK-069,haul_truck,2026-09-01T20:18:03.253Z,2,-16.652059,-71.486429,237.7,35.9,Pit-A,cycle-acme-s01-truck-069-00001,hauling,223.6,240.0,277189.04,77.3,True,False,17058.24,125707.21,False,False,False,93.1,24.5,[],1.0
15341992-ed2a-4d3d-b0b7-9ee4040be0b7,1.0,acme-mining,site-01,fleet_telemetry,ACME-S01-TRUCK-070,haul_truck,2026-09-01T20:18:03.253Z,2,-16.610344,-71.466863,327.2,29.3,Pit-A,cycle-acme-s01-truck-070-00001,hauling,219.7,240.0,263350.7,88.6,True,False,13068.12,605198.96,False,False,False,93.4,23.8,[],1.0
cbd7fd14-9911-4a22-b3d7-fdadf1948338,1.0,acme-mining,site-01,fleet_telemetry,ACME-S01-TRUCK-071,haul_truck,2026-09-01T20:18:03.253Z,2,-16.534336,-71.521426,195.9,29.0,Pit-A,cycle-acme-s01-truck-071-00001,hauling,221.4,240.0,54836.72,79.1,True,False,15441.03,415162.75,False,False,False,88.1,24.9,[],1.0
6f73a1da-a7dc-4fc8-b709-b0fa641a7545,1.0,acme-mining,site-01,fleet_telemetry,ACME-S01-TRUCK-072,haul_truck,2026-09-01T20:18:03.253Z,2,-16.589431,-71.562892,108.5,35.7,Pit-A,cycle-acme-s01-truck-072-00001,hauling,220.9,240.0,198486.47,50.9,True,False,17391.87,238738.42,False,False,False,88.0,23.9,[],1.0
3378810f-4eb4-467d-90cc-11546692a037,1.0,acme-mining,site-01,fleet_telemetry,ACME-S01-TRUCK-073,haul_truck,2026-09-01T20:18:03.253Z,2,-16.557221,-71.547837,33.4,30.0,Pit-A,cycle-acme-s01-truck-073-00001,hauling,227.9,240.0,289657.59,83.0,True,False,3037.43,625296.21,False,False,False,88.8,24.6,[],1.0
82b937dc-eb66-4f9a-b424-34962993ac26,1.0,acme-mining,site-01,fleet_telemetry,ACME-S01-TRUCK-074,haul_truck,2026-09-01T20:18:03.253Z,2,-16.538296,-71.522723,86.9,33.4,Pit-A,cycle-acme-s01-truck-074-00001,hauling,225.6,240.0,350842.38,57.5,True,False,13857.34,599359.17,False,False,False,91.9,24.9,[],1.0
23f19ffb-3a5e-4e2f-a921-179b149dc831,1.0,acme-mining,site-01,fleet_telemetry,ACME-S01-TRUCK-075,haul_truck,2026-09-01T20:18:03.253Z,2,-16.596062,-71.519865,127.6,37.1,Pit-A,cycle-acme-s01-truck-075-00001,hauling,220.5,240.0,397917.86,42.1,True,False,18411.5,74597.68,False,False,False,92.3,23.9,[],1.0
1f2fe6a9-d42a-4f66-b2ad-99a48b258182,1.0,acme-mining,site-01,fleet_telemetry,ACME-S01-TRUCK-076,haul_truck,2026-09-01T20:18:03.253Z,2,-16.629072,-71.572745,289.9,35.7,Pit-A,cycle-acme-s01-truck-076-00001,hauling,221.4,240.0,224522.11,49.8,True,False,11279.3,224758.98,False,False,False,95.8,25.2,[],1.0
e8770c89-7caf-4388-b1f3-4708723791f9,1.0,acme-mining,site-01,fleet_telemetry,ACME-S01-TRUCK-077,haul_truck,2026-09-01T20:18:03.253Z,2,-16.605366,-71.52867,102.4,34.2,Pit-A,cycle-acme-s01-truck-077-00001,hauling,223.1,240.0,94064.97,41.9,True,False,12582.77,345475.22,False,False,False,89.5,24.9,[],1.0
edc01dfa-1aa1-4c2c-880f-f3242e634f80,1.0,acme-mining,site-01,fleet_telemetry,ACME-S01-TRUCK-078,haul_truck,2026-09-01T20:18:03.253Z,2,-16.634936,-71.506813,209.6,36.9,Pit-A,cycle-acme-s01-truck-078-00001,hauling,219.0,240.0,358890.6,31.5,True,False,14493.14,329217.49,False,False,False,89.3,25.0,[],1.0
84ca44be-676d-4237-95c7-522eb657ca10,1.0,acme-mining,site-01,fleet_telemetry,ACME-S01-TRUCK-079,haul_truck,2026-09-01T20:18:03.253Z,2,-16.582329,-71.561197,319.8,30.5,Pit-A,cycle-acme-s01-truck-079-00001,hauling,217.0,240.0,161253.4,94.8,True,False,8623.24,368688.01,False,False,False,86.6,24.5,[],1.0
e21ce11b-85a9-47cd-9725-2060fba6af9c,1.0,acme-mining,site-01,fleet_telemetry,ACME-S01-TRUCK-080,haul_truck,2026-09-01T20:18:03.253Z,2,-16.584661,-71.495546,94.9,32.0,Pit-A,cycle-acme-s01-truck-080-00001,hauling,222.2,240.0,94737.23,33.4,True,False,6129.76,96013.25,False,False,False,89.9,24.5,[],1.0
4f156e99-2592-4bfa-8495-9268345c8565,1.0,acme-mining,site-02,fleet_telemetry,ACME-S02-TRUCK-001,haul_truck,2026-09-01T20:18:03.253Z,2,-16.53708,-71.488505,352.0,24.1,Pit-A,cycle-acme-s02-truck-001-00001,hauling,216.3,240.0,319615.5,60.0,True,False,4524.73,259530.73,False,False,False,93.4,24.4,[],1.0
7f7ace44-da61-40e9-a778-d5a794842117,1.0,acme-mining,site-02,fleet_telemetry,ACME-S02-TRUCK-002,haul_truck,2026-09-01T20:18:03.253Z,2,-16.601728,-71.5528,172.7,25.3,Pit-A,cycle-acme-s02-truck-002-00001,hauling,223.5,240.0,44259.69,46.9,True,False,10047.86,309645.21,False,False,False,87.0,24.9,[],1.0
db86b3a1-cb2d-44ad-9e97-37a84579e38c,1.0,acme-mining,site-02,fleet_telemetry,ACME-S02-TRUCK-003,haul_truck,2026-09-01T20:18:03.253Z,2,-16.571507,-71.484386,122.7,34.7,Pit-A,cycle-acme-s02-truck-003-00001,hauling,217.3,240.0,152898.14,81.1,True,False,3241.68,33139.68,False,False,False,88.4,23.9,[],1.0
2c6301fc-982a-4e60-99e7-63854ae62d01,1.0,acme-mining,site-02,fleet_telemetry,ACME-S02-TRUCK-004,haul_truck,2026-09-01T20:18:03.253Z,2,-16.657799,-71.478205,225.1,30.0,Pit-A,cycle-acme-s02-truck-004-00001,hauling,223.4,240.0,201697.81,53.0,True,False,10058.29,86693.82,False,False,False,93.6,24.6,[],1.0
371533c8-9589-41ab-9bcc-24162dd46eb6,1.0,acme-mining,site-02,fleet_telemetry,ACME-S02-TRUCK-005,haul_truck,2026-09-01T20:18:03.253Z,2,-16.588826,-71.47256,45.9,25.5,Pit-A,cycle-acme-s02-truck-005-00001,hauling,226.2,240.0,234612.79,33.0,True,False,7861.06,125923.64,False,False,False,86.7,25.1,[],1.0
83401338-98a0-412e-872e-11642089ef81,1.0,acme-mining,site-02,fleet_telemetry,ACME-S02-TRUCK-006,haul_truck,2026-09-01T20:18:03.253Z,2,-16.548761,-71.512636,106.1,32.0,Pit-A,cycle-acme-s02-truck-006-00001,hauling,224.1,240.0,96799.73,67.2,True,False,5808.9,112259.9,False,False,False,91.6,24.3,[],1.0
869c3ea8-85b9-4691-bf3a-038413cb0bad,1.0,acme-mining,site-02,fleet_telemetry,ACME-S02-TRUCK-007,haul_truck,2026-09-01T20:18:03.253Z,2,-16.529283,-71.514617,138.2,25.7,Pit-A,cycle-acme-s02-truck-007-00001,hauling,223.9,240.0,264966.1,72.7,True,False,10635.81,375153.39,False,False,False,86.1,24.9,[],1.0
934d4821-e8a4-41ce-bf22-53ba31765056,1.0,acme-mining,site-02,fleet_telemetry,ACME-S02-TRUCK-008,haul_truck,2026-09-01T20:18:03.253Z,2,-16.599653,-71.569031,118.1,39.8,Pit-A,cycle-acme-s02-truck-008-00001,hauling,225.4,240.0,76421.4,29.8,True,False,19122.04,415147.02,False,False,False,90.5,24.1,[],1.0
5e17a067-a6be-4cec-bb91-53eead45bdf7,1.0,acme-mining,site-02,fleet_telemetry,ACME-S02-TRUCK-009,haul_truck,2026-09-01T20:18:03.253Z,2,-16.611419,-71.571556,229.4,25.8,Pit-A,cycle-acme-s02-truck-009-00001,hauling,218.3,240.0,213166.84,27.6,True,False,8261.18,66740.15,False,False,False,91.7,24.2,[],1.0
20367d33-beb6-4195-b93f-7cb92489cbee,1.0,acme-mining,site-02,fleet_telemetry,ACME-S02-TRUCK-010,haul_truck,2026-09-01T20:18:03.253Z,2,-16.543711,-71.47417,112.2,31.6,Pit-A,cycle-acme-s02-truck-010-00001,hauling,225.6,240.0,213593.27,63.8,True,False,13838.18,339452.77,False,False,False,86.6,24.4,[],1.0
dd938335-7303-4958-aa9a-861280371ea3,1.0,acme-mining,site-02,fleet_telemetry,ACME-S02-TRUCK-011,haul_truck,2026-09-01T20:18:03.253Z,2,-16.660508,-71.600924,111.1,41.3,Pit-A,cycle-acme-s02-truck-011-00001,hauling,225.3,240.0,219276.91,35.5,True,False,14618.96,222561.92,False,False,False,87.5,24.3,[],1.0
27c3f2ff-c35f-4777-a36f-5284d415f617,1.0,acme-mining,site-02,fleet_telemetry,ACME-S02-TRUCK-012,haul_truck,2026-09-01T20:18:03.253Z,2,-16.557173,-71.45896,309.0,57.5,Pit-A,cycle-acme-s02-truck-012-00001,hauling,222.1,240.0,294296.06,27.7,True,False,21626.58,73127.43,False,False,True,94.4,24.4,[],1.0
8bc66c03-bd28-4b00-8fcd-89611efae2e9,1.0,acme-mining,site-02,fleet_telemetry,ACME-S02-TRUCK-013,haul_truck,2026-09-01T20:18:03.253Z,2,-16.56176,-71.60911,250.1,27.5,Pit-A,cycle-acme-s02-truck-013-00001,hauling,220.1,240.0,180463.43,79.2,True,False,8514.64,598300.22,False,False,False,92.7,25.2,[],1.0
864b7e87-2dcc-45f6-8318-de33493e5b86,1.0,acme-mining,site-02,fleet_telemetry,ACME-S02-TRUCK-014,haul_truck,2026-09-01T20:18:03.253Z,2,-16.554599,-71.512431,58.4,34.8,Pit-A,cycle-acme-s02-truck-014-00001,hauling,223.4,240.0,308487.05,44.9,True,False,2197.33,79538.8,False,False,False,90.2,24.4,[],1.0
faeed66a-5fc5-494d-a928-a90b0bea697c,1.0,acme-mining,site-02,fleet_telemetry,ACME-S02-TRUCK-015,haul_truck,2026-09-01T20:18:03.253Z,2,-16.515588,-71.505754,86.0,53.4,Pit-A,cycle-acme-s02-truck-015-00001,hauling,218.8,240.0,72228.63,49.5,True,False,7867.28,387125.97,False,False,True,92.2,24.8,[],1.0
2b4b3d5c-999d-4b48-8eb3-ec33e7ee3834,1.0,acme-mining,site-02,fleet_telemetry,ACME-S02-TRUCK-016,haul_truck,2026-09-01T20:18:03.253Z,2,-16.617834,-71.597065,130.6,41.1,Pit-A,cycle-acme-s02-truck-016-00001,hauling,218.2,240.0,255925.85,70.0,True,False,15827.28,73373.04,False,False,False,95.9,23.9,[],1.0
7046ea08-16fe-418a-96f7-d59b50034865,1.0,acme-mining,site-02,fleet_telemetry,ACME-S02-TRUCK-017,haul_truck,2026-09-01T20:18:03.253Z,2,-16.62099,-71.465325,15.8,24.5,Pit-A,cycle-acme-s02-truck-017-00001,hauling,223.0,240.0,233735.08,26.3,True,False,2781.21,442387.34,False,False,False,93.7,23.8,[],1.0
1b8d2524-99d8-4477-b216-584f0b4ea58b,1.0,acme-mining,site-02,fleet_telemetry,ACME-S02-TRUCK-018,haul_truck,2026-09-01T20:18:03.253Z,2,-16.544285,-71.536261,64.3,27.6,Pit-A,cycle-acme-s02-truck-018-00001,hauling,220.1,240.0,78176.02,45.7,True,False,4870.51,649985.31,False,False,False,91.5,23.8,[],1.0
59924a42-9ac4-44af-be4a-973e114d8269,1.0,acme-mining,site-02,fleet_telemetry,ACME-S02-TRUCK-019,haul_truck,2026-09-01T20:18:03.253Z,2,-16.610144,-71.591533,39.9,39.2,Pit-A,cycle-acme-s02-truck-019-00001,hauling,220.5,240.0,347175.49,34.2,True,False,1600.25,232161.61,False,False,False,93.9,25.1,[],1.0
0f7a24d7-f69e-4d59-8831-14e308c7e659,1.0,acme-mining,site-02,fleet_telemetry,ACME-S02-TRUCK-020,haul_truck,2026-09-01T20:18:03.253Z,2,-16.515253,-71.519798,359.1,29.5,Pit-A,cycle-acme-s02-truck-020-00001,hauling,227.3,240.0,170291.88,75.4,True,False,16089.08,47526.27,False,False,False,95.8,25.0,[],1.0
69603c0b-5584-44b4-8f69-8add91f87f5b,1.0,acme-mining,site-02,fleet_telemetry,ACME-S02-TRUCK-021,haul_truck,2026-09-01T20:18:03.253Z,2,-16.525778,-71.58644,136.1,39.8,Pit-A,cycle-acme-s02-truck-021-00001,hauling,225.5,240.0,434862.66,79.9,True,False,5760.87,170676.21,False,False,False,87.9,24.3,[],1.0
135ad646-965d-4f4d-a8d9-02d68362143a,1.0,acme-mining,site-02,fleet_telemetry,ACME-S02-TRUCK-022,haul_truck,2026-09-01T20:18:03.253Z,2,-16.586017,-71.462915,192.7,34.8,Pit-A,cycle-acme-s02-truck-022-00001,hauling,223.4,240.0,133979.7,51.7,True,False,21670.13,310858.44,False,False,False,87.9,24.9,[],1.0
ae500832-29dc-40b1-a093-fd119f0b64b2,1.0,acme-mining,site-02,fleet_telemetry,ACME-S02-TRUCK-023,haul_truck,2026-09-01T20:18:03.253Z,2,-16.520901,-71.503661,318.8,29.9,Pit-A,cycle-acme-s02-truck-023-00001,hauling,226.2,240.0,221460.03,51.0,True,False,19307.64,52873.32,False,False,False,95.7,24.1,[],1.0
b4837ef9-76dd-4895-ad39-3814830d4250,1.0,acme-mining,site-02,fleet_telemetry,ACME-S02-TRUCK-024,haul_truck,2026-09-01T20:18:03.253Z,2,-16.646818,-71.547522,232.2,25.5,Pit-A,cycle-acme-s02-truck-024-00001,hauling,222.1,240.0,130028.31,88.4,True,False,6843.34,500763.64,False,False,False,93.5,24.5,[],1.0
05475f4f-0099-42bd-8a21-39d42fb6eba9,1.0,acme-mining,site-02,fleet_telemetry,ACME-S02-TRUCK-025,haul_truck,2026-09-01T20:18:03.253Z,2,-16.606974,-71.557671,178.1,33.0,Pit-A,cycle-acme-s02-truck-025-00001,hauling,224.3,240.0,419407.79,54.0,True,False,18114.11,577316.8,False,False,False,93.2,24.2,[],1.0
e6ff1cc1-4242-41e6-b7e9-495d9f3ab027,1.0,acme-mining,site-02,fleet_telemetry,ACME-S02-TRUCK-026,haul_truck,2026-09-01T20:18:03.253Z,2,-16.566403,-71.490898,310.7,31.2,Pit-A,cycle-acme-s02-truck-026-00001,hauling,218.6,240.0,419563.54,83.7,True,False,8748.15,37758.2,False,False,False,88.0,24.4,[],1.0
72d0e4e7-0cee-467b-a4cf-834ffef9a829,1.0,acme-mining,site-02,fleet_telemetry,ACME-S02-TRUCK-027,haul_truck,2026-09-01T20:18:03.253Z,2,-16.59534,-71.519027,48.3,29.5,Pit-A,cycle-acme-s02-truck-027-00001,hauling,220.5,240.0,375688.76,78.1,True,False,20248.8,317646.65,False,False,False,91.5,23.9,[],1.0
4e61d7f8-06f4-44d3-88e3-7dd9a455463b,1.0,acme-mining,site-02,fleet_telemetry,ACME-S02-TRUCK-028,haul_truck,2026-09-01T20:18:03.253Z,2,-16.585953,-71.599711,168.3,32.0,Pit-A,cycle-acme-s02-truck-028-00001,hauling,223.5,240.0,251474.01,75.9,True,False,6225.59,546026.8,False,False,False,90.3,24.4,[],1.0
7ab2b824-ce1d-4b54-b19f-bb336672ca36,1.0,acme-mining,site-02,fleet_telemetry,ACME-S02-TRUCK-029,haul_truck,2026-09-01T20:18:03.253Z,2,-16.660356,-71.483643,129.2,38.5,Pit-A,cycle-acme-s02-truck-029-00001,hauling,218.8,240.0,291138.9,68.6,True,False,3383.19,170216.94,False,False,False,92.5,23.9,[],1.0
a685741d-a7d9-44fd-8782-e92249bf0f89,1.0,acme-mining,site-02,fleet_telemetry,ACME-S02-TRUCK-030,haul_truck,2026-09-01T20:18:03.253Z,2,-16.601716,-71.519119,25.7,39.2,Pit-A,cycle-acme-s02-truck-030-00001,hauling,227.1,240.0,116452.92,35.0,True,False,1148.43,344686.77,False,False,False,87.0,23.9,[],1.0
64dca6b7-edb6-462b-83ee-d4b2ceeaf5b2,1.0,acme-mining,site-02,fleet_telemetry,ACME-S02-TRUCK-031,haul_truck,2026-09-01T20:18:03.253Z,2,-16.517862,-71.530455,98.8,27.6,Pit-A,cycle-acme-s02-truck-031-00001,hauling,225.8,240.0,240333.35,50.2,True,False,4771.06,440975.43,False,False,False,92.8,24.8,[],1.0
acaebc61-0f48-4741-b509-6ca93318ed1d,1.0,acme-mining,site-02,fleet_telemetry,ACME-S02-TRUCK-032,haul_truck,2026-09-01T20:18:03.253Z,2,-16.513424,-71.576906,107.8,42.0,Pit-A,cycle-acme-s02-truck-032-00001,hauling,226.9,240.0,216859.58,69.5,True,False,12548.02,265985.91,False,False,False,86.1,25.0,[],1.0
1750ac31-04e8-4044-9840-c139ced0124a,1.0,acme-mining,site-02,fleet_telemetry,ACME-S02-TRUCK-033,haul_truck,2026-09-01T20:18:03.253Z,2,-16.552774,-71.564294,184.5,38.1,Pit-A,cycle-acme-s02-truck-033-00001,hauling,223.9,240.0,286433.21,79.0,True,False,8109.82,481752.9,False,False,False,90.7,24.9,[],1.0
397d9976-76f1-4c68-ae50-ae044f1f7990,1.0,acme-mining,site-02,fleet_telemetry,ACME-S02-TRUCK-034,haul_truck,2026-09-01T20:18:03.253Z,2,-16.51348,-71.540925,282.9,26.7,Pit-A,cycle-acme-s02-truck-034-00001,hauling,221.7,240.0,375368.95,72.9,True,False,7977.2,424961.28,False,False,False,91.2,24.9,[],1.0
6bf742cc-e1c4-4a8e-9847-f4c25a9de280,1.0,acme-mining,site-02,fleet_telemetry,ACME-S02-TRUCK-035,haul_truck,2026-09-01T20:18:03.253Z,2,-16.663379,-71.585592,251.2,37.0,Pit-A,cycle-acme-s02-truck-035-00001,hauling,218.3,240.0,211379.16,45.5,True,False,2137.73,509000.0,False,False,False,93.7,24.1,[],1.0
6545b642-6e15-4754-aacd-17ba75f3e043,1.0,acme-mining,site-02,fleet_telemetry,ACME-S02-TRUCK-036,haul_truck,2026-09-01T20:18:03.253Z,2,-16.549878,-71.58692,3.5,32.1,Pit-A,cycle-acme-s02-truck-036-00001,hauling,217.5,240.0,248933.65,42.7,True,False,11726.13,643147.35,False,False,False,95.4,24.9,[],1.0
3fa030ef-14eb-4bbd-b4ba-2e1df65d8244,1.0,acme-mining,site-02,fleet_telemetry,ACME-S02-TRUCK-037,haul_truck,2026-09-01T20:18:03.253Z,2,-16.528085,-71.498563,193.5,39.0,Pit-A,cycle-acme-s02-truck-037-00001,hauling,220.8,240.0,64769.15,50.7,True,False,19154.93,229112.61,False,False,False,93.8,24.3,[],1.0
2b46f95c-8378-4e6b-a5c5-2fe36d10f2ef,1.0,acme-mining,site-02,fleet_telemetry,ACME-S02-TRUCK-038,haul_truck,2026-09-01T20:18:03.253Z,2,-16.542817,-71.574839,226.7,24.4,Pit-A,cycle-acme-s02-truck-038-00001,hauling,227.4,240.0,314510.28,50.7,True,False,7987.58,137694.88,False,False,False,89.3,24.6,[],1.0
7edcc503-fedb-42b9-afb9-38324808c6ac,1.0,acme-mining,site-02,fleet_telemetry,ACME-S02-TRUCK-039,haul_truck,2026-09-01T20:18:03.253Z,2,-16.618987,-71.604701,67.8,34.9,Pit-A,cycle-acme-s02-truck-039-00001,hauling,220.7,240.0,371830.3,63.2,True,False,2473.26,399545.63,False,False,False,91.3,24.0,[],1.0
6ff56933-8798-4650-9514-0caec526a373,1.0,acme-mining,site-02,fleet_telemetry,ACME-S02-TRUCK-040,haul_truck,2026-09-01T20:18:03.253Z,2,-16.598843,-71.501226,11.5,34.3,Pit-A,cycle-acme-s02-truck-040-00001,hauling,217.3,240.0,83323.84,56.1,True,False,10253.42,472127.68,False,False,False,91.5,24.8,[],1.0
9d13f408-f17c-4a1e-bbc1-1f7bcc40b33b,1.0,acme-mining,site-02,fleet_telemetry,ACME-S02-TRUCK-041,haul_truck,2026-09-01T20:18:03.253Z,2,-16.568415,-71.559352,237.4,32.8,Pit-A,cycle-acme-s02-truck-041-00001,hauling,219.4,240.0,427078.07,30.2,True,False,6620.58,637417.23,False,False,False,88.3,23.9,[],1.0
f294dd17-f3f6-4f6f-b86d-d51e2e5f7759,1.0,acme-mining,site-02,fleet_telemetry,ACME-S02-TRUCK-042,haul_truck,2026-09-01T20:18:03.253Z,2,-16.664845,-71.606728,39.9,25.0,Pit-A,cycle-acme-s02-truck-042-00001,hauling,220.9,240.0,277332.22,79.7,True,False,20999.14,109951.1,False,False,False,87.6,24.6,[],1.0
1c13e482-d1e2-4baa-a5c4-47c8d1c51434,1.0,acme-mining,site-02,fleet_telemetry,ACME-S02-TRUCK-043,haul_truck,2026-09-01T20:18:03.253Z,2,-16.598394,-71.558131,155.5,32.6,Pit-A,cycle-acme-s02-truck-043-00001,hauling,217.6,240.0,24249.68,35.7,True,False,8477.6,618164.33,False,False,False,88.1,24.8,[],1.0
a2a0add1-bd02-477c-85cc-bdfea3627bc7,1.0,acme-mining,site-02,fleet_telemetry,ACME-S02-TRUCK-044,haul_truck,2026-09-01T20:18:03.253Z,2,-16.630445,-71.599345,99.1,32.5,Pit-A,cycle-acme-s02-truck-044-00001,hauling,222.0,240.0,185135.12,70.5,True,False,12967.14,353559.77,False,False,False,92.8,23.8,[],1.0
037d2b3b-54f9-4153-82bb-13ccd2c677e8,1.0,acme-mining,site-02,fleet_telemetry,ACME-S02-TRUCK-045,haul_truck,2026-09-01T20:18:03.253Z,2,-16.557758,-71.583156,316.4,26.6,Pit-A,cycle-acme-s02-truck-045-00001,hauling,222.3,240.0,61814.98,79.2,True,False,11776.2,595531.82,False,False,False,95.1,24.4,[],1.0
6de23bc3-8dc9-44ea-9b6d-ff66f011b910,1.0,acme-mining,site-02,fleet_telemetry,ACME-S02-TRUCK-046,haul_truck,2026-09-01T20:18:03.253Z,2,-16.556269,-71.457923,256.1,34.4,Pit-A,cycle-acme-s02-truck-046-00001,hauling,221.5,240.0,42583.04,37.1,True,False,5043.78,105508.95,False,False,False,93.0,24.2,[],1.0
653147e4-1c78-4380-9ad0-e4ea610a6013,1.0,acme-mining,site-02,fleet_telemetry,ACME-S02-TRUCK-047,haul_truck,2026-09-01T20:18:03.253Z,2,-16.62242,-71.592309,164.8,35.0,Pit-A,cycle-acme-s02-truck-047-00001,hauling,226.8,240.0,251998.89,45.3,True,False,14958.21,467010.56,False,False,False,93.3,25.1,[],1.0
18c177f2-3175-4bab-8a64-1cf914706b8d,1.0,acme-mining,site-02,fleet_telemetry,ACME-S02-TRUCK-048,haul_truck,2026-09-01T20:18:03.253Z,2,-16.648184,-71.491022,98.5,27.3,Pit-A,cycle-acme-s02-truck-048-00001,hauling,218.9,240.0,63399.62,39.1,True,False,17626.37,340516.16,False,False,False,94.7,24.7,[],1.0
ee6db4cd-d77a-4ba7-a351-7f78ef24112b,1.0,acme-mining,site-02,fleet_telemetry,ACME-S02-TRUCK-049,haul_truck,2026-09-01T20:18:03.253Z,2,-16.528913,-71.606971,357.2,29.3,Pit-A,cycle-acme-s02-truck-049-00001,hauling,218.6,240.0,442525.4,34.1,True,False,12932.28,314465.72,False,False,False,90.9,24.6,[],1.0
14120312-3b78-49d6-b0ce-f7e658105dc1,1.0,acme-mining,site-02,fleet_telemetry,ACME-S02-TRUCK-050,haul_truck,2026-09-01T20:18:03.253Z,2,-16.514835,-71.514715,91.0,41.9,Pit-A,cycle-acme-s02-truck-050-00001,hauling,219.9,240.0,372269.48,30.2,True,False,11944.75,504573.73,False,False,False,90.5,24.5,[],1.0
01f13ce9-b20d-4bfa-90c5-777079e784e9,1.0,acme-mining,site-02,fleet_telemetry,ACME-S02-TRUCK-051,haul_truck,2026-09-01T20:18:03.253Z,2,-16.641278,-71.462888,308.0,32.3,Pit-A,cycle-acme-s02-truck-051-00001,hauling,220.6,240.0,353315.83,69.8,True,False,8103.72,573114.94,False,False,False,93.5,24.4,[],1.0
a9a40e77-9bf6-4358-8e67-f68f5e7ed47a,1.0,acme-mining,site-02,fleet_telemetry,ACME-S02-TRUCK-052,haul_truck,2026-09-01T20:18:03.253Z,2,-16.520825,-71.581432,24.6,24.2,Pit-A,cycle-acme-s02-truck-052-00001,hauling,225.0,240.0,143814.94,36.3,True,False,18425.49,346404.38,False,False,False,90.8,24.6,[],1.0
933fa189-1c05-46c7-a731-74aeec324b77,1.0,acme-mining,site-02,fleet_telemetry,ACME-S02-TRUCK-053,haul_truck,2026-09-01T20:18:03.253Z,2,-16.58228,-71.59746,6.5,28.4,Pit-A,cycle-acme-s02-truck-053-00001,hauling,226.1,240.0,120266.48,69.4,True,False,19772.43,552938.28,False,False,False,87.7,23.9,[],1.0
87efe7a5-9845-4a46-8380-d28789260ead,1.0,acme-mining,site-02,fleet_telemetry,ACME-S02-TRUCK-054,haul_truck,2026-09-01T20:18:03.253Z,2,-16.643012,-71.5176,55.2,29.3,Pit-A,cycle-acme-s02-truck-054-00001,hauling,225.2,240.0,270395.86,65.6,True,False,2780.69,423822.12,False,False,False,92.8,24.3,[],1.0
4e6b9b45-05fb-4186-a7ad-4e4a484926f2,1.0,acme-mining,site-02,fleet_telemetry,ACME-S02-TRUCK-055,haul_truck,2026-09-01T20:18:03.253Z,2,-16.663137,-71.51486,230.7,58.4,Pit-A,cycle-acme-s02-truck-055-00001,hauling,226.0,240.0,373104.1,27.0,True,False,18661.64,375079.44,False,False,True,94.1,24.8,[],1.0
83118142-3fa0-4fd9-810e-ae4f18d6772e,1.0,acme-mining,site-02,fleet_telemetry,ACME-S02-TRUCK-056,haul_truck,2026-09-01T20:18:03.253Z,2,-16.570061,-71.57117,276.1,40.1,Pit-A,cycle-acme-s02-truck-056-00001,hauling,216.1,240.0,291156.27,59.9,True,False,17059.53,282449.73,False,False,False,93.7,25.1,[],1.0
a9de63ce-cbe8-4791-98fc-77243391a7f6,1.0,acme-mining,site-02,fleet_telemetry,ACME-S02-TRUCK-057,haul_truck,2026-09-01T20:18:03.253Z,2,-16.560238,-71.59221,69.2,30.7,Pit-A,cycle-acme-s02-truck-057-00001,hauling,227.9,240.0,188680.85,56.7,True,False,5991.41,528630.11,False,False,False,89.4,24.7,[],1.0
58811f20-6709-4a6f-a42f-528eae84fbf0,1.0,acme-mining,site-02,fleet_telemetry,ACME-S02-TRUCK-058,haul_truck,2026-09-01T20:18:03.253Z,2,-16.552916,-71.479762,149.6,28.0,Pit-A,cycle-acme-s02-truck-058-00001,hauling,218.0,240.0,147536.44,75.3,True,False,5125.29,402196.01,False,False,False,87.7,24.0,[],1.0
06eb7787-5397-465a-b1df-0d5272dc21be,1.0,acme-mining,site-02,fleet_telemetry,ACME-S02-TRUCK-059,haul_truck,2026-09-01T20:18:03.253Z,2,-16.650809,-71.545576,43.5,29.9,Pit-A,cycle-acme-s02-truck-059-00001,hauling,222.5,240.0,56721.07,41.9,True,False,16926.1,344437.53,False,False,False,95.4,24.1,[],1.0
2ef89d9b-6b3a-45ef-a1d5-e4176292a856,1.0,acme-mining,site-02,fleet_telemetry,ACME-S02-TRUCK-060,haul_truck,2026-09-01T20:18:03.253Z,2,-16.531955,-71.591955,23.8,30.4,Pit-A,cycle-acme-s02-truck-060-00001,hauling,220.7,240.0,280766.22,42.4,True,False,6952.5,262014.44,False,False,False,90.6,24.9,[],1.0
b13156d1-94d3-407b-8a12-4a32a391a3e1,1.0,acme-mining,site-02,fleet_telemetry,ACME-S02-TRUCK-061,haul_truck,2026-09-01T20:18:03.253Z,2,-16.595727,-71.476859,353.8,35.7,Pit-A,cycle-acme-s02-truck-061-00001,hauling,219.6,240.0,80110.8,94.7,True,False,16087.93,139595.53,False,False,False,92.0,23.9,[],1.0
734451f0-f808-4467-a058-41fe602e496f,1.0,acme-mining,site-02,fleet_telemetry,ACME-S02-TRUCK-062,haul_truck,2026-09-01T20:18:03.253Z,2,-16.613923,-71.609427,353.2,33.7,Pit-A,cycle-acme-s02-truck-062-00001,hauling,227.5,240.0,435342.26,40.0,True,False,20838.94,338430.06,False,False,False,92.0,24.8,[],1.0
4755f53d-1288-4bb2-8490-41ef5e791d76,1.0,acme-mining,site-02,fleet_telemetry,ACME-S02-TRUCK-063,haul_truck,2026-09-01T20:18:03.253Z,2,-16.628077,-71.558982,114.4,36.2,Pit-A,cycle-acme-s02-truck-063-00001,hauling,223.6,240.0,57298.86,34.4,True,False,6857.87,25151.82,False,False,False,94.8,25.0,[],1.0
4e595e75-0f4f-46cc-af65-1cace6e40f75,1.0,acme-mining,site-02,fleet_telemetry,ACME-S02-TRUCK-064,haul_truck,2026-09-01T20:18:03.253Z,2,-16.658631,-71.536816,83.6,32.7,Pit-A,cycle-acme-s02-truck-064-00001,hauling,220.6,240.0,95648.47,63.7,True,False,9292.33,379277.48,False,False,False,92.4,24.6,[],1.0
9f1fee2b-e994-4d96-aea2-df4a24fa4029,1.0,acme-mining,site-02,fleet_telemetry,ACME-S02-TRUCK-065,haul_truck,2026-09-01T20:18:03.253Z,2,-16.654926,-71.557772,272.5,41.8,Pit-A,cycle-acme-s02-truck-065-00001,hauling,219.7,240.0,278859.12,34.0,True,False,18296.6,412642.25,False,False,False,93.4,24.7,[],1.0
ec86fe72-d810-4a1d-8ef0-efee5f7046dd,1.0,acme-mining,site-02,fleet_telemetry,ACME-S02-TRUCK-066,haul_truck,2026-09-01T20:18:03.253Z,2,-16.590396,-71.610265,332.3,25.1,Pit-A,cycle-acme-s02-truck-066-00001,hauling,218.5,240.0,97585.61,60.6,True,False,20705.71,495628.09,False,False,False,86.4,24.6,[],1.0
7390d66d-25da-4c4f-afdc-2de48eac9d03,1.0,acme-mining,site-02,fleet_telemetry,ACME-S02-TRUCK-067,haul_truck,2026-09-01T20:18:03.253Z,2,-16.648042,-71.46849,187.5,41.0,Pit-A,cycle-acme-s02-truck-067-00001,hauling,223.7,240.0,75534.03,87.5,True,False,17844.08,347179.67,False,False,False,93.6,25.2,[],1.0
acd22ba5-310a-4f9d-94c9-09262faa3d62,1.0,acme-mining,site-02,fleet_telemetry,ACME-S02-TRUCK-068,haul_truck,2026-09-01T20:18:03.253Z,2,-16.537893,-71.532312,194.1,35.7,Pit-A,cycle-acme-s02-truck-068-00001,hauling,220.0,240.0,141663.25,48.5,True,False,21801.06,485771.25,False,False,False,88.4,25.1,[],1.0
a825530e-3f1d-4d19-a410-e02a4daa1f14,1.0,acme-mining,site-02,fleet_telemetry,ACME-S02-TRUCK-069,haul_truck,2026-09-01T20:18:03.253Z,2,-16.603746,-71.568263,115.8,36.0,Pit-A,cycle-acme-s02-truck-069-00001,hauling,223.3,240.0,155745.56,32.7,True,False,10867.73,30481.33,False,False,False,89.8,24.4,[],1.0
6f00d6c7-a0ac-4d24-8d99-ab3a9391a57f,1.0,acme-mining,site-02,fleet_telemetry,ACME-S02-TRUCK-070,haul_truck,2026-09-01T20:18:03.253Z,2,-16.577861,-71.581105,73.5,24.1,Pit-A,cycle-acme-s02-truck-070-00001,hauling,223.6,240.0,298460.17,93.0,True,False,13454.49,187284.21,False,False,False,87.4,23.9,[],1.0
7c79a797-a232-4dea-900c-2ff2ca9245e3,1.0,acme-mining,site-02,fleet_telemetry,ACME-S02-TRUCK-071,haul_truck,2026-09-01T20:18:03.253Z,2,-16.646739,-71.508594,112.1,34.7,Pit-A,cycle-acme-s02-truck-071-00001,hauling,216.9,240.0,282683.9,83.9,True,False,4414.86,416285.95,False,False,False,93.2,24.8,[],1.0
d4dac32b-ffe5-44cd-90b6-170f4adea2f0,1.0,acme-mining,site-02,fleet_telemetry,ACME-S02-TRUCK-072,haul_truck,2026-09-01T20:18:03.253Z,2,-16.637787,-71.537217,97.8,28.4,Pit-A,cycle-acme-s02-truck-072-00001,hauling,221.4,240.0,194263.47,53.9,True,False,4844.63,297854.34,False,False,False,92.4,24.9,[],1.0
794e2f50-f8e8-4391-952c-69bd86f4bdf5,1.0,acme-mining,site-02,fleet_telemetry,ACME-S02-TRUCK-073,haul_truck,2026-09-01T20:18:03.253Z,2,-16.637229,-71.565505,264.5,25.4,Pit-A,cycle-acme-s02-truck-073-00001,hauling,221.3,240.0,37403.91,34.7,True,False,19303.74,483577.52,False,False,False,91.1,24.9,[],1.0
6995409b-3665-4b65-8895-df3b5c087185,1.0,acme-mining,site-02,fleet_telemetry,ACME-S02-TRUCK-074,haul_truck,2026-09-01T20:18:03.253Z,2,-16.583015,-71.509366,331.7,38.8,Pit-A,cycle-acme-s02-truck-074-00001,hauling,226.2,240.0,212252.1,62.3,True,False,8788.69,622711.91,False,False,False,93.6,24.6,[],1.0
b960f317-905c-4a0b-bb3f-b90ed6ceef4a,1.0,acme-mining,site-02,fleet_telemetry,ACME-S02-TRUCK-075,haul_truck,2026-09-01T20:18:03.253Z,2,-16.634431,-71.461836,218.1,26.8,Pit-A,cycle-acme-s02-truck-075-00001,hauling,221.4,240.0,118468.56,64.1,True,False,13733.63,141126.47,False,False,False,89.8,23.9,[],1.0
df3a8dd3-9a9d-4880-be01-6c9388bdc1a7,1.0,acme-mining,site-02,fleet_telemetry,ACME-S02-TRUCK-076,haul_truck,2026-09-01T20:18:03.253Z,2,-16.580736,-71.467995,261.1,26.5,Pit-A,cycle-acme-s02-truck-076-00001,hauling,216.2,240.0,225161.5,58.6,True,False,15743.9,454851.18,False,False,False,91.0,24.5,[],1.0
19f80de9-29ef-4129-8102-2efd6ee5426d,1.0,acme-mining,site-02,fleet_telemetry,ACME-S02-TRUCK-077,haul_truck,2026-09-01T20:18:03.253Z,2,-16.539441,-71.464768,211.7,40.7,Pit-A,cycle-acme-s02-truck-077-00001,hauling,221.9,240.0,177065.58,93.6,True,False,3383.73,446272.07,False,False,False,92.4,24.4,[],1.0
2e5a9b48-bae3-4c30-83f0-8e7a5f13fca3,1.0,acme-mining,site-02,fleet_telemetry,ACME-S02-TRUCK-078,haul_truck,2026-09-01T20:18:03.253Z,2,-16.565449,-71.497923,91.9,24.7,Pit-A,cycle-acme-s02-truck-078-00001,hauling,218.3,240.0,44773.09,89.7,True,False,1691.81,621847.68,False,False,False,90.4,25.1,[],1.0
2c756ba8-1e3d-4770-9e1c-acfd3760800e,1.0,acme-mining,site-02,fleet_telemetry,ACME-S02-TRUCK-079,haul_truck,2026-09-01T20:18:03.253Z,2,-16.551858,-71.579207,333.5,37.0,Pit-A,cycle-acme-s02-truck-079-00001,hauling,224.4,240.0,129513.59,32.6,True,False,6548.02,374071.4,False,False,False,92.5,24.8,[],1.0
8839a213-9018-43b1-b8e0-f126a7d05e7c,1.0,acme-mining,site-02,fleet_telemetry,ACME-S02-TRUCK-080,haul_truck,2026-09-01T20:18:03.253Z,2,-16.59481,-71.508502,94.1,59.9,Pit-A,cycle-acme-s02-truck-080-00001,hauling,224.4,240.0,54087.24,48.1,True,False,5584.24,166687.12,False,False,True,92.5,24.4,[],1.0
fdfe6d21-898b-46b5-af90-52393bc884fe,1.0,beta-minerals,north-site,fleet_telemetry,BETA-NORTH-TRUCK-001,haul_truck,2026-09-01T20:18:03.253Z,2,-16.562044,-71.591186,64.6,41.1,Pit-A,cycle-beta-north-truck-001-00001,hauling,217.2,240.0,383639.35,70.3,True,False,17975.94,92503.78,False,False,False,95.7,23.9,[],1.0
fee93dc5-f364-4f7a-bf16-e8bf54c6c7a1,1.0,beta-minerals,north-site,fleet_telemetry,BETA-NORTH-TRUCK-002,haul_truck,2026-09-01T20:18:03.253Z,2,-16.596468,-71.48984,12.2,41.6,Pit-A,cycle-beta-north-truck-002-00001,hauling,223.5,240.0,155635.59,54.8,True,False,11739.07,367703.54,False,False,False,90.0,24.1,[],1.0
dd11efa6-58a8-48eb-9f38-c68f970e4e6e,1.0,beta-minerals,north-site,fleet_telemetry,BETA-NORTH-TRUCK-003,haul_truck,2026-09-01T20:18:03.253Z,2,-16.63881,-71.522741,286.2,32.8,Pit-A,cycle-beta-north-truck-003-00001,hauling,220.5,240.0,22844.74,68.0,True,False,14378.15,292244.75,False,False,False,92.9,24.7,[],1.0
a1d9d807-43d2-4cdf-846e-b15624051a08,1.0,beta-minerals,north-site,fleet_telemetry,BETA-NORTH-TRUCK-004,haul_truck,2026-09-01T20:18:03.253Z,2,-16.654114,-71.477992,43.2,38.0,Pit-A,cycle-beta-north-truck-004-00001,hauling,223.8,240.0,365841.25,29.4,True,False,5162.63,493965.11,False,False,False,89.7,23.9,[],1.0
19b07a86-184f-4147-a44f-47f9cd7a7aa6,1.0,beta-minerals,north-site,fleet_telemetry,BETA-NORTH-TRUCK-005,haul_truck,2026-09-01T20:18:03.253Z,2,-16.515853,-71.567374,98.5,32.8,Pit-A,cycle-beta-north-truck-005-00001,hauling,222.9,240.0,305108.77,59.3,True,False,4977.98,91791.68,False,False,False,91.7,24.8,[],1.0
a83f4a88-b60f-4e6d-81b5-d71be8dc6aa1,1.0,beta-minerals,north-site,fleet_telemetry,BETA-NORTH-TRUCK-006,haul_truck,2026-09-01T20:18:03.253Z,2,-16.540203,-71.504536,35.8,38.3,Pit-A,cycle-beta-north-truck-006-00001,hauling,221.2,240.0,382027.97,68.2,True,False,13244.5,239192.57,False,False,False,91.7,23.9,[],1.0
3bdc86ce-a3af-4cf6-b0de-dc8c7a2af85a,1.0,beta-minerals,north-site,fleet_telemetry,BETA-NORTH-TRUCK-007,haul_truck,2026-09-01T20:18:03.253Z,2,-16.641125,-71.506538,193.1,40.4,Pit-A,cycle-beta-north-truck-007-00001,hauling,216.2,240.0,61859.27,46.4,True,False,2596.74,104387.15,False,False,False,91.6,24.9,[],1.0
0c617f5a-1417-4a74-a1a8-0dae302c932d,1.0,beta-minerals,north-site,fleet_telemetry,BETA-NORTH-TRUCK-008,haul_truck,2026-09-01T20:18:03.253Z,2,-16.584416,-71.470426,271.0,32.8,Pit-A,cycle-beta-north-truck-008-00001,hauling,225.5,240.0,196137.21,59.1,True,False,13444.23,382127.85,False,False,False,87.2,25.2,[],1.0
d314f2b6-e7d9-4b33-afac-803703b3853c,1.0,beta-minerals,north-site,fleet_telemetry,BETA-NORTH-TRUCK-009,haul_truck,2026-09-01T20:18:03.253Z,2,-16.598236,-71.608935,44.3,40.2,Pit-A,cycle-beta-north-truck-009-00001,hauling,222.7,240.0,71730.62,47.0,True,False,12564.15,328474.53,False,False,False,94.0,24.0,[],1.0
0062f253-ed48-4864-9893-f1a4c001ac5f,1.0,beta-minerals,north-site,fleet_telemetry,BETA-NORTH-TRUCK-010,haul_truck,2026-09-01T20:18:03.253Z,2,-16.565906,-71.552024,182.2,27.7,Pit-A,cycle-beta-north-truck-010-00001,hauling,216.4,240.0,178935.58,64.3,True,False,11073.71,142930.99,False,False,False,95.8,24.3,[],1.0
0dd59e28-e16f-405f-9527-14de18ab076c,1.0,beta-minerals,north-site,fleet_telemetry,BETA-NORTH-TRUCK-011,haul_truck,2026-09-01T20:18:03.253Z,2,-16.623648,-71.573544,186.9,33.8,Pit-A,cycle-beta-north-truck-011-00001,hauling,219.6,240.0,23578.85,78.3,True,False,11160.43,72082.54,False,False,False,95.5,24.9,[],1.0
49d38b1f-dca3-4f93-beee-442730d63b36,1.0,beta-minerals,north-site,fleet_telemetry,BETA-NORTH-TRUCK-012,haul_truck,2026-09-01T20:18:03.253Z,2,-16.588668,-71.525858,126.7,35.9,Pit-A,cycle-beta-north-truck-012-00001,hauling,222.3,240.0,349921.1,59.7,True,False,17351.69,376359.84,False,False,False,95.9,24.6,[],1.0
bf84041a-1e81-4342-abda-44c56a7ab75e,1.0,beta-minerals,north-site,fleet_telemetry,BETA-NORTH-TRUCK-013,haul_truck,2026-09-01T20:18:03.253Z,2,-16.55535,-71.530094,299.7,27.8,Pit-A,cycle-beta-north-truck-013-00001,hauling,218.3,240.0,371948.95,27.9,True,False,18253.6,251122.96,False,False,False,89.0,25.1,[],1.0
bf0dc803-0388-40ae-a142-1f561072534d,1.0,beta-minerals,north-site,fleet_telemetry,BETA-NORTH-TRUCK-014,haul_truck,2026-09-01T20:18:03.253Z,2,-16.665249,-71.575464,91.8,34.8,Pit-A,cycle-beta-north-truck-014-00001,hauling,223.5,240.0,118914.06,86.2,True,False,16402.96,431813.22,False,False,False,86.7,24.3,[],1.0
08ae7ca0-ded4-4bc5-834b-f5d5e7ed7bb5,1.0,beta-minerals,north-site,fleet_telemetry,BETA-NORTH-TRUCK-015,haul_truck,2026-09-01T20:18:03.253Z,2,-16.540704,-71.523442,192.9,40.3,Pit-A,cycle-beta-north-truck-015-00001,hauling,221.1,240.0,351278.07,41.6,True,False,10108.28,646193.4,False,False,False,92.9,23.9,[],1.0
f3f39d0e-a71f-4df5-875f-07f1174d607c,1.0,beta-minerals,north-site,fleet_telemetry,BETA-NORTH-TRUCK-016,haul_truck,2026-09-01T20:18:03.253Z,2,-16.660895,-71.561382,295.3,37.2,Pit-A,cycle-beta-north-truck-016-00001,hauling,220.5,240.0,100912.79,39.5,True,False,4318.81,107718.08,False,False,False,92.6,24.6,[],1.0
5815a7f4-7d58-4fcc-94a4-ca4b2a629c4a,1.0,beta-minerals,north-site,fleet_telemetry,BETA-NORTH-TRUCK-017,haul_truck,2026-09-01T20:18:03.253Z,2,-16.517997,-71.535196,27.9,31.6,Pit-A,cycle-beta-north-truck-017-00001,hauling,216.3,240.0,138759.41,65.1,True,False,4369.6,636770.14,False,False,False,92.0,24.0,[],1.0
e1d7ca41-9fc2-40cb-968f-d2a5bba4c8d0,1.0,beta-minerals,north-site,fleet_telemetry,BETA-NORTH-TRUCK-018,haul_truck,2026-09-01T20:18:03.253Z,2,-16.626046,-71.512551,98.3,26.0,Pit-A,cycle-beta-north-truck-018-00001,hauling,220.4,240.0,191102.48,29.1,True,False,3674.49,492559.34,False,False,False,89.3,25.0,[],1.0
8810619c-6a2d-41d7-a9ea-293dff5c2b8d,1.0,beta-minerals,north-site,fleet_telemetry,BETA-NORTH-TRUCK-019,haul_truck,2026-09-01T20:18:03.253Z,2,-16.562184,-71.539191,63.2,55.1,Pit-A,cycle-beta-north-truck-019-00001,hauling,217.3,240.0,374532.13,78.3,True,False,6093.16,468178.83,False,False,True,95.3,24.8,[],1.0
5c0821e1-bc3b-4b96-88c0-cb04cb9e8d69,1.0,beta-minerals,north-site,fleet_telemetry,BETA-NORTH-TRUCK-020,haul_truck,2026-09-01T20:18:03.253Z,2,-16.547379,-71.553043,198.5,29.5,Pit-A,cycle-beta-north-truck-020-00001,hauling,224.4,240.0,43227.3,80.6,True,False,14109.63,256358.61,False,False,False,94.7,24.7,[],1.0
b999ddfa-f143-4fec-b0da-3e0d03415f60,1.0,beta-minerals,north-site,fleet_telemetry,BETA-NORTH-TRUCK-021,haul_truck,2026-09-01T20:18:03.253Z,2,-16.534835,-71.602602,348.4,40.1,Pit-A,cycle-beta-north-truck-021-00001,hauling,220.1,240.0,266060.58,85.8,True,False,10439.55,327468.08,False,False,False,93.4,24.5,[],1.0
ca6e9d8c-ad2b-45dd-934e-565668cc67db,1.0,beta-minerals,north-site,fleet_telemetry,BETA-NORTH-TRUCK-022,haul_truck,2026-09-01T20:18:03.253Z,2,-16.538425,-71.538361,56.0,34.7,Pit-A,cycle-beta-north-truck-022-00001,hauling,216.1,240.0,184995.12,92.8,True,False,18822.26,521277.14,False,False,False,91.1,24.0,[],1.0
db58f188-706e-41cc-ab0b-606283a4a3a7,1.0,beta-minerals,north-site,fleet_telemetry,BETA-NORTH-TRUCK-023,haul_truck,2026-09-01T20:18:03.253Z,2,-16.61542,-71.508283,89.7,30.8,Pit-A,cycle-beta-north-truck-023-00001,hauling,227.7,240.0,259102.67,59.0,True,False,7960.41,384098.24,False,False,False,93.1,24.7,[],1.0
5cb50ed8-3092-446a-84fd-28c33ea1da88,1.0,beta-minerals,north-site,fleet_telemetry,BETA-NORTH-TRUCK-024,haul_truck,2026-09-01T20:18:03.253Z,2,-16.645103,-71.544445,154.0,36.7,Pit-A,cycle-beta-north-truck-024-00001,hauling,222.0,240.0,17163.94,90.0,True,False,14075.01,547122.43,False,False,False,88.8,25.1,[],1.0
1d574d4e-a2ba-4da0-857f-15d16eaa4b3b,1.0,beta-minerals,north-site,fleet_telemetry,BETA-NORTH-TRUCK-025,haul_truck,2026-09-01T20:18:03.253Z,2,-16.644971,-71.46825,112.6,39.9,Pit-A,cycle-beta-north-truck-025-00001,hauling,227.4,240.0,68041.9,70.5,True,False,5089.15,453812.94,False,False,False,90.1,23.9,[],1.0
51c76adc-fe59-4123-b91a-ce53a5b9c774,1.0,beta-minerals,north-site,fleet_telemetry,BETA-NORTH-TRUCK-026,haul_truck,2026-09-01T20:18:03.253Z,2,-16.606968,-71.568632,199.4,25.4,Pit-A,cycle-beta-north-truck-026-00001,hauling,216.7,240.0,407672.26,36.6,True,False,6108.26,254261.61,False,False,False,93.4,24.5,[],1.0
f694b680-34a4-4050-8212-1929810b99cc,1.0,beta-minerals,north-site,fleet_telemetry,BETA-NORTH-TRUCK-027,haul_truck,2026-09-01T20:18:03.253Z,2,-16.657933,-71.522511,185.4,39.7,Pit-A,cycle-beta-north-truck-027-00001,hauling,224.8,240.0,51880.96,39.9,True,False,9899.7,77455.54,False,False,False,90.8,25.2,[],1.0
bbe001fa-ec01-4929-8ac3-edd811f97b9e,1.0,beta-minerals,north-site,fleet_telemetry,BETA-NORTH-TRUCK-028,haul_truck,2026-09-01T20:18:03.253Z,2,-16.602834,-71.596347,257.0,40.0,Pit-A,cycle-beta-north-truck-028-00001,hauling,226.9,240.0,369528.11,94.2,True,False,996.89,458226.23,False,False,False,93.5,24.8,[],1.0
59c59d8f-e2d3-4b90-91e5-5790ff6e93f5,1.0,beta-minerals,north-site,fleet_telemetry,BETA-NORTH-TRUCK-029,haul_truck,2026-09-01T20:18:03.253Z,2,-16.62251,-71.556247,190.1,37.5,Pit-A,cycle-beta-north-truck-029-00001,hauling,225.9,240.0,55408.82,50.7,True,False,2693.82,527752.86,False,False,False,94.8,24.7,[],1.0
c123b7f7-1416-4654-aed7-97d465167c2b,1.0,beta-minerals,north-site,fleet_telemetry,BETA-NORTH-TRUCK-030,haul_truck,2026-09-01T20:18:03.253Z,2,-16.572742,-71.591226,27.0,34.9,Pit-A,cycle-beta-north-truck-030-00001,hauling,222.3,240.0,40101.25,64.4,True,False,14401.42,446596.41,False,False,False,88.3,25.0,[],1.0
8839ec77-fe36-4b5e-8883-4b6c6614a068,1.0,beta-minerals,north-site,fleet_telemetry,BETA-NORTH-TRUCK-031,haul_truck,2026-09-01T20:18:03.253Z,2,-16.532809,-71.603635,329.0,33.2,Pit-A,cycle-beta-north-truck-031-00001,hauling,220.5,240.0,191152.5,73.0,True,False,14115.3,115365.75,False,False,False,87.1,24.1,[],1.0
c11ab6b6-2322-479b-952e-efbd9bd7c959,1.0,beta-minerals,north-site,fleet_telemetry,BETA-NORTH-TRUCK-032,haul_truck,2026-09-01T20:18:03.253Z,2,-16.648042,-71.573193,265.6,33.7,Pit-A,cycle-beta-north-truck-032-00001,hauling,219.5,240.0,433829.57,47.0,True,False,13298.97,261940.15,False,False,False,88.1,24.6,[],1.0
b88a2761-6277-4a41-b854-766aaa385906,1.0,beta-minerals,north-site,fleet_telemetry,BETA-NORTH-TRUCK-033,haul_truck,2026-09-01T20:18:03.253Z,2,-16.666091,-71.481963,166.7,27.9,Pit-A,cycle-beta-north-truck-033-00001,hauling,225.9,240.0,135365.3,90.9,True,False,13541.18,474343.21,False,False,False,86.4,24.7,[],1.0
237d9bf2-770f-4fdd-bd57-1dbe84690ee4,1.0,beta-minerals,north-site,fleet_telemetry,BETA-NORTH-TRUCK-034,haul_truck,2026-09-01T20:18:03.253Z,2,-16.661664,-71.473841,320.4,32.8,Pit-A,cycle-beta-north-truck-034-00001,hauling,220.2,240.0,339051.34,45.7,True,False,11776.28,340999.26,False,False,False,86.1,24.1,[],1.0
d4f09551-dbf0-4e0d-b1f3-b4c048595108,1.0,beta-minerals,north-site,fleet_telemetry,BETA-NORTH-TRUCK-035,haul_truck,2026-09-01T20:18:03.253Z,2,-16.528204,-71.615586,44.6,30.4,Pit-A,cycle-beta-north-truck-035-00001,hauling,222.2,240.0,290756.37,30.0,True,False,8980.78,171881.55,False,False,False,87.5,24.5,[],1.0
17360108-b413-4861-ae4a-1de66fef9900,1.0,beta-minerals,north-site,fleet_telemetry,BETA-NORTH-TRUCK-036,haul_truck,2026-09-01T20:18:03.253Z,2,-16.56114,-71.495468,65.6,26.8,Pit-A,cycle-beta-north-truck-036-00001,hauling,219.6,240.0,260087.51,50.6,True,False,3598.04,562312.86,False,False,False,90.3,24.9,[],1.0
19285a63-4019-4e0c-b064-289c39c9332f,1.0,beta-minerals,north-site,fleet_telemetry,BETA-NORTH-TRUCK-037,haul_truck,2026-09-01T20:18:03.253Z,2,-16.660711,-71.491227,129.3,26.0,Pit-A,cycle-beta-north-truck-037-00001,hauling,220.2,240.0,125361.66,27.8,True,False,1153.82,62545.56,False,False,False,90.3,25.0,[],1.0
0c8c169e-f92d-4f2f-b11d-1410129ebe81,1.0,beta-minerals,north-site,fleet_telemetry,BETA-NORTH-TRUCK-038,haul_truck,2026-09-01T20:18:03.253Z,2,-16.584394,-71.593075,57.7,27.6,Pit-A,cycle-beta-north-truck-038-00001,hauling,224.9,240.0,187002.2,69.8,True,False,17062.73,286852.44,False,False,False,95.0,24.1,[],1.0
81d6433c-dfdb-4ceb-984e-bbcef672d198,1.0,beta-minerals,north-site,fleet_telemetry,BETA-NORTH-TRUCK-039,haul_truck,2026-09-01T20:18:03.253Z,2,-16.607892,-71.516016,257.1,32.6,Pit-A,cycle-beta-north-truck-039-00001,hauling,222.6,240.0,365546.58,62.5,True,False,11639.66,148014.47,False,False,False,94.0,24.3,[],1.0
ee713b6d-c0ce-41e5-befc-b6a967516adf,1.0,beta-minerals,north-site,fleet_telemetry,BETA-NORTH-TRUCK-040,haul_truck,2026-09-01T20:18:03.253Z,2,-16.631283,-71.469543,39.5,37.8,Pit-A,cycle-beta-north-truck-040-00001,hauling,226.1,240.0,429508.45,41.7,True,False,7375.6,295616.26,False,False,False,89.9,24.0,[],1.0
799f139f-ec52-4d51-a519-7b5cc32a2d95,1.0,beta-minerals,north-site,fleet_telemetry,BETA-NORTH-TRUCK-041,haul_truck,2026-09-01T20:18:03.253Z,2,-16.557136,-71.505249,123.1,24.4,Pit-A,cycle-beta-north-truck-041-00001,hauling,218.8,240.0,335889.74,33.3,True,False,7356.95,487266.95,False,False,False,92.8,25.2,[],1.0
e90b21e5-0364-4258-a68c-668d0de39840,1.0,beta-minerals,north-site,fleet_telemetry,BETA-NORTH-TRUCK-042,haul_truck,2026-09-01T20:18:03.253Z,2,-16.6501,-71.492521,54.9,37.3,Pit-A,cycle-beta-north-truck-042-00001,hauling,225.1,240.0,327136.97,36.7,True,False,11887.72,513281.93,False,False,False,88.5,24.5,[],1.0
174291f7-6d1d-4eb4-9713-79e413080d2b,1.0,beta-minerals,north-site,fleet_telemetry,BETA-NORTH-TRUCK-043,haul_truck,2026-09-01T20:18:03.253Z,2,-16.660166,-71.503509,71.4,28.5,Pit-A,cycle-beta-north-truck-043-00001,hauling,219.0,240.0,365127.59,44.0,True,False,17154.32,38494.48,False,False,False,94.2,24.8,[],1.0
9e4509b5-9064-401e-a743-9237eb3c5729,1.0,beta-minerals,north-site,fleet_telemetry,BETA-NORTH-TRUCK-044,haul_truck,2026-09-01T20:18:03.253Z,2,-16.643699,-71.592343,228.3,38.6,Pit-A,cycle-beta-north-truck-044-00001,hauling,227.9,240.0,34393.35,85.1,True,False,11318.33,341792.64,False,False,False,91.9,24.1,[],1.0
88f58ceb-f228-494f-9bd0-c70abe259998,1.0,beta-minerals,north-site,fleet_telemetry,BETA-NORTH-TRUCK-045,haul_truck,2026-09-01T20:18:03.253Z,2,-16.532993,-71.615537,18.3,61.9,Pit-A,cycle-beta-north-truck-045-00001,hauling,223.4,240.0,335943.33,25.2,True,False,15091.36,92660.26,False,False,True,86.9,24.4,[],1.0
a1cce9c4-48fe-465b-87a3-09965a48a098,1.0,beta-minerals,north-site,fleet_telemetry,BETA-NORTH-TRUCK-046,haul_truck,2026-09-01T20:18:03.253Z,2,-16.581952,-71.471275,231.7,29.5,Pit-A,cycle-beta-north-truck-046-00001,hauling,221.8,240.0,419710.58,85.0,True,False,8919.17,114553.38,False,False,False,91.1,24.2,[],1.0
4c76aaee-28e5-49ff-8ab9-ad79a2b5b34b,1.0,beta-minerals,north-site,fleet_telemetry,BETA-NORTH-TRUCK-047,haul_truck,2026-09-01T20:18:03.253Z,2,-16.538246,-71.526058,14.7,28.8,Pit-A,cycle-beta-north-truck-047-00001,hauling,219.8,240.0,412976.24,47.4,True,False,5559.73,176405.85,False,False,False,86.5,23.9,[],1.0
dab4581f-4a42-496d-8347-6a6048e82735,1.0,beta-minerals,north-site,fleet_telemetry,BETA-NORTH-TRUCK-048,haul_truck,2026-09-01T20:18:03.253Z,2,-16.659373,-71.543069,341.3,37.4,Pit-A,cycle-beta-north-truck-048-00001,hauling,217.2,240.0,441822.24,91.8,True,False,4602.1,526733.0,False,False,False,87.8,24.3,[],1.0
b41821ee-1562-48dc-b019-590a3f5c6ce4,1.0,beta-minerals,north-site,fleet_telemetry,BETA-NORTH-TRUCK-049,haul_truck,2026-09-01T20:18:03.253Z,2,-16.58021,-71.568872,266.8,29.5,Pit-A,cycle-beta-north-truck-049-00001,hauling,226.3,240.0,13506.58,39.0,True,False,7738.78,368447.62,False,False,False,89.3,24.3,[],1.0
b0ea3400-d9a0-4bb8-aff1-885e0d99c359,1.0,beta-minerals,north-site,fleet_telemetry,BETA-NORTH-TRUCK-050,haul_truck,2026-09-01T20:18:03.253Z,2,-16.553211,-71.530045,319.3,38.0,Pit-A,cycle-beta-north-truck-050-00001,hauling,218.5,240.0,449026.47,79.3,True,False,8607.4,632270.43,False,False,False,89.8,24.0,[],1.0
6b68c9ff-a201-4be7-8edf-ae4351dc089c,1.0,beta-minerals,north-site,fleet_telemetry,BETA-NORTH-TRUCK-051,haul_truck,2026-09-01T20:18:03.253Z,2,-16.536065,-71.477132,253.6,37.4,Pit-A,cycle-beta-north-truck-051-00001,hauling,223.9,240.0,112519.15,49.2,True,False,935.21,278322.8,False,False,False,87.9,25.1,[],1.0
fcafee10-21ce-4afb-bd47-c4b9b17777d2,1.0,beta-minerals,north-site,fleet_telemetry,BETA-NORTH-TRUCK-052,haul_truck,2026-09-01T20:18:03.253Z,2,-16.637575,-71.460192,259.4,25.3,Pit-A,cycle-beta-north-truck-052-00001,hauling,227.9,240.0,334756.51,46.5,True,False,16889.3,257053.18,False,False,False,88.0,23.9,[],1.0
3acbfac2-3c63-4209-8b16-267d8b5ef922,1.0,beta-minerals,north-site,fleet_telemetry,BETA-NORTH-TRUCK-053,haul_truck,2026-09-01T20:18:03.253Z,2,-16.633374,-71.482204,350.9,27.5,Pit-A,cycle-beta-north-truck-053-00001,hauling,226.2,240.0,133123.26,28.1,True,False,21418.26,109695.33,False,False,False,95.1,25.1,[],1.0
2944be2c-7902-4ca7-b961-243a37e58ebd,1.0,beta-minerals,north-site,fleet_telemetry,BETA-NORTH-TRUCK-054,haul_truck,2026-09-01T20:18:03.253Z,2,-16.568429,-71.554421,181.3,32.1,Pit-A,cycle-beta-north-truck-054-00001,hauling,221.0,240.0,265539.22,60.4,True,False,10519.31,491176.67,False,False,False,95.3,23.8,[],1.0
55599e47-f2d4-4725-b9cc-4c56ec1aedd8,1.0,beta-minerals,north-site,fleet_telemetry,BETA-NORTH-TRUCK-055,haul_truck,2026-09-01T20:18:03.253Z,2,-16.620013,-71.489387,249.7,34.8,Pit-A,cycle-beta-north-truck-055-00001,hauling,222.8,240.0,114179.7,43.3,True,False,10021.64,627457.56,False,False,False,93.9,24.8,[],1.0
2b49ba6a-0e70-4b5e-820d-99d4546f1d60,1.0,beta-minerals,north-site,fleet_telemetry,BETA-NORTH-TRUCK-056,haul_truck,2026-09-01T20:18:03.253Z,2,-16.545595,-71.523928,138.3,31.2,Pit-A,cycle-beta-north-truck-056-00001,hauling,218.0,240.0,42862.61,39.2,True,False,7542.83,191332.24,False,False,False,93.5,24.9,[],1.0
73d2d335-f0ef-460b-b044-0a318963672f,1.0,beta-minerals,north-site,fleet_telemetry,BETA-NORTH-TRUCK-057,haul_truck,2026-09-01T20:18:03.253Z,2,-16.547159,-71.545207,316.4,31.2,Pit-A,cycle-beta-north-truck-057-00001,hauling,218.6,240.0,63124.31,50.1,True,False,10330.82,217841.02,False,False,False,93.0,24.9,[],1.0
4edefc9b-2a54-4429-a790-5395369ad00b,1.0,beta-minerals,north-site,fleet_telemetry,BETA-NORTH-TRUCK-058,haul_truck,2026-09-01T20:18:03.253Z,2,-16.573871,-71.583105,198.7,32.2,Pit-A,cycle-beta-north-truck-058-00001,hauling,218.6,240.0,143854.73,74.3,True,False,2716.93,528786.1,False,False,False,93.1,24.0,[],1.0
4c595e16-eb9c-4ff0-b4d9-02a118e4cb31,1.0,beta-minerals,north-site,fleet_telemetry,BETA-NORTH-TRUCK-059,haul_truck,2026-09-01T20:18:03.253Z,2,-16.562069,-71.575887,97.3,24.8,Pit-A,cycle-beta-north-truck-059-00001,hauling,226.6,240.0,166526.95,60.9,True,False,2733.72,176377.87,False,False,False,95.3,24.9,[],1.0
fc56e26b-d83d-4765-8657-ce7891b67a98,1.0,beta-minerals,north-site,fleet_telemetry,BETA-NORTH-TRUCK-060,haul_truck,2026-09-01T20:18:03.253Z,2,-16.655231,-71.601193,217.8,35.6,Pit-A,cycle-beta-north-truck-060-00001,hauling,216.0,240.0,254619.8,63.5,True,False,20984.45,558398.87,False,False,False,89.5,24.3,[],1.0
f58afc8a-0f73-460e-821b-066fac809ee7,1.0,beta-minerals,north-site,fleet_telemetry,BETA-NORTH-TRUCK-061,haul_truck,2026-09-01T20:18:03.253Z,2,-16.53861,-71.557933,116.8,25.5,Pit-A,cycle-beta-north-truck-061-00001,hauling,220.9,240.0,442329.73,34.1,True,False,1053.49,543134.61,False,False,False,92.1,23.9,[],1.0
4a5155a1-7e5e-4caf-a99b-552acdfdac30,1.0,beta-minerals,north-site,fleet_telemetry,BETA-NORTH-TRUCK-062,haul_truck,2026-09-01T20:18:03.253Z,2,-16.660096,-71.473082,193.4,38.7,Pit-A,cycle-beta-north-truck-062-00001,hauling,218.1,240.0,367608.86,26.5,True,False,13145.27,183057.07,False,False,False,95.7,25.2,[],1.0
097863cd-6b77-4970-bd0e-22df865fe542,1.0,beta-minerals,north-site,fleet_telemetry,BETA-NORTH-TRUCK-063,haul_truck,2026-09-01T20:18:03.253Z,2,-16.519651,-71.609388,313.1,38.0,Pit-A,cycle-beta-north-truck-063-00001,hauling,220.6,240.0,365910.51,33.6,True,False,2749.95,553783.58,False,False,False,92.5,24.7,[],1.0
1a999728-aea7-48dc-8fba-3149ddfccc1c,1.0,beta-minerals,north-site,fleet_telemetry,BETA-NORTH-TRUCK-064,haul_truck,2026-09-01T20:18:03.253Z,2,-16.642762,-71.583155,271.0,33.9,Pit-A,cycle-beta-north-truck-064-00001,hauling,223.0,240.0,22972.35,72.8,True,False,18219.73,268849.22,False,False,False,94.1,24.0,[],1.0
06d03852-de56-419c-9f10-10ad3d673a1f,1.0,beta-minerals,north-site,fleet_telemetry,BETA-NORTH-TRUCK-065,haul_truck,2026-09-01T20:18:03.253Z,2,-16.566841,-71.537661,66.6,28.2,Pit-A,cycle-beta-north-truck-065-00001,hauling,217.1,240.0,280207.04,68.2,True,False,10255.45,113637.83,False,False,False,87.8,25.0,[],1.0
bb971de3-8724-4fc2-872c-f9da7dc5a05d,1.0,beta-minerals,north-site,fleet_telemetry,BETA-NORTH-TRUCK-066,haul_truck,2026-09-01T20:18:03.253Z,2,-16.528846,-71.533364,64.0,27.4,Pit-A,cycle-beta-north-truck-066-00001,hauling,216.3,240.0,70383.99,39.0,True,False,2092.76,196258.91,False,False,False,87.6,24.4,[],1.0
ca3bf842-b015-4cec-a388-30d6bf78cbc0,1.0,beta-minerals,north-site,fleet_telemetry,BETA-NORTH-TRUCK-067,haul_truck,2026-09-01T20:18:03.253Z,2,-16.583294,-71.539961,36.1,34.9,Pit-A,cycle-beta-north-truck-067-00001,hauling,226.9,240.0,354043.08,50.1,True,False,17650.74,643324.33,False,False,False,95.7,24.5,[],1.0
2ecac575-6ca3-4584-a9a6-7c3a70dbd9cc,1.0,beta-minerals,north-site,fleet_telemetry,BETA-NORTH-TRUCK-068,haul_truck,2026-09-01T20:18:03.253Z,2,-16.665707,-71.487795,274.8,37.1,Pit-A,cycle-beta-north-truck-068-00001,hauling,216.2,240.0,21467.85,66.8,True,False,7618.02,190374.53,False,False,False,94.3,24.7,[],1.0
3a6611bb-7348-48b3-bba1-438adb4a8b18,1.0,beta-minerals,north-site,fleet_telemetry,BETA-NORTH-TRUCK-069,haul_truck,2026-09-01T20:18:03.253Z,2,-16.654395,-71.512416,347.8,24.8,Pit-A,cycle-beta-north-truck-069-00001,hauling,223.5,240.0,449826.67,93.2,True,False,12023.97,503110.6,False,False,False,86.1,25.1,[],1.0
31c62913-b1c0-4bd1-874e-c92f90b37b87,1.0,beta-minerals,north-site,fleet_telemetry,BETA-NORTH-TRUCK-070,haul_truck,2026-09-01T20:18:03.253Z,2,-16.608259,-71.467859,202.6,25.9,Pit-A,cycle-beta-north-truck-070-00001,hauling,218.4,240.0,263304.67,93.8,True,False,16997.86,617115.6,False,False,False,90.8,24.4,[],1.0
5d480f4e-6268-48fc-83cc-b20d49fbff51,1.0,beta-minerals,north-site,fleet_telemetry,BETA-NORTH-TRUCK-071,haul_truck,2026-09-01T20:18:03.253Z,2,-16.524177,-71.613005,44.3,26.9,Pit-A,cycle-beta-north-truck-071-00001,hauling,224.3,240.0,364732.64,73.8,True,False,4533.33,393287.33,False,False,False,92.3,25.0,[],1.0
33660021-1c4e-4361-821c-21dfa2ec35d8,1.0,beta-minerals,north-site,fleet_telemetry,BETA-NORTH-TRUCK-072,haul_truck,2026-09-01T20:18:03.253Z,2,-16.529339,-71.53873,8.6,25.9,Pit-A,cycle-beta-north-truck-072-00001,hauling,217.7,240.0,92822.95,94.1,True,False,12748.46,374758.64,False,False,False,95.1,24.4,[],1.0
9399332b-4972-4899-9735-05cb220f791b,1.0,beta-minerals,north-site,fleet_telemetry,BETA-NORTH-TRUCK-073,haul_truck,2026-09-01T20:18:03.253Z,2,-16.593933,-71.564407,296.1,26.7,Pit-A,cycle-beta-north-truck-073-00001,hauling,220.6,240.0,274731.77,26.4,True,False,1604.83,55385.86,False,False,False,94.8,24.0,[],1.0
d89e3da7-85b5-4689-9105-929a8e441eae,1.0,beta-minerals,north-site,fleet_telemetry,BETA-NORTH-TRUCK-074,haul_truck,2026-09-01T20:18:03.253Z,2,-16.660887,-71.593848,42.6,27.1,Pit-A,cycle-beta-north-truck-074-00001,hauling,220.3,240.0,363066.9,85.8,True,False,8024.09,131799.76,False,False,False,92.2,25.1,[],1.0
d2dd3ad6-1197-4762-9da3-58e43fe53253,1.0,beta-minerals,north-site,fleet_telemetry,BETA-NORTH-TRUCK-075,haul_truck,2026-09-01T20:18:03.253Z,2,-16.610621,-71.466805,244.5,40.6,Pit-A,cycle-beta-north-truck-075-00001,hauling,222.4,240.0,388694.71,92.2,True,False,17216.57,553283.02,False,False,False,92.0,24.0,[],1.0
756d536a-a5f6-44ab-adb6-b806aff9e79b,1.0,beta-minerals,north-site,fleet_telemetry,BETA-NORTH-TRUCK-076,haul_truck,2026-09-01T20:18:03.253Z,2,-16.600488,-71.515224,238.2,36.0,Pit-A,cycle-beta-north-truck-076-00001,hauling,217.2,240.0,439378.84,76.3,True,False,7935.1,223240.07,False,False,False,95.2,25.1,[],1.0
13b22548-3802-45f6-86d7-80bd2b680afe,1.0,beta-minerals,north-site,fleet_telemetry,BETA-NORTH-TRUCK-077,haul_truck,2026-09-01T20:18:03.253Z,2,-16.544498,-71.581802,236.0,38.6,Pit-A,cycle-beta-north-truck-077-00001,hauling,227.2,240.0,315166.72,90.0,True,False,4493.1,630308.08,False,False,False,87.5,24.2,[],1.0
0a58654a-51e6-406f-b686-7472acc8841e,1.0,beta-minerals,north-site,fleet_telemetry,BETA-NORTH-TRUCK-078,haul_truck,2026-09-01T20:18:03.253Z,2,-16.670101,-71.50518,345.4,31.0,Pit-A,cycle-beta-north-truck-078-00001,hauling,216.8,240.0,139587.74,37.4,True,False,8821.75,482416.88,False,False,False,91.8,24.2,[],1.0
314a65fd-d6b7-4d41-92e3-01af98d1e2c6,1.0,beta-minerals,north-site,fleet_telemetry,BETA-NORTH-TRUCK-079,haul_truck,2026-09-01T20:18:03.253Z,2,-16.635069,-71.527017,249.6,25.6,Pit-A,cycle-beta-north-truck-079-00001,hauling,219.8,240.0,415256.96,92.7,True,False,1486.52,399504.9,False,False,False,90.2,24.4,[],1.0
21598ac5-cfd1-4871-8172-7382149c1173,1.0,beta-minerals,north-site,fleet_telemetry,BETA-NORTH-TRUCK-080,haul_truck,2026-09-01T20:18:03.253Z,2,-16.568598,-71.463401,178.9,38.3,Pit-A,cycle-beta-north-truck-080-00001,hauling,219.0,240.0,162596.6,47.4,True,False,7820.77,69018.24,False,False,False,90.2,24.5,[],1.0
b2c4b8c4-45ae-4c39-aaff-1c4dd5644c00,1.0,acme-mining,site-01,fleet_telemetry,ACME-S01-TRUCK-001,haul_truck,2026-09-01T20:18:08.253Z,3,-16.552552,-71.509235,51.7,0.4,Dump-A,cycle-acme-s01-truck-001-00001,dumping,0.0,240.0,131013.06,40.6,True,True,14355.85,35756.82,False,False,False,86.8,23.8,[],1.0
67d6511a-d81a-4de7-8788-6a72932ab14b,1.0,acme-mining,site-01,fleet_telemetry,ACME-S01-TRUCK-002,haul_truck,2026-09-01T20:18:08.253Z,3,-16.57409,-71.527682,333.7,1.5,Dump-A,cycle-acme-s01-truck-002-00001,dumping,0.0,240.0,51226.07,41.3,True,True,13318.45,40023.14,False,False,False,87.1,24.0,[],1.0
09cd208c-7050-4a1f-a673-1443b8e2ab16,1.0,acme-mining,site-01,fleet_telemetry,ACME-S01-TRUCK-003,haul_truck,2026-09-01T20:18:08.253Z,3,-16.548998,-71.591958,27.8,0.2,Dump-A,cycle-acme-s01-truck-003-00001,dumping,0.0,240.0,132404.07,85.8,True,True,9693.82,303001.74,False,False,False,87.8,25.0,[],1.0
815bbcd9-e761-4d16-b75c-c9087da4b82e,1.0,acme-mining,site-01,fleet_telemetry,ACME-S01-TRUCK-004,haul_truck,2026-09-01T20:18:08.253Z,3,-16.654913,-71.48192,286.3,1.4,Dump-A,cycle-acme-s01-truck-004-00001,dumping,0.0,240.0,158101.76,31.5,True,True,4096.17,623044.28,False,False,False,87.0,24.4,[],1.0
2c0df5ba-551b-472f-a9de-f4800328fb41,1.0,acme-mining,site-01,fleet_telemetry,ACME-S01-TRUCK-005,haul_truck,2026-09-01T20:18:08.253Z,3,-16.582062,-71.484806,151.1,0.7,Dump-A,cycle-acme-s01-truck-005-00001,dumping,0.0,240.0,438171.1,51.5,True,True,16270.32,357823.76,False,False,False,88.1,25.0,[],1.0
3ea4e3b8-222b-4443-8c38-8d44b8608145,1.0,acme-mining,site-01,fleet_telemetry,ACME-S01-TRUCK-006,haul_truck,2026-09-01T20:18:08.253Z,3,-16.624083,-71.604719,107.5,1.0,Dump-A,cycle-acme-s01-truck-006-00001,dumping,0.0,240.0,30162.89,40.9,True,True,13039.87,463880.31,False,False,False,87.6,25.1,[],1.0
8a539b88-29de-4a2f-afaf-63571d61d5a5,1.0,acme-mining,site-01,fleet_telemetry,ACME-S01-TRUCK-007,haul_truck,2026-09-01T20:18:08.253Z,3,-16.613544,-71.510283,42.2,1.0,Dump-A,cycle-acme-s01-truck-007-00001,dumping,0.0,240.0,377008.75,36.4,True,True,8858.68,305648.53,False,False,False,94.5,24.3,[],1.0
cb9c13f9-3fed-4332-8ee7-42d07057474c,1.0,acme-mining,site-01,fleet_telemetry,ACME-S01-TRUCK-008,haul_truck,2026-09-01T20:18:08.253Z,3,-16.609691,-71.459195,1.8,0.5,Dump-A,cycle-acme-s01-truck-008-00001,dumping,0.0,240.0,330815.95,36.4,True,True,13713.58,127817.41,False,False,False,92.0,24.5,[],1.0
e83d1e18-de14-4366-8959-4c5619e4bcd5,1.0,acme-mining,site-01,fleet_telemetry,ACME-S01-TRUCK-009,haul_truck,2026-09-01T20:18:08.253Z,3,-16.538903,-71.488678,192.9,0.4,Dump-A,cycle-acme-s01-truck-009-00001,dumping,0.0,240.0,348058.14,28.9,True,True,5455.85,224298.17,False,False,False,92.1,24.5,[],1.0
cdac93f8-bd1f-4c3b-b310-d98bbbf738ca,1.0,acme-mining,site-01,fleet_telemetry,ACME-S01-TRUCK-010,haul_truck,2026-09-01T20:18:08.253Z,3,-16.565517,-71.554189,323.4,1.1,Dump-A,cycle-acme-s01-truck-010-00001,dumping,0.0,240.0,395601.92,47.0,True,True,5272.84,614033.17,False,False,False,89.6,23.8,[],1.0
b3fea805-3a29-4a9a-957a-6e12042f4093,1.0,acme-mining,site-01,fleet_telemetry,ACME-S01-TRUCK-011,haul_truck,2026-09-01T20:18:08.253Z,3,-16.550892,-71.548955,45.6,0.2,Dump-A,cycle-acme-s01-truck-011-00001,dumping,0.0,240.0,337795.31,62.7,True,True,3828.88,107967.15,False,False,False,92.9,24.2,[],1.0
33d372fd-1702-4b7b-8ad8-8528265231de,1.0,acme-mining,site-01,fleet_telemetry,ACME-S01-TRUCK-012,haul_truck,2026-09-01T20:18:08.253Z,3,-16.662848,-71.599946,234.6,0.3,Dump-A,cycle-acme-s01-truck-012-00001,dumping,0.0,240.0,234191.73,31.4,True,True,5449.6,648448.74,False,False,False,93.1,24.5,[],1.0
3d18f7a4-1973-46f1-b7d0-4a99888f7275,1.0,acme-mining,site-01,fleet_telemetry,ACME-S01-TRUCK-013,haul_truck,2026-09-01T20:18:08.253Z,3,-16.630183,-71.528976,332.0,1.2,Dump-A,cycle-acme-s01-truck-013-00001,dumping,0.0,240.0,272191.07,57.8,True,True,13443.88,262403.45,False,False,False,95.5,24.2,[],1.0
9f36f643-5dd6-4040-8ce0-8bb6e54d1d9b,1.0,acme-mining,site-01,fleet_telemetry,ACME-S01-TRUCK-014,haul_truck,2026-09-01T20:18:08.253Z,3,-16.652534,-71.547922,346.2,0.3,Dump-A,cycle-acme-s01-truck-014-00001,dumping,0.0,240.0,127403.24,69.9,True,True,15252.26,358291.35,False,False,False,93.2,23.9,[],1.0
9ef93951-f0e0-4c45-88d0-53718edb5fd8,1.0,acme-mining,site-01,fleet_telemetry,ACME-S01-TRUCK-015,haul_truck,2026-09-01T20:18:08.253Z,3,-16.570333,-71.482845,74.1,1.2,Dump-A,cycle-acme-s01-truck-015-00001,dumping,0.0,240.0,233380.1,32.4,True,True,21404.03,500036.24,False,False,False,87.7,24.8,[],1.0
1c18120a-859b-47e5-98a4-9aece5d8812e,1.0,acme-mining,site-01,fleet_telemetry,ACME-S01-TRUCK-016,haul_truck,2026-09-01T20:18:08.253Z,3,-16.585549,-71.617391,97.8,0.7,Dump-A,cycle-acme-s01-truck-016-00001,dumping,0.0,240.0,247326.93,79.5,True,True,4040.2,500381.85,False,False,False,92.0,24.2,[],1.0
9927ce18-b8b4-477c-a1d5-572a309d754d,1.0,acme-mining,site-01,fleet_telemetry,ACME-S01-TRUCK-017,haul_truck,2026-09-01T20:18:08.253Z,3,-16.632103,-71.578952,127.0,0.2,Dump-A,cycle-acme-s01-truck-017-00001,dumping,0.0,240.0,443541.57,81.5,True,True,3171.6,248677.93,False,False,False,88.0,25.1,[],1.0
50419642-2577-46e8-99be-b563389d4973,1.0,acme-mining,site-01,fleet_telemetry,ACME-S01-TRUCK-018,haul_truck,2026-09-01T20:18:08.253Z,3,-16.547852,-71.596953,344.8,1.2,Dump-A,cycle-acme-s01-truck-018-00001,dumping,0.0,240.0,40453.67,78.2,True,True,2615.86,326174.04,False,False,False,94.9,24.2,[],1.0
ba52a06b-89fe-4f02-8b91-f0f50f13dea5,1.0,acme-mining,site-01,fleet_telemetry,ACME-S01-TRUCK-019,haul_truck,2026-09-01T20:18:08.253Z,3,-16.521782,-71.496667,342.0,0.6,Dump-A,cycle-acme-s01-truck-019-00001,dumping,0.0,240.0,276901.48,92.5,True,True,4300.7,352434.53,False,False,False,94.8,24.5,[],1.0
8094a738-8722-41b0-82a8-d7c337be1a95,1.0,acme-mining,site-01,fleet_telemetry,ACME-S01-TRUCK-020,haul_truck,2026-09-01T20:18:08.253Z,3,-16.598169,-71.577827,154.5,0.6,Dump-A,cycle-acme-s01-truck-020-00001,dumping,0.0,240.0,174305.18,88.0,True,True,9258.64,443162.86,False,False,False,94.1,24.1,[],1.0
d892f7d4-2700-4322-a714-23516de93f61,1.0,acme-mining,site-01,fleet_telemetry,ACME-S01-TRUCK-021,haul_truck,2026-09-01T20:18:08.253Z,3,-16.569441,-71.580876,52.2,0.4,Dump-A,cycle-acme-s01-truck-021-00001,dumping,0.0,240.0,106895.81,30.0,True,True,13272.15,164972.32,False,False,False,89.7,24.2,[],1.0
35fb9447-8588-4cb4-8cd2-a705b40b4c6a,1.0,acme-mining,site-01,fleet_telemetry,ACME-S01-TRUCK-022,haul_truck,2026-09-01T20:18:08.253Z,3,-16.64922,-71.467836,76.9,0.0,Dump-A,cycle-acme-s01-truck-022-00001,dumping,0.0,240.0,304350.38,40.0,True,True,2302.18,169942.98,False,False,False,93.2,24.6,[],1.0
d96fb66b-392c-45dc-8dcf-35a1ef055ee0,1.0,acme-mining,site-01,fleet_telemetry,ACME-S01-TRUCK-023,haul_truck,2026-09-01T20:18:08.253Z,3,-16.56496,-71.560809,102.1,0.5,Dump-A,cycle-acme-s01-truck-023-00001,dumping,0.0,240.0,189106.54,31.6,True,True,5951.55,317973.0,False,False,False,86.7,24.1,[],1.0
9020f418-1630-4e09-97be-ddea115aba9b,1.0,acme-mining,site-01,fleet_telemetry,ACME-S01-TRUCK-024,haul_truck,2026-09-01T20:18:08.253Z,3,-16.61611,-71.479647,340.6,0.3,Dump-A,cycle-acme-s01-truck-024-00001,dumping,0.0,240.0,53304.02,53.2,True,True,15075.33,640024.12,False,False,False,93.2,24.9,[],1.0
6e186dc7-58df-45a3-a024-56d59687dd29,1.0,acme-mining,site-01,fleet_telemetry,ACME-S01-TRUCK-025,haul_truck,2026-09-01T20:18:08.253Z,3,-16.530465,-71.605447,245.5,1.0,Dump-A,cycle-acme-s01-truck-025-00001,dumping,0.0,240.0,90734.9,57.4,True,True,12169.26,108314.9,False,False,False,92.5,24.4,[],1.0
464a3e5a-2b39-4c4a-8b69-67145ce89179,1.0,acme-mining,site-01,fleet_telemetry,ACME-S01-TRUCK-026,haul_truck,2026-09-01T20:18:08.253Z,3,-16.655485,-71.49691,177.8,1.2,Dump-A,cycle-acme-s01-truck-026-00001,dumping,0.0,240.0,247858.85,26.0,True,True,2875.67,430851.33,False,False,False,86.5,23.9,[],1.0
6de77024-d676-41c7-a359-0b3042fff348,1.0,acme-mining,site-01,fleet_telemetry,ACME-S01-TRUCK-027,haul_truck,2026-09-01T20:18:08.253Z,3,-16.609778,-71.459861,216.5,0.4,Dump-A,cycle-acme-s01-truck-027-00001,dumping,0.0,240.0,186457.89,29.1,True,True,11095.6,154660.85,False,False,False,90.5,24.6,[],1.0
7995ffd1-25de-428d-b3b6-1e4badb026d3,1.0,acme-mining,site-01,fleet_telemetry,ACME-S01-TRUCK-028,haul_truck,2026-09-01T20:18:08.253Z,3,-16.564519,-71.539638,207.2,0.4,Dump-A,cycle-acme-s01-truck-028-00001,dumping,0.0,240.0,331422.5,79.8,True,True,6847.29,458852.71,False,False,False,113.0,23.8,"[""ENG_OVERHEAT""]",0.72
07ea9bbf-efec-4ed7-8df7-fd8c0f549bcf,1.0,acme-mining,site-01,fleet_telemetry,ACME-S01-TRUCK-029,haul_truck,2026-09-01T20:18:08.253Z,3,-16.66127,-71.524017,13.3,0.7,Dump-A,cycle-acme-s01-truck-029-00001,dumping,0.0,240.0,248566.05,77.3,True,True,21336.64,384883.64,False,False,False,95.7,24.5,[],1.0
5673fac9-0b21-4c22-850b-f07319d993fa,1.0,acme-mining,site-01,fleet_telemetry,ACME-S01-TRUCK-030,haul_truck,2026-09-01T20:18:08.253Z,3,-16.575191,-71.509447,169.1,0.8,Dump-A,cycle-acme-s01-truck-030-00001,dumping,0.0,240.0,45249.21,38.0,True,True,4137.58,625290.77,False,False,False,86.2,25.0,[],1.0
3144edad-0773-49b2-ba10-d612910c21e4,1.0,acme-mining,site-01,fleet_telemetry,ACME-S01-TRUCK-031,haul_truck,2026-09-01T20:18:08.253Z,3,-16.657267,-71.512339,124.5,0.6,Dump-A,cycle-acme-s01-truck-031-00001,dumping,0.0,240.0,264724.55,27.8,True,True,20761.84,378895.56,False,False,False,89.2,23.9,[],1.0
753107dc-ee6d-4a65-86e4-6ba0864ade67,1.0,acme-mining,site-01,fleet_telemetry,ACME-S01-TRUCK-032,haul_truck,2026-09-01T20:18:08.253Z,3,-16.607088,-71.510046,107.4,1.2,Dump-A,cycle-acme-s01-truck-032-00001,dumping,0.0,240.0,325124.55,41.7,True,True,20615.78,148683.36,False,False,False,86.5,25.2,[],1.0
b11b4a11-449b-4fa3-b858-0aa83b193ff3,1.0,acme-mining,site-01,fleet_telemetry,ACME-S01-TRUCK-033,haul_truck,2026-09-01T20:18:08.253Z,3,-16.580315,-71.601485,303.4,0.7,Dump-A,cycle-acme-s01-truck-033-00001,dumping,0.0,240.0,14098.96,68.5,True,True,20495.19,609512.69,False,False,False,95.1,25.1,[],1.0
520be6cf-d033-4010-98ae-bfd8c427026c,1.0,acme-mining,site-01,fleet_telemetry,ACME-S01-TRUCK-034,haul_truck,2026-09-01T20:18:08.253Z,3,-16.611294,-71.592255,49.9,0.2,Dump-A,cycle-acme-s01-truck-034-00001,dumping,0.0,240.0,397580.4,86.5,True,True,6422.25,607953.46,False,False,False,94.3,25.2,[],1.0
7095124c-8088-428a-aab5-104fc1c1cfea,1.0,acme-mining,site-01,fleet_telemetry,ACME-S01-TRUCK-035,haul_truck,2026-09-01T20:18:08.253Z,3,-16.539676,-71.569581,31.7,1.3,Dump-A,cycle-acme-s01-truck-035-00001,dumping,0.0,240.0,297749.74,25.5,True,True,13767.57,641956.88,False,False,False,88.3,24.8,[],1.0
fef249dc-c035-4695-82e6-0cd113ed7320,1.0,acme-mining,site-01,fleet_telemetry,ACME-S01-TRUCK-036,haul_truck,2026-09-01T20:18:08.253Z,3,-16.625309,-71.583793,1.8,1.2,Dump-A,cycle-acme-s01-truck-036-00001,dumping,0.0,240.0,336663.5,35.9,True,True,6406.68,580519.06,False,False,False,91.4,24.8,[],1.0
6312d331-3c2a-4566-ab89-bd485fe51371,1.0,acme-mining,site-01,fleet_telemetry,ACME-S01-TRUCK-037,haul_truck,2026-09-01T20:18:08.253Z,3,-16.568929,-71.484798,17.3,0.1,Dump-A,cycle-acme-s01-truck-037-00001,dumping,0.0,240.0,409590.14,28.5,True,True,11514.68,178206.43,False,False,False,86.4,24.2,[],1.0
4219870a-07d5-4b2f-a2ca-315f8a41d9db,1.0,acme-mining,site-01,fleet_telemetry,ACME-S01-TRUCK-038,haul_truck,2026-09-01T20:18:08.253Z,3,-16.582134,-71.54906,136.6,0.4,Dump-A,cycle-acme-s01-truck-038-00001,dumping,0.0,240.0,125260.48,76.9,True,True,17147.73,421381.47,False,False,False,93.9,24.8,[],1.0
a292b148-65ad-4350-bc92-7013d498cd34,1.0,acme-mining,site-01,fleet_telemetry,ACME-S01-TRUCK-039,haul_truck,2026-09-01T20:18:08.253Z,3,-16.611327,-71.529107,114.9,1.4,Dump-A,cycle-acme-s01-truck-039-00001,dumping,0.0,240.0,75584.05,27.5,True,True,20835.08,455342.4,False,False,False,87.2,24.0,[],1.0
8eca4fd3-80d6-441e-9bf0-fbadd37813fa,1.0,acme-mining,site-01,fleet_telemetry,ACME-S01-TRUCK-040,haul_truck,2026-09-01T20:18:08.253Z,3,-16.526575,-71.583871,229.2,0.9,Dump-A,cycle-acme-s01-truck-040-00001,dumping,0.0,240.0,360293.98,85.2,True,True,7335.08,586358.39,False,False,False,95.0,24.7,[],1.0
06a265b0-15cb-4e8b-abf9-d6213a0f4664,1.0,acme-mining,site-01,fleet_telemetry,ACME-S01-TRUCK-041,haul_truck,2026-09-01T20:18:08.253Z,3,-16.550492,-71.469396,176.4,0.8,Dump-A,cycle-acme-s01-truck-041-00001,dumping,0.0,240.0,394873.76,93.2,True,True,8297.99,372726.67,False,False,False,90.8,24.2,[],1.0
5034f94d-f1c6-4847-b63e-5ba710c24762,1.0,acme-mining,site-01,fleet_telemetry,ACME-S01-TRUCK-042,haul_truck,2026-09-01T20:18:08.253Z,3,-16.552547,-71.56436,275.8,1.2,Dump-A,cycle-acme-s01-truck-042-00001,dumping,0.0,240.0,397823.29,26.7,True,True,21495.57,530786.22,False,False,False,86.9,24.8,[],1.0
09027569-ee3a-4d4e-875c-5b77f15505cd,1.0,acme-mining,site-01,fleet_telemetry,ACME-S01-TRUCK-043,haul_truck,2026-09-01T20:18:08.253Z,3,-16.533038,-71.581915,232.9,0.5,Dump-A,cycle-acme-s01-truck-043-00001,dumping,0.0,240.0,57562.24,86.0,True,True,6456.29,516045.99,False,False,False,88.4,25.0,[],1.0
df68ed12-c85a-4cb6-a0fd-6b9ff2e32e62,1.0,acme-mining,site-01,fleet_telemetry,ACME-S01-TRUCK-044,haul_truck,2026-09-01T20:18:08.253Z,3,-16.56479,-71.553755,76.5,1.0,Dump-A,cycle-acme-s01-truck-044-00001,dumping,0.0,240.0,393382.3,40.6,True,True,8212.76,536937.97,False,False,False,90.9,24.7,[],1.0
66daa343-eb9c-471a-addb-5f8e37d3fd51,1.0,acme-mining,site-01,fleet_telemetry,ACME-S01-TRUCK-045,haul_truck,2026-09-01T20:18:08.253Z,3,-16.513401,-71.531721,122.5,0.7,Dump-A,cycle-acme-s01-truck-045-00001,dumping,0.0,240.0,292252.13,53.0,True,True,21298.05,195848.8,False,False,False,90.9,24.9,[],1.0
0fc48131-b032-4429-91ba-4e37f9241783,1.0,acme-mining,site-01,fleet_telemetry,ACME-S01-TRUCK-046,haul_truck,2026-09-01T20:18:08.253Z,3,-16.664264,-71.52203,339.9,1.1,Dump-A,cycle-acme-s01-truck-046-00001,dumping,0.0,240.0,265459.64,93.8,True,True,19393.22,184565.62,False,False,False,89.1,24.8,[],1.0
96178895-4a1b-4b65-b332-74d794472ee8,1.0,acme-mining,site-01,fleet_telemetry,ACME-S01-TRUCK-047,haul_truck,2026-09-01T20:18:08.253Z,3,-16.63998,-71.610402,46.8,1.0,Dump-A,cycle-acme-s01-truck-047-00001,dumping,0.0,240.0,60884.31,88.0,True,True,10051.55,640068.63,False,False,False,87.1,25.1,[],1.0
fb403759-cf21-482f-9c73-385e3e9aaf10,1.0,acme-mining,site-01,fleet_telemetry,ACME-S01-TRUCK-048,haul_truck,2026-09-01T20:18:08.253Z,3,-16.563085,-71.559236,73.1,0.6,Dump-A,cycle-acme-s01-truck-048-00001,dumping,0.0,240.0,326549.36,76.9,True,True,20422.2,359224.79,False,False,False,92.2,24.4,[],1.0
998e6ba6-f6a4-46a5-9618-3463f04f248a,1.0,acme-mining,site-01,fleet_telemetry,ACME-S01-TRUCK-049,haul_truck,2026-09-01T20:18:08.253Z,3,-16.589268,-71.510799,342.4,0.1,Dump-A,cycle-acme-s01-truck-049-00001,dumping,0.0,240.0,64835.3,88.0,True,True,14010.9,437934.16,False,False,False,92.9,24.6,[],1.0
f31e05b0-d87f-4738-9c62-f86797c99cfc,1.0,acme-mining,site-01,fleet_telemetry,ACME-S01-TRUCK-050,haul_truck,2026-09-01T20:18:08.253Z,3,-16.5507,-71.589641,39.7,0.2,Dump-A,cycle-acme-s01-truck-050-00001,dumping,0.0,240.0,302569.11,51.5,True,True,12553.55,140859.31,False,False,False,87.1,23.8,[],1.0
ba38cbe6-eaa8-4959-9052-d18066a7965b,1.0,acme-mining,site-01,fleet_telemetry,ACME-S01-TRUCK-051,haul_truck,2026-09-01T20:18:08.253Z,3,-16.577594,-71.512728,191.1,0.7,Dump-A,cycle-acme-s01-truck-051-00001,dumping,0.0,240.0,136242.2,55.1,True,True,12416.27,20255.82,False,False,False,90.8,24.3,[],1.0
29ded5a7-9d36-4879-b9cd-f1c0962ff888,1.0,acme-mining,site-01,fleet_telemetry,ACME-S01-TRUCK-052,haul_truck,2026-09-01T20:18:08.253Z,3,-16.552647,-71.51208,76.3,0.2,Dump-A,cycle-acme-s01-truck-052-00001,dumping,0.0,240.0,359243.74,92.2,True,True,15123.3,342039.66,False,False,False,89.5,24.4,[],1.0
dae212e4-18de-4abe-beff-f88460f18d1c,1.0,acme-mining,site-01,fleet_telemetry,ACME-S01-TRUCK-053,haul_truck,2026-09-01T20:18:08.253Z,3,-16.541353,-71.593931,133.1,0.6,Dump-A,cycle-acme-s01-truck-053-00001,dumping,0.0,240.0,113342.34,46.7,True,True,2779.81,619759.84,False,False,False,90.4,23.9,[],1.0
6c27bbc0-7609-4e90-bec3-ab76b0a2dc6a,1.0,acme-mining,site-01,fleet_telemetry,ACME-S01-TRUCK-054,haul_truck,2026-09-01T20:18:08.253Z,3,-16.578299,-71.502557,68.2,0.6,Dump-A,cycle-acme-s01-truck-054-00001,dumping,0.0,240.0,210383.28,87.0,True,True,13759.01,504148.33,False,False,False,87.9,24.0,[],1.0
5169268d-48bc-4f91-9de0-a2e1c58920fb,1.0,acme-mining,site-01,fleet_telemetry,ACME-S01-TRUCK-055,haul_truck,2026-09-01T20:18:08.253Z,3,-16.547176,-71.600452,39.3,0.4,Dump-A,cycle-acme-s01-truck-055-00001,dumping,0.0,240.0,12439.88,77.6,True,True,5972.47,433316.59,False,False,False,91.2,23.9,[],1.0
c73f03f3-21c7-42ce-844a-6e4f3e0910a5,1.0,acme-mining,site-01,fleet_telemetry,ACME-S01-TRUCK-056,haul_truck,2026-09-01T20:18:08.253Z,3,-16.523586,-71.598069,322.1,0.4,Dump-A,cycle-acme-s01-truck-056-00001,dumping,0.0,240.0,214402.11,64.0,True,True,17847.13,458424.46,False,False,False,87.2,24.6,[],1.0
94d50abc-9160-4b50-a769-1aebd173a9d8,1.0,acme-mining,site-01,fleet_telemetry,ACME-S01-TRUCK-057,haul_truck,2026-09-01T20:18:08.253Z,3,-16.527781,-71.519466,317.6,0.4,Dump-A,cycle-acme-s01-truck-057-00001,dumping,0.0,240.0,271999.18,91.5,True,True,14952.65,642372.3,False,False,False,88.8,24.8,[],1.0
da7a9c8e-6684-47ef-9d48-31a090b36597,1.0,acme-mining,site-01,fleet_telemetry,ACME-S01-TRUCK-058,haul_truck,2026-09-01T20:18:08.253Z,3,-16.532541,-71.545497,296.6,0.6,Dump-A,cycle-acme-s01-truck-058-00001,dumping,0.0,240.0,206202.15,36.1,True,True,9846.91,591318.52,False,False,False,88.2,24.8,[],1.0
9bfef454-fb76-4635-b428-ef038605165a,1.0,acme-mining,site-01,fleet_telemetry,ACME-S01-TRUCK-059,haul_truck,2026-09-01T20:18:08.253Z,3,-16.65799,-71.571768,229.2,0.7,Dump-A,cycle-acme-s01-truck-059-00001,dumping,0.0,240.0,285769.47,44.2,True,True,17035.25,348418.93,False,False,False,88.0,24.8,[],1.0
d776bb44-4d84-42b3-a5b8-741ca5297cd0,1.0,acme-mining,site-01,fleet_telemetry,ACME-S01-TRUCK-060,haul_truck,2026-09-01T20:18:08.253Z,3,-16.645961,-71.583274,223.9,0.4,Dump-A,cycle-acme-s01-truck-060-00001,dumping,0.0,240.0,76365.65,51.8,True,True,19732.17,70763.96,False,False,False,114.2,24.8,"[""ENG_OVERHEAT""]",0.72
5ee3b5ce-6417-4faf-99a7-37a3b69f4d04,1.0,acme-mining,site-01,fleet_telemetry,ACME-S01-TRUCK-061,haul_truck,2026-09-01T20:18:08.253Z,3,-16.525625,-71.524041,245.3,1.3,Dump-A,cycle-acme-s01-truck-061-00001,dumping,0.0,240.0,101007.29,54.4,True,True,12303.36,281937.81,False,False,False,87.7,24.0,[],1.0
6ea0f69a-8d21-4b9d-96ee-c4c3476ed724,1.0,acme-mining,site-01,fleet_telemetry,ACME-S01-TRUCK-062,haul_truck,2026-09-01T20:18:08.253Z,3,-16.533864,-71.464947,239.7,0.5,Dump-A,cycle-acme-s01-truck-062-00001,dumping,0.0,240.0,164774.03,77.7,True,True,8864.08,23714.59,False,False,False,95.6,24.4,[],1.0
96a7d160-56de-407b-95b1-c7bcfb00e56b,1.0,acme-mining,site-01,fleet_telemetry,ACME-S01-TRUCK-063,haul_truck,2026-09-01T20:18:08.253Z,3,-16.592682,-71.555266,61.4,0.0,Dump-A,cycle-acme-s01-truck-063-00001,dumping,0.0,240.0,224821.13,44.1,True,True,17757.21,585621.18,False,False,False,94.8,24.9,[],1.0
f567bd7a-5394-43ea-9239-fe80b894bbec,1.0,acme-mining,site-01,fleet_telemetry,ACME-S01-TRUCK-064,haul_truck,2026-09-01T20:18:08.253Z,3,-16.584934,-71.472398,0.4,0.0,Dump-A,cycle-acme-s01-truck-064-00001,dumping,0.0,240.0,414598.47,93.6,True,True,16152.65,549518.62,False,False,False,90.7,25.0,[],1.0
0214b88b-201a-4874-a709-9066031aaeb9,1.0,acme-mining,site-01,fleet_telemetry,ACME-S01-TRUCK-065,haul_truck,2026-09-01T20:18:08.253Z,3,-16.628763,-71.56513,104.6,0.7,Dump-A,cycle-acme-s01-truck-065-00001,dumping,0.0,240.0,391414.76,37.7,True,True,2579.69,290026.1,False,False,False,112.1,24.1,"[""ENG_OVERHEAT""]",0.72
228b82fc-6f7d-456f-b657-3bb4867c8da6,1.0,acme-mining,site-01,fleet_telemetry,ACME-S01-TRUCK-066,haul_truck,2026-09-01T20:18:08.253Z,3,-16.63005,-71.604385,36.0,0.8,Dump-A,cycle-acme-s01-truck-066-00001,dumping,0.0,240.0,340884.48,83.2,True,True,16938.07,258849.56,False,False,False,93.8,24.9,[],1.0
4e108aed-84da-45bc-85c4-85b48dac4c9d,1.0,acme-mining,site-01,fleet_telemetry,ACME-S01-TRUCK-067,haul_truck,2026-09-01T20:18:08.253Z,3,-16.51722,-71.611047,196.4,0.5,Dump-A,cycle-acme-s01-truck-067-00001,dumping,0.0,240.0,108657.91,29.8,True,True,1904.22,619709.45,False,False,False,89.5,24.7,[],1.0
8f0d1548-58be-492a-a84c-30139ce1824f,1.0,acme-mining,site-01,fleet_telemetry,ACME-S01-TRUCK-068,haul_truck,2026-09-01T20:18:08.253Z,3,-16.563303,-71.527272,108.4,0.4,Dump-A,cycle-acme-s01-truck-068-00001,dumping,0.0,240.0,77048.39,33.8,True,True,5026.45,32839.47,False,False,False,94.3,24.3,[],1.0
6800e9f1-a616-4e0a-8584-40df810a8ac1,1.0,acme-mining,site-01,fleet_telemetry,ACME-S01-TRUCK-069,haul_truck,2026-09-01T20:18:08.253Z,3,-16.652059,-71.486429,303.6,0.8,Dump-A,cycle-acme-s01-truck-069-00001,dumping,0.0,240.0,277189.06,77.3,True,True,17058.24,125707.21,False,False,False,94.7,24.5,[],1.0
9c3d6dc6-63b8-428c-af15-75494a5b5d20,1.0,acme-mining,site-01,fleet_telemetry,ACME-S01-TRUCK-070,haul_truck,2026-09-01T20:18:08.253Z,3,-16.610344,-71.466863,53.2,0.4,Dump-A,cycle-acme-s01-truck-070-00001,dumping,0.0,240.0,263350.72,88.5,True,True,13068.12,605198.96,False,False,False,92.4,24.4,[],1.0
6798d19c-997a-45a6-bf4c-038a5117dbfa,1.0,acme-mining,site-01,fleet_telemetry,ACME-S01-TRUCK-071,haul_truck,2026-09-01T20:18:08.253Z,3,-16.534336,-71.521426,11.1,0.3,Dump-A,cycle-acme-s01-truck-071-00001,dumping,0.0,240.0,54836.74,79.1,True,True,15441.03,415162.75,False,False,False,89.6,24.6,[],1.0
ab568b5a-7a70-4c0e-9b9f-6bd36c90c4eb,1.0,acme-mining,site-01,fleet_telemetry,ACME-S01-TRUCK-072,haul_truck,2026-09-01T20:18:08.253Z,3,-16.589431,-71.562892,32.1,1.0,Dump-A,cycle-acme-s01-truck-072-00001,dumping,0.0,240.0,198486.49,50.9,True,True,17391.87,238738.42,False,False,False,88.1,25.1,[],1.0
2b7df117-2116-456a-bde8-04b3022447ce,1.0,acme-mining,site-01,fleet_telemetry,ACME-S01-TRUCK-073,haul_truck,2026-09-01T20:18:08.253Z,3,-16.557221,-71.547837,225.6,0.6,Dump-A,cycle-acme-s01-truck-073-00001,dumping,0.0,240.0,289657.61,83.0,True,True,3037.43,625296.21,False,False,False,88.7,24.6,[],1.0
49442b9e-fb32-4f14-b71d-7a405fb09461,1.0,acme-mining,site-01,fleet_telemetry,ACME-S01-TRUCK-074,haul_truck,2026-09-01T20:18:08.253Z,3,-16.538296,-71.522723,63.0,1.4,Dump-A,cycle-acme-s01-truck-074-00001,dumping,0.0,240.0,350842.4,57.5,True,True,13857.35,599359.17,False,False,False,94.8,25.1,[],1.0
5fd741b6-a678-4f52-98d3-7e318a050f35,1.0,acme-mining,site-01,fleet_telemetry,ACME-S01-TRUCK-075,haul_truck,2026-09-01T20:18:08.253Z,3,-16.596062,-71.519865,340.2,0.5,Dump-A,cycle-acme-s01-truck-075-00001,dumping,0.0,240.0,397917.88,42.1,True,True,18411.5,74597.68,False,False,False,91.9,24.2,[],1.0
f80ab870-bde7-4426-85f9-4b8dc5f389de,1.0,acme-mining,site-01,fleet_telemetry,ACME-S01-TRUCK-076,haul_truck,2026-09-01T20:18:08.253Z,3,-16.629072,-71.572745,300.2,0.3,Dump-A,cycle-acme-s01-truck-076-00001,dumping,0.0,240.0,224522.13,49.8,True,True,11279.3,224758.98,False,False,False,93.0,24.0,[],1.0
41044f54-82d5-4fee-8583-d2d8ef4165ea,1.0,acme-mining,site-01,fleet_telemetry,ACME-S01-TRUCK-077,haul_truck,2026-09-01T20:18:08.253Z,3,-16.605366,-71.52867,124.9,1.2,Dump-A,cycle-acme-s01-truck-077-00001,dumping,0.0,240.0,94064.99,41.9,True,True,12582.77,345475.22,False,False,False,93.9,24.0,[],1.0
a3cb13c6-054c-4417-87e4-39571ba32092,1.0,acme-mining,site-01,fleet_telemetry,ACME-S01-TRUCK-078,haul_truck,2026-09-01T20:18:08.253Z,3,-16.634936,-71.506813,245.1,0.0,Dump-A,cycle-acme-s01-truck-078-00001,dumping,0.0,240.0,358890.62,31.5,True,True,14493.15,329217.49,False,False,False,87.5,24.5,[],1.0
0874ccfe-a6e5-45d3-8e01-a077d21be747,1.0,acme-mining,site-01,fleet_telemetry,ACME-S01-TRUCK-079,haul_truck,2026-09-01T20:18:08.253Z,3,-16.582329,-71.561197,175.2,0.4,Dump-A,cycle-acme-s01-truck-079-00001,dumping,0.0,240.0,161253.41,94.8,True,True,8623.24,368688.01,False,False,False,87.6,23.9,[],1.0
07cf4829-43f6-4c7d-899c-a0725995f080,1.0,acme-mining,site-01,fleet_telemetry,ACME-S01-TRUCK-080,haul_truck,2026-09-01T20:18:08.253Z,3,-16.584661,-71.495546,297.1,0.4,Dump-A,cycle-acme-s01-truck-080-00001,dumping,0.0,240.0,94737.25,33.4,True,True,6129.76,96013.25,False,False,False,88.2,24.0,[],1.0
cb187636-abed-458c-9fd0-4a91df32f8b1,1.0,acme-mining,site-02,fleet_telemetry,ACME-S02-TRUCK-001,haul_truck,2026-09-01T20:18:08.253Z,3,-16.53708,-71.488505,196.9,0.5,Dump-A,cycle-acme-s02-truck-001-00001,dumping,0.0,240.0,319615.52,60.0,True,True,4524.73,259530.73,False,False,False,87.4,24.8,[],1.0
cb39a17f-8d6c-4ab2-a58e-99cf94dcfe03,1.0,acme-mining,site-02,fleet_telemetry,ACME-S02-TRUCK-002,haul_truck,2026-09-01T20:18:08.253Z,3,-16.601728,-71.5528,84.8,1.4,Dump-A,cycle-acme-s02-truck-002-00001,dumping,0.0,240.0,44259.71,46.9,True,True,10047.86,309645.22,False,False,False,94.8,23.9,[],1.0
096567ca-674e-4e30-86ea-1213ffca1334,1.0,acme-mining,site-02,fleet_telemetry,ACME-S02-TRUCK-003,haul_truck,2026-09-01T20:18:08.253Z,3,-16.571507,-71.484386,275.5,1.4,Dump-A,cycle-acme-s02-truck-003-00001,dumping,0.0,240.0,152898.16,81.1,True,True,3241.68,33139.68,False,False,False,93.0,23.8,[],1.0
815b728c-7bf3-4615-99ce-b187562b4cb2,1.0,acme-mining,site-02,fleet_telemetry,ACME-S02-TRUCK-004,haul_truck,2026-09-01T20:18:08.253Z,3,-16.657799,-71.478205,220.4,1.5,Dump-A,cycle-acme-s02-truck-004-00001,dumping,0.0,240.0,201697.83,53.0,True,True,10058.29,86693.82,False,False,False,92.0,23.9,[],1.0
cbd3e267-522d-4798-8a4a-05b7a82999a4,1.0,acme-mining,site-02,fleet_telemetry,ACME-S02-TRUCK-005,haul_truck,2026-09-01T20:18:08.253Z,3,-16.588826,-71.47256,15.0,0.8,Dump-A,cycle-acme-s02-truck-005-00001,dumping,0.0,240.0,234612.81,33.0,True,True,7861.06,125923.64,False,False,False,88.7,23.8,[],1.0
8a1e1487-27de-48f7-bf72-cb28c58f249e,1.0,acme-mining,site-02,fleet_telemetry,ACME-S02-TRUCK-006,haul_truck,2026-09-01T20:18:08.253Z,3,-16.548761,-71.512636,109.2,0.8,Dump-A,cycle-acme-s02-truck-006-00001,dumping,0.0,240.0,96799.75,67.2,True,True,5808.9,112259.9,False,False,False,90.3,25.0,[],1.0
794236f2-a9ab-4755-a907-0f38de42b401,1.0,acme-mining,site-02,fleet_telemetry,ACME-S02-TRUCK-007,haul_truck,2026-09-01T20:18:08.253Z,3,-16.529283,-71.514617,292.0,1.5,Dump-A,cycle-acme-s02-truck-007-00001,dumping,0.0,240.0,264966.12,72.7,True,True,10635.81,375153.39,False,False,False,113.0,24.5,"[""ENG_OVERHEAT""]",0.72
87f7d19e-201e-4e7e-884a-944109522119,1.0,acme-mining,site-02,fleet_telemetry,ACME-S02-TRUCK-008,haul_truck,2026-09-01T20:18:08.253Z,3,-16.599653,-71.569031,198.8,1.3,Dump-A,cycle-acme-s02-truck-008-00001,dumping,0.0,240.0,76421.42,29.8,True,True,19122.04,415147.02,False,False,False,93.4,23.9,[],1.0
5ae7f477-07df-4e02-b6da-474cb835dbd7,1.0,acme-mining,site-02,fleet_telemetry,ACME-S02-TRUCK-009,haul_truck,2026-09-01T20:18:08.253Z,3,-16.611419,-71.571556,153.6,1.1,Dump-A,cycle-acme-s02-truck-009-00001,dumping,0.0,240.0,213166.86,27.6,True,True,8261.18,66740.15,False,False,False,90.3,24.0,[],1.0
98b6a9b7-3407-4d37-aea9-eb790c13674f,1.0,acme-mining,site-02,fleet_telemetry,ACME-S02-TRUCK-010,haul_truck,2026-09-01T20:18:08.253Z,3,-16.543711,-71.47417,132.3,0.7,Dump-A,cycle-acme-s02-truck-010-00001,dumping,0.0,240.0,213593.29,63.8,True,True,13838.18,339452.77,False,False,False,95.8,24.1,[],1.0
e771cb70-d3c6-4ddc-8149-4bcf02b521e0,1.0,acme-mining,site-02,fleet_telemetry,ACME-S02-TRUCK-011,haul_truck,2026-09-01T20:18:08.253Z,3,-16.660508,-71.600924,211.8,0.7,Dump-A,cycle-acme-s02-truck-011-00001,dumping,0.0,240.0,219276.93,35.5,True,True,14618.96,222561.92,False,False,False,88.3,24.1,[],1.0
bb3d70b3-7651-467c-9e37-ee35802aaa3b,1.0,acme-mining,site-02,fleet_telemetry,ACME-S02-TRUCK-012,haul_truck,2026-09-01T20:18:08.253Z,3,-16.557173,-71.45896,204.4,1.1,Dump-A,cycle-acme-s02-truck-012-00001,dumping,0.0,240.0,294296.08,27.7,True,True,21626.58,73127.43,False,False,False,93.9,25.2,[],1.0
4a0030a9-378f-4b1f-8a64-6eb0e48742b3,1.0,acme-mining,site-02,fleet_telemetry,ACME-S02-TRUCK-013,haul_truck,2026-09-01T20:18:08.253Z,3,-16.56176,-71.60911,27.6,0.0,Dump-A,cycle-acme-s02-truck-013-00001,dumping,0.0,240.0,180463.45,79.2,True,True,8514.64,598300.22,False,False,False,94.1,24.0,[],1.0
75ba4f6e-061f-4228-94db-9b24ee4c2a7b,1.0,acme-mining,site-02,fleet_telemetry,ACME-S02-TRUCK-014,haul_truck,2026-09-01T20:18:08.253Z,3,-16.554599,-71.512431,87.9,0.3,Dump-A,cycle-acme-s02-truck-014-00001,dumping,0.0,240.0,308487.07,44.9,True,True,2197.34,79538.8,False,False,False,111.9,24.2,"[""ENG_OVERHEAT""]",0.72
5cf74e20-e7cc-4493-93d3-427be65e3d08,1.0,acme-mining,site-02,fleet_telemetry,ACME-S02-TRUCK-015,haul_truck,2026-09-01T20:18:08.253Z,3,-16.515588,-71.505754,27.6,0.9,Dump-A,cycle-acme-s02-truck-015-00001,dumping,0.0,240.0,72228.65,49.5,True,True,7867.28,387125.97,False,False,False,87.2,24.2,[],1.0
7cbcf8ea-d9aa-4901-b130-b54b0a72f95e,1.0,acme-mining,site-02,fleet_telemetry,ACME-S02-TRUCK-016,haul_truck,2026-09-01T20:18:08.253Z,3,-16.617834,-71.597065,128.5,0.8,Dump-A,cycle-acme-s02-truck-016-00001,dumping,0.0,240.0,255925.87,70.0,True,True,15827.29,73373.04,False,False,False,93.4,25.1,[],1.0
71504ff4-ef0f-4506-bee2-4ad68e370da3,1.0,acme-mining,site-02,fleet_telemetry,ACME-S02-TRUCK-017,haul_truck,2026-09-01T20:18:08.253Z,3,-16.62099,-71.465325,280.8,0.3,Dump-A,cycle-acme-s02-truck-017-00001,dumping,0.0,240.0,233735.1,26.3,True,True,2781.21,442387.34,False,False,False,95.4,24.2,[],1.0
e9284750-f5c9-4e78-9fa2-adf38d461f07,1.0,acme-mining,site-02,fleet_telemetry,ACME-S02-TRUCK-018,haul_truck,2026-09-01T20:18:08.253Z,3,-16.544285,-71.536261,251.1,1.0,Dump-A,cycle-acme-s02-truck-018-00001,dumping,0.0,240.0,78176.04,45.7,True,True,4870.52,649985.31,False,False,False,88.7,24.5,[],1.0
6e04b961-e563-4eb1-bbe3-0b0f9ed4c4cb,1.0,acme-mining,site-02,fleet_telemetry,ACME-S02-TRUCK-019,haul_truck,2026-09-01T20:18:08.253Z,3,-16.610144,-71.591533,223.8,0.1,Dump-A,cycle-acme-s02-truck-019-00001,dumping,0.0,240.0,347175.51,34.2,True,True,1600.25,232161.61,False,False,False,93.1,24.2,[],1.0
a5c27506-0c87-4465-a8e3-f599fc441c1a,1.0,acme-mining,site-02,fleet_telemetry,ACME-S02-TRUCK-020,haul_truck,2026-09-01T20:18:08.253Z,3,-16.515253,-71.519798,83.0,0.3,Dump-A,cycle-acme-s02-truck-020-00001,dumping,0.0,240.0,170291.9,75.4,True,True,16089.08,47526.27,False,False,False,95.8,24.8,[],1.0
c75af8ad-079f-4f01-8101-ecbfa68b344b,1.0,acme-mining,site-02,fleet_telemetry,ACME-S02-TRUCK-021,haul_truck,2026-09-01T20:18:08.253Z,3,-16.525778,-71.58644,51.1,0.3,Dump-A,cycle-acme-s02-truck-021-00001,dumping,0.0,240.0,434862.68,79.9,True,True,5760.87,170676.21,False,False,False,94.2,25.2,[],1.0
4b52abc0-306e-4061-ac72-0e3ad8834e39,1.0,acme-mining,site-02,fleet_telemetry,ACME-S02-TRUCK-022,haul_truck,2026-09-01T20:18:08.253Z,3,-16.586017,-71.462915,41.1,1.0,Dump-A,cycle-acme-s02-truck-022-00001,dumping,0.0,240.0,133979.72,51.7,True,True,21670.13,310858.44,False,False,False,90.5,24.5,[],1.0
991458d7-5ece-4285-af78-2b4902eb95f8,1.0,acme-mining,site-02,fleet_telemetry,ACME-S02-TRUCK-023,haul_truck,2026-09-01T20:18:08.253Z,3,-16.520901,-71.503661,297.7,0.1,Dump-A,cycle-acme-s02-truck-023-00001,dumping,0.0,240.0,221460.05,51.0,True,True,19307.64,52873.32,False,False,False,89.8,23.9,[],1.0
7688845d-4825-4a1a-bfb8-c359beb54731,1.0,acme-mining,site-02,fleet_telemetry,ACME-S02-TRUCK-024,haul_truck,2026-09-01T20:18:08.253Z,3,-16.646818,-71.547522,310.5,0.4,Dump-A,cycle-acme-s02-truck-024-00001,dumping,0.0,240.0,130028.33,88.4,True,True,6843.34,500763.64,False,False,False,91.0,24.3,[],1.0
727c4664-3b47-4e75-be83-5cb1e01bde54,1.0,acme-mining,site-02,fleet_telemetry,ACME-S02-TRUCK-025,haul_truck,2026-09-01T20:18:08.253Z,3,-16.606974,-71.557671,155.1,0.1,Dump-A,cycle-acme-s02-truck-025-00001,dumping,0.0,240.0,419407.81,54.0,True,True,18114.11,577316.8,False,False,False,87.8,23.9,[],1.0
09fd4ac2-be65-474f-bed3-a8fc2ccf9d00,1.0,acme-mining,site-02,fleet_telemetry,ACME-S02-TRUCK-026,haul_truck,2026-09-01T20:18:08.253Z,3,-16.566403,-71.490898,9.4,0.5,Dump-A,cycle-acme-s02-truck-026-00001,dumping,0.0,240.0,419563.56,83.7,True,True,8748.15,37758.2,False,False,False,89.5,24.7,[],1.0
e9132e97-162b-45c7-99b1-1e1007f2b201,1.0,acme-mining,site-02,fleet_telemetry,ACME-S02-TRUCK-027,haul_truck,2026-09-01T20:18:08.253Z,3,-16.59534,-71.519027,291.6,1.3,Dump-A,cycle-acme-s02-truck-027-00001,dumping,0.0,240.0,375688.77,78.1,True,True,20248.8,317646.65,False,False,False,95.1,24.6,[],1.0
76c51040-5523-4d0f-9c99-1b53578a4eda,1.0,acme-mining,site-02,fleet_telemetry,ACME-S02-TRUCK-028,haul_truck,2026-09-01T20:18:08.253Z,3,-16.585953,-71.599711,156.2,1.1,Dump-A,cycle-acme-s02-truck-028-00001,dumping,0.0,240.0,251474.03,75.9,True,True,6225.59,546026.8,False,False,False,94.3,24.4,[],1.0
235e0cb9-f70d-4f9e-bee0-037e5379776a,1.0,acme-mining,site-02,fleet_telemetry,ACME-S02-TRUCK-029,haul_truck,2026-09-01T20:18:08.253Z,3,-16.660356,-71.483643,39.3,1.1,Dump-A,cycle-acme-s02-truck-029-00001,dumping,0.0,240.0,291138.92,68.6,True,True,3383.19,170216.94,False,False,False,86.6,24.3,[],1.0
0c3cb1ff-ad0e-4540-9741-167aa5c61f3e,1.0,acme-mining,site-02,fleet_telemetry,ACME-S02-TRUCK-030,haul_truck,2026-09-01T20:18:08.253Z,3,-16.601716,-71.519119,337.6,1.1,Dump-A,cycle-acme-s02-truck-030-00001,dumping,0.0,240.0,116452.94,35.0,True,True,1148.43,344686.77,False,False,False,94.6,24.4,[],1.0
84cd629b-5270-44de-aa23-cb4885644e8d,1.0,acme-mining,site-02,fleet_telemetry,ACME-S02-TRUCK-031,haul_truck,2026-09-01T20:18:08.253Z,3,-16.517862,-71.530455,58.5,0.9,Dump-A,cycle-acme-s02-truck-031-00001,dumping,0.0,240.0,240333.37,50.2,True,True,4771.06,440975.43,False,False,False,91.2,24.3,[],1.0
f6240f53-e6f7-4017-a813-9baa9fe6b9b2,1.0,acme-mining,site-02,fleet_telemetry,ACME-S02-TRUCK-032,haul_truck,2026-09-01T20:18:08.253Z,3,-16.513424,-71.576906,5.5,1.1,Dump-A,cycle-acme-s02-truck-032-00001,dumping,0.0,240.0,216859.6,69.5,True,True,12548.03,265985.91,False,False,False,87.3,24.9,[],1.0
b4df2057-6377-42da-9d9c-c6c6e88c404c,1.0,acme-mining,site-02,fleet_telemetry,ACME-S02-TRUCK-033,haul_truck,2026-09-01T20:18:08.253Z,3,-16.552774,-71.564294,195.4,1.4,Dump-A,cycle-acme-s02-truck-033-00001,dumping,0.0,240.0,286433.22,79.0,True,True,8109.82,481752.9,False,False,False,88.5,24.3,[],1.0
7e3acb16-8919-4bd2-9b97-65c9f060fe16,1.0,acme-mining,site-02,fleet_telemetry,ACME-S02-TRUCK-034,haul_truck,2026-09-01T20:18:08.253Z,3,-16.51348,-71.540925,237.3,0.6,Dump-A,cycle-acme-s02-truck-034-00001,dumping,0.0,240.0,375368.97,72.9,True,True,7977.21,424961.28,False,False,False,89.6,24.9,[],1.0
88ac5d3b-51d8-40c1-98c0-65ccae91a8f9,1.0,acme-mining,site-02,fleet_telemetry,ACME-S02-TRUCK-035,haul_truck,2026-09-01T20:18:08.253Z,3,-16.663379,-71.585592,204.6,1.2,Dump-A,cycle-acme-s02-truck-035-00001,dumping,0.0,240.0,211379.18,45.5,True,True,2137.74,509000.01,False,False,False,87.2,24.2,[],1.0
80db5902-ded2-4859-885f-0f79ea182877,1.0,acme-mining,site-02,fleet_telemetry,ACME-S02-TRUCK-036,haul_truck,2026-09-01T20:18:08.253Z,3,-16.549878,-71.58692,158.3,0.4,Dump-A,cycle-acme-s02-truck-036-00001,dumping,0.0,240.0,248933.67,42.7,True,True,11726.14,643147.35,False,False,False,90.6,24.5,[],1.0
0f153990-c71b-405c-845c-9bb94a8615c4,1.0,acme-mining,site-02,fleet_telemetry,ACME-S02-TRUCK-037,haul_truck,2026-09-01T20:18:08.253Z,3,-16.528085,-71.498563,78.4,1.4,Dump-A,cycle-acme-s02-truck-037-00001,dumping,0.0,240.0,64769.16,50.7,True,True,19154.93,229112.61,False,False,False,94.4,23.9,[],1.0
74d7350b-dd74-4873-87b1-d312cb0cdbfc,1.0,acme-mining,site-02,fleet_telemetry,ACME-S02-TRUCK-038,haul_truck,2026-09-01T20:18:08.253Z,3,-16.542817,-71.574839,113.0,1.4,Dump-A,cycle-acme-s02-truck-038-00001,dumping,0.0,240.0,314510.3,50.7,True,True,7987.58,137694.88,False,False,False,92.1,23.9,[],1.0
3adddea6-4251-48f6-a0e5-2ae150c735a2,1.0,acme-mining,site-02,fleet_telemetry,ACME-S02-TRUCK-039,haul_truck,2026-09-01T20:18:08.253Z,3,-16.618987,-71.604701,312.8,0.3,Dump-A,cycle-acme-s02-truck-039-00001,dumping,0.0,240.0,371830.32,63.2,True,True,2473.26,399545.63,False,False,False,88.8,24.0,[],1.0
4f269081-0c3d-46ea-8cf3-30ee7a1ba9e0,1.0,acme-mining,site-02,fleet_telemetry,ACME-S02-TRUCK-040,haul_truck,2026-09-01T20:18:08.253Z,3,-16.598843,-71.501226,17.8,0.9,Dump-A,cycle-acme-s02-truck-040-00001,dumping,0.0,240.0,83323.86,56.1,True,True,10253.42,472127.68,False,False,False,92.2,24.0,[],1.0
7f9a3d1f-415b-4a74-9308-2c752692c021,1.0,acme-mining,site-02,fleet_telemetry,ACME-S02-TRUCK-041,haul_truck,2026-09-01T20:18:08.253Z,3,-16.568415,-71.559352,208.7,0.1,Dump-A,cycle-acme-s02-truck-041-00001,dumping,0.0,240.0,427078.09,30.2,True,True,6620.58,637417.23,False,False,False,94.6,23.9,[],1.0
63ebbf57-12ec-412b-ab74-0008dd06b476,1.0,acme-mining,site-02,fleet_telemetry,ACME-S02-TRUCK-042,haul_truck,2026-09-01T20:18:08.253Z,3,-16.664845,-71.606728,93.2,1.1,Dump-A,cycle-acme-s02-truck-042-00001,dumping,0.0,240.0,277332.24,79.7,True,True,20999.14,109951.1,False,False,False,93.1,24.2,[],1.0
b0a4e65f-c4e7-45f0-8226-8620f12238ad,1.0,acme-mining,site-02,fleet_telemetry,ACME-S02-TRUCK-043,haul_truck,2026-09-01T20:18:08.253Z,3,-16.598394,-71.558131,258.5,1.0,Dump-A,cycle-acme-s02-truck-043-00001,dumping,0.0,240.0,24249.7,35.7,True,True,8477.6,618164.33,False,False,False,89.5,24.6,[],1.0
cd07e986-b2fa-4330-882d-cae4edb69021,1.0,acme-mining,site-02,fleet_telemetry,ACME-S02-TRUCK-044,haul_truck,2026-09-01T20:18:08.253Z,3,-16.630445,-71.599345,183.9,0.5,Dump-A,cycle-acme-s02-truck-044-00001,dumping,0.0,240.0,185135.14,70.5,True,True,12967.15,353559.77,False,False,False,90.4,24.1,[],1.0
eb936d79-3564-4812-852f-6ca516fa68a4,1.0,acme-mining,site-02,fleet_telemetry,ACME-S02-TRUCK-045,haul_truck,2026-09-01T20:18:08.253Z,3,-16.557758,-71.583156,149.7,0.5,Dump-A,cycle-acme-s02-truck-045-00001,dumping,0.0,240.0,61815.0,79.2,True,True,11776.2,595531.82,False,False,False,94.2,24.7,[],1.0
040db550-f1b9-42c1-8cf2-9071b405a51c,1.0,acme-mining,site-02,fleet_telemetry,ACME-S02-TRUCK-046,haul_truck,2026-09-01T20:18:08.253Z,3,-16.556269,-71.457923,283.7,1.3,Dump-A,cycle-acme-s02-truck-046-00001,dumping,0.0,240.0,42583.06,37.1,True,True,5043.78,105508.95,False,False,False,89.3,24.3,[],1.0
a9ff7e95-3c07-4f58-b371-257fb0adf074,1.0,acme-mining,site-02,fleet_telemetry,ACME-S02-TRUCK-047,haul_truck,2026-09-01T20:18:08.253Z,3,-16.62242,-71.592309,350.4,0.6,Dump-A,cycle-acme-s02-truck-047-00001,dumping,0.0,240.0,251998.91,45.3,True,True,14958.21,467010.56,False,False,False,90.7,24.7,[],1.0
297fef55-9e45-446b-909f-4b4501231537,1.0,acme-mining,site-02,fleet_telemetry,ACME-S02-TRUCK-048,haul_truck,2026-09-01T20:18:08.253Z,3,-16.648184,-71.491022,9.2,0.2,Dump-A,cycle-acme-s02-truck-048-00001,dumping,0.0,240.0,63399.64,39.1,True,True,17626.37,340516.16,False,False,False,114.2,24.7,"[""ENG_OVERHEAT""]",0.72
c46d5ca1-1005-40ca-be50-4a73ec1f6678,1.0,acme-mining,site-02,fleet_telemetry,ACME-S02-TRUCK-049,haul_truck,2026-09-01T20:18:08.253Z,3,-16.528913,-71.606971,182.9,1.2,Dump-A,cycle-acme-s02-truck-049-00001,dumping,0.0,240.0,442525.42,34.1,True,True,12932.29,314465.72,False,False,False,93.8,24.6,[],1.0
aec09628-a4c1-4671-b766-f2f44a6fdc80,1.0,acme-mining,site-02,fleet_telemetry,ACME-S02-TRUCK-050,haul_truck,2026-09-01T20:18:08.253Z,3,-16.514835,-71.514715,11.7,0.5,Dump-A,cycle-acme-s02-truck-050-00001,dumping,0.0,240.0,372269.5,30.1,True,True,11944.75,504573.73,False,False,False,94.3,24.8,[],1.0
64651890-75f5-4a43-a656-9e880a219288,1.0,acme-mining,site-02,fleet_telemetry,ACME-S02-TRUCK-051,haul_truck,2026-09-01T20:18:08.253Z,3,-16.641278,-71.462888,27.8,0.6,Dump-A,cycle-acme-s02-truck-051-00001,dumping,0.0,240.0,353315.85,69.8,True,True,8103.72,573114.94,False,False,False,86.8,25.1,[],1.0
ff268869-d92f-43b2-be4c-9b283f8b759f,1.0,acme-mining,site-02,fleet_telemetry,ACME-S02-TRUCK-052,haul_truck,2026-09-01T20:18:08.253Z,3,-16.520825,-71.581432,197.3,0.3,Dump-A,cycle-acme-s02-truck-052-00001,dumping,0.0,240.0,143814.96,36.3,True,True,18425.49,346404.38,False,False,False,91.7,24.4,[],1.0
bad6e233-33e3-4e13-a3bf-781bf405b4bc,1.0,acme-mining,site-02,fleet_telemetry,ACME-S02-TRUCK-053,haul_truck,2026-09-01T20:18:08.253Z,3,-16.58228,-71.59746,18.5,1.1,Dump-A,cycle-acme-s02-truck-053-00001,dumping,0.0,240.0,120266.5,69.4,True,True,19772.43,552938.28,False,False,False,91.3,24.5,[],1.0
e85d07a6-5695-4dbd-989e-43dd9e4c8ede,1.0,acme-mining,site-02,fleet_telemetry,ACME-S02-TRUCK-054,haul_truck,2026-09-01T20:18:08.253Z,3,-16.643012,-71.5176,300.9,0.8,Dump-A,cycle-acme-s02-truck-054-00001,dumping,0.0,240.0,270395.88,65.6,True,True,2780.69,423822.12,False,False,False,88.7,24.2,[],1.0
7878d244-3852-40bb-8a41-3052e6c55ca8,1.0,acme-mining,site-02,fleet_telemetry,ACME-S02-TRUCK-055,haul_truck,2026-09-01T20:18:08.253Z,3,-16.663137,-71.51486,130.3,0.4,Dump-A,cycle-acme-s02-truck-055-00001,dumping,0.0,240.0,373104.12,27.0,True,True,18661.64,375079.44,False,False,False,93.7,24.4,[],1.0
8c9db6b3-5899-423f-a455-318f7028c6d6,1.0,acme-mining,site-02,fleet_telemetry,ACME-S02-TRUCK-056,haul_truck,2026-09-01T20:18:08.253Z,3,-16.570061,-71.57117,263.7,1.1,Dump-A,cycle-acme-s02-truck-056-00001,dumping,0.0,240.0,291156.29,59.8,True,True,17059.53,282449.73,False,False,False,88.4,25.0,[],1.0
5ff659b1-c955-44a5-a756-b40eeb8f5967,1.0,acme-mining,site-02,fleet_telemetry,ACME-S02-TRUCK-057,haul_truck,2026-09-01T20:18:08.253Z,3,-16.560238,-71.59221,329.2,0.5,Dump-A,cycle-acme-s02-truck-057-00001,dumping,0.0,240.0,188680.87,56.7,True,True,5991.42,528630.11,False,False,False,91.1,24.7,[],1.0
bc21c6d2-a883-48ec-8e45-9f7c9b5bb2bb,1.0,acme-mining,site-02,fleet_telemetry,ACME-S02-TRUCK-058,haul_truck,2026-09-01T20:18:08.253Z,3,-16.552916,-71.479762,204.9,0.9,Dump-A,cycle-acme-s02-truck-058-00001,dumping,0.0,240.0,147536.46,75.3,True,True,5125.29,402196.01,False,False,False,90.2,25.0,[],1.0
2847de5e-f9bb-4a7d-b5f7-921b4b18ddcb,1.0,acme-mining,site-02,fleet_telemetry,ACME-S02-TRUCK-059,haul_truck,2026-09-01T20:18:08.253Z,3,-16.650809,-71.545576,146.7,0.2,Dump-A,cycle-acme-s02-truck-059-00001,dumping,0.0,240.0,56721.09,41.9,True,True,16926.1,344437.53,False,False,False,93.8,24.6,[],1.0
ffee0d01-2966-4afe-9b8a-6cd578da89b2,1.0,acme-mining,site-02,fleet_telemetry,ACME-S02-TRUCK-060,haul_truck,2026-09-01T20:18:08.253Z,3,-16.531955,-71.591955,113.0,0.2,Dump-A,cycle-acme-s02-truck-060-00001,dumping,0.0,240.0,280766.24,42.4,True,True,6952.5,262014.44,False,False,False,88.9,23.9,[],1.0
16c39377-3e65-4fb6-979f-b547faa5d9d2,1.0,acme-mining,site-02,fleet_telemetry,ACME-S02-TRUCK-061,haul_truck,2026-09-01T20:18:08.253Z,3,-16.595727,-71.476859,227.7,0.6,Dump-A,cycle-acme-s02-truck-061-00001,dumping,0.0,240.0,80110.82,94.7,True,True,16087.93,139595.53,False,False,False,91.8,24.9,[],1.0
d604f103-0c9b-461c-bc06-ee29f5101fd2,1.0,acme-mining,site-02,fleet_telemetry,ACME-S02-TRUCK-062,haul_truck,2026-09-01T20:18:08.253Z,3,-16.613923,-71.609427,43.5,1.3,Dump-A,cycle-acme-s02-truck-062-00001,dumping,0.0,240.0,435342.28,40.0,True,True,20838.94,338430.06,False,False,False,86.2,24.2,[],1.0
05680d5b-d6b9-4640-a70b-2143aab7f3e9,1.0,acme-mining,site-02,fleet_telemetry,ACME-S02-TRUCK-063,haul_truck,2026-09-01T20:18:08.253Z,3,-16.628077,-71.558982,45.5,0.8,Dump-A,cycle-acme-s02-truck-063-00001,dumping,0.0,240.0,57298.88,34.4,True,True,6857.87,25151.82,False,False,False,93.4,23.8,[],1.0
e648b2fa-b790-4ce7-aec1-e5c3dae454ee,1.0,acme-mining,site-02,fleet_telemetry,ACME-S02-TRUCK-064,haul_truck,2026-09-01T20:18:08.253Z,3,-16.658631,-71.536816,47.6,0.6,Dump-A,cycle-acme-s02-truck-064-00001,dumping,0.0,240.0,95648.49,63.7,True,True,9292.33,379277.48,False,False,False,95.9,25.0,[],1.0
d0dffb4f-ff93-4f60-94f0-4c704a8f54c1,1.0,acme-mining,site-02,fleet_telemetry,ACME-S02-TRUCK-065,haul_truck,2026-09-01T20:18:08.253Z,3,-16.654926,-71.557772,144.8,1.4,Dump-A,cycle-acme-s02-truck-065-00001,dumping,0.0,240.0,278859.14,34.0,True,True,18296.6,412642.26,False,False,False,89.5,24.6,[],1.0
16634b12-2b58-4deb-8c65-e59673234ab4,1.0,acme-mining,site-02,fleet_telemetry,ACME-S02-TRUCK-066,haul_truck,2026-09-01T20:18:08.253Z,3,-16.590396,-71.610265,323.3,1.1,Dump-A,cycle-acme-s02-truck-066-00001,dumping,0.0,240.0,97585.63,60.6,True,True,20705.71,495628.1,False,False,False,95.0,24.6,[],1.0
d93dff9a-c2c4-4634-b2cc-e90803a3f5c6,1.0,acme-mining,site-02,fleet_telemetry,ACME-S02-TRUCK-067,haul_truck,2026-09-01T20:18:08.253Z,3,-16.648042,-71.46849,265.9,0.9,Dump-A,cycle-acme-s02-truck-067-00001,dumping,0.0,240.0,75534.05,87.5,True,True,17844.08,347179.67,False,False,False,86.5,24.3,[],1.0
c78d0e30-6ef1-4b2e-8976-7dc6d2633b4a,1.0,acme-mining,site-02,fleet_telemetry,ACME-S02-TRUCK-068,haul_truck,2026-09-01T20:18:08.253Z,3,-16.537893,-71.532312,300.4,0.7,Dump-A,cycle-acme-s02-truck-068-00001,dumping,0.0,240.0,141663.27,48.5,True,True,21801.06,485771.25,False,False,False,90.5,24.2,[],1.0
f2ee6bb1-6e14-476f-b2f6-aaac7ccb33e4,1.0,acme-mining,site-02,fleet_telemetry,ACME-S02-TRUCK-069,haul_truck,2026-09-01T20:18:08.253Z,3,-16.603746,-71.568263,275.7,0.7,Dump-A,cycle-acme-s02-truck-069-00001,dumping,0.0,240.0,155745.58,32.7,True,True,10867.73,30481.33,False,False,False,87.8,25.1,[],1.0
dfec5eb0-926b-43f4-a3ab-313e9eec50a8,1.0,acme-mining,site-02,fleet_telemetry,ACME-S02-TRUCK-070,haul_truck,2026-09-01T20:18:08.253Z,3,-16.577861,-71.581105,213.6,1.4,Dump-A,cycle-acme-s02-truck-070-00001,dumping,0.0,240.0,298460.19,93.0,True,True,13454.49,187284.21,False,False,False,95.0,24.3,[],1.0
7663345a-6594-4a18-a5f0-f99106ed4c63,1.0,acme-mining,site-02,fleet_telemetry,ACME-S02-TRUCK-071,haul_truck,2026-09-01T20:18:08.253Z,3,-16.646739,-71.508594,183.1,1.0,Dump-A,cycle-acme-s02-truck-071-00001,dumping,0.0,240.0,282683.92,83.9,True,True,4414.86,416285.95,False,False,False,90.4,24.6,[],1.0
05856005-58a7-408a-a72f-b8debbc9b0e2,1.0,acme-mining,site-02,fleet_telemetry,ACME-S02-TRUCK-072,haul_truck,2026-09-01T20:18:08.253Z,3,-16.637787,-71.537217,122.8,1.4,Dump-A,cycle-acme-s02-truck-072-00001,dumping,0.0,240.0,194263.49,53.9,True,True,4844.63,297854.34,False,False,False,89.0,24.6,[],1.0
72e054dd-7f2a-45ab-aa3c-627700569957,1.0,acme-mining,site-02,fleet_telemetry,ACME-S02-TRUCK-073,haul_truck,2026-09-01T20:18:08.253Z,3,-16.637229,-71.565505,153.6,1.3,Dump-A,cycle-acme-s02-truck-073-00001,dumping,0.0,240.0,37403.93,34.7,True,True,19303.74,483577.52,False,False,False,94.4,24.3,[],1.0
253e0be3-add8-4c5b-939b-be4683166ade,1.0,acme-mining,site-02,fleet_telemetry,ACME-S02-TRUCK-074,haul_truck,2026-09-01T20:18:08.253Z,3,-16.583015,-71.509366,293.0,0.5,Dump-A,cycle-acme-s02-truck-074-00001,dumping,0.0,240.0,212252.12,62.3,True,True,8788.69,622711.91,False,False,False,87.4,24.8,[],1.0
d62e5168-4a21-4e87-aa91-88ede0037174,1.0,acme-mining,site-02,fleet_telemetry,ACME-S02-TRUCK-075,haul_truck,2026-09-01T20:18:08.253Z,3,-16.634431,-71.461836,207.0,1.5,Dump-A,cycle-acme-s02-truck-075-00001,dumping,0.0,240.0,118468.58,64.1,True,True,13733.63,141126.47,False,False,False,91.2,24.7,[],1.0
bdc1b563-f342-4cd0-bdd0-02f48564e959,1.0,acme-mining,site-02,fleet_telemetry,ACME-S02-TRUCK-076,haul_truck,2026-09-01T20:18:08.253Z,3,-16.580736,-71.467995,98.6,0.1,Dump-A,cycle-acme-s02-truck-076-00001,dumping,0.0,240.0,225161.52,58.6,True,True,15743.9,454851.18,False,False,False,87.2,24.4,[],1.0
f6c958f2-823a-4f20-9481-33a607acd56f,1.0,acme-mining,site-02,fleet_telemetry,ACME-S02-TRUCK-077,haul_truck,2026-09-01T20:18:08.253Z,3,-16.539441,-71.464768,355.9,1.3,Dump-A,cycle-acme-s02-truck-077-00001,dumping,0.0,240.0,177065.6,93.6,True,True,3383.74,446272.07,False,False,False,95.2,24.9,[],1.0
8ec5c26a-fc57-4f6c-a8ef-fac23cc76e45,1.0,acme-mining,site-02,fleet_telemetry,ACME-S02-TRUCK-078,haul_truck,2026-09-01T20:18:08.253Z,3,-16.565449,-71.497923,74.4,1.4,Dump-A,cycle-acme-s02-truck-078-00001,dumping,0.0,240.0,44773.11,89.7,True,True,1691.81,621847.68,False,False,False,87.4,25.0,[],1.0
7d81f217-416d-4ce0-887a-0dbdb1b0dd31,1.0,acme-mining,site-02,fleet_telemetry,ACME-S02-TRUCK-079,haul_truck,2026-09-01T20:18:08.253Z,3,-16.551858,-71.579207,194.3,1.1,Dump-A,cycle-acme-s02-truck-079-00001,dumping,0.0,240.0,129513.61,32.6,True,True,6548.02,374071.41,False,False,False,114.6,24.9,"[""ENG_OVERHEAT""]",0.72
8c23c28f-c594-45ef-92fa-dbbcac101124,1.0,acme-mining,site-02,fleet_telemetry,ACME-S02-TRUCK-080,haul_truck,2026-09-01T20:18:08.253Z,3,-16.59481,-71.508502,73.1,0.0,Dump-A,cycle-acme-s02-truck-080-00001,dumping,0.0,240.0,54087.26,48.1,True,True,5584.24,166687.12,False,False,False,86.3,25.1,[],1.0
169713eb-6b88-401b-a1e4-ce7a5d23c9af,1.0,beta-minerals,north-site,fleet_telemetry,BETA-NORTH-TRUCK-001,haul_truck,2026-09-01T20:18:08.253Z,3,-16.562044,-71.591186,2.0,0.3,Dump-A,cycle-beta-north-truck-001-00001,dumping,0.0,240.0,383639.36,70.3,True,True,17975.95,92503.78,False,False,False,95.9,24.8,[],1.0
821c3364-19e2-41a5-aaba-34c60299f3c0,1.0,beta-minerals,north-site,fleet_telemetry,BETA-NORTH-TRUCK-002,haul_truck,2026-09-01T20:18:08.253Z,3,-16.596468,-71.48984,34.1,0.3,Dump-A,cycle-beta-north-truck-002-00001,dumping,0.0,240.0,155635.61,54.8,True,True,11739.07,367703.54,False,False,False,90.6,24.7,[],1.0
50942639-bdf5-4ad8-bbfe-f32ebd9428bd,1.0,beta-minerals,north-site,fleet_telemetry,BETA-NORTH-TRUCK-003,haul_truck,2026-09-01T20:18:08.253Z,3,-16.63881,-71.522741,317.9,0.9,Dump-A,cycle-beta-north-truck-003-00001,dumping,0.0,240.0,22844.76,68.0,True,True,14378.16,292244.75,False,False,False,92.4,24.3,[],1.0
eb3c61b0-d2e5-4bdd-b317-c68d73d8db3a,1.0,beta-minerals,north-site,fleet_telemetry,BETA-NORTH-TRUCK-004,haul_truck,2026-09-01T20:18:08.253Z,3,-16.654114,-71.477992,328.1,0.0,Dump-A,cycle-beta-north-truck-004-00001,dumping,0.0,240.0,365841.27,29.4,True,True,5162.64,493965.11,False,False,False,88.8,24.4,[],1.0
07e33550-5a7d-4590-bbc5-b7d3d2ebb10b,1.0,beta-minerals,north-site,fleet_telemetry,BETA-NORTH-TRUCK-005,haul_truck,2026-09-01T20:18:08.253Z,3,-16.515853,-71.567374,336.3,1.1,Dump-A,cycle-beta-north-truck-005-00001,dumping,0.0,240.0,305108.79,59.3,True,True,4977.98,91791.68,False,False,False,93.7,24.6,[],1.0
480aa9e3-8ff2-4113-ab88-aa467388ac00,1.0,beta-minerals,north-site,fleet_telemetry,BETA-NORTH-TRUCK-006,haul_truck,2026-09-01T20:18:08.253Z,3,-16.540203,-71.504536,37.1,1.0,Dump-A,cycle-beta-north-truck-006-00001,dumping,0.0,240.0,382027.99,68.2,True,True,13244.5,239192.58,False,False,False,91.9,24.1,[],1.0
8054f58f-e0f8-4c52-8f43-6c6a4b0f3e15,1.0,beta-minerals,north-site,fleet_telemetry,BETA-NORTH-TRUCK-007,haul_truck,2026-09-01T20:18:08.253Z,3,-16.641125,-71.506538,188.0,0.3,Dump-A,cycle-beta-north-truck-007-00001,dumping,0.0,240.0,61859.29,46.4,True,True,2596.75,104387.15,False,False,False,87.3,24.7,[],1.0
cf159dd5-0c19-4b86-ac3a-480bcf992ae4,1.0,beta-minerals,north-site,fleet_telemetry,BETA-NORTH-TRUCK-008,haul_truck,2026-09-01T20:18:08.253Z,3,-16.584416,-71.470426,217.7,0.6,Dump-A,cycle-beta-north-truck-008-00001,dumping,0.0,240.0,196137.23,59.1,True,True,13444.23,382127.85,False,False,False,94.5,25.2,[],1.0
db5ce4d4-ccd9-4042-86b0-21f3c1e438ce,1.0,beta-minerals,north-site,fleet_telemetry,BETA-NORTH-TRUCK-009,haul_truck,2026-09-01T20:18:08.253Z,3,-16.598236,-71.608935,75.3,1.1,Dump-A,cycle-beta-north-truck-009-00001,dumping,0.0,240.0,71730.64,47.0,True,True,12564.15,328474.54,False,False,False,95.1,23.8,[],1.0
1d380599-cb8f-4d0d-8ec0-6293ad425eb4,1.0,beta-minerals,north-site,fleet_telemetry,BETA-NORTH-TRUCK-010,haul_truck,2026-09-01T20:18:08.253Z,3,-16.565906,-71.552024,221.3,0.3,Dump-A,cycle-beta-north-truck-010-00001,dumping,0.0,240.0,178935.6,64.3,True,True,11073.71,142930.99,False,False,False,95.3,24.0,[],1.0
f6472c33-8010-4085-8a38-e59a135b7f43,1.0,beta-minerals,north-site,fleet_telemetry,BETA-NORTH-TRUCK-011,haul_truck,2026-09-01T20:18:08.253Z,3,-16.623648,-71.573544,49.3,0.7,Dump-A,cycle-beta-north-truck-011-00001,dumping,0.0,240.0,23578.87,78.3,True,True,11160.43,72082.54,False,False,False,114.7,24.9,"[""ENG_OVERHEAT""]",0.72
7234bbfa-d2f7-423a-b4f5-62755502f77b,1.0,beta-minerals,north-site,fleet_telemetry,BETA-NORTH-TRUCK-012,haul_truck,2026-09-01T20:18:08.253Z,3,-16.588668,-71.525858,273.5,0.6,Dump-A,cycle-beta-north-truck-012-00001,dumping,0.0,240.0,349921.12,59.7,True,True,17351.7,376359.84,False,False,False,89.0,24.1,[],1.0
a0d0dffb-1226-477e-9f99-ce2c86048bb6,1.0,beta-minerals,north-site,fleet_telemetry,BETA-NORTH-TRUCK-013,haul_truck,2026-09-01T20:18:08.253Z,3,-16.55535,-71.530094,127.8,0.6,Dump-A,cycle-beta-north-truck-013-00001,dumping,0.0,240.0,371948.97,27.9,True,True,18253.6,251122.96,False,False,False,93.1,25.0,[],1.0
5a88f6e7-36ab-41c1-a5f7-b64758d70478,1.0,beta-minerals,north-site,fleet_telemetry,BETA-NORTH-TRUCK-014,haul_truck,2026-09-01T20:18:08.253Z,3,-16.665249,-71.575464,77.0,0.5,Dump-A,cycle-beta-north-truck-014-00001,dumping,0.0,240.0,118914.08,86.2,True,True,16402.96,431813.22,False,False,False,92.1,24.0,[],1.0
7c2130ac-5f67-46e3-bd85-5f2ef0adaa48,1.0,beta-minerals,north-site,fleet_telemetry,BETA-NORTH-TRUCK-015,haul_truck,2026-09-01T20:18:08.253Z,3,-16.540704,-71.523442,157.4,1.0,Dump-A,cycle-beta-north-truck-015-00001,dumping,0.0,240.0,351278.09,41.6,True,True,10108.29,646193.4,False,False,False,87.4,24.4,[],1.0
97128e96-dfcc-4aa0-b7ee-1025cfc131c8,1.0,beta-minerals,north-site,fleet_telemetry,BETA-NORTH-TRUCK-016,haul_truck,2026-09-01T20:18:08.253Z,3,-16.660895,-71.561382,323.8,1.0,Dump-A,cycle-beta-north-truck-016-00001,dumping,0.0,240.0,100912.81,39.5,True,True,4318.81,107718.08,False,False,False,87.2,24.7,[],1.0
b38fa997-c0ff-4097-ba34-a85098949e60,1.0,beta-minerals,north-site,fleet_telemetry,BETA-NORTH-TRUCK-017,haul_truck,2026-09-01T20:18:08.253Z,3,-16.517997,-71.535196,277.4,0.3,Dump-A,cycle-beta-north-truck-017-00001,dumping,0.0,240.0,138759.43,65.1,True,True,4369.6,636770.14,False,False,False,94.6,24.3,[],1.0
81382b0f-e5b3-4334-8c28-1fd625952acf,1.0,beta-minerals,north-site,fleet_telemetry,BETA-NORTH-TRUCK-018,haul_truck,2026-09-01T20:18:08.253Z,3,-16.626046,-71.512551,331.3,0.6,Dump-A,cycle-beta-north-truck-018-00001,dumping,0.0,240.0,191102.5,29.1,True,True,3674.49,492559.34,False,False,False,94.8,24.1,[],1.0
c10f7589-3fba-4487-ab25-c287ef8d9e97,1.0,beta-minerals,north-site,fleet_telemetry,BETA-NORTH-TRUCK-019,haul_truck,2026-09-01T20:18:08.253Z,3,-16.562184,-71.539191,70.5,0.6,Dump-A,cycle-beta-north-truck-019-00001,dumping,0.0,240.0,374532.15,78.3,True,True,6093.16,468178.83,False,False,False,96.0,24.3,[],1.0
043d712d-6edd-457b-87f3-7d3c9cf81073,1.0,beta-minerals,north-site,fleet_telemetry,BETA-NORTH-TRUCK-020,haul_truck,2026-09-01T20:18:08.253Z,3,-16.547379,-71.553043,327.9,0.3,Dump-A,cycle-beta-north-truck-020-00001,dumping,0.0,240.0,43227.32,80.6,True,True,14109.64,256358.61,False,False,False,89.3,25.1,[],1.0
6db31dda-16f6-4d0a-befd-15a72698b75f,1.0,beta-minerals,north-site,fleet_telemetry,BETA-NORTH-TRUCK-021,haul_truck,2026-09-01T20:18:08.253Z,3,-16.534835,-71.602602,230.9,0.8,Dump-A,cycle-beta-north-truck-021-00001,dumping,0.0,240.0,266060.6,85.8,True,True,10439.55,327468.08,False,False,False,111.8,24.4,"[""ENG_OVERHEAT""]",0.72
96e19ef4-5ccc-4a96-b5ad-abab9e6070eb,1.0,beta-minerals,north-site,fleet_telemetry,BETA-NORTH-TRUCK-022,haul_truck,2026-09-01T20:18:08.253Z,3,-16.538425,-71.538361,20.6,1.5,Dump-A,cycle-beta-north-truck-022-00001,dumping,0.0,240.0,184995.14,92.8,True,True,18822.26,521277.14,False,False,False,88.7,24.6,[],1.0
87ab54b6-25d6-4464-ac63-d15163ce5814,1.0,beta-minerals,north-site,fleet_telemetry,BETA-NORTH-TRUCK-023,haul_truck,2026-09-01T20:18:08.253Z,3,-16.61542,-71.508283,218.7,0.0,Dump-A,cycle-beta-north-truck-023-00001,dumping,0.0,240.0,259102.69,59.0,True,True,7960.41,384098.24,False,False,False,90.7,24.4,[],1.0
fdc26f62-e277-4307-922e-bb95f32bd9ab,1.0,beta-minerals,north-site,fleet_telemetry,BETA-NORTH-TRUCK-024,haul_truck,2026-09-01T20:18:08.253Z,3,-16.645103,-71.544445,196.4,0.3,Dump-A,cycle-beta-north-truck-024-00001,dumping,0.0,240.0,17163.96,90.0,True,True,14075.01,547122.43,False,False,False,92.5,23.9,[],1.0
d7ec9074-10ca-40d5-93f8-eb6688e0d79e,1.0,beta-minerals,north-site,fleet_telemetry,BETA-NORTH-TRUCK-025,haul_truck,2026-09-01T20:18:08.253Z,3,-16.644971,-71.46825,254.0,0.6,Dump-A,cycle-beta-north-truck-025-00001,dumping,0.0,240.0,68041.92,70.5,True,True,5089.15,453812.94,False,False,False,93.1,24.0,[],1.0
5a1e3e1d-f814-4351-a2d2-ec3997e06520,1.0,beta-minerals,north-site,fleet_telemetry,BETA-NORTH-TRUCK-026,haul_truck,2026-09-01T20:18:08.253Z,3,-16.606968,-71.568632,43.0,1.3,Dump-A,cycle-beta-north-truck-026-00001,dumping,0.0,240.0,407672.28,36.6,True,True,6108.26,254261.61,False,False,False,94.3,24.4,[],1.0
d95fc118-ff4c-4144-8fa1-0b981be53dc0,1.0,beta-minerals,north-site,fleet_telemetry,BETA-NORTH-TRUCK-027,haul_truck,2026-09-01T20:18:08.253Z,3,-16.657933,-71.522511,99.9,1.1,Dump-A,cycle-beta-north-truck-027-00001,dumping,0.0,240.0,51880.98,39.9,True,True,9899.7,77455.55,False,False,False,94.6,25.0,[],1.0
5cf8a390-c101-49a1-ad6a-e71cd8978afb,1.0,beta-minerals,north-site,fleet_telemetry,BETA-NORTH-TRUCK-028,haul_truck,2026-09-01T20:18:08.253Z,3,-16.602834,-71.596347,241.8,1.0,Dump-A,cycle-beta-north-truck-028-00001,dumping,0.0,240.0,369528.13,94.2,True,True,996.89,458226.24,False,False,False,89.3,25.1,[],1.0
2e5476f1-5eae-4719-99ed-7aa2a28be052,1.0,beta-minerals,north-site,fleet_telemetry,BETA-NORTH-TRUCK-029,haul_truck,2026-09-01T20:18:08.253Z,3,-16.62251,-71.556247,259.9,1.3,Dump-A,cycle-beta-north-truck-029-00001,dumping,0.0,240.0,55408.84,50.7,True,True,2693.82,527752.86,False,False,False,95.9,24.3,[],1.0
7d4d0291-167b-422a-8873-00ac2d582bb5,1.0,beta-minerals,north-site,fleet_telemetry,BETA-NORTH-TRUCK-030,haul_truck,2026-09-01T20:18:08.253Z,3,-16.572742,-71.591226,240.3,0.0,Dump-A,cycle-beta-north-truck-030-00001,dumping,0.0,240.0,40101.27,64.4,True,True,14401.42,446596.41,False,False,False,90.2,23.9,[],1.0
42097df1-b2e0-43f9-8ceb-2d0299b5b26f,1.0,beta-minerals,north-site,fleet_telemetry,BETA-NORTH-TRUCK-031,haul_truck,2026-09-01T20:18:08.253Z,3,-16.532809,-71.603635,96.0,0.3,Dump-A,cycle-beta-north-truck-031-00001,dumping,0.0,240.0,191152.51,73.0,True,True,14115.3,115365.75,False,False,False,87.5,24.0,[],1.0
91806503-b84f-458d-907a-9c00359800ea,1.0,beta-minerals,north-site,fleet_telemetry,BETA-NORTH-TRUCK-032,haul_truck,2026-09-01T20:18:08.253Z,3,-16.648042,-71.573193,147.3,0.1,Dump-A,cycle-beta-north-truck-032-00001,dumping,0.0,240.0,433829.59,47.0,True,True,13298.97,261940.15,False,False,False,92.9,24.7,[],1.0
473175c9-95e0-4210-ae93-a5a6e7169ee6,1.0,beta-minerals,north-site,fleet_telemetry,BETA-NORTH-TRUCK-033,haul_truck,2026-09-01T20:18:08.253Z,3,-16.666091,-71.481963,201.7,1.3,Dump-A,cycle-beta-north-truck-033-00001,dumping,0.0,240.0,135365.32,90.9,True,True,13541.18,474343.21,False,False,False,89.1,24.0,[],1.0
d44f426f-e955-4afd-8483-6ae9b575b8de,1.0,beta-minerals,north-site,fleet_telemetry,BETA-NORTH-TRUCK-034,haul_truck,2026-09-01T20:18:08.253Z,3,-16.661664,-71.473841,334.8,0.7,Dump-A,cycle-beta-north-truck-034-00001,dumping,0.0,240.0,339051.36,45.7,True,True,11776.29,340999.26,False,False,False,86.9,23.9,[],1.0
de43a590-6cd3-470b-84e4-6aa118062ace,1.0,beta-minerals,north-site,fleet_telemetry,BETA-NORTH-TRUCK-035,haul_truck,2026-09-01T20:18:08.253Z,3,-16.528204,-71.615586,114.3,1.4,Dump-A,cycle-beta-north-truck-035-00001,dumping,0.0,240.0,290756.39,30.0,True,True,8980.78,171881.55,False,False,False,86.9,24.7,[],1.0
9bb9ac6a-f8bb-4c4f-ba7a-523525c51949,1.0,beta-minerals,north-site,fleet_telemetry,BETA-NORTH-TRUCK-036,haul_truck,2026-09-01T20:18:08.253Z,3,-16.56114,-71.495468,229.6,0.0,Dump-A,cycle-beta-north-truck-036-00001,dumping,0.0,240.0,260087.53,50.6,True,True,3598.04,562312.86,False,False,False,86.1,24.4,[],1.0
17f3c77e-7a43-4a8e-a529-8c8bfa413ecb,1.0,beta-minerals,north-site,fleet_telemetry,BETA-NORTH-TRUCK-037,haul_truck,2026-09-01T20:18:08.253Z,3,-16.660711,-71.491227,245.1,1.3,Dump-A,cycle-beta-north-truck-037-00001,dumping,0.0,240.0,125361.68,27.8,True,True,1153.82,62545.56,False,False,False,89.1,25.1,[],1.0
607a51df-eb75-4350-9994-d94d6457a5b2,1.0,beta-minerals,north-site,fleet_telemetry,BETA-NORTH-TRUCK-038,haul_truck,2026-09-01T20:18:08.253Z,3,-16.584394,-71.593075,111.7,1.3,Dump-A,cycle-beta-north-truck-038-00001,dumping,0.0,240.0,187002.22,69.8,True,True,17062.74,286852.44,False,False,False,93.4,24.3,[],1.0
854b8ac8-bea7-452c-9216-bdd9a3d974ad,1.0,beta-minerals,north-site,fleet_telemetry,BETA-NORTH-TRUCK-039,haul_truck,2026-09-01T20:18:08.253Z,3,-16.607892,-71.516016,149.0,0.4,Dump-A,cycle-beta-north-truck-039-00001,dumping,0.0,240.0,365546.6,62.5,True,True,11639.66,148014.47,False,False,False,91.7,25.0,[],1.0
89c4e7e1-be5c-49da-a7a7-79ba91bdcebb,1.0,beta-minerals,north-site,fleet_telemetry,BETA-NORTH-TRUCK-040,haul_truck,2026-09-01T20:18:08.253Z,3,-16.631283,-71.469543,93.3,0.4,Dump-A,cycle-beta-north-truck-040-00001,dumping,0.0,240.0,429508.47,41.7,True,True,7375.6,295616.26,False,False,False,95.8,24.4,[],1.0
d1a13389-4de7-4f9e-bd39-d3f034cc1a81,1.0,beta-minerals,north-site,fleet_telemetry,BETA-NORTH-TRUCK-041,haul_truck,2026-09-01T20:18:08.253Z,3,-16.557136,-71.505249,278.0,0.1,Dump-A,cycle-beta-north-truck-041-00001,dumping,0.0,240.0,335889.76,33.3,True,True,7356.95,487266.95,False,False,False,89.6,24.5,[],1.0
340a1c7a-b66f-4f21-babf-2fe8eb6c5b3d,1.0,beta-minerals,north-site,fleet_telemetry,BETA-NORTH-TRUCK-042,haul_truck,2026-09-01T20:18:08.253Z,3,-16.6501,-71.492521,341.8,1.2,Dump-A,cycle-beta-north-truck-042-00001,dumping,0.0,240.0,327136.99,36.7,True,True,11887.72,513281.93,False,False,False,87.7,24.6,[],1.0
56abd153-6ffe-4610-9c06-c0b35071902b,1.0,beta-minerals,north-site,fleet_telemetry,BETA-NORTH-TRUCK-043,haul_truck,2026-09-01T20:18:08.253Z,3,-16.660166,-71.503509,156.1,0.2,Dump-A,cycle-beta-north-truck-043-00001,dumping,0.0,240.0,365127.61,44.0,True,True,17154.33,38494.48,False,False,False,95.9,24.7,[],1.0
53b9dd45-34b6-451a-9ee2-26aa6c563744,1.0,beta-minerals,north-site,fleet_telemetry,BETA-NORTH-TRUCK-044,haul_truck,2026-09-01T20:18:08.253Z,3,-16.643699,-71.592343,348.6,1.0,Dump-A,cycle-beta-north-truck-044-00001,dumping,0.0,240.0,34393.37,85.1,True,True,11318.33,341792.64,False,False,False,89.4,24.6,[],1.0
9b410d9b-1eaf-4cd4-a64a-97840fec81e0,1.0,beta-minerals,north-site,fleet_telemetry,BETA-NORTH-TRUCK-045,haul_truck,2026-09-01T20:18:08.253Z,3,-16.532993,-71.615537,75.8,1.1,Dump-A,cycle-beta-north-truck-045-00001,dumping,0.0,240.0,335943.34,25.2,True,True,15091.36,92660.26,False,False,False,91.1,24.1,[],1.0
2b8bc4f4-a419-4bc3-8df9-b2a70f876421,1.0,beta-minerals,north-site,fleet_telemetry,BETA-NORTH-TRUCK-046,haul_truck,2026-09-01T20:18:08.253Z,3,-16.581952,-71.471275,227.1,0.4,Dump-A,cycle-beta-north-truck-046-00001,dumping,0.0,240.0,419710.6,85.0,True,True,8919.17,114553.38,False,False,False,91.2,24.5,[],1.0
72cbd6ca-7bda-4604-a0d4-fcdd6ffc534e,1.0,beta-minerals,north-site,fleet_telemetry,BETA-NORTH-TRUCK-047,haul_truck,2026-09-01T20:18:08.253Z,3,-16.538246,-71.526058,236.9,0.7,Dump-A,cycle-beta-north-truck-047-00001,dumping,0.0,240.0,412976.26,47.4,True,True,5559.73,176405.85,False,False,False,91.6,25.1,[],1.0
37095ad3-30ce-4d83-bfd3-1cdb2ccec514,1.0,beta-minerals,north-site,fleet_telemetry,BETA-NORTH-TRUCK-048,haul_truck,2026-09-01T20:18:08.253Z,3,-16.659373,-71.543069,324.3,0.5,Dump-A,cycle-beta-north-truck-048-00001,dumping,0.0,240.0,441822.26,91.8,True,True,4602.1,526733.01,False,False,False,89.6,24.0,[],1.0
c7cecfe0-2315-419b-8f0f-5dc85c681121,1.0,beta-minerals,north-site,fleet_telemetry,BETA-NORTH-TRUCK-049,haul_truck,2026-09-01T20:18:08.253Z,3,-16.58021,-71.568872,67.3,0.7,Dump-A,cycle-beta-north-truck-049-00001,dumping,0.0,240.0,13506.6,39.0,True,True,7738.78,368447.62,False,False,False,95.0,24.3,[],1.0
3074168d-4065-49cf-b459-468a13434a2d,1.0,beta-minerals,north-site,fleet_telemetry,BETA-NORTH-TRUCK-050,haul_truck,2026-09-01T20:18:08.253Z,3,-16.553211,-71.530045,158.0,0.2,Dump-A,cycle-beta-north-truck-050-00001,dumping,0.0,240.0,449026.49,79.3,True,True,8607.41,632270.43,False,False,False,93.5,24.7,[],1.0
0ff93061-362f-4f12-af5c-95d35a40899c,1.0,beta-minerals,north-site,fleet_telemetry,BETA-NORTH-TRUCK-051,haul_truck,2026-09-01T20:18:08.253Z,3,-16.536065,-71.477132,170.4,0.9,Dump-A,cycle-beta-north-truck-051-00001,dumping,0.0,240.0,112519.17,49.2,True,True,935.22,278322.8,False,False,False,93.3,24.1,[],1.0
d1538abe-7ede-4cdb-b41d-e60161320f2a,1.0,beta-minerals,north-site,fleet_telemetry,BETA-NORTH-TRUCK-052,haul_truck,2026-09-01T20:18:08.253Z,3,-16.637575,-71.460192,144.4,1.1,Dump-A,cycle-beta-north-truck-052-00001,dumping,0.0,240.0,334756.53,46.5,True,True,16889.3,257053.18,False,False,False,90.8,23.9,[],1.0
2cbd9a85-1119-49bd-bc06-f319b477f185,1.0,beta-minerals,north-site,fleet_telemetry,BETA-NORTH-TRUCK-053,haul_truck,2026-09-01T20:18:08.253Z,3,-16.633374,-71.482204,333.6,1.4,Dump-A,cycle-beta-north-truck-053-00001,dumping,0.0,240.0,133123.28,28.1,True,True,21418.26,109695.34,False,False,False,95.3,24.0,[],1.0
182ebaf4-a481-4afa-8f7d-a6d56c0d4b18,1.0,beta-minerals,north-site,fleet_telemetry,BETA-NORTH-TRUCK-054,haul_truck,2026-09-01T20:18:08.253Z,3,-16.568429,-71.554421,213.4,0.6,Dump-A,cycle-beta-north-truck-054-00001,dumping,0.0,240.0,265539.24,60.4,True,True,10519.31,491176.67,False,False,False,91.8,24.0,[],1.0
59ada602-a25d-460e-8471-02591490192d,1.0,beta-minerals,north-site,fleet_telemetry,BETA-NORTH-TRUCK-055,haul_truck,2026-09-01T20:18:08.253Z,3,-16.620013,-71.489387,251.1,0.2,Dump-A,cycle-beta-north-truck-055-00001,dumping,0.0,240.0,114179.72,43.3,True,True,10021.64,627457.56,False,False,False,92.0,24.5,[],1.0
4fb76885-2246-40d8-84b2-e6ca8a59e281,1.0,beta-minerals,north-site,fleet_telemetry,BETA-NORTH-TRUCK-056,haul_truck,2026-09-01T20:18:08.253Z,3,-16.545595,-71.523928,238.8,1.4,Dump-A,cycle-beta-north-truck-056-00001,dumping,0.0,240.0,42862.63,39.2,True,True,7542.83,191332.25,False,False,False,87.4,24.9,[],1.0
87bde800-ef2a-45e9-b73e-0b188316df8a,1.0,beta-minerals,north-site,fleet_telemetry,BETA-NORTH-TRUCK-057,haul_truck,2026-09-01T20:18:08.253Z,3,-16.547159,-71.545207,50.9,0.1,Dump-A,cycle-beta-north-truck-057-00001,dumping,0.0,240.0,63124.33,50.1,True,True,10330.82,217841.02,False,False,False,93.9,24.3,[],1.0
39f4b94c-20eb-4077-8506-5ebd1b55aa81,1.0,beta-minerals,north-site,fleet_telemetry,BETA-NORTH-TRUCK-058,haul_truck,2026-09-01T20:18:08.253Z,3,-16.573871,-71.583105,72.1,0.6,Dump-A,cycle-beta-north-truck-058-00001,dumping,0.0,240.0,143854.75,74.3,True,True,2716.93,528786.1,False,False,False,92.6,24.0,[],1.0
b7365866-1e8f-45f4-a7a7-275d8f9884a7,1.0,beta-minerals,north-site,fleet_telemetry,BETA-NORTH-TRUCK-059,haul_truck,2026-09-01T20:18:08.253Z,3,-16.562069,-71.575887,157.1,0.5,Dump-A,cycle-beta-north-truck-059-00001,dumping,0.0,240.0,166526.97,60.9,True,True,2733.72,176377.87,False,False,False,94.6,24.8,[],1.0
9c3c891e-dc2d-4fee-aac7-e53dac89f054,1.0,beta-minerals,north-site,fleet_telemetry,BETA-NORTH-TRUCK-060,haul_truck,2026-09-01T20:18:08.253Z,3,-16.655231,-71.601193,1.8,0.2,Dump-A,cycle-beta-north-truck-060-00001,dumping,0.0,240.0,254619.82,63.5,True,True,20984.45,558398.87,False,False,False,93.8,24.0,[],1.0
4bb5f7bd-645a-4cf1-8a6c-f1cd2ba6112f,1.0,beta-minerals,north-site,fleet_telemetry,BETA-NORTH-TRUCK-061,haul_truck,2026-09-01T20:18:08.253Z,3,-16.53861,-71.557933,76.5,0.1,Dump-A,cycle-beta-north-truck-061-00001,dumping,0.0,240.0,442329.75,34.1,True,True,1053.49,543134.61,False,False,False,89.9,24.5,[],1.0
a71faacd-fcd7-41d5-90e2-9086a87c6338,1.0,beta-minerals,north-site,fleet_telemetry,BETA-NORTH-TRUCK-062,haul_truck,2026-09-01T20:18:08.253Z,3,-16.660096,-71.473082,330.0,0.6,Dump-A,cycle-beta-north-truck-062-00001,dumping,0.0,240.0,367608.88,26.5,True,True,13145.27,183057.07,False,False,False,88.4,24.3,[],1.0
d6010653-243f-4263-9bdf-25da818fa449,1.0,beta-minerals,north-site,fleet_telemetry,BETA-NORTH-TRUCK-063,haul_truck,2026-09-01T20:18:08.253Z,3,-16.519651,-71.609388,117.7,0.5,Dump-A,cycle-beta-north-truck-063-00001,dumping,0.0,240.0,365910.53,33.6,True,True,2749.95,553783.58,False,False,False,90.0,24.2,[],1.0
477e9e27-96aa-449e-ab94-14cfabcaea28,1.0,beta-minerals,north-site,fleet_telemetry,BETA-NORTH-TRUCK-064,haul_truck,2026-09-01T20:18:08.253Z,3,-16.642762,-71.583155,192.2,1.0,Dump-A,cycle-beta-north-truck-064-00001,dumping,0.0,240.0,22972.37,72.8,True,True,18219.73,268849.22,False,False,False,92.0,24.3,[],1.0
1cf1ad47-8582-40a4-8783-7dd76ed8bea6,1.0,beta-minerals,north-site,fleet_telemetry,BETA-NORTH-TRUCK-065,haul_truck,2026-09-01T20:18:08.253Z,3,-16.566841,-71.537661,318.7,1.0,Dump-A,cycle-beta-north-truck-065-00001,dumping,0.0,240.0,280207.06,68.2,True,True,10255.45,113637.83,False,False,False,86.3,24.0,[],1.0
5f3a9c21-8099-4e42-88f9-5735d32786c0,1.0,beta-minerals,north-site,fleet_telemetry,BETA-NORTH-TRUCK-066,haul_truck,2026-09-01T20:18:08.253Z,3,-16.528846,-71.533364,0.6,0.4,Dump-A,cycle-beta-north-truck-066-00001,dumping,0.0,240.0,70384.01,38.9,True,True,2092.76,196258.91,False,False,False,91.0,24.6,[],1.0
42ada866-20ba-4c10-8ad3-5c7324b8c9c5,1.0,beta-minerals,north-site,fleet_telemetry,BETA-NORTH-TRUCK-067,haul_truck,2026-09-01T20:18:08.253Z,3,-16.583294,-71.539961,179.9,0.6,Dump-A,cycle-beta-north-truck-067-00001,dumping,0.0,240.0,354043.1,50.1,True,True,17650.74,643324.33,False,False,False,88.3,23.9,[],1.0
fc563343-4509-492c-b8d2-ca4bde0a2099,1.0,beta-minerals,north-site,fleet_telemetry,BETA-NORTH-TRUCK-068,haul_truck,2026-09-01T20:18:08.253Z,3,-16.665707,-71.487795,64.7,0.5,Dump-A,cycle-beta-north-truck-068-00001,dumping,0.0,240.0,21467.87,66.8,True,True,7618.02,190374.53,False,False,False,89.8,24.0,[],1.0
deda633a-4b3e-434c-9e60-aef2f1678c66,1.0,beta-minerals,north-site,fleet_telemetry,BETA-NORTH-TRUCK-069,haul_truck,2026-09-01T20:18:08.253Z,3,-16.654395,-71.512416,93.9,0.5,Dump-A,cycle-beta-north-truck-069-00001,dumping,0.0,240.0,449826.69,93.2,True,True,12023.97,503110.6,False,False,False,90.8,25.1,[],1.0
c7eb5d0b-3338-4b12-bc17-70ae49650bba,1.0,beta-minerals,north-site,fleet_telemetry,BETA-NORTH-TRUCK-070,haul_truck,2026-09-01T20:18:08.253Z,3,-16.608259,-71.467859,38.3,0.3,Dump-A,cycle-beta-north-truck-070-00001,dumping,0.0,240.0,263304.69,93.8,True,True,16997.86,617115.6,False,False,False,91.2,24.9,[],1.0
6d1674dd-024a-469c-b729-017236b0a23e,1.0,beta-minerals,north-site,fleet_telemetry,BETA-NORTH-TRUCK-071,haul_truck,2026-09-01T20:18:08.253Z,3,-16.524177,-71.613005,145.6,0.5,Dump-A,cycle-beta-north-truck-071-00001,dumping,0.0,240.0,364732.66,73.8,True,True,4533.33,393287.33,False,False,False,92.6,24.9,[],1.0
fab3f7dc-369d-4c46-a559-b9d29f8ef907,1.0,beta-minerals,north-site,fleet_telemetry,BETA-NORTH-TRUCK-072,haul_truck,2026-09-01T20:18:08.253Z,3,-16.529339,-71.53873,247.0,0.2,Dump-A,cycle-beta-north-truck-072-00001,dumping,0.0,240.0,92822.97,94.1,True,True,12748.46,374758.64,False,False,False,91.1,23.8,[],1.0
5979395b-9960-4d1e-88eb-83a5348a19c1,1.0,beta-minerals,north-site,fleet_telemetry,BETA-NORTH-TRUCK-073,haul_truck,2026-09-01T20:18:08.253Z,3,-16.593933,-71.564407,19.6,1.0,Dump-A,cycle-beta-north-truck-073-00001,dumping,0.0,240.0,274731.79,26.4,True,True,1604.84,55385.86,False,False,False,90.2,24.4,[],1.0
d0f904ae-bad6-4830-9ef2-c426849c36bd,1.0,beta-minerals,north-site,fleet_telemetry,BETA-NORTH-TRUCK-074,haul_truck,2026-09-01T20:18:08.253Z,3,-16.660887,-71.593848,326.9,1.1,Dump-A,cycle-beta-north-truck-074-00001,dumping,0.0,240.0,363066.92,85.8,True,True,8024.1,131799.76,False,False,False,94.1,24.5,[],1.0
1e822c3e-8852-402f-ac79-4b8cbc4b082c,1.0,beta-minerals,north-site,fleet_telemetry,BETA-NORTH-TRUCK-075,haul_truck,2026-09-01T20:18:08.253Z,3,-16.610621,-71.466805,349.7,1.2,Dump-A,cycle-beta-north-truck-075-00001,dumping,0.0,240.0,388694.73,92.2,True,True,17216.57,553283.02,False,False,False,94.4,24.0,[],1.0
619890c6-8ec3-4fc4-b9af-09cebe9f480f,1.0,beta-minerals,north-site,fleet_telemetry,BETA-NORTH-TRUCK-076,haul_truck,2026-09-01T20:18:08.253Z,3,-16.600488,-71.515224,313.2,0.3,Dump-A,cycle-beta-north-truck-076-00001,dumping,0.0,240.0,439378.86,76.3,True,True,7935.1,223240.07,False,False,False,93.6,23.9,[],1.0
329f7cb3-1c62-4b5a-992d-9500a72321e6,1.0,beta-minerals,north-site,fleet_telemetry,BETA-NORTH-TRUCK-077,haul_truck,2026-09-01T20:18:08.253Z,3,-16.544498,-71.581802,92.8,0.0,Dump-A,cycle-beta-north-truck-077-00001,dumping,0.0,240.0,315166.74,90.0,True,True,4493.1,630308.08,False,False,False,93.1,24.5,[],1.0
0fbaba0a-8c6c-4b91-aa0e-ad1727ce910e,1.0,beta-minerals,north-site,fleet_telemetry,BETA-NORTH-TRUCK-078,haul_truck,2026-09-01T20:18:08.253Z,3,-16.670101,-71.50518,167.3,0.9,Dump-A,cycle-beta-north-truck-078-00001,dumping,0.0,240.0,139587.76,37.4,True,True,8821.75,482416.88,False,False,False,90.3,23.9,[],1.0
3afeae4f-b2eb-48ea-9fc3-be97b88084d3,1.0,beta-minerals,north-site,fleet_telemetry,BETA-NORTH-TRUCK-079,haul_truck,2026-09-01T20:18:08.253Z,3,-16.635069,-71.527017,215.7,1.3,Dump-A,cycle-beta-north-truck-079-00001,dumping,0.0,240.0,415256.98,92.7,True,True,1486.52,399504.9,False,False,False,86.5,24.3,[],1.0
321410db-095a-4df2-a227-ff38d4a0c3d9,1.0,beta-minerals,north-site,fleet_telemetry,BETA-NORTH-TRUCK-080,haul_truck,2026-09-01T20:18:08.253Z,3,-16.568598,-71.463401,8.5,0.6,Dump-A,cycle-beta-north-truck-080-00001,dumping,0.0,240.0,162596.62,47.4,True,True,7820.77,69018.24,False,False,False,93.7,24.2,[],1.0
a69d534a-73c0-44e2-9b17-c4bbfe793346,1.0,acme-mining,site-01,fleet_telemetry,ACME-S01-TRUCK-001,haul_truck,2026-09-01T20:18:13.253Z,4,-16.552558,-71.509225,153.1,26.6,Dump-A,cycle-acme-s01-truck-001-00001,returning,0.0,240.0,131013.18,40.6,True,False,14355.85,35756.85,False,False,False,90.5,24.4,[],1.0
d581d30c-8722-4b2b-b711-11bc65aa2fe9,1.0,acme-mining,site-01,fleet_telemetry,ACME-S01-TRUCK-002,haul_truck,2026-09-01T20:18:13.253Z,4,-16.574094,-71.527663,289.9,31.5,Dump-A,cycle-acme-s01-truck-002-00001,returning,0.0,240.0,51226.19,41.3,True,False,13318.45,40023.18,False,False,False,89.5,25.2,[],1.0
6b77ce4c-6516-4686-a849-909d772dd2ae,1.0,acme-mining,site-01,fleet_telemetry,ACME-S01-TRUCK-003,haul_truck,2026-09-01T20:18:13.253Z,4,-16.54901,-71.591949,134.4,58.7,Dump-A,cycle-acme-s01-truck-003-00001,returning,0.0,240.0,132404.19,85.8,True,False,9693.83,303001.82,False,False,True,88.9,24.3,[],1.0
cd0639f4-f63d-42da-9444-785731433b19,1.0,acme-mining,site-01,fleet_telemetry,ACME-S01-TRUCK-004,haul_truck,2026-09-01T20:18:13.253Z,4,-16.65491,-71.481932,181.0,38.2,Dump-A,cycle-acme-s01-truck-004-00001,returning,0.0,240.0,158101.88,31.5,True,False,4096.17,623044.33,False,False,False,88.1,25.0,[],1.0
2b2f5ea0-fe75-477e-b485-4a4a729bf4be,1.0,acme-mining,site-01,fleet_telemetry,ACME-S01-TRUCK-005,haul_truck,2026-09-01T20:18:13.253Z,4,-16.582069,-71.484806,169.1,25.9,Dump-A,cycle-acme-s01-truck-005-00001,returning,0.0,240.0,438171.22,51.5,True,False,16270.32,357823.79,False,False,False,93.2,25.2,[],1.0
ca3c5395-5b8d-49e7-a562-5a5096aaf91a,1.0,acme-mining,site-01,fleet_telemetry,ACME-S01-TRUCK-006,haul_truck,2026-09-01T20:18:13.253Z,4,-16.624076,-71.604703,100.8,24.8,Dump-A,cycle-acme-s01-truck-006-00001,returning,0.0,240.0,30163.01,40.9,True,False,13039.87,463880.35,False,False,False,90.9,24.6,[],1.0
71d52de5-0b96-4397-8362-e2d7a2b46d36,1.0,acme-mining,site-01,fleet_telemetry,ACME-S01-TRUCK-007,haul_truck,2026-09-01T20:18:13.253Z,4,-16.613538,-71.510292,332.4,30.8,Dump-A,cycle-acme-s01-truck-007-00001,returning,0.0,240.0,377008.87,36.4,True,False,8858.68,305648.57,False,False,False,89.7,24.0,[],1.0
a2c82031-aa98-4a64-900e-9a3bd9e4b09d,1.0,acme-mining,site-01,fleet_telemetry,ACME-S01-TRUCK-008,haul_truck,2026-09-01T20:18:13.253Z,4,-16.609698,-71.459184,54.6,26.4,Dump-A,cycle-acme-s01-truck-008-00001,returning,0.0,240.0,330816.07,36.4,True,False,13713.58,127817.44,False,False,False,90.1,24.0,[],1.0
0c5f2cc0-c991-4005-b65f-d54dd2c25f9f,1.0,acme-mining,site-01,fleet_telemetry,ACME-S01-TRUCK-009,haul_truck,2026-09-01T20:18:13.253Z,4,-16.538919,-71.488688,274.5,29.4,Dump-A,cycle-acme-s01-truck-009-00001,returning,0.0,240.0,348058.26,28.9,True,False,5455.85,224298.21,False,False,False,91.7,24.2,[],1.0
1548efbb-351e-4e4b-8a77-8b1c83b1e4cb,1.0,acme-mining,site-01,fleet_telemetry,ACME-S01-TRUCK-010,haul_truck,2026-09-01T20:18:13.253Z,4,-16.565536,-71.554179,282.8,33.6,Dump-A,cycle-acme-s01-truck-010-00001,returning,0.0,240.0,395602.04,47.0,True,False,5272.84,614033.21,False,False,False,86.7,24.8,[],1.0
38767535-9ba2-405e-bec7-f871186a48f2,1.0,acme-mining,site-01,fleet_telemetry,ACME-S01-TRUCK-011,haul_truck,2026-09-01T20:18:13.253Z,4,-16.550876,-71.548957,66.3,29.7,Dump-A,cycle-acme-s01-truck-011-00001,returning,0.0,240.0,337795.44,62.7,True,False,3828.88,107967.19,False,False,False,94.8,24.5,[],1.0
3bfc87f8-0da5-4e34-be6d-d684414bf56f,1.0,acme-mining,site-01,fleet_telemetry,ACME-S01-TRUCK-012,haul_truck,2026-09-01T20:18:13.253Z,4,-16.662841,-71.599937,269.1,32.3,Dump-A,cycle-acme-s01-truck-012-00001,returning,0.0,240.0,234191.85,31.3,True,False,5449.61,648448.78,False,False,False,88.6,23.8,[],1.0
d86da175-c3e7-4b99-929c-9b0403a965f7,1.0,acme-mining,site-01,fleet_telemetry,ACME-S01-TRUCK-013,haul_truck,2026-09-01T20:18:13.253Z,4,-16.630187,-71.528977,190.2,26.1,Dump-A,cycle-acme-s01-truck-013-00001,returning,0.0,240.0,272191.19,57.7,True,False,13443.88,262403.49,False,False,False,86.5,25.1,[],1.0
9d4e5ee7-f0d6-44ac-b8db-0baf26cb8c27,1.0,acme-mining,site-01,fleet_telemetry,ACME-S01-TRUCK-014,haul_truck,2026-09-01T20:18:13.253Z,4,-16.652553,-71.547922,284.4,55.8,Dump-A,cycle-acme-s01-truck-014-00001,returning,0.0,240.0,127403.37,69.8,True,False,15252.27,358291.43,False,False,True,94.0,24.5,[],1.0
f6fe60bb-3fdc-4f0e-8ad2-98c28373807b,1.0,acme-mining,site-01,fleet_telemetry,ACME-S01-TRUCK-015,haul_truck,2026-09-01T20:18:13.253Z,4,-16.570324,-71.482842,280.9,34.3,Dump-A,cycle-acme-s01-truck-015-00001,returning,0.0,240.0,233380.22,32.4,True,False,21404.03,500036.28,False,False,False,95.7,24.5,[],1.0
a14bff85-c4cf-492f-b430-34daa2fc3f12,1.0,acme-mining,site-01,fleet_telemetry,ACME-S01-TRUCK-016,haul_truck,2026-09-01T20:18:13.253Z,4,-16.585565,-71.617374,357.4,38.4,Dump-A,cycle-acme-s01-truck-016-00001,returning,0.0,240.0,247327.06,79.5,True,False,4040.2,500381.9,False,False,False,92.1,24.9,[],1.0
6b6efa52-c446-48a9-abfe-494233fad27a,1.0,acme-mining,site-01,fleet_telemetry,ACME-S01-TRUCK-017,haul_truck,2026-09-01T20:18:13.253Z,4,-16.632112,-71.578954,265.9,37.8,Dump-A,cycle-acme-s01-truck-017-00001,returning,0.0,240.0,443541.69,81.5,True,False,3171.6,248677.98,False,False,False,94.8,24.7,[],1.0
94b5ef2d-53bf-40f6-8e9f-9004c1941c2f,1.0,acme-mining,site-01,fleet_telemetry,ACME-S01-TRUCK-018,haul_truck,2026-09-01T20:18:13.253Z,4,-16.547859,-71.596952,295.2,25.3,Dump-A,cycle-acme-s01-truck-018-00001,returning,0.0,240.0,40453.79,78.2,True,False,2615.86,326174.07,False,False,False,92.9,24.4,[],1.0
7691d25f-1e6f-4524-b54b-8ae8dd2fc22d,1.0,acme-mining,site-01,fleet_telemetry,ACME-S01-TRUCK-019,haul_truck,2026-09-01T20:18:13.253Z,4,-16.521802,-71.496654,81.1,24.4,Dump-A,cycle-acme-s01-truck-019-00001,returning,0.0,240.0,276901.61,92.5,True,False,4300.7,352434.57,False,False,False,86.2,24.4,[],1.0
4daee4a6-4a20-47a4-8882-026e8c5ab826,1.0,acme-mining,site-01,fleet_telemetry,ACME-S01-TRUCK-020,haul_truck,2026-09-01T20:18:13.253Z,4,-16.598162,-71.577834,239.5,28.7,Dump-A,cycle-acme-s01-truck-020-00001,returning,0.0,240.0,174305.3,87.9,True,False,9258.64,443162.9,False,False,False,90.6,24.9,[],1.0
69932908-a7f5-4102-93ab-147d6510bf96,1.0,acme-mining,site-01,fleet_telemetry,ACME-S01-TRUCK-021,haul_truck,2026-09-01T20:18:13.253Z,4,-16.569426,-71.580861,278.2,34.3,Dump-A,cycle-acme-s01-truck-021-00001,returning,0.0,240.0,106895.93,29.9,True,False,13272.15,164972.37,False,False,False,87.5,24.1,[],1.0
82cab469-1e24-42fa-9584-6b601217c0ff,1.0,acme-mining,site-01,fleet_telemetry,ACME-S01-TRUCK-022,haul_truck,2026-09-01T20:18:13.253Z,4,-16.649206,-71.467825,343.6,57.6,Dump-A,cycle-acme-s01-truck-022-00001,returning,0.0,240.0,304350.51,40.0,True,False,2302.18,169943.06,False,False,True,91.4,24.3,[],1.0
5787c5e6-63d8-49fe-bf50-9adfa21091ba,1.0,acme-mining,site-01,fleet_telemetry,ACME-S01-TRUCK-023,haul_truck,2026-09-01T20:18:13.253Z,4,-16.564972,-71.560817,97.6,29.7,Dump-A,cycle-acme-s01-truck-023-00001,returning,0.0,240.0,189106.67,31.6,True,False,5951.55,317973.04,False,False,False,90.2,25.1,[],1.0
5f9f6eee-ea90-4404-adb2-95b85804ac29,1.0,acme-mining,site-01,fleet_telemetry,ACME-S01-TRUCK-024,haul_truck,2026-09-01T20:18:13.253Z,4,-16.616125,-71.479631,300.2,27.9,Dump-A,cycle-acme-s01-truck-024-00001,returning,0.0,240.0,53304.15,53.2,True,False,15075.33,640024.16,False,False,False,90.4,24.3,[],1.0
222bfb6f-ac3e-4880-9984-da1c09d64514,1.0,acme-mining,site-01,fleet_telemetry,ACME-S01-TRUCK-025,haul_truck,2026-09-01T20:18:13.253Z,4,-16.530456,-71.605452,143.7,32.0,Dump-A,cycle-acme-s01-truck-025-00001,returning,0.0,240.0,90735.02,57.4,True,False,12169.26,108314.95,False,False,False,90.5,24.1,[],1.0
b05a5c52-ab34-4ffb-b4da-ed3e051df1f0,1.0,acme-mining,site-01,fleet_telemetry,ACME-S01-TRUCK-026,haul_truck,2026-09-01T20:18:13.253Z,4,-16.655502,-71.496923,260.8,30.8,Dump-A,cycle-acme-s01-truck-026-00001,returning,0.0,240.0,247858.98,26.0,True,False,2875.67,430851.37,False,False,False,95.1,24.0,[],1.0
6edd9d69-47dd-4e64-9198-1493076079cf,1.0,acme-mining,site-01,fleet_telemetry,ACME-S01-TRUCK-027,haul_truck,2026-09-01T20:18:13.253Z,4,-16.609779,-71.459857,114.0,37.6,Dump-A,cycle-acme-s01-truck-027-00001,returning,0.0,240.0,186458.01,29.1,True,False,11095.6,154660.91,False,False,False,93.5,24.1,[],1.0
10dab551-c8d7-4c5d-9414-aae1753ddac5,1.0,acme-mining,site-01,fleet_telemetry,ACME-S01-TRUCK-028,haul_truck,2026-09-01T20:18:13.253Z,4,-16.564525,-71.539648,164.5,41.7,Dump-A,cycle-acme-s01-truck-028-00001,returning,0.0,240.0,331422.62,79.8,True,False,6847.29,458852.76,False,False,False,87.1,23.8,[],1.0
61e3343e-8edd-43de-9423-25e0b35da199,1.0,acme-mining,site-01,fleet_telemetry,ACME-S01-TRUCK-029,haul_truck,2026-09-01T20:18:13.253Z,4,-16.661256,-71.524023,301.1,38.5,Dump-A,cycle-acme-s01-truck-029-00001,returning,0.0,240.0,248566.17,77.3,True,False,21336.64,384883.69,False,False,False,95.5,24.4,[],1.0
d2b83d47-af70-4b79-85e6-5edecf8fa40d,1.0,acme-mining,site-01,fleet_telemetry,ACME-S01-TRUCK-030,haul_truck,2026-09-01T20:18:13.253Z,4,-16.575171,-71.509464,140.2,39.3,Dump-A,cycle-acme-s01-truck-030-00001,returning,0.0,240.0,45249.33,38.0,True,False,4137.58,625290.82,False,False,False,92.4,24.5,[],1.0
1c14190d-dddb-45ba-b38e-55085c5dfd3f,1.0,acme-mining,site-01,fleet_telemetry,ACME-S01-TRUCK-031,haul_truck,2026-09-01T20:18:13.253Z,4,-16.657261,-71.512346,89.6,41.1,Dump-A,cycle-acme-s01-truck-031-00001,returning,0.0,240.0,264724.67,27.8,True,False,20761.84,378895.62,False,False,False,87.4,24.6,[],1.0
3fb42341-57f4-4084-aa08-f53027ef6a1c,1.0,acme-mining,site-01,fleet_telemetry,ACME-S01-TRUCK-032,haul_truck,2026-09-01T20:18:13.253Z,4,-16.60708,-71.510036,288.8,26.3,Dump-A,cycle-acme-s01-truck-032-00001,returning,0.0,240.0,325124.68,41.7,True,False,20615.78,148683.39,False,False,False,86.6,25.0,[],1.0
e5650fcf-333a-44cc-ad95-f8d67a6d9ca5,1.0,acme-mining,site-01,fleet_telemetry,ACME-S01-TRUCK-033,haul_truck,2026-09-01T20:18:13.253Z,4,-16.580318,-71.601499,337.0,35.9,Dump-A,cycle-acme-s01-truck-033-00001,returning,0.0,240.0,14099.08,68.5,True,False,20495.19,609512.74,False,False,False,87.7,25.2,[],1.0
73119756-6e24-4afb-8167-ddcc0a3209f1,1.0,acme-mining,site-01,fleet_telemetry,ACME-S01-TRUCK-034,haul_truck,2026-09-01T20:18:13.253Z,4,-16.611306,-71.59224,58.4,37.4,Dump-A,cycle-acme-s01-truck-034-00001,returning,0.0,240.0,397580.52,86.5,True,False,6422.25,607953.51,False,False,False,87.1,24.5,[],1.0
08ca9faa-8b00-4702-8b88-d656d352b048,1.0,acme-mining,site-01,fleet_telemetry,ACME-S01-TRUCK-035,haul_truck,2026-09-01T20:18:13.253Z,4,-16.53966,-71.56959,281.9,29.5,Dump-A,cycle-acme-s01-truck-035-00001,returning,0.0,240.0,297749.86,25.5,True,False,13767.57,641956.92,False,False,False,89.2,24.3,[],1.0
1b2507fb-30ed-4d5f-bcb8-a70d00417f2a,1.0,acme-mining,site-01,fleet_telemetry,ACME-S01-TRUCK-036,haul_truck,2026-09-01T20:18:13.253Z,4,-16.625292,-71.583811,215.4,60.6,Dump-A,cycle-acme-s01-truck-036-00001,returning,0.0,240.0,336663.62,35.9,True,False,6406.68,580519.15,False,False,True,89.8,24.5,[],1.0
7458545a-19ed-4942-8c57-7a945cc9146d,1.0,acme-mining,site-01,fleet_telemetry,ACME-S01-TRUCK-037,haul_truck,2026-09-01T20:18:13.253Z,4,-16.568946,-71.484778,171.2,60.9,Dump-A,cycle-acme-s01-truck-037-00001,returning,0.0,240.0,409590.26,28.5,True,False,11514.68,178206.51,False,False,True,87.1,25.2,[],1.0
2e2dbdd3-b72b-415b-a5a9-875cf0a12346,1.0,acme-mining,site-01,fleet_telemetry,ACME-S01-TRUCK-038,haul_truck,2026-09-01T20:18:13.253Z,4,-16.582149,-71.549056,112.1,39.4,Dump-A,cycle-acme-s01-truck-038-00001,returning,0.0,240.0,125260.6,76.9,True,False,17147.73,421381.53,False,False,False,92.4,24.5,[],1.0
198edc36-bdf4-4e47-8012-4899c130ff37,1.0,acme-mining,site-01,fleet_telemetry,ACME-S01-TRUCK-039,haul_truck,2026-09-01T20:18:13.253Z,4,-16.611321,-71.529112,257.8,40.3,Dump-A,cycle-acme-s01-truck-039-00001,returning,0.0,240.0,75584.17,27.5,True,False,20835.09,455342.46,False,False,False,92.1,24.5,[],1.0
01031e15-1385-489d-8dd5-8d0df5ebd5a9,1.0,acme-mining,site-01,fleet_telemetry,ACME-S01-TRUCK-040,haul_truck,2026-09-01T20:18:13.253Z,4,-16.526587,-71.583883,339.1,37.5,Dump-A,cycle-acme-s01-truck-040-00001,returning,0.0,240.0,360294.1,85.2,True,False,7335.08,586358.44,False,False,False,87.3,24.1,[],1.0
65a861fe-e55b-46e1-a99c-dc6e6e08bda7,1.0,acme-mining,site-01,fleet_telemetry,ACME-S01-TRUCK-041,haul_truck,2026-09-01T20:18:13.253Z,4,-16.550496,-71.46938,81.4,25.5,Dump-A,cycle-acme-s01-truck-041-00001,returning,0.0,240.0,394873.88,93.1,True,False,8297.99,372726.71,False,False,False,87.1,24.1,[],1.0
a7eaaf2b-81f6-4a91-a91e-7b463307a39f,1.0,acme-mining,site-01,fleet_telemetry,ACME-S01-TRUCK-042,haul_truck,2026-09-01T20:18:13.253Z,4,-16.552528,-71.564353,207.7,35.9,Dump-A,cycle-acme-s01-truck-042-00001,returning,0.0,240.0,397823.41,26.7,True,False,21495.57,530786.27,False,False,False,91.2,25.0,[],1.0
9d968ba1-8e7c-49d8-87a9-339796eea706,1.0,acme-mining,site-01,fleet_telemetry,ACME-S01-TRUCK-043,haul_truck,2026-09-01T20:18:13.253Z,4,-16.533041,-71.581908,336.4,37.7,Dump-A,cycle-acme-s01-truck-043-00001,returning,0.0,240.0,57562.36,86.0,True,False,6456.29,516046.05,False,False,False,91.8,23.8,[],1.0
5bb953e0-20e8-47fc-9e92-0b4ee214ec8e,1.0,acme-mining,site-01,fleet_telemetry,ACME-S01-TRUCK-044,haul_truck,2026-09-01T20:18:13.253Z,4,-16.564808,-71.553767,51.4,40.3,Dump-A,cycle-acme-s01-truck-044-00001,returning,0.0,240.0,393382.42,40.6,True,False,8212.76,536938.02,False,False,False,87.8,23.8,[],1.0
c445eb62-0b34-4956-b728-c27f39bd5b14,1.0,acme-mining,site-01,fleet_telemetry,ACME-S01-TRUCK-045,haul_truck,2026-09-01T20:18:13.253Z,4,-16.513408,-71.531718,123.8,38.3,Dump-A,cycle-acme-s01-truck-045-00001,returning,0.0,240.0,292252.25,53.0,True,False,21298.05,195848.85,False,False,False,90.8,24.7,[],1.0
fb91f69b-a7bf-4838-a7a6-6954397f25fe,1.0,acme-mining,site-01,fleet_telemetry,ACME-S01-TRUCK-046,haul_truck,2026-09-01T20:18:13.253Z,4,-16.664266,-71.522041,196.5,38.7,Dump-A,cycle-acme-s01-truck-046-00001,returning,0.0,240.0,265459.77,93.8,True,False,19393.22,184565.68,False,False,False,92.2,24.0,[],1.0
55795b96-c222-40e0-8879-c6e9d1e93ced,1.0,acme-mining,site-01,fleet_telemetry,ACME-S01-TRUCK-047,haul_truck,2026-09-01T20:18:13.253Z,4,-16.639963,-71.610409,91.9,29.0,Dump-A,cycle-acme-s01-truck-047-00001,returning,0.0,240.0,60884.43,87.9,True,False,10051.56,640068.67,False,False,False,94.9,24.9,[],1.0
dbab2298-3e4b-44f8-b8c8-9adc639797dc,1.0,acme-mining,site-01,fleet_telemetry,ACME-S01-TRUCK-048,haul_truck,2026-09-01T20:18:13.253Z,4,-16.563079,-71.559229,186.8,32.8,Dump-A,cycle-acme-s01-truck-048-00001,returning,0.0,240.0,326549.48,76.9,True,False,20422.2,359224.84,False,False,False,89.4,23.9,[],1.0
60aeca85-ce63-4e3d-9e52-27cab220e189,1.0,acme-mining,site-01,fleet_telemetry,ACME-S01-TRUCK-049,haul_truck,2026-09-01T20:18:13.253Z,4,-16.58925,-71.510814,164.6,30.6,Dump-A,cycle-acme-s01-truck-049-00001,returning,0.0,240.0,64835.42,88.0,True,False,14010.9,437934.21,False,False,False,88.3,24.0,[],1.0
f031831c-a96e-446f-869a-3332f71b5bf4,1.0,acme-mining,site-01,fleet_telemetry,ACME-S01-TRUCK-050,haul_truck,2026-09-01T20:18:13.253Z,4,-16.550685,-71.589649,354.3,33.9,Dump-A,cycle-acme-s01-truck-050-00001,returning,0.0,240.0,302569.23,51.5,True,False,12553.55,140859.36,False,False,False,90.4,23.9,[],1.0
026f3746-3a2a-4d52-a9df-c0b36069207e,1.0,acme-mining,site-01,fleet_telemetry,ACME-S01-TRUCK-051,haul_truck,2026-09-01T20:18:13.253Z,4,-16.577598,-71.51271,70.1,39.6,Dump-A,cycle-acme-s01-truck-051-00001,returning,0.0,240.0,136242.32,55.1,True,False,12416.27,20255.88,False,False,False,96.0,25.0,[],1.0
4464cf2c-1779-4228-96aa-256061c68742,1.0,acme-mining,site-01,fleet_telemetry,ACME-S01-TRUCK-052,haul_truck,2026-09-01T20:18:13.253Z,4,-16.552653,-71.512076,309.5,59.1,Dump-A,cycle-acme-s01-truck-052-00001,returning,0.0,240.0,359243.86,92.2,True,False,15123.3,342039.74,False,False,True,87.5,24.5,[],1.0
acf3e2f1-521d-4c2c-aef3-5ab7d7158535,1.0,acme-mining,site-01,fleet_telemetry,ACME-S01-TRUCK-053,haul_truck,2026-09-01T20:18:13.253Z,4,-16.541364,-71.593913,134.8,38.4,Dump-A,cycle-acme-s01-truck-053-00001,returning,0.0,240.0,113342.47,46.7,True,False,2779.81,619759.89,False,False,False,91.3,23.9,[],1.0
4a2cd147-bf91-42f9-9cfd-37815a3395c0,1.0,acme-mining,site-01,fleet_telemetry,ACME-S01-TRUCK-054,haul_truck,2026-09-01T20:18:13.253Z,4,-16.578294,-71.502543,54.7,27.0,Dump-A,cycle-acme-s01-truck-054-00001,returning,0.0,240.0,210383.4,87.0,True,False,13759.01,504148.37,False,False,False,93.5,25.1,[],1.0
dbd87491-1865-4736-9b04-d7248edfd8a6,1.0,acme-mining,site-01,fleet_telemetry,ACME-S01-TRUCK-055,haul_truck,2026-09-01T20:18:13.253Z,4,-16.547185,-71.600434,106.7,35.0,Dump-A,cycle-acme-s01-truck-055-00001,returning,0.0,240.0,12440.0,77.5,True,False,5972.48,433316.64,False,False,False,95.5,25.1,[],1.0
7bc91f39-4a3b-42eb-b8a1-15c7a762b32f,1.0,acme-mining,site-01,fleet_telemetry,ACME-S01-TRUCK-056,haul_truck,2026-09-01T20:18:13.253Z,4,-16.523588,-71.598084,0.1,41.5,Dump-A,cycle-acme-s01-truck-056-00001,returning,0.0,240.0,214402.23,64.0,True,False,17847.13,458424.52,False,False,False,95.4,24.2,[],1.0
9fb0def3-2ea1-4225-8295-91c2449e26d3,1.0,acme-mining,site-01,fleet_telemetry,ACME-S01-TRUCK-057,haul_truck,2026-09-01T20:18:13.253Z,4,-16.527764,-71.519461,21.3,34.0,Dump-A,cycle-acme-s01-truck-057-00001,returning,0.0,240.0,271999.3,91.5,True,False,14952.65,642372.35,False,False,False,95.6,24.4,[],1.0
8584b54f-298d-4e51-83b6-03471a0897e8,1.0,acme-mining,site-01,fleet_telemetry,ACME-S01-TRUCK-058,haul_truck,2026-09-01T20:18:13.253Z,4,-16.53253,-71.545484,87.3,26.6,Dump-A,cycle-acme-s01-truck-058-00001,returning,0.0,240.0,206202.27,36.1,True,False,9846.91,591318.55,False,False,False,95.5,24.9,[],1.0
dd557797-b1e3-447c-a243-98515d3d8746,1.0,acme-mining,site-01,fleet_telemetry,ACME-S01-TRUCK-059,haul_truck,2026-09-01T20:18:13.253Z,4,-16.658002,-71.571754,346.7,35.6,Dump-A,cycle-acme-s01-truck-059-00001,returning,0.0,240.0,285769.6,44.2,True,False,17035.26,348418.98,False,False,False,86.7,24.2,[],1.0
865c8252-75be-4f95-ae4e-5855bf01dd94,1.0,acme-mining,site-01,fleet_telemetry,ACME-S01-TRUCK-060,haul_truck,2026-09-01T20:18:13.253Z,4,-16.645951,-71.583256,159.6,40.1,Dump-A,cycle-acme-s01-truck-060-00001,returning,0.0,240.0,76365.77,51.8,True,False,19732.17,70764.02,False,False,False,87.5,24.7,[],1.0
b64c1c1c-0b2c-453e-84ff-cc49a0aa3340,1.0,acme-mining,site-01,fleet_telemetry,ACME-S01-TRUCK-061,haul_truck,2026-09-01T20:18:13.253Z,4,-16.525633,-71.524056,169.6,52.3,Dump-A,cycle-acme-s01-truck-061-00001,returning,0.0,240.0,101007.41,54.4,True,False,12303.36,281937.88,False,False,True,92.3,24.7,[],1.0
a6a0c885-4c38-4320-81d2-ab7e5fe92953,1.0,acme-mining,site-01,fleet_telemetry,ACME-S01-TRUCK-062,haul_truck,2026-09-01T20:18:13.253Z,4,-16.533854,-71.464949,352.3,29.4,Dump-A,cycle-acme-s01-truck-062-00001,returning,0.0,240.0,164774.16,77.7,True,False,8864.08,23714.63,False,False,False,86.7,25.1,[],1.0
cdb8c812-e834-4b3f-89df-d1abc92bbbe1,1.0,acme-mining,site-01,fleet_telemetry,ACME-S01-TRUCK-063,haul_truck,2026-09-01T20:18:13.253Z,4,-16.592663,-71.555271,40.6,30.1,Dump-A,cycle-acme-s01-truck-063-00001,returning,0.0,240.0,224821.25,44.1,True,False,17757.21,585621.23,False,False,False,94.9,24.5,[],1.0
ac5d6b4e-8848-4a91-a534-50496d49d479,1.0,acme-mining,site-01,fleet_telemetry,ACME-S01-TRUCK-064,haul_truck,2026-09-01T20:18:13.253Z,4,-16.584927,-71.472386,80.8,34.5,Dump-A,cycle-acme-s01-truck-064-00001,returning,0.0,240.0,414598.6,93.6,True,False,16152.65,549518.67,False,False,False,93.6,23.9,[],1.0
4bf997c0-ef9b-45e7-91cd-0cf0ca649f62,1.0,acme-mining,site-01,fleet_telemetry,ACME-S01-TRUCK-065,haul_truck,2026-09-01T20:18:13.253Z,4,-16.628759,-71.565135,239.3,42.0,Dump-A,cycle-acme-s01-truck-065-00001,returning,0.0,240.0,391414.88,37.7,True,False,2579.69,290026.16,False,False,False,94.7,25.0,[],1.0
418964ea-ffa6-44eb-8f9f-f4b1ed807475,1.0,acme-mining,site-01,fleet_telemetry,ACME-S01-TRUCK-066,haul_truck,2026-09-01T20:18:13.253Z,4,-16.630045,-71.60437,260.6,41.3,Dump-A,cycle-acme-s01-truck-066-00001,returning,0.0,240.0,340884.61,83.2,True,False,16938.08,258849.62,False,False,False,88.8,24.2,[],1.0
a7202a01-a083-4b76-a02c-ebb47c1056f0,1.0,acme-mining,site-01,fleet_telemetry,ACME-S01-TRUCK-067,haul_truck,2026-09-01T20:18:13.253Z,4,-16.517223,-71.611033,29.9,28.5,Dump-A,cycle-acme-s01-truck-067-00001,returning,0.0,240.0,108658.04,29.8,True,False,1904.22,619709.49,False,False,False,95.8,23.9,[],1.0
fd7e4c30-fd62-4c94-907c-4dbf9233d85e,1.0,acme-mining,site-01,fleet_telemetry,ACME-S01-TRUCK-068,haul_truck,2026-09-01T20:18:13.253Z,4,-16.563303,-71.527269,37.4,38.5,Dump-A,cycle-acme-s01-truck-068-00001,returning,0.0,240.0,77048.52,33.8,True,False,5026.45,32839.52,False,False,False,92.7,24.9,[],1.0
df57feb3-1b6c-4aea-bcd1-668e5d98bd38,1.0,acme-mining,site-01,fleet_telemetry,ACME-S01-TRUCK-069,haul_truck,2026-09-01T20:18:13.253Z,4,-16.652045,-71.486434,333.0,36.8,Dump-A,cycle-acme-s01-truck-069-00001,returning,0.0,240.0,277189.18,77.3,True,False,17058.25,125707.26,False,False,False,91.2,24.3,[],1.0
e035d96b-edef-4fd5-8530-1779a3f573b1,1.0,acme-mining,site-01,fleet_telemetry,ACME-S01-TRUCK-070,haul_truck,2026-09-01T20:18:13.253Z,4,-16.610332,-71.466844,42.3,34.8,Dump-A,cycle-acme-s01-truck-070-00001,returning,0.0,240.0,263350.84,88.5,True,False,13068.12,605199.01,False,False,False,91.8,24.9,[],1.0
283c2628-1ee0-47d1-9f3b-88011c516d32,1.0,acme-mining,site-01,fleet_telemetry,ACME-S01-TRUCK-071,haul_truck,2026-09-01T20:18:13.253Z,4,-16.53432,-71.521429,267.9,30.5,Dump-A,cycle-acme-s01-truck-071-00001,returning,0.0,240.0,54836.86,79.1,True,False,15441.03,415162.79,False,False,False,89.9,24.3,[],1.0
10cff2f1-9a51-47bb-a8ea-0c8b7462a7ee,1.0,acme-mining,site-01,fleet_telemetry,ACME-S01-TRUCK-072,haul_truck,2026-09-01T20:18:13.253Z,4,-16.589428,-71.562891,292.7,38.2,Dump-A,cycle-acme-s01-truck-072-00001,returning,0.0,240.0,198486.61,50.9,True,False,17391.87,238738.48,False,False,False,95.4,24.7,[],1.0
9957d8b3-13bc-4b59-bb58-208b8b5636a5,1.0,acme-mining,site-01,fleet_telemetry,ACME-S01-TRUCK-073,haul_truck,2026-09-01T20:18:13.253Z,4,-16.55724,-71.547834,340.4,38.0,Dump-A,cycle-acme-s01-truck-073-00001,returning,0.0,240.0,289657.73,83.0,True,False,3037.43,625296.26,False,False,False,86.2,23.9,[],1.0
4a247874-be65-4942-a29b-090c6c700098,1.0,acme-mining,site-01,fleet_telemetry,ACME-S01-TRUCK-074,haul_truck,2026-09-01T20:18:13.253Z,4,-16.538287,-71.522709,294.5,40.6,Dump-A,cycle-acme-s01-truck-074-00001,returning,0.0,240.0,350842.52,57.5,True,False,13857.35,599359.23,False,False,False,88.5,24.3,[],1.0
4a373cda-1d16-40da-bc2b-1b2349d3946c,1.0,acme-mining,site-01,fleet_telemetry,ACME-S01-TRUCK-075,haul_truck,2026-09-01T20:18:13.253Z,4,-16.596064,-71.519883,356.7,41.5,Dump-A,cycle-acme-s01-truck-075-00001,returning,0.0,240.0,397918.0,42.0,True,False,18411.5,74597.74,False,False,False,90.6,24.2,[],1.0
cc6d753b-0bc9-46c5-a463-788eb6a1fe05,1.0,acme-mining,site-01,fleet_telemetry,ACME-S01-TRUCK-076,haul_truck,2026-09-01T20:18:13.253Z,4,-16.629061,-71.572743,144.4,38.3,Dump-A,cycle-acme-s01-truck-076-00001,returning,0.0,240.0,224522.25,49.8,True,False,11279.3,224759.03,False,False,False,89.2,24.3,[],1.0
7c80b8a5-e09d-4ae4-aea8-b527047f9160,1.0,acme-mining,site-01,fleet_telemetry,ACME-S01-TRUCK-077,haul_truck,2026-09-01T20:18:13.253Z,4,-16.605352,-71.528677,266.3,38.7,Dump-A,cycle-acme-s01-truck-077-00001,returning,0.0,240.0,94065.11,41.9,True,False,12582.78,345475.27,False,False,False,92.2,25.0,[],1.0
adc9062b-2d7a-48c9-bc07-68e43d307d74,1.0,acme-mining,site-01,fleet_telemetry,ACME-S01-TRUCK-078,haul_truck,2026-09-01T20:18:13.253Z,4,-16.634952,-71.506804,112.6,28.1,Dump-A,cycle-acme-s01-truck-078-00001,returning,0.0,240.0,358890.75,31.5,True,False,14493.15,329217.53,False,False,False,92.4,24.5,[],1.0
9a840541-207e-47ef-9d48-0c2132057a89,1.0,acme-mining,site-01,fleet_telemetry,ACME-S01-TRUCK-079,haul_truck,2026-09-01T20:18:13.253Z,4,-16.582339,-71.561189,290.0,27.4,Dump-A,cycle-acme-s01-truck-079-00001,returning,0.0,240.0,161253.54,94.7,True,False,8623.24,368688.04,False,False,False,89.5,25.1,[],1.0
95a31ccf-2c2b-43cd-aa4f-140a20efd85c,1.0,acme-mining,site-01,fleet_telemetry,ACME-S01-TRUCK-080,haul_truck,2026-09-01T20:18:13.253Z,4,-16.584668,-71.495562,327.1,37.6,Dump-A,cycle-acme-s01-truck-080-00001,returning,0.0,240.0,94737.37,33.3,True,False,6129.76,96013.31,False,False,False,91.8,24.8,[],1.0
37d9e180-552a-48e0-af24-52c92b2e513b,1.0,acme-mining,site-02,fleet_telemetry,ACME-S02-TRUCK-001,haul_truck,2026-09-01T20:18:13.253Z,4,-16.537064,-71.488499,119.0,26.1,Dump-A,cycle-acme-s02-truck-001-00001,returning,0.0,240.0,319615.64,60.0,True,False,4524.74,259530.76,False,False,False,95.2,24.0,[],1.0
b092c1ca-7aa6-4bcb-80ab-d94feeffefe4,1.0,acme-mining,site-02,fleet_telemetry,ACME-S02-TRUCK-002,haul_truck,2026-09-01T20:18:13.253Z,4,-16.601711,-71.552804,215.5,31.0,Dump-A,cycle-acme-s02-truck-002-00001,returning,0.0,240.0,44259.83,46.9,True,False,10047.86,309645.26,False,False,False,87.6,24.7,[],1.0
12dc0da1-efd5-4d51-9d3a-e3e8c2a94c40,1.0,acme-mining,site-02,fleet_telemetry,ACME-S02-TRUCK-003,haul_truck,2026-09-01T20:18:13.253Z,4,-16.571499,-71.484377,111.5,28.6,Dump-A,cycle-acme-s02-truck-003-00001,returning,0.0,240.0,152898.28,81.1,True,False,3241.68,33139.72,False,False,False,95.0,25.1,[],1.0
2a7c9cfc-e2bb-4cdf-849d-9b2988dc7977,1.0,acme-mining,site-02,fleet_telemetry,ACME-S02-TRUCK-004,haul_truck,2026-09-01T20:18:13.253Z,4,-16.657802,-71.478225,135.7,35.8,Dump-A,cycle-acme-s02-truck-004-00001,returning,0.0,240.0,201697.96,53.0,True,False,10058.3,86693.87,False,False,False,94.2,25.0,[],1.0
521ecc78-c6b7-4be3-b13f-d33c5db74384,1.0,acme-mining,site-02,fleet_telemetry,ACME-S02-TRUCK-005,haul_truck,2026-09-01T20:18:13.253Z,4,-16.588836,-71.472579,15.0,27.4,Dump-A,cycle-acme-s02-truck-005-00001,returning,0.0,240.0,234612.93,33.0,True,False,7861.06,125923.68,False,False,False,92.9,24.9,[],1.0
134797d1-8b47-4997-85c3-291222a2ef19,1.0,acme-mining,site-02,fleet_telemetry,ACME-S02-TRUCK-006,haul_truck,2026-09-01T20:18:13.253Z,4,-16.548778,-71.512651,284.7,26.3,Dump-A,cycle-acme-s02-truck-006-00001,returning,0.0,240.0,96799.88,67.1,True,False,5808.91,112259.94,False,False,False,87.6,23.9,[],1.0
b34f9ff4-f3fe-4851-9adf-997c5f9362f8,1.0,acme-mining,site-02,fleet_telemetry,ACME-S02-TRUCK-007,haul_truck,2026-09-01T20:18:13.253Z,4,-16.529273,-71.514599,250.1,33.7,Dump-A,cycle-acme-s02-truck-007-00001,returning,0.0,240.0,264966.24,72.7,True,False,10635.81,375153.44,False,False,False,93.2,24.2,[],1.0
64d4a32a-3aac-4366-949d-c5c33270176b,1.0,acme-mining,site-02,fleet_telemetry,ACME-S02-TRUCK-008,haul_truck,2026-09-01T20:18:13.253Z,4,-16.599663,-71.569021,318.7,29.2,Dump-A,cycle-acme-s02-truck-008-00001,returning,0.0,240.0,76421.54,29.8,True,False,19122.04,415147.06,False,False,False,89.9,24.1,[],1.0
8ad97dfe-2b88-4f3e-8a1a-8873b2a1e066,1.0,acme-mining,site-02,fleet_telemetry,ACME-S02-TRUCK-009,haul_truck,2026-09-01T20:18:13.253Z,4,-16.611431,-71.571555,172.3,25.6,Dump-A,cycle-acme-s02-truck-009-00001,returning,0.0,240.0,213166.98,27.6,True,False,8261.18,66740.19,False,False,False,86.4,24.0,[],1.0
fab27530-bb67-46c3-9f40-93ea7435c478,1.0,acme-mining,site-02,fleet_telemetry,ACME-S02-TRUCK-010,haul_truck,2026-09-01T20:18:13.253Z,4,-16.543728,-71.474162,156.9,24.7,Dump-A,cycle-acme-s02-truck-010-00001,returning,0.0,240.0,213593.41,63.8,True,False,13838.18,339452.8,False,False,False,86.7,24.3,[],1.0
4409d115-1beb-4503-b5aa-a236452848af,1.0,acme-mining,site-02,fleet_telemetry,ACME-S02-TRUCK-011,haul_truck,2026-09-01T20:18:13.253Z,4,-16.660497,-71.600918,350.7,37.3,Dump-A,cycle-acme-s02-truck-011-00001,returning,0.0,240.0,219277.06,35.5,True,False,14618.96,222561.97,False,False,False,91.0,24.9,[],1.0
c7929e5e-b1aa-42ca-9d64-0d07408936f4,1.0,acme-mining,site-02,fleet_telemetry,ACME-S02-TRUCK-012,haul_truck,2026-09-01T20:18:13.253Z,4,-16.557187,-71.458946,63.2,51.2,Dump-A,cycle-acme-s02-truck-012-00001,returning,0.0,240.0,294296.2,27.7,True,False,21626.58,73127.51,False,False,True,88.5,24.4,[],1.0
a250d4f5-b81e-437a-b56f-03b80627edea,1.0,acme-mining,site-02,fleet_telemetry,ACME-S02-TRUCK-013,haul_truck,2026-09-01T20:18:13.253Z,4,-16.561765,-71.609092,81.1,40.2,Dump-A,cycle-acme-s02-truck-013-00001,returning,0.0,240.0,180463.57,79.2,True,False,8514.64,598300.27,False,False,False,91.1,24.7,[],1.0
de814387-2abe-4f53-a95b-7fc52b40a225,1.0,acme-mining,site-02,fleet_telemetry,ACME-S02-TRUCK-014,haul_truck,2026-09-01T20:18:13.253Z,4,-16.554618,-71.512434,216.5,30.0,Dump-A,cycle-acme-s02-truck-014-00001,returning,0.0,240.0,308487.2,44.9,True,False,2197.34,79538.84,False,False,False,94.4,24.2,[],1.0
d0c54683-4410-4072-8f62-a172df4c6438,1.0,acme-mining,site-02,fleet_telemetry,ACME-S02-TRUCK-015,haul_truck,2026-09-01T20:18:13.253Z,4,-16.515596,-71.50577,186.4,26.9,Dump-A,cycle-acme-s02-truck-015-00001,returning,0.0,240.0,72228.77,49.5,True,False,7867.28,387126.01,False,False,False,86.7,23.8,[],1.0
3d5dca33-6992-4952-b1ca-3b07301736e0,1.0,acme-mining,site-02,fleet_telemetry,ACME-S02-TRUCK-016,haul_truck,2026-09-01T20:18:13.253Z,4,-16.617841,-71.597083,246.3,37.0,Dump-A,cycle-acme-s02-truck-016-00001,returning,0.0,240.0,255925.99,70.0,True,False,15827.29,73373.09,False,False,False,95.0,23.8,[],1.0
db81510a-a548-451c-9393-571a499e4bf7,1.0,acme-mining,site-02,fleet_telemetry,ACME-S02-TRUCK-017,haul_truck,2026-09-01T20:18:13.253Z,4,-16.620994,-71.465322,274.3,24.1,Dump-A,cycle-acme-s02-truck-017-00001,returning,0.0,240.0,233735.22,26.3,True,False,2781.21,442387.38,False,False,False,94.6,23.8,[],1.0
24e63788-e16e-4ce0-8808-b4f3869677d3,1.0,acme-mining,site-02,fleet_telemetry,ACME-S02-TRUCK-018,haul_truck,2026-09-01T20:18:13.253Z,4,-16.544286,-71.536258,246.8,60.1,Dump-A,cycle-acme-s02-truck-018-00001,returning,0.0,240.0,78176.16,45.7,True,False,4870.52,649985.39,False,False,True,89.9,24.3,[],1.0
bad54ba6-c984-4175-b7a9-8601176c1f0c,1.0,acme-mining,site-02,fleet_telemetry,ACME-S02-TRUCK-019,haul_truck,2026-09-01T20:18:13.253Z,4,-16.610144,-71.591543,229.1,40.4,Dump-A,cycle-acme-s02-truck-019-00001,returning,0.0,240.0,347175.63,34.1,True,False,1600.25,232161.67,False,False,False,95.8,24.5,[],1.0
b3ab0e24-d656-46e9-a609-7cfb73cc1a8d,1.0,acme-mining,site-02,fleet_telemetry,ACME-S02-TRUCK-020,haul_truck,2026-09-01T20:18:13.253Z,4,-16.515238,-71.519809,263.1,40.2,Dump-A,cycle-acme-s02-truck-020-00001,returning,0.0,240.0,170292.03,75.3,True,False,16089.09,47526.33,False,False,False,88.9,25.1,[],1.0
d246b0b6-5c9d-4be9-b81d-ad55048ce85a,1.0,acme-mining,site-02,fleet_telemetry,ACME-S02-TRUCK-021,haul_truck,2026-09-01T20:18:13.253Z,4,-16.525792,-71.586431,107.9,31.0,Dump-A,cycle-acme-s02-truck-021-00001,returning,0.0,240.0,434862.8,79.9,True,False,5760.87,170676.25,False,False,False,90.3,23.9,[],1.0
f3093387-3663-4b52-badb-aeaf8680bbad,1.0,acme-mining,site-02,fleet_telemetry,ACME-S02-TRUCK-022,haul_truck,2026-09-01T20:18:13.253Z,4,-16.586003,-71.462896,225.5,31.4,Dump-A,cycle-acme-s02-truck-022-00001,returning,0.0,240.0,133979.85,51.7,True,False,21670.13,310858.48,False,False,False,87.3,24.1,[],1.0
66c23574-ef75-4b64-aa11-e032fc46a74e,1.0,acme-mining,site-02,fleet_telemetry,ACME-S02-TRUCK-023,haul_truck,2026-09-01T20:18:13.253Z,4,-16.520903,-71.503663,166.8,31.3,Dump-A,cycle-acme-s02-truck-023-00001,returning,0.0,240.0,221460.17,51.0,True,False,19307.65,52873.36,False,False,False,95.5,24.3,[],1.0
853785f3-a040-49e2-b915-8b4379ff27b5,1.0,acme-mining,site-02,fleet_telemetry,ACME-S02-TRUCK-024,haul_truck,2026-09-01T20:18:13.253Z,4,-16.646816,-71.547532,204.6,36.0,Dump-A,cycle-acme-s02-truck-024-00001,returning,0.0,240.0,130028.46,88.3,True,False,6843.34,500763.69,False,False,False,93.1,25.1,[],1.0
840b559e-78c5-46ba-bea9-415d4d0e02f3,1.0,acme-mining,site-02,fleet_telemetry,ACME-S02-TRUCK-025,haul_truck,2026-09-01T20:18:13.253Z,4,-16.60698,-71.557673,285.1,37.1,Dump-A,cycle-acme-s02-truck-025-00001,returning,0.0,240.0,419407.93,54.0,True,False,18114.11,577316.86,False,False,False,94.6,24.3,[],1.0
3ab58f30-f76d-4c94-b36d-c75af8bbb953,1.0,acme-mining,site-02,fleet_telemetry,ACME-S02-TRUCK-026,haul_truck,2026-09-01T20:18:13.253Z,4,-16.566404,-71.490896,325.6,29.5,Dump-A,cycle-acme-s02-truck-026-00001,returning,0.0,240.0,419563.68,83.7,True,False,8748.15,37758.24,False,False,False,90.5,25.1,[],1.0
545b1d3b-200e-4a18-85bf-0fd239a58ecc,1.0,acme-mining,site-02,fleet_telemetry,ACME-S02-TRUCK-027,haul_truck,2026-09-01T20:18:13.253Z,4,-16.595352,-71.519033,237.4,39.7,Dump-A,cycle-acme-s02-truck-027-00001,returning,0.0,240.0,375688.9,78.1,True,False,20248.8,317646.71,False,False,False,94.9,25.1,[],1.0
93fb89f2-1793-443d-9789-a5de7b2a218e,1.0,acme-mining,site-02,fleet_telemetry,ACME-S02-TRUCK-028,haul_truck,2026-09-01T20:18:13.253Z,4,-16.585972,-71.599723,62.0,31.8,Dump-A,cycle-acme-s02-truck-028-00001,returning,0.0,240.0,251474.15,75.9,True,False,6225.59,546026.84,False,False,False,91.7,25.2,[],1.0
12e79527-137c-4925-8c09-707de4a901a1,1.0,acme-mining,site-02,fleet_telemetry,ACME-S02-TRUCK-029,haul_truck,2026-09-01T20:18:13.253Z,4,-16.66035,-71.48364,54.2,36.3,Dump-A,cycle-acme-s02-truck-029-00001,returning,0.0,240.0,291139.05,68.6,True,False,3383.19,170216.99,False,False,False,94.0,24.2,[],1.0
149e3708-9064-4e44-b54b-a82477ac1bde,1.0,acme-mining,site-02,fleet_telemetry,ACME-S02-TRUCK-030,haul_truck,2026-09-01T20:18:13.253Z,4,-16.601706,-71.51912,274.7,28.4,Dump-A,cycle-acme-s02-truck-030-00001,returning,0.0,240.0,116453.06,35.0,True,False,1148.44,344686.81,False,False,False,92.1,24.5,[],1.0
53a8e97e-2652-4e90-b086-21502f6461f1,1.0,acme-mining,site-02,fleet_telemetry,ACME-S02-TRUCK-031,haul_truck,2026-09-01T20:18:13.253Z,4,-16.51788,-71.530474,312.9,52.1,Dump-A,cycle-acme-s02-truck-031-00001,returning,0.0,240.0,240333.49,50.2,True,False,4771.06,440975.5,False,False,True,95.2,24.3,[],1.0
9667db0d-085b-431c-97e0-389808366712,1.0,acme-mining,site-02,fleet_telemetry,ACME-S02-TRUCK-032,haul_truck,2026-09-01T20:18:13.253Z,4,-16.513429,-71.576897,110.7,25.6,Dump-A,cycle-acme-s02-truck-032-00001,returning,0.0,240.0,216859.72,69.5,True,False,12548.03,265985.95,False,False,False,95.6,23.9,[],1.0
db5236c3-f578-49e2-8fc9-a90b266f1597,1.0,acme-mining,site-02,fleet_telemetry,ACME-S02-TRUCK-033,haul_truck,2026-09-01T20:18:13.253Z,4,-16.552758,-71.564296,63.1,35.2,Dump-A,cycle-acme-s02-truck-033-00001,returning,0.0,240.0,286433.35,79.0,True,False,8109.82,481752.95,False,False,False,89.4,24.2,[],1.0
08089e12-d4a2-4dd4-b516-48adc1bb2c48,1.0,acme-mining,site-02,fleet_telemetry,ACME-S02-TRUCK-034,haul_truck,2026-09-01T20:18:13.253Z,4,-16.513465,-71.540939,327.6,38.4,Dump-A,cycle-acme-s02-truck-034-00001,returning,0.0,240.0,375369.09,72.9,True,False,7977.21,424961.33,False,False,False,87.2,24.4,[],1.0
c3883e69-7e4c-4f43-ad05-cbf8aa94507b,1.0,acme-mining,site-02,fleet_telemetry,ACME-S02-TRUCK-035,haul_truck,2026-09-01T20:18:13.253Z,4,-16.663371,-71.585601,89.8,34.1,Dump-A,cycle-acme-s02-truck-035-00001,returning,0.0,240.0,211379.3,45.5,True,False,2137.74,509000.05,False,False,False,94.5,24.0,[],1.0
c1ffb5a1-4207-4747-9a06-05a486b57c8b,1.0,acme-mining,site-02,fleet_telemetry,ACME-S02-TRUCK-036,haul_truck,2026-09-01T20:18:13.253Z,4,-16.549895,-71.586939,170.2,41.0,Dump-A,cycle-acme-s02-truck-036-00001,returning,0.0,240.0,248933.79,42.7,True,False,11726.14,643147.4,False,False,False,94.8,24.5,[],1.0
3bd8af4f-1503-44b7-a7bb-8fd49e4d9a69,1.0,acme-mining,site-02,fleet_telemetry,ACME-S02-TRUCK-037,haul_truck,2026-09-01T20:18:13.253Z,4,-16.528066,-71.498569,205.8,37.8,Dump-A,cycle-acme-s02-truck-037-00001,returning,0.0,240.0,64769.29,50.7,True,False,19154.93,229112.66,False,False,False,90.4,24.4,[],1.0
3c2fd881-7119-41ae-9c80-f3b4819b7e73,1.0,acme-mining,site-02,fleet_telemetry,ACME-S02-TRUCK-038,haul_truck,2026-09-01T20:18:13.253Z,4,-16.54281,-71.574845,30.6,24.4,Dump-A,cycle-acme-s02-truck-038-00001,returning,0.0,240.0,314510.42,50.7,True,False,7987.58,137694.92,False,False,False,89.4,24.3,[],1.0
6fcdccc9-1659-462e-9744-457259a11379,1.0,acme-mining,site-02,fleet_telemetry,ACME-S02-TRUCK-039,haul_truck,2026-09-01T20:18:13.253Z,4,-16.61898,-71.604684,336.5,27.2,Dump-A,cycle-acme-s02-truck-039-00001,returning,0.0,240.0,371830.45,63.2,True,False,2473.26,399545.67,False,False,False,87.1,25.1,[],1.0
8bab8b0f-b7a8-472b-b6c9-b981fef31224,1.0,acme-mining,site-02,fleet_telemetry,ACME-S02-TRUCK-040,haul_truck,2026-09-01T20:18:13.253Z,4,-16.598852,-71.501214,127.7,27.5,Dump-A,cycle-acme-s02-truck-040-00001,returning,0.0,240.0,83323.98,56.0,True,False,10253.42,472127.72,False,False,False,93.9,25.2,[],1.0
6be7d075-9aea-49e7-88ab-94393a17f4ca,1.0,acme-mining,site-02,fleet_telemetry,ACME-S02-TRUCK-041,haul_truck,2026-09-01T20:18:13.253Z,4,-16.568412,-71.559332,91.0,32.9,Dump-A,cycle-acme-s02-truck-041-00001,returning,0.0,240.0,427078.21,30.2,True,False,6620.58,637417.28,False,False,False,89.7,24.5,[],1.0
72d57fe3-3ef2-4efd-b6d1-25aba9dfeed5,1.0,acme-mining,site-02,fleet_telemetry,ACME-S02-TRUCK-042,haul_truck,2026-09-01T20:18:13.253Z,4,-16.664864,-71.606736,233.7,41.7,Dump-A,cycle-acme-s02-truck-042-00001,returning,0.0,240.0,277332.36,79.7,True,False,20999.14,109951.16,False,False,False,87.7,24.8,[],1.0
9bc85008-48ce-41cd-afb5-9f8c9013aeb5,1.0,acme-mining,site-02,fleet_telemetry,ACME-S02-TRUCK-043,haul_truck,2026-09-01T20:18:13.253Z,4,-16.598401,-71.55814,236.3,28.7,Dump-A,cycle-acme-s02-truck-043-00001,returning,0.0,240.0,24249.83,35.7,True,False,8477.6,618164.37,False,False,False,96.0,24.7,[],1.0
cdd7b828-dd26-4e86-8b56-eb5d1b04a1e0,1.0,acme-mining,site-02,fleet_telemetry,ACME-S02-TRUCK-044,haul_truck,2026-09-01T20:18:13.253Z,4,-16.630428,-71.599364,108.9,60.6,Dump-A,cycle-acme-s02-truck-044-00001,returning,0.0,240.0,185135.26,70.4,True,False,12967.15,353559.86,False,False,True,91.7,24.1,[],1.0
58602fca-3c12-4668-9a1c-092e22b729e7,1.0,acme-mining,site-02,fleet_telemetry,ACME-S02-TRUCK-045,haul_truck,2026-09-01T20:18:13.253Z,4,-16.55775,-71.583166,132.0,32.5,Dump-A,cycle-acme-s02-truck-045-00001,returning,0.0,240.0,61815.12,79.2,True,False,11776.21,595531.86,False,False,False,89.8,24.5,[],1.0
88d63612-8a45-4704-acd8-ed2666576c7a,1.0,acme-mining,site-02,fleet_telemetry,ACME-S02-TRUCK-046,haul_truck,2026-09-01T20:18:13.253Z,4,-16.556261,-71.457937,94.1,41.9,Dump-A,cycle-acme-s02-truck-046-00001,returning,0.0,240.0,42583.18,37.1,True,False,5043.79,105509.01,False,False,False,89.5,24.1,[],1.0
e0d1ea34-74ad-48e1-bb32-af573134016b,1.0,acme-mining,site-02,fleet_telemetry,ACME-S02-TRUCK-047,haul_truck,2026-09-01T20:18:13.253Z,4,-16.622422,-71.592302,328.7,29.1,Dump-A,cycle-acme-s02-truck-047-00001,returning,0.0,240.0,251999.03,45.3,True,False,14958.21,467010.6,False,False,False,94.1,25.0,[],1.0
09d4a5bd-506e-4069-be41-f671dc7136ed,1.0,acme-mining,site-02,fleet_telemetry,ACME-S02-TRUCK-048,haul_truck,2026-09-01T20:18:13.253Z,4,-16.648173,-71.491033,23.4,52.4,Dump-A,cycle-acme-s02-truck-048-00001,returning,0.0,240.0,63399.76,39.0,True,False,17626.37,340516.23,False,False,True,87.8,24.6,[],1.0
fcfe7a8c-fd59-4c15-aabc-031eb6bb38f5,1.0,acme-mining,site-02,fleet_telemetry,ACME-S02-TRUCK-049,haul_truck,2026-09-01T20:18:13.253Z,4,-16.52893,-71.606962,122.8,28.3,Dump-A,cycle-acme-s02-truck-049-00001,returning,0.0,240.0,442525.54,34.1,True,False,12932.29,314465.76,False,False,False,93.4,25.1,[],1.0
38befaaa-7e0e-4079-ae80-5bcf082e9883,1.0,acme-mining,site-02,fleet_telemetry,ACME-S02-TRUCK-050,haul_truck,2026-09-01T20:18:13.253Z,4,-16.514816,-71.514696,119.1,25.3,Dump-A,cycle-acme-s02-truck-050-00001,returning,0.0,240.0,372269.62,30.1,True,False,11944.75,504573.76,False,False,False,92.3,24.7,[],1.0
33957403-b94f-4ad7-86db-cb123377079e,1.0,acme-mining,site-02,fleet_telemetry,ACME-S02-TRUCK-051,haul_truck,2026-09-01T20:18:13.253Z,4,-16.641293,-71.462871,66.8,35.0,Dump-A,cycle-acme-s02-truck-051-00001,returning,0.0,240.0,353315.97,69.8,True,False,8103.72,573114.99,False,False,False,95.3,24.8,[],1.0
f1048ef1-8b80-4d24-b4ec-f7afa1a1f4fd,1.0,acme-mining,site-02,fleet_telemetry,ACME-S02-TRUCK-052,haul_truck,2026-09-01T20:18:13.253Z,4,-16.520818,-71.581443,139.2,25.6,Dump-A,cycle-acme-s02-truck-052-00001,returning,0.0,240.0,143815.08,36.3,True,False,18425.49,346404.41,False,False,False,93.2,24.7,[],1.0
3dd10770-b734-4698-bd69-f110f2442d34,1.0,acme-mining,site-02,fleet_telemetry,ACME-S02-TRUCK-053,haul_truck,2026-09-01T20:18:13.253Z,4,-16.582271,-71.59746,168.9,27.5,Dump-A,cycle-acme-s02-truck-053-00001,returning,0.0,240.0,120266.62,69.4,True,False,19772.43,552938.32,False,False,False,93.1,24.8,[],1.0
396b65fa-53a7-41ec-941c-13d831cd7bcd,1.0,acme-mining,site-02,fleet_telemetry,ACME-S02-TRUCK-054,haul_truck,2026-09-01T20:18:13.253Z,4,-16.643015,-71.5176,350.6,34.7,Dump-A,cycle-acme-s02-truck-054-00001,returning,0.0,240.0,270396.0,65.6,True,False,2780.69,423822.17,False,False,False,86.8,24.2,[],1.0
69610211-3a56-409c-aa7a-23eaa631495e,1.0,acme-mining,site-02,fleet_telemetry,ACME-S02-TRUCK-055,haul_truck,2026-09-01T20:18:13.253Z,4,-16.66315,-71.514875,67.7,39.8,Dump-A,cycle-acme-s02-truck-055-00001,returning,0.0,240.0,373104.24,27.0,True,False,18661.64,375079.5,False,False,False,93.6,25.0,[],1.0
8996f238-5900-4e31-b4b8-f214330eaf7b,1.0,acme-mining,site-02,fleet_telemetry,ACME-S02-TRUCK-056,haul_truck,2026-09-01T20:18:13.253Z,4,-16.570066,-71.571157,148.4,37.6,Dump-A,cycle-acme-s02-truck-056-00001,returning,0.0,240.0,291156.41,59.8,True,False,17059.54,282449.78,False,False,False,89.0,24.7,[],1.0
2b31a9e1-634f-4b98-9d22-8b64357b2146,1.0,acme-mining,site-02,fleet_telemetry,ACME-S02-TRUCK-057,haul_truck,2026-09-01T20:18:13.253Z,4,-16.560244,-71.592221,320.5,27.9,Dump-A,cycle-acme-s02-truck-057-00001,returning,0.0,240.0,188681.0,56.7,True,False,5991.42,528630.15,False,False,False,86.1,24.8,[],1.0
13fd775e-a312-4b37-afd8-ceb580454aad,1.0,acme-mining,site-02,fleet_telemetry,ACME-S02-TRUCK-058,haul_truck,2026-09-01T20:18:13.253Z,4,-16.552934,-71.479763,21.7,29.1,Dump-A,cycle-acme-s02-truck-058-00001,returning,0.0,240.0,147536.58,75.3,True,False,5125.29,402196.05,False,False,False,95.0,24.9,[],1.0
e9e98a81-3e8f-4875-8bc4-0c82a1d0b1c7,1.0,acme-mining,site-02,fleet_telemetry,ACME-S02-TRUCK-059,haul_truck,2026-09-01T20:18:13.253Z,4,-16.650793,-71.545579,242.8,31.7,Dump-A,cycle-acme-s02-truck-059-00001,returning,0.0,240.0,56721.21,41.9,True,False,16926.1,344437.57,False,False,False,95.8,24.2,[],1.0
98ca7baf-fab5-4d58-a718-dcee5d5d0f19,1.0,acme-mining,site-02,fleet_telemetry,ACME-S02-TRUCK-060,haul_truck,2026-09-01T20:18:13.253Z,4,-16.531947,-71.591951,204.9,37.9,Dump-A,cycle-acme-s02-truck-060-00001,returning,0.0,240.0,280766.36,42.4,True,False,6952.5,262014.49,False,False,False,95.6,24.8,[],1.0
31a1af74-1f16-440d-bb78-e17a4a1588bc,1.0,acme-mining,site-02,fleet_telemetry,ACME-S02-TRUCK-061,haul_truck,2026-09-01T20:18:13.253Z,4,-16.595714,-71.476864,176.0,29.7,Dump-A,cycle-acme-s02-truck-061-00001,returning,0.0,240.0,80110.94,94.7,True,False,16087.93,139595.58,False,False,False,89.0,24.6,[],1.0
34f77161-b474-4ab2-a6f3-fff8a554152b,1.0,acme-mining,site-02,fleet_telemetry,ACME-S02-TRUCK-062,haul_truck,2026-09-01T20:18:13.253Z,4,-16.613936,-71.609419,316.7,37.4,Dump-A,cycle-acme-s02-truck-062-00001,returning,0.0,240.0,435342.4,40.0,True,False,20838.94,338430.11,False,False,False,90.1,24.3,[],1.0
be436e08-8807-451f-8ab4-fc7a569fdda9,1.0,acme-mining,site-02,fleet_telemetry,ACME-S02-TRUCK-063,haul_truck,2026-09-01T20:18:13.253Z,4,-16.62808,-71.558968,55.0,38.3,Dump-A,cycle-acme-s02-truck-063-00001,returning,0.0,240.0,57299.0,34.4,True,False,6857.87,25151.87,False,False,False,90.6,24.8,[],1.0
90c786f2-96fd-450a-ac2c-840896284834,1.0,acme-mining,site-02,fleet_telemetry,ACME-S02-TRUCK-064,haul_truck,2026-09-01T20:18:13.253Z,4,-16.658616,-71.536804,313.2,30.9,Dump-A,cycle-acme-s02-truck-064-00001,returning,0.0,240.0,95648.62,63.7,True,False,9292.34,379277.53,False,False,False,89.8,24.0,[],1.0
052bfdba-5c29-4010-89a2-1f0c5ce69a97,1.0,acme-mining,site-02,fleet_telemetry,ACME-S02-TRUCK-065,haul_truck,2026-09-01T20:18:13.253Z,4,-16.654914,-71.557756,340.5,30.6,Dump-A,cycle-acme-s02-truck-065-00001,returning,0.0,240.0,278859.27,34.0,True,False,18296.61,412642.3,False,False,False,87.5,24.1,[],1.0
30099226-259b-4843-9f43-d3d8c14e4b17,1.0,acme-mining,site-02,fleet_telemetry,ACME-S02-TRUCK-066,haul_truck,2026-09-01T20:18:13.253Z,4,-16.590405,-71.610277,57.0,24.3,Dump-A,cycle-acme-s02-truck-066-00001,returning,0.0,240.0,97585.75,60.6,True,False,20705.72,495628.13,False,False,False,91.0,25.0,[],1.0
3936f997-56aa-45cf-89ec-03d922340ef7,1.0,acme-mining,site-02,fleet_telemetry,ACME-S02-TRUCK-067,haul_truck,2026-09-01T20:18:13.253Z,4,-16.648054,-71.468486,156.6,39.4,Dump-A,cycle-acme-s02-truck-067-00001,returning,0.0,240.0,75534.18,87.5,True,False,17844.08,347179.72,False,False,False,91.0,25.0,[],1.0
6b42ee14-9570-4ba7-a9df-b0832312e2d5,1.0,acme-mining,site-02,fleet_telemetry,ACME-S02-TRUCK-068,haul_truck,2026-09-01T20:18:13.253Z,4,-16.537899,-71.532328,254.1,32.8,Dump-A,cycle-acme-s02-truck-068-00001,returning,0.0,240.0,141663.39,48.5,True,False,21801.06,485771.29,False,False,False,95.5,24.7,[],1.0
85aeaf06-31aa-4f9a-9979-ec308bd293f7,1.0,acme-mining,site-02,fleet_telemetry,ACME-S02-TRUCK-069,haul_truck,2026-09-01T20:18:13.253Z,4,-16.603746,-71.568274,344.4,26.5,Dump-A,cycle-acme-s02-truck-069-00001,returning,0.0,240.0,155745.7,32.6,True,False,10867.73,30481.37,False,False,False,90.9,24.7,[],1.0
b903318a-9ea4-452f-a568-c35b75b5226c,1.0,acme-mining,site-02,fleet_telemetry,ACME-S02-TRUCK-070,haul_truck,2026-09-01T20:18:13.253Z,4,-16.577857,-71.581101,190.6,30.1,Dump-A,cycle-acme-s02-truck-070-00001,returning,0.0,240.0,298460.31,93.0,True,False,13454.49,187284.25,False,False,False,92.0,24.3,[],1.0
0a6b1b44-40ae-458e-8b79-ea2dca362c75,1.0,acme-mining,site-02,fleet_telemetry,ACME-S02-TRUCK-071,haul_truck,2026-09-01T20:18:13.253Z,4,-16.646753,-71.508592,6.4,30.7,Dump-A,cycle-acme-s02-truck-071-00001,returning,0.0,240.0,282684.04,83.9,True,False,4414.86,416285.99,False,False,False,90.7,24.3,[],1.0
2670651a-e55a-47bc-82be-19dc4f8bf9aa,1.0,acme-mining,site-02,fleet_telemetry,ACME-S02-TRUCK-072,haul_truck,2026-09-01T20:18:13.253Z,4,-16.63778,-71.537201,228.1,28.4,Dump-A,cycle-acme-s02-truck-072-00001,returning,0.0,240.0,194263.61,53.9,True,False,4844.63,297854.38,False,False,False,95.0,25.1,[],1.0
25f9f71a-e5db-4230-aa44-3a7c35e7eed4,1.0,acme-mining,site-02,fleet_telemetry,ACME-S02-TRUCK-073,haul_truck,2026-09-01T20:18:13.253Z,4,-16.637236,-71.565494,324.6,32.6,Dump-A,cycle-acme-s02-truck-073-00001,returning,0.0,240.0,37404.05,34.6,True,False,19303.74,483577.56,False,False,False,93.0,25.2,[],1.0
f5a95743-45b4-4e70-a7af-0e90c667505c,1.0,acme-mining,site-02,fleet_telemetry,ACME-S02-TRUCK-074,haul_truck,2026-09-01T20:18:13.253Z,4,-16.582999,-71.509357,292.7,38.1,Dump-A,cycle-acme-s02-truck-074-00001,returning,0.0,240.0,212252.24,62.3,True,False,8788.69,622711.97,False,False,False,92.1,24.1,[],1.0
a68d36b3-917a-4b7f-b4cc-4827be5de8a4,1.0,acme-mining,site-02,fleet_telemetry,ACME-S02-TRUCK-075,haul_truck,2026-09-01T20:18:13.253Z,4,-16.634438,-71.461821,53.4,34.1,Dump-A,cycle-acme-s02-truck-075-00001,returning,0.0,240.0,118468.7,64.0,True,False,13733.63,141126.51,False,False,False,89.8,24.3,[],1.0
4c533f40-8d95-43a6-9920-7040557ee29d,1.0,acme-mining,site-02,fleet_telemetry,ACME-S02-TRUCK-076,haul_truck,2026-09-01T20:18:13.253Z,4,-16.58072,-71.467977,24.1,33.5,Dump-A,cycle-acme-s02-truck-076-00001,returning,0.0,240.0,225161.64,58.6,True,False,15743.91,454851.23,False,False,False,93.3,24.3,[],1.0
5cd0444d-777d-40fd-ae9a-f4f11a78f893,1.0,acme-mining,site-02,fleet_telemetry,ACME-S02-TRUCK-077,haul_truck,2026-09-01T20:18:13.253Z,4,-16.539432,-71.464773,170.5,27.5,Dump-A,cycle-acme-s02-truck-077-00001,returning,0.0,240.0,177065.72,93.6,True,False,3383.74,446272.11,False,False,False,93.8,24.1,[],1.0
2a6bc23d-d57b-4044-8fcc-632871bbb4ed,1.0,acme-mining,site-02,fleet_telemetry,ACME-S02-TRUCK-078,haul_truck,2026-09-01T20:18:13.253Z,4,-16.565444,-71.497921,344.3,24.1,Dump-A,cycle-acme-s02-truck-078-00001,returning,0.0,240.0,44773.24,89.7,True,False,1691.82,621847.71,False,False,False,93.8,24.5,[],1.0
57d0e3a8-7a47-4925-b865-8e0a7396c081,1.0,acme-mining,site-02,fleet_telemetry,ACME-S02-TRUCK-079,haul_truck,2026-09-01T20:18:13.253Z,4,-16.55187,-71.579195,332.4,29.7,Dump-A,cycle-acme-s02-truck-079-00001,returning,0.0,240.0,129513.73,32.6,True,False,6548.02,374071.45,False,False,False,87.9,24.6,[],1.0
d74a6197-81d7-4bb1-b9ab-7667d9cf33f8,1.0,acme-mining,site-02,fleet_telemetry,ACME-S02-TRUCK-080,haul_truck,2026-09-01T20:18:13.253Z,4,-16.594795,-71.508501,89.3,29.3,Dump-A,cycle-acme-s02-truck-080-00001,returning,0.0,240.0,54087.39,48.1,True,False,5584.24,166687.16,False,False,False,91.0,24.3,[],1.0
6d6c303c-9eed-4930-901b-fc371fab910d,1.0,beta-minerals,north-site,fleet_telemetry,BETA-NORTH-TRUCK-001,haul_truck,2026-09-01T20:18:13.253Z,4,-16.562051,-71.591173,337.2,38.2,Dump-A,cycle-beta-north-truck-001-00001,returning,0.0,240.0,383639.49,70.3,True,False,17975.95,92503.83,False,False,False,89.7,24.5,[],1.0
b4cc5509-fee8-4257-90ae-72445f9a1b9e,1.0,beta-minerals,north-site,fleet_telemetry,BETA-NORTH-TRUCK-002,haul_truck,2026-09-01T20:18:13.253Z,4,-16.596474,-71.489844,38.3,38.7,Dump-A,cycle-beta-north-truck-002-00001,returning,0.0,240.0,155635.73,54.8,True,False,11739.08,367703.59,False,False,False,93.5,24.7,[],1.0
34f279fb-e2ab-4071-84f5-d9c872caee3c,1.0,beta-minerals,north-site,fleet_telemetry,BETA-NORTH-TRUCK-003,haul_truck,2026-09-01T20:18:13.253Z,4,-16.638794,-71.522754,285.6,32.2,Dump-A,cycle-beta-north-truck-003-00001,returning,0.0,240.0,22844.88,68.0,True,False,14378.16,292244.8,False,False,False,86.0,24.5,[],1.0
65327cc7-e6d7-4456-94a3-d0b84dfb373f,1.0,beta-minerals,north-site,fleet_telemetry,BETA-NORTH-TRUCK-004,haul_truck,2026-09-01T20:18:13.253Z,4,-16.654131,-71.477974,146.2,25.9,Dump-A,cycle-beta-north-truck-004-00001,returning,0.0,240.0,365841.39,29.4,True,False,5162.64,493965.15,False,False,False,88.4,25.0,[],1.0
466ac974-0722-4865-b6e0-fb3fe494e76f,1.0,beta-minerals,north-site,fleet_telemetry,BETA-NORTH-TRUCK-005,haul_truck,2026-09-01T20:18:13.253Z,4,-16.51584,-71.567393,43.6,33.8,Dump-A,cycle-beta-north-truck-005-00001,returning,0.0,240.0,305108.91,59.2,True,False,4977.98,91791.73,False,False,False,86.3,24.1,[],1.0
431ff806-40ca-4e02-9b65-441c5c44473e,1.0,beta-minerals,north-site,fleet_telemetry,BETA-NORTH-TRUCK-006,haul_truck,2026-09-01T20:18:13.253Z,4,-16.540212,-71.504518,128.7,38.0,Dump-A,cycle-beta-north-truck-006-00001,returning,0.0,240.0,382028.12,68.2,True,False,13244.51,239192.63,False,False,False,90.2,24.4,[],1.0
042e7a44-154f-4b18-a7e0-74de03eb7035,1.0,beta-minerals,north-site,fleet_telemetry,BETA-NORTH-TRUCK-007,haul_truck,2026-09-01T20:18:13.253Z,4,-16.64113,-71.506549,212.2,36.6,Dump-A,cycle-beta-north-truck-007-00001,returning,0.0,240.0,61859.41,46.4,True,False,2596.75,104387.2,False,False,False,90.3,24.5,[],1.0
12c60851-10b6-443a-aae0-d6b76937e3b8,1.0,beta-minerals,north-site,fleet_telemetry,BETA-NORTH-TRUCK-008,haul_truck,2026-09-01T20:18:13.253Z,4,-16.584435,-71.470433,252.2,56.4,Dump-A,cycle-beta-north-truck-008-00001,returning,0.0,240.0,196137.35,59.0,True,False,13444.23,382127.93,False,False,True,86.3,25.0,[],1.0
f750b99f-d754-421e-9ec6-49b20f8d2b79,1.0,beta-minerals,north-site,fleet_telemetry,BETA-NORTH-TRUCK-009,haul_truck,2026-09-01T20:18:13.253Z,4,-16.598252,-71.608927,126.3,30.9,Dump-A,cycle-beta-north-truck-009-00001,returning,0.0,240.0,71730.76,47.0,True,False,12564.15,328474.58,False,False,False,92.2,25.2,[],1.0
eb2d6f18-3f96-4d50-9cc4-24691f74fa96,1.0,beta-minerals,north-site,fleet_telemetry,BETA-NORTH-TRUCK-010,haul_truck,2026-09-01T20:18:13.253Z,4,-16.565907,-71.552008,195.7,51.4,Dump-A,cycle-beta-north-truck-010-00001,returning,0.0,240.0,178935.72,64.3,True,False,11073.71,142931.06,False,False,True,90.7,23.9,[],1.0
c418acfe-68dc-456b-bded-d4e10f5b1bcb,1.0,beta-minerals,north-site,fleet_telemetry,BETA-NORTH-TRUCK-011,haul_truck,2026-09-01T20:18:13.253Z,4,-16.623631,-71.573545,86.9,37.0,Dump-A,cycle-beta-north-truck-011-00001,returning,0.0,240.0,23578.99,78.3,True,False,11160.44,72082.59,False,False,False,93.5,25.2,[],1.0
aa993993-3e6c-4534-a891-edd3c6e015ab,1.0,beta-minerals,north-site,fleet_telemetry,BETA-NORTH-TRUCK-012,haul_truck,2026-09-01T20:18:13.253Z,4,-16.588657,-71.525844,147.8,24.6,Dump-A,cycle-beta-north-truck-012-00001,returning,0.0,240.0,349921.24,59.6,True,False,17351.7,376359.88,False,False,False,88.2,23.8,[],1.0
5545376a-1427-49dc-b648-24df43ddce0e,1.0,beta-minerals,north-site,fleet_telemetry,BETA-NORTH-TRUCK-013,haul_truck,2026-09-01T20:18:13.253Z,4,-16.555339,-71.530077,180.7,26.3,Dump-A,cycle-beta-north-truck-013-00001,returning,0.0,240.0,371949.09,27.9,True,False,18253.6,251122.99,False,False,False,90.4,24.4,[],1.0
06487918-4d10-479f-b796-03450d861e39,1.0,beta-minerals,north-site,fleet_telemetry,BETA-NORTH-TRUCK-014,haul_truck,2026-09-01T20:18:13.253Z,4,-16.665232,-71.575458,210.8,36.5,Dump-A,cycle-beta-north-truck-014-00001,returning,0.0,240.0,118914.2,86.2,True,False,16402.97,431813.27,False,False,False,86.5,24.8,[],1.0
f18c5dab-841c-4cc6-bcd8-80987db0c2dd,1.0,beta-minerals,north-site,fleet_telemetry,BETA-NORTH-TRUCK-015,haul_truck,2026-09-01T20:18:13.253Z,4,-16.540712,-71.523455,119.3,32.8,Dump-A,cycle-beta-north-truck-015-00001,returning,0.0,240.0,351278.21,41.6,True,False,10108.29,646193.45,False,False,False,88.9,24.0,[],1.0
dd38a381-2347-4864-b039-edf73520d3f2,1.0,beta-minerals,north-site,fleet_telemetry,BETA-NORTH-TRUCK-016,haul_truck,2026-09-01T20:18:13.253Z,4,-16.660907,-71.561382,279.2,26.8,Dump-A,cycle-beta-north-truck-016-00001,returning,0.0,240.0,100912.93,39.5,True,False,4318.82,107718.12,False,False,False,86.1,24.9,[],1.0
950301a5-661d-47b0-be74-9555d9281fa0,1.0,beta-minerals,north-site,fleet_telemetry,BETA-NORTH-TRUCK-017,haul_truck,2026-09-01T20:18:13.253Z,4,-16.518015,-71.535209,245.8,40.3,Dump-A,cycle-beta-north-truck-017-00001,returning,0.0,240.0,138759.55,65.1,True,False,4369.61,636770.2,False,False,False,89.4,25.0,[],1.0
ae167df4-6d66-4fd5-8a35-9fcfc04a3d4e,1.0,beta-minerals,north-site,fleet_telemetry,BETA-NORTH-TRUCK-018,haul_truck,2026-09-01T20:18:13.253Z,4,-16.626038,-71.512535,50.1,28.1,Dump-A,cycle-beta-north-truck-018-00001,returning,0.0,240.0,191102.62,29.1,True,False,3674.49,492559.38,False,False,False,87.0,24.8,[],1.0
e5cccf66-e03d-4fdf-8b5d-763a03e3acd3,1.0,beta-minerals,north-site,fleet_telemetry,BETA-NORTH-TRUCK-019,haul_truck,2026-09-01T20:18:13.253Z,4,-16.562186,-71.539197,7.4,41.0,Dump-A,cycle-beta-north-truck-019-00001,returning,0.0,240.0,374532.28,78.3,True,False,6093.16,468178.89,False,False,False,93.0,24.5,[],1.0
cfcd0df3-88c5-4b26-8fa7-998f7d7ff703,1.0,beta-minerals,north-site,fleet_telemetry,BETA-NORTH-TRUCK-020,haul_truck,2026-09-01T20:18:13.253Z,4,-16.547395,-71.553044,200.6,36.5,Dump-A,cycle-beta-north-truck-020-00001,returning,0.0,240.0,43227.44,80.6,True,False,14109.64,256358.66,False,False,False,88.8,24.4,[],1.0
a98164d8-9d5a-4084-83b7-5e2310618a18,1.0,beta-minerals,north-site,fleet_telemetry,BETA-NORTH-TRUCK-021,haul_truck,2026-09-01T20:18:13.253Z,4,-16.534817,-71.602607,330.8,25.2,Dump-A,cycle-beta-north-truck-021-00001,returning,0.0,240.0,266060.72,85.8,True,False,10439.55,327468.12,False,False,False,90.0,25.1,[],1.0
6b1c2a7b-bec7-44f4-8a3b-4b1c36c25045,1.0,beta-minerals,north-site,fleet_telemetry,BETA-NORTH-TRUCK-022,haul_truck,2026-09-01T20:18:13.253Z,4,-16.538439,-71.538358,160.6,39.8,Dump-A,cycle-beta-north-truck-022-00001,returning,0.0,240.0,184995.27,92.7,True,False,18822.26,521277.2,False,False,False,92.6,25.2,[],1.0
6a60e43f-5abc-487e-83e3-880400549d02,1.0,beta-minerals,north-site,fleet_telemetry,BETA-NORTH-TRUCK-023,haul_truck,2026-09-01T20:18:13.253Z,4,-16.615437,-71.508271,148.7,30.7,Dump-A,cycle-beta-north-truck-023-00001,returning,0.0,240.0,259102.81,59.0,True,False,7960.41,384098.28,False,False,False,87.9,24.6,[],1.0
41e9bb6d-fd01-4820-8ca6-8749aff687a0,1.0,beta-minerals,north-site,fleet_telemetry,BETA-NORTH-TRUCK-024,haul_truck,2026-09-01T20:18:13.253Z,4,-16.645118,-71.544437,21.6,28.2,Dump-A,cycle-beta-north-truck-024-00001,returning,0.0,240.0,17164.08,90.0,True,False,14075.01,547122.47,False,False,False,86.1,24.9,[],1.0
33e05663-8600-4d25-914f-ea6ef04f889c,1.0,beta-minerals,north-site,fleet_telemetry,BETA-NORTH-TRUCK-025,haul_truck,2026-09-01T20:18:13.253Z,4,-16.644968,-71.468269,49.3,26.0,Dump-A,cycle-beta-north-truck-025-00001,returning,0.0,240.0,68042.04,70.5,True,False,5089.15,453812.98,False,False,False,94.8,25.1,[],1.0
341c8b2f-c77a-44b4-b8e1-64068b35f873,1.0,beta-minerals,north-site,fleet_telemetry,BETA-NORTH-TRUCK-026,haul_truck,2026-09-01T20:18:13.253Z,4,-16.60698,-71.568633,35.6,39.5,Dump-A,cycle-beta-north-truck-026-00001,returning,0.0,240.0,407672.4,36.6,True,False,6108.26,254261.67,False,False,False,90.8,24.3,[],1.0
2e58ae53-0f2a-4a59-9628-da4e5659a41e,1.0,beta-minerals,north-site,fleet_telemetry,BETA-NORTH-TRUCK-027,haul_truck,2026-09-01T20:18:13.253Z,4,-16.657921,-71.522525,183.5,35.4,Dump-A,cycle-beta-north-truck-027-00001,returning,0.0,240.0,51881.1,39.9,True,False,9899.7,77455.6,False,False,False,87.3,25.0,[],1.0
5e0f2fe2-d69b-4839-a837-d2a557daff48,1.0,beta-minerals,north-site,fleet_telemetry,BETA-NORTH-TRUCK-028,haul_truck,2026-09-01T20:18:13.253Z,4,-16.602814,-71.596345,271.2,25.2,Dump-A,cycle-beta-north-truck-028-00001,returning,0.0,240.0,369528.26,94.1,True,False,996.89,458226.27,False,False,False,88.5,25.0,[],1.0
de8fb0ab-a748-4945-ab80-22d9b3f96616,1.0,beta-minerals,north-site,fleet_telemetry,BETA-NORTH-TRUCK-029,haul_truck,2026-09-01T20:18:13.253Z,4,-16.622519,-71.556264,313.4,30.5,Dump-A,cycle-beta-north-truck-029-00001,returning,0.0,240.0,55408.96,50.7,True,False,2693.82,527752.9,False,False,False,90.3,24.9,[],1.0
2c8bbb7e-017b-4945-8f41-eb53278edee7,1.0,beta-minerals,north-site,fleet_telemetry,BETA-NORTH-TRUCK-030,haul_truck,2026-09-01T20:18:13.253Z,4,-16.572725,-71.59123,312.0,24.5,Dump-A,cycle-beta-north-truck-030-00001,returning,0.0,240.0,40101.39,64.4,True,False,14401.42,446596.44,False,False,False,92.1,24.8,[],1.0
a379b57a-545c-4734-a751-a7b3300b2d63,1.0,beta-minerals,north-site,fleet_telemetry,BETA-NORTH-TRUCK-031,haul_truck,2026-09-01T20:18:13.253Z,4,-16.532797,-71.603619,271.9,26.3,Dump-A,cycle-beta-north-truck-031-00001,returning,0.0,240.0,191152.64,73.0,True,False,14115.3,115365.79,False,False,False,92.5,24.0,[],1.0
12ead8a9-12b2-4ded-94ef-49e58c650124,1.0,beta-minerals,north-site,fleet_telemetry,BETA-NORTH-TRUCK-032,haul_truck,2026-09-01T20:18:13.253Z,4,-16.648032,-71.573196,23.9,34.8,Dump-A,cycle-beta-north-truck-032-00001,returning,0.0,240.0,433829.72,47.0,True,False,13298.97,261940.2,False,False,False,86.3,23.9,[],1.0
3d442d1f-1cff-440e-98f7-19affc3ae34b,1.0,beta-minerals,north-site,fleet_telemetry,BETA-NORTH-TRUCK-033,haul_truck,2026-09-01T20:18:13.253Z,4,-16.666085,-71.481968,167.2,40.0,Dump-A,cycle-beta-north-truck-033-00001,returning,0.0,240.0,135365.44,90.9,True,False,13541.19,474343.27,False,False,False,89.9,24.9,[],1.0
170c45fe-d897-4b0e-850b-ba563b0abbf2,1.0,beta-minerals,north-site,fleet_telemetry,BETA-NORTH-TRUCK-034,haul_truck,2026-09-01T20:18:13.253Z,4,-16.661663,-71.473848,341.4,40.5,Dump-A,cycle-beta-north-truck-034-00001,returning,0.0,240.0,339051.49,45.7,True,False,11776.29,340999.32,False,False,False,89.1,24.5,[],1.0
f49ce29d-dfec-4440-b529-e29c8b9b30d5,1.0,beta-minerals,north-site,fleet_telemetry,BETA-NORTH-TRUCK-035,haul_truck,2026-09-01T20:18:13.253Z,4,-16.528197,-71.615578,217.8,30.9,Dump-A,cycle-beta-north-truck-035-00001,returning,0.0,240.0,290756.51,29.9,True,False,8980.78,171881.59,False,False,False,95.2,24.7,[],1.0
397288af-88dd-4c9d-8e9b-bbc3b3c5b1f6,1.0,beta-minerals,north-site,fleet_telemetry,BETA-NORTH-TRUCK-036,haul_truck,2026-09-01T20:18:13.253Z,4,-16.561157,-71.495468,186.1,34.3,Dump-A,cycle-beta-north-truck-036-00001,returning,0.0,240.0,260087.65,50.6,True,False,3598.04,562312.91,False,False,False,89.4,24.7,[],1.0
d1436c26-afa1-43b6-b538-a4fa5faf68d0,1.0,beta-minerals,north-site,fleet_telemetry,BETA-NORTH-TRUCK-037,haul_truck,2026-09-01T20:18:13.253Z,4,-16.660721,-71.491236,112.7,28.5,Dump-A,cycle-beta-north-truck-037-00001,returning,0.0,240.0,125361.81,27.8,True,False,1153.82,62545.6,False,False,False,91.1,25.1,[],1.0
c4d5eaac-9595-4a0a-8735-16bd403b5d17,1.0,beta-minerals,north-site,fleet_telemetry,BETA-NORTH-TRUCK-038,haul_truck,2026-09-01T20:18:13.253Z,4,-16.5844,-71.593083,186.3,40.3,Dump-A,cycle-beta-north-truck-038-00001,returning,0.0,240.0,187002.34,69.8,True,False,17062.74,286852.5,False,False,False,94.3,24.4,[],1.0
5d2411dc-1302-40a9-86a6-d420da36be5c,1.0,beta-minerals,north-site,fleet_telemetry,BETA-NORTH-TRUCK-039,haul_truck,2026-09-01T20:18:13.253Z,4,-16.607886,-71.516005,50.1,28.8,Dump-A,cycle-beta-north-truck-039-00001,returning,0.0,240.0,365546.72,62.5,True,False,11639.67,148014.51,False,False,False,94.9,24.9,[],1.0
06685df2-997f-4208-a102-299ee88db093,1.0,beta-minerals,north-site,fleet_telemetry,BETA-NORTH-TRUCK-040,haul_truck,2026-09-01T20:18:13.253Z,4,-16.631289,-71.469541,287.2,29.3,Dump-A,cycle-beta-north-truck-040-00001,returning,0.0,240.0,429508.59,41.7,True,False,7375.6,295616.3,False,False,False,89.2,24.6,[],1.0
8cb6afbf-d140-453b-854a-72fca833c17c,1.0,beta-minerals,north-site,fleet_telemetry,BETA-NORTH-TRUCK-041,haul_truck,2026-09-01T20:18:13.253Z,4,-16.557121,-71.505244,284.3,27.1,Dump-A,cycle-beta-north-truck-041-00001,returning,0.0,240.0,335889.88,33.3,True,False,7356.95,487266.98,False,False,False,88.1,25.0,[],1.0
0af83421-7c50-416d-9367-195af1aee729,1.0,beta-minerals,north-site,fleet_telemetry,BETA-NORTH-TRUCK-042,haul_truck,2026-09-01T20:18:13.253Z,4,-16.6501,-71.492531,97.4,27.3,Dump-A,cycle-beta-north-truck-042-00001,returning,0.0,240.0,327137.11,36.7,True,False,11887.72,513281.97,False,False,False,90.8,24.6,[],1.0
21d70953-c425-435a-86f2-365b0b6ed72d,1.0,beta-minerals,north-site,fleet_telemetry,BETA-NORTH-TRUCK-043,haul_truck,2026-09-01T20:18:13.253Z,4,-16.660162,-71.503518,292.6,33.7,Dump-A,cycle-beta-north-truck-043-00001,returning,0.0,240.0,365127.74,44.0,True,False,17154.33,38494.53,False,False,False,95.7,25.2,[],1.0
19b0ac25-9469-4dbb-ab42-afd2599ab67b,1.0,beta-minerals,north-site,fleet_telemetry,BETA-NORTH-TRUCK-044,haul_truck,2026-09-01T20:18:13.253Z,4,-16.643682,-71.592326,356.6,24.1,Dump-A,cycle-beta-north-truck-044-00001,returning,0.0,240.0,34393.49,85.1,True,False,11318.33,341792.67,False,False,False,90.5,24.6,[],1.0
267df10d-2fc8-4f31-9278-f1c498763d23,1.0,beta-minerals,north-site,fleet_telemetry,BETA-NORTH-TRUCK-045,haul_truck,2026-09-01T20:18:13.253Z,4,-16.533005,-71.615555,353.3,29.0,Dump-A,cycle-beta-north-truck-045-00001,returning,0.0,240.0,335943.47,25.2,True,False,15091.36,92660.3,False,False,False,90.3,24.6,[],1.0
c620f30b-6d5e-4dd9-bfc1-aac9618f8c69,1.0,beta-minerals,north-site,fleet_telemetry,BETA-NORTH-TRUCK-046,haul_truck,2026-09-01T20:18:13.253Z,4,-16.581968,-71.471288,288.4,32.6,Dump-A,cycle-beta-north-truck-046-00001,returning,0.0,240.0,419710.72,85.0,True,False,8919.17,114553.43,False,False,False,89.6,23.9,[],1.0
1a29039f-3449-4b17-b2df-b00ffde28d5c,1.0,beta-minerals,north-site,fleet_telemetry,BETA-NORTH-TRUCK-047,haul_truck,2026-09-01T20:18:13.253Z,4,-16.538245,-71.526067,333.2,39.2,Dump-A,cycle-beta-north-truck-047-00001,returning,0.0,240.0,412976.38,47.4,True,False,5559.73,176405.9,False,False,False,93.8,24.8,[],1.0
b0baf92a-ca2e-4ec4-bceb-cfc875a253d7,1.0,beta-minerals,north-site,fleet_telemetry,BETA-NORTH-TRUCK-048,haul_truck,2026-09-01T20:18:13.253Z,4,-16.65937,-71.543088,224.7,27.7,Dump-A,cycle-beta-north-truck-048-00001,returning,0.0,240.0,441822.38,91.8,True,False,4602.11,526733.04,False,False,False,89.4,24.2,[],1.0
88e94cc8-cb24-46cb-b226-baba50f70d40,1.0,beta-minerals,north-site,fleet_telemetry,BETA-NORTH-TRUCK-049,haul_truck,2026-09-01T20:18:13.253Z,4,-16.580206,-71.56887,198.9,31.7,Dump-A,cycle-beta-north-truck-049-00001,returning,0.0,240.0,13506.72,39.0,True,False,7738.79,368447.67,False,False,False,88.7,25.0,[],1.0
60bb6211-e3c8-4ff6-96db-a84febcbc31b,1.0,beta-minerals,north-site,fleet_telemetry,BETA-NORTH-TRUCK-050,haul_truck,2026-09-01T20:18:13.253Z,4,-16.553218,-71.530056,297.0,26.7,Dump-A,cycle-beta-north-truck-050-00001,returning,0.0,240.0,449026.61,79.3,True,False,8607.41,632270.47,False,False,False,94.1,24.1,[],1.0
251f4f06-7680-469c-a95a-df15727c9882,1.0,beta-minerals,north-site,fleet_telemetry,BETA-NORTH-TRUCK-051,haul_truck,2026-09-01T20:18:13.253Z,4,-16.536081,-71.477122,97.1,35.1,Dump-A,cycle-beta-north-truck-051-00001,returning,0.0,240.0,112519.29,49.2,True,False,935.22,278322.85,False,False,False,95.8,24.5,[],1.0
706c2ae5-648e-46b8-8884-89f846d65aa0,1.0,beta-minerals,north-site,fleet_telemetry,BETA-NORTH-TRUCK-052,haul_truck,2026-09-01T20:18:13.253Z,4,-16.637586,-71.460194,62.5,25.7,Dump-A,cycle-beta-north-truck-052-00001,returning,0.0,240.0,334756.65,46.5,True,False,16889.3,257053.22,False,False,False,87.7,24.1,[],1.0
63424688-c98b-4582-85d6-9c28ed6912ff,1.0,beta-minerals,north-site,fleet_telemetry,BETA-NORTH-TRUCK-053,haul_truck,2026-09-01T20:18:13.253Z,4,-16.633382,-71.482201,139.2,25.9,Dump-A,cycle-beta-north-truck-053-00001,returning,0.0,240.0,133123.4,28.0,True,False,21418.26,109695.37,False,False,False,92.0,24.1,[],1.0
e2e662d8-1807-4048-966a-ae48ef69692a,1.0,beta-minerals,north-site,fleet_telemetry,BETA-NORTH-TRUCK-054,haul_truck,2026-09-01T20:18:13.253Z,4,-16.568421,-71.554423,138.4,25.8,Dump-A,cycle-beta-north-truck-054-00001,returning,0.0,240.0,265539.36,60.4,True,False,10519.32,491176.7,False,False,False,93.4,24.7,[],1.0
f05e62a0-8842-43cf-97c3-d93857959171,1.0,beta-minerals,north-site,fleet_telemetry,BETA-NORTH-TRUCK-055,haul_truck,2026-09-01T20:18:13.253Z,4,-16.620023,-71.489372,284.2,30.8,Dump-A,cycle-beta-north-truck-055-00001,returning,0.0,240.0,114179.85,43.2,True,False,10021.64,627457.61,False,False,False,90.9,24.5,[],1.0
d2e4f477-29b0-4e9b-a0f0-86d4f195e478,1.0,beta-minerals,north-site,fleet_telemetry,BETA-NORTH-TRUCK-056,haul_truck,2026-09-01T20:18:13.253Z,4,-16.545591,-71.523914,134.2,29.8,Dump-A,cycle-beta-north-truck-056-00001,returning,0.0,240.0,42862.76,39.2,True,False,7542.83,191332.29,False,False,False,92.1,24.8,[],1.0
92d9592d-55e9-49f9-baab-c03f8bb8131f,1.0,beta-minerals,north-site,fleet_telemetry,BETA-NORTH-TRUCK-057,haul_truck,2026-09-01T20:18:13.253Z,4,-16.547164,-71.545195,113.1,34.8,Dump-A,cycle-beta-north-truck-057-00001,returning,0.0,240.0,63124.45,50.1,True,False,10330.82,217841.06,False,False,False,88.1,24.4,[],1.0
3671f65e-c247-4e05-820d-21875098771e,1.0,beta-minerals,north-site,fleet_telemetry,BETA-NORTH-TRUCK-058,haul_truck,2026-09-01T20:18:13.253Z,4,-16.573881,-71.583101,8.7,28.5,Dump-A,cycle-beta-north-truck-058-00001,returning,0.0,240.0,143854.88,74.3,True,False,2716.93,528786.14,False,False,False,90.7,25.1,[],1.0
6666a4e5-9837-4887-806c-c8301562df62,1.0,beta-minerals,north-site,fleet_telemetry,BETA-NORTH-TRUCK-059,haul_truck,2026-09-01T20:18:13.253Z,4,-16.562071,-71.575875,124.2,28.4,Dump-A,cycle-beta-north-truck-059-00001,returning,0.0,240.0,166527.1,60.9,True,False,2733.72,176377.91,False,False,False,89.9,24.3,[],1.0
0a35855c-74ef-4506-8068-5cac1b7ec34d,1.0,beta-minerals,north-site,fleet_telemetry,BETA-NORTH-TRUCK-060,haul_truck,2026-09-01T20:18:13.253Z,4,-16.655215,-71.60121,82.3,32.8,Dump-A,cycle-beta-north-truck-060-00001,returning,0.0,240.0,254619.94,63.5,True,False,20984.45,558398.92,False,False,False,88.5,24.3,[],1.0
d257500f-b9d0-4d55-a377-ac9427bdf346,1.0,beta-minerals,north-site,fleet_telemetry,BETA-NORTH-TRUCK-061,haul_truck,2026-09-01T20:18:13.253Z,4,-16.538624,-71.557919,215.6,41.9,Dump-A,cycle-beta-north-truck-061-00001,returning,0.0,240.0,442329.87,34.1,True,False,1053.49,543134.66,False,False,False,92.5,24.9,[],1.0
57d7c830-25a1-4ba7-a609-2b8950cfb7a4,1.0,beta-minerals,north-site,fleet_telemetry,BETA-NORTH-TRUCK-062,haul_truck,2026-09-01T20:18:13.253Z,4,-16.660101,-71.473072,329.6,39.2,Dump-A,cycle-beta-north-truck-062-00001,returning,0.0,240.0,367609.0,26.5,True,False,13145.27,183057.12,False,False,False,86.9,23.9,[],1.0
05bc0e18-c0fd-4016-9ed3-9b197b3658d4,1.0,beta-minerals,north-site,fleet_telemetry,BETA-NORTH-TRUCK-063,haul_truck,2026-09-01T20:18:13.253Z,4,-16.519668,-71.609371,105.5,36.5,Dump-A,cycle-beta-north-truck-063-00001,returning,0.0,240.0,365910.66,33.6,True,False,2749.95,553783.63,False,False,False,90.5,25.0,[],1.0
d0e55db5-84f2-4299-94bb-fe54ec3de861,1.0,beta-minerals,north-site,fleet_telemetry,BETA-NORTH-TRUCK-064,haul_truck,2026-09-01T20:18:13.253Z,4,-16.642773,-71.583162,83.4,29.0,Dump-A,cycle-beta-north-truck-064-00001,returning,0.0,240.0,22972.49,72.8,True,False,18219.74,268849.26,False,False,False,91.2,23.9,[],1.0
1fd5cf40-695c-4c3b-97a9-098c978530f8,1.0,beta-minerals,north-site,fleet_telemetry,BETA-NORTH-TRUCK-065,haul_truck,2026-09-01T20:18:13.253Z,4,-16.566829,-71.537643,63.3,24.9,Dump-A,cycle-beta-north-truck-065-00001,returning,0.0,240.0,280207.18,68.2,True,False,10255.45,113637.86,False,False,False,95.4,24.6,[],1.0
a9841382-6237-4781-82b9-7f32a4cad47c,1.0,beta-minerals,north-site,fleet_telemetry,BETA-NORTH-TRUCK-066,haul_truck,2026-09-01T20:18:13.253Z,4,-16.528857,-71.533352,256.4,41.0,Dump-A,cycle-beta-north-truck-066-00001,returning,0.0,240.0,70384.13,38.9,True,False,2092.76,196258.97,False,False,False,88.0,23.9,[],1.0
e140c276-fadd-44ef-9eb2-08136556652e,1.0,beta-minerals,north-site,fleet_telemetry,BETA-NORTH-TRUCK-067,haul_truck,2026-09-01T20:18:13.253Z,4,-16.583307,-71.539977,273.8,25.8,Dump-A,cycle-beta-north-truck-067-00001,returning,0.0,240.0,354043.22,50.1,True,False,17650.75,643324.37,False,False,False,90.6,24.8,[],1.0
3f1d60ec-5300-4b55-ad60-1efdd8cdb1b9,1.0,beta-minerals,north-site,fleet_telemetry,BETA-NORTH-TRUCK-068,haul_truck,2026-09-01T20:18:13.253Z,4,-16.665717,-71.487814,275.8,26.7,Dump-A,cycle-beta-north-truck-068-00001,returning,0.0,240.0,21467.99,66.8,True,False,7618.02,190374.57,False,False,False,94.6,24.5,[],1.0
72fdb4ca-aa18-4dd9-93e7-b225e1290858,1.0,beta-minerals,north-site,fleet_telemetry,BETA-NORTH-TRUCK-069,haul_truck,2026-09-01T20:18:13.253Z,4,-16.654413,-71.512431,56.1,24.4,Dump-A,cycle-beta-north-truck-069-00001,returning,0.0,240.0,449826.81,93.2,True,False,12023.97,503110.64,False,False,False,86.5,24.0,[],1.0
72ea9faf-d748-4467-a9d2-69df12245f96,1.0,beta-minerals,north-site,fleet_telemetry,BETA-NORTH-TRUCK-070,haul_truck,2026-09-01T20:18:13.253Z,4,-16.608256,-71.467868,63.0,39.5,Dump-A,cycle-beta-north-truck-070-00001,returning,0.0,240.0,263304.81,93.8,True,False,16997.86,617115.65,False,False,False,88.5,24.0,[],1.0
bdb2d802-b131-411a-a36b-c243e659ea10,1.0,beta-minerals,north-site,fleet_telemetry,BETA-NORTH-TRUCK-071,haul_truck,2026-09-01T20:18:13.253Z,4,-16.524167,-71.613022,0.2,28.5,Dump-A,cycle-beta-north-truck-071-00001,returning,0.0,240.0,364732.78,73.8,True,False,4533.33,393287.37,False,False,False,89.8,24.4,[],1.0
03d7d2e7-6603-4224-9283-43d6a71476d7,1.0,beta-minerals,north-site,fleet_telemetry,BETA-NORTH-TRUCK-072,haul_truck,2026-09-01T20:18:13.253Z,4,-16.529344,-71.538729,189.0,38.4,Dump-A,cycle-beta-north-truck-072-00001,returning,0.0,240.0,92823.1,94.1,True,False,12748.46,374758.69,False,False,False,90.0,25.1,[],1.0
f99f3ef5-3625-47d2-991d-c1b7c5b8bcd7,1.0,beta-minerals,north-site,fleet_telemetry,BETA-NORTH-TRUCK-073,haul_truck,2026-09-01T20:18:13.253Z,4,-16.593929,-71.564399,270.5,41.0,Dump-A,cycle-beta-north-truck-073-00001,returning,0.0,240.0,274731.91,26.4,True,False,1604.84,55385.92,False,False,False,93.5,24.5,[],1.0
4d2eb2c0-0f88-40cc-a2d4-c6371f0de731,1.0,beta-minerals,north-site,fleet_telemetry,BETA-NORTH-TRUCK-074,haul_truck,2026-09-01T20:18:13.253Z,4,-16.660887,-71.593836,215.9,31.3,Dump-A,cycle-beta-north-truck-074-00001,returning,0.0,240.0,363067.04,85.8,True,False,8024.1,131799.8,False,False,False,88.1,24.3,[],1.0
0fdac3b6-0f19-4f7f-8e11-05a80e5ac7e5,1.0,beta-minerals,north-site,fleet_telemetry,BETA-NORTH-TRUCK-075,haul_truck,2026-09-01T20:18:13.253Z,4,-16.610625,-71.46681,113.2,29.4,Dump-A,cycle-beta-north-truck-075-00001,returning,0.0,240.0,388694.85,92.2,True,False,17216.58,553283.06,False,False,False,89.7,24.1,[],1.0
5528a815-a0a2-4086-ac1d-a8f15beb5e61,1.0,beta-minerals,north-site,fleet_telemetry,BETA-NORTH-TRUCK-076,haul_truck,2026-09-01T20:18:13.253Z,4,-16.600483,-71.515238,284.5,24.3,Dump-A,cycle-beta-north-truck-076-00001,returning,0.0,240.0,439378.98,76.2,True,False,7935.1,223240.1,False,False,False,94.7,24.8,[],1.0
1fcceabf-5d46-4c79-ace1-42078d66e57b,1.0,beta-minerals,north-site,fleet_telemetry,BETA-NORTH-TRUCK-077,haul_truck,2026-09-01T20:18:13.253Z,4,-16.544508,-71.581821,158.0,35.7,Dump-A,cycle-beta-north-truck-077-00001,returning,0.0,240.0,315166.86,90.0,True,False,4493.1,630308.13,False,False,False,88.3,24.5,[],1.0
4ae32ee8-c312-4e90-b701-7c0e98675208,1.0,beta-minerals,north-site,fleet_telemetry,BETA-NORTH-TRUCK-078,haul_truck,2026-09-01T20:18:13.253Z,4,-16.670086,-71.505181,18.5,32.4,Dump-A,cycle-beta-north-truck-078-00001,returning,0.0,240.0,139587.88,37.4,True,False,8821.75,482416.92,False,False,False,90.2,25.1,[],1.0
4e16c261-d07c-483f-9d0b-1623b57cd12e,1.0,beta-minerals,north-site,fleet_telemetry,BETA-NORTH-TRUCK-079,haul_truck,2026-09-01T20:18:13.253Z,4,-16.635078,-71.527034,139.1,40.1,Dump-A,cycle-beta-north-truck-079-00001,returning,0.0,240.0,415257.1,92.7,True,False,1486.52,399504.95,False,False,False,90.7,24.7,[],1.0
1a2c2806-e7ea-4824-b5d1-4ba62b59eacd,1.0,beta-minerals,north-site,fleet_telemetry,BETA-NORTH-TRUCK-080,haul_truck,2026-09-01T20:18:13.253Z,4,-16.568604,-71.463401,336.1,31.8,Dump-A,cycle-beta-north-truck-080-00001,returning,0.0,240.0,162596.74,47.3,True,False,7820.78,69018.28,False,False,False,90.8,25.0,[],1.0
6849661d-4c3c-4ffd-b688-05d4986d64bc,1.0,acme-mining,site-01,fleet_telemetry,ACME-S01-TRUCK-001,haul_truck,2026-09-01T20:18:18.253Z,5,-16.552558,-71.509225,295.9,0.0,Pit-A,cycle-acme-s01-truck-001-00002,loading,219.8,240.0,131013.2,40.6,True,True,14355.86,35756.85,False,False,False,89.1,24.2,[],1.0
7466f44b-c501-4362-88dc-60cdd216956d,1.0,acme-mining,site-01,fleet_telemetry,ACME-S01-TRUCK-002,haul_truck,2026-09-01T20:18:18.253Z,5,-16.574094,-71.527663,49.3,1.3,Pit-A,cycle-acme-s01-truck-002-00002,loading,219.6,240.0,51226.21,41.3,True,True,13318.45,40023.18,False,False,False,95.6,24.2,[],1.0
4b0b571e-96d4-4196-8e82-a6ca724c5ed8,1.0,acme-mining,site-01,fleet_telemetry,ACME-S01-TRUCK-003,haul_truck,2026-09-01T20:18:18.253Z,5,-16.54901,-71.591949,26.8,0.6,Pit-A,cycle-acme-s01-truck-003-00002,loading,220.1,240.0,132404.21,85.8,True,True,9693.83,303001.82,False,False,False,90.1,24.5,[],1.0
f0ffd210-1bcf-4a13-8725-bff630cd8b26,1.0,acme-mining,site-01,fleet_telemetry,ACME-S01-TRUCK-004,haul_truck,2026-09-01T20:18:18.253Z,5,-16.65491,-71.481932,353.2,0.1,Pit-A,cycle-acme-s01-truck-004-00002,loading,219.6,240.0,158101.9,31.5,True,True,4096.17,623044.33,False,False,False,86.2,24.3,[],1.0
c8db3da1-9000-47e4-8708-69668b673ab4,1.0,acme-mining,site-01,fleet_telemetry,ACME-S01-TRUCK-005,haul_truck,2026-09-01T20:18:18.253Z,5,-16.582069,-71.484806,306.5,1.1,Pit-A,cycle-acme-s01-truck-005-00002,loading,227.2,240.0,438171.24,51.5,True,True,16270.32,357823.79,False,False,False,92.0,24.3,[],1.0
580df7d3-2ef5-4550-86d0-8af382c3eac6,1.0,acme-mining,site-01,fleet_telemetry,ACME-S01-TRUCK-006,haul_truck,2026-09-01T20:18:18.253Z,5,-16.624076,-71.604703,65.7,0.1,Pit-A,cycle-acme-s01-truck-006-00002,loading,220.0,240.0,30163.03,40.9,True,True,13039.87,463880.35,False,False,False,94.9,24.1,[],1.0
56ca2ce9-9d84-4d1a-92ed-e1bd56565437,1.0,acme-mining,site-01,fleet_telemetry,ACME-S01-TRUCK-007,haul_truck,2026-09-01T20:18:18.253Z,5,-16.613538,-71.510292,198.0,1.2,Pit-A,cycle-acme-s01-truck-007-00002,loading,219.3,240.0,377008.89,36.4,True,True,8858.68,305648.58,False,False,False,94.4,24.6,[],1.0
d8e66128-98ee-4745-a393-10d55e9fd33e,1.0,acme-mining,site-01,fleet_telemetry,ACME-S01-TRUCK-008,haul_truck,2026-09-01T20:18:18.253Z,5,-16.609698,-71.459184,248.5,1.3,Pit-A,cycle-acme-s01-truck-008-00002,loading,222.6,240.0,330816.09,36.4,True,True,13713.58,127817.44,False,False,False,91.8,24.2,[],1.0
df67a794-4879-42a4-bb5d-6f843e843b1d,1.0,acme-mining,site-01,fleet_telemetry,ACME-S01-TRUCK-009,haul_truck,2026-09-01T20:18:18.253Z,5,-16.538919,-71.488688,14.7,0.8,Pit-A,cycle-acme-s01-truck-009-00002,loading,226.7,240.0,348058.28,28.9,True,True,5455.85,224298.21,False,False,False,93.5,25.1,[],1.0
4d09105e-d2c1-40a3-933f-403939b8df4e,1.0,acme-mining,site-01,fleet_telemetry,ACME-S01-TRUCK-010,haul_truck,2026-09-01T20:18:18.253Z,5,-16.565536,-71.554179,24.7,0.6,Pit-A,cycle-acme-s01-truck-010-00002,loading,219.2,240.0,395602.06,47.0,True,True,5272.84,614033.21,False,False,False,86.5,25.1,[],1.0
80c9993a-e15b-43b9-9abd-cbc7443ce52e,1.0,acme-mining,site-01,fleet_telemetry,ACME-S01-TRUCK-011,haul_truck,2026-09-01T20:18:18.253Z,5,-16.550876,-71.548957,130.0,0.9,Pit-A,cycle-acme-s01-truck-011-00002,loading,221.7,240.0,337795.45,62.7,True,True,3828.88,107967.19,False,False,False,90.7,24.6,[],1.0
753dc9aa-4c43-4fbc-9ccf-1b920db74184,1.0,acme-mining,site-01,fleet_telemetry,ACME-S01-TRUCK-012,haul_truck,2026-09-01T20:18:18.253Z,5,-16.662841,-71.599937,29.5,0.4,Pit-A,cycle-acme-s01-truck-012-00002,loading,222.7,240.0,234191.87,31.3,True,True,5449.61,648448.79,False,False,False,93.9,24.0,[],1.0
786e72c9-8b75-46ce-aed8-a68dc42c764a,1.0,acme-mining,site-01,fleet_telemetry,ACME-S01-TRUCK-013,haul_truck,2026-09-01T20:18:18.253Z,5,-16.630187,-71.528977,6.1,1.0,Pit-A,cycle-acme-s01-truck-013-00002,loading,226.4,240.0,272191.21,57.7,True,True,13443.88,262403.49,False,False,False,92.3,24.1,[],1.0
2cd18242-95fc-4d20-9ffd-604d8ff0a4ea,1.0,acme-mining,site-01,fleet_telemetry,ACME-S01-TRUCK-014,haul_truck,2026-09-01T20:18:18.253Z,5,-16.652553,-71.547922,183.4,1.1,Pit-A,cycle-acme-s01-truck-014-00002,loading,227.5,240.0,127403.39,69.8,True,True,15252.27,358291.43,False,False,False,94.6,25.2,[],1.0
b6df1bcb-4b59-4920-87e7-8a3b8a1ecbe8,1.0,acme-mining,site-01,fleet_telemetry,ACME-S01-TRUCK-015,haul_truck,2026-09-01T20:18:18.253Z,5,-16.570324,-71.482842,279.4,0.0,Pit-A,cycle-acme-s01-truck-015-00002,loading,219.3,240.0,233380.24,32.4,True,True,21404.03,500036.28,False,False,False,93.9,24.1,[],1.0
bb77c5df-e055-45ca-bd97-18b334e629d0,1.0,acme-mining,site-01,fleet_telemetry,ACME-S01-TRUCK-016,haul_truck,2026-09-01T20:18:18.253Z,5,-16.585565,-71.617374,69.3,0.8,Pit-A,cycle-acme-s01-truck-016-00002,loading,218.5,240.0,247327.08,79.5,True,True,4040.2,500381.9,False,False,False,92.7,24.5,[],1.0
fa59d5d3-8452-40ea-b559-ad3277723d88,1.0,acme-mining,site-01,fleet_telemetry,ACME-S01-TRUCK-017,haul_truck,2026-09-01T20:18:18.253Z,5,-16.632112,-71.578954,103.5,0.5,Pit-A,cycle-acme-s01-truck-017-00002,loading,223.1,240.0,443541.71,81.4,True,True,3171.6,248677.98,False,False,False,95.1,24.1,[],1.0
c27cdb91-9325-44a3-ada0-a34ea723d94e,1.0,acme-mining,site-01,fleet_telemetry,ACME-S01-TRUCK-018,haul_truck,2026-09-01T20:18:18.253Z,5,-16.547859,-71.596952,179.1,1.3,Pit-A,cycle-acme-s01-truck-018-00002,loading,221.0,240.0,40453.81,78.2,True,True,2615.86,326174.08,False,False,False,92.5,25.2,[],1.0
7f5891f6-47be-40d7-bb3f-0fbae21c3d03,1.0,acme-mining,site-01,fleet_telemetry,ACME-S01-TRUCK-019,haul_truck,2026-09-01T20:18:18.253Z,5,-16.521802,-71.496654,66.4,0.6,Pit-A,cycle-acme-s01-truck-019-00002,loading,219.0,240.0,276901.63,92.5,True,True,4300.7,352434.57,False,False,False,87.3,24.7,[],1.0
3eb47f0f-419a-4556-be1e-b7db061c57b5,1.0,acme-mining,site-01,fleet_telemetry,ACME-S01-TRUCK-020,haul_truck,2026-09-01T20:18:18.253Z,5,-16.598162,-71.577834,359.2,0.2,Pit-A,cycle-acme-s01-truck-020-00002,loading,217.6,240.0,174305.32,87.9,True,True,9258.64,443162.9,False,False,False,86.4,24.8,[],1.0
6cc8bf65-65ac-473d-94e1-53912836fcc1,1.0,acme-mining,site-01,fleet_telemetry,ACME-S01-TRUCK-021,haul_truck,2026-09-01T20:18:18.253Z,5,-16.569426,-71.580861,345.3,1.1,Pit-A,cycle-acme-s01-truck-021-00002,loading,217.6,240.0,106895.95,29.9,True,True,13272.15,164972.37,False,False,False,88.2,24.6,[],1.0
399ac069-f637-41af-a575-21a0d060415b,1.0,acme-mining,site-01,fleet_telemetry,ACME-S01-TRUCK-022,haul_truck,2026-09-01T20:18:18.253Z,5,-16.649206,-71.467825,38.5,1.0,Pit-A,cycle-acme-s01-truck-022-00002,loading,226.0,240.0,304350.53,40.0,True,True,2302.18,169943.06,False,False,False,86.1,24.1,[],1.0
1d3f0ef1-2c31-4510-ac04-80a786f8f3ff,1.0,acme-mining,site-01,fleet_telemetry,ACME-S01-TRUCK-023,haul_truck,2026-09-01T20:18:18.253Z,5,-16.564972,-71.560817,117.0,0.2,Pit-A,cycle-acme-s01-truck-023-00002,loading,225.4,240.0,189106.69,31.6,True,True,5951.55,317973.04,False,False,False,94.7,24.4,[],1.0
7e6361bb-eb89-4170-b4c8-20fe6e0a09f0,1.0,acme-mining,site-01,fleet_telemetry,ACME-S01-TRUCK-024,haul_truck,2026-09-01T20:18:18.253Z,5,-16.616125,-71.479631,228.6,1.0,Pit-A,cycle-acme-s01-truck-024-00002,loading,221.3,240.0,53304.17,53.2,True,True,15075.34,640024.16,False,False,False,88.0,24.1,[],1.0
f063dca4-9a87-40e4-a912-fced2b2bc0a5,1.0,acme-mining,site-01,fleet_telemetry,ACME-S01-TRUCK-025,haul_truck,2026-09-01T20:18:18.253Z,5,-16.530456,-71.605452,176.3,0.5,Pit-A,cycle-acme-s01-truck-025-00002,loading,226.3,240.0,90735.04,57.4,True,True,12169.26,108314.95,False,False,False,92.6,25.1,[],1.0
3f7913ec-08cb-4df5-8128-532e822adc8a,1.0,acme-mining,site-01,fleet_telemetry,ACME-S01-TRUCK-026,haul_truck,2026-09-01T20:18:18.253Z,5,-16.655502,-71.496923,281.2,0.7,Pit-A,cycle-acme-s01-truck-026-00002,loading,221.2,240.0,247859.0,26.0,True,True,2875.67,430851.37,False,False,False,87.6,25.0,[],1.0
eed3bfec-d02b-40b6-86f9-af49a9a678a8,1.0,acme-mining,site-01,fleet_telemetry,ACME-S01-TRUCK-027,haul_truck,2026-09-01T20:18:18.253Z,5,-16.609779,-71.459857,103.4,1.1,Pit-A,cycle-acme-s01-truck-027-00002,loading,218.4,240.0,186458.03,29.1,True,True,11095.6,154660.91,False,False,False,87.1,24.2,[],1.0
d1f96b53-53e2-4b00-9d4b-6fd0fb5c2f76,1.0,acme-mining,site-01,fleet_telemetry,ACME-S01-TRUCK-028,haul_truck,2026-09-01T20:18:18.253Z,5,-16.564525,-71.539648,23.5,0.3,Pit-A,cycle-acme-s01-truck-028-00002,loading,221.7,240.0,331422.64,79.8,True,True,6847.29,458852.77,False,False,False,93.6,24.4,[],1.0
764e3af5-9b76-4d33-9816-b3663807e9e4,1.0,acme-mining,site-01,fleet_telemetry,ACME-S01-TRUCK-029,haul_truck,2026-09-01T20:18:18.253Z,5,-16.661256,-71.524023,302.1,0.5,Pit-A,cycle-acme-s01-truck-029-00002,loading,218.4,240.0,248566.19,77.3,True,True,21336.65,384883.69,False,False,False,94.6,25.1,[],1.0
05ecb592-8bb7-4453-b090-2f87641c7742,1.0,acme-mining,site-01,fleet_telemetry,ACME-S01-TRUCK-030,haul_truck,2026-09-01T20:18:18.253Z,5,-16.575171,-71.509464,281.1,0.4,Pit-A,cycle-acme-s01-truck-030-00002,loading,221.3,240.0,45249.35,38.0,True,True,4137.58,625290.82,False,False,False,87.3,24.7,[],1.0
131aca05-ff13-4c30-95f5-7b04e830b426,1.0,acme-mining,site-01,fleet_telemetry,ACME-S01-TRUCK-031,haul_truck,2026-09-01T20:18:18.253Z,5,-16.657261,-71.512346,52.1,0.6,Pit-A,cycle-acme-s01-truck-031-00002,loading,222.6,240.0,264724.69,27.8,True,True,20761.84,378895.62,False,False,False,92.4,24.2,[],1.0
6e74d995-4dbd-4e86-845a-6b529fdd0d97,1.0,acme-mining,site-01,fleet_telemetry,ACME-S01-TRUCK-032,haul_truck,2026-09-01T20:18:18.253Z,5,-16.60708,-71.510036,185.9,0.6,Pit-A,cycle-acme-s01-truck-032-00002,loading,217.2,240.0,325124.7,41.7,True,True,20615.78,148683.39,False,False,False,94.6,24.2,[],1.0
06345f13-f97d-41f9-a377-0b5914892430,1.0,acme-mining,site-01,fleet_telemetry,ACME-S01-TRUCK-033,haul_truck,2026-09-01T20:18:18.253Z,5,-16.580318,-71.601499,323.5,0.6,Pit-A,cycle-acme-s01-truck-033-00002,loading,227.5,240.0,14099.1,68.5,True,True,20495.2,609512.74,False,False,False,87.1,24.2,[],1.0
d3c14402-431f-4f18-a09f-dbf8eb096974,1.0,acme-mining,site-01,fleet_telemetry,ACME-S01-TRUCK-034,haul_truck,2026-09-01T20:18:18.253Z,5,-16.611306,-71.59224,206.7,0.4,Pit-A,cycle-acme-s01-truck-034-00002,loading,227.2,240.0,397580.54,86.5,True,True,6422.26,607953.51,False,False,False,94.6,25.1,[],1.0
cf45a990-68d7-4761-8419-d9cfd5f24698,1.0,acme-mining,site-01,fleet_telemetry,ACME-S01-TRUCK-035,haul_truck,2026-09-01T20:18:18.253Z,5,-16.53966,-71.56959,345.0,1.4,Pit-A,cycle-acme-s01-truck-035-00002,loading,227.7,240.0,297749.88,25.5,True,True,13767.58,641956.92,False,False,False,86.0,24.3,[],1.0
8af866eb-eb88-48d6-a5fc-8b0c30a7e06e,1.0,acme-mining,site-01,fleet_telemetry,ACME-S01-TRUCK-036,haul_truck,2026-09-01T20:18:18.253Z,5,-16.625292,-71.583811,69.6,1.0,Pit-A,cycle-acme-s01-truck-036-00002,loading,222.8,240.0,336663.64,35.9,True,True,6406.68,580519.15,False,False,False,86.0,24.0,[],1.0
a5a4f456-c8f2-43a1-abb3-8ed67ede7570,1.0,acme-mining,site-01,fleet_telemetry,ACME-S01-TRUCK-037,haul_truck,2026-09-01T20:18:18.253Z,5,-16.568946,-71.484778,211.0,0.5,Pit-A,cycle-acme-s01-truck-037-00002,loading,219.0,240.0,409590.28,28.5,True,True,11514.68,178206.52,False,False,False,94.0,24.7,[],1.0
cfb1c792-152d-4518-bd3a-d82434ca3559,1.0,acme-mining,site-01,fleet_telemetry,ACME-S01-TRUCK-038,haul_truck,2026-09-01T20:18:18.253Z,5,-16.582149,-71.549056,136.7,1.0,Pit-A,cycle-acme-s01-truck-038-00002,loading,222.8,240.0,125260.62,76.9,True,True,17147.73,421381.53,False,False,False,89.6,24.7,[],1.0
5b589588-54ba-40d9-9d6e-8ff2543fbaa0,1.0,acme-mining,site-01,fleet_telemetry,ACME-S01-TRUCK-039,haul_truck,2026-09-01T20:18:18.253Z,5,-16.611321,-71.529112,273.1,1.3,Pit-A,cycle-acme-s01-truck-039-00002,loading,226.3,240.0,75584.19,27.5,True,True,20835.09,455342.46,False,False,False,89.6,24.5,[],1.0
6153b85b-547d-43c5-8bc2-bac864aa37f0,1.0,acme-mining,site-01,fleet_telemetry,ACME-S01-TRUCK-040,haul_truck,2026-09-01T20:18:18.253Z,5,-16.526587,-71.583883,37.1,0.7,Pit-A,cycle-acme-s01-truck-040-00002,loading,222.7,240.0,360294.12,85.2,True,True,7335.08,586358.44,False,False,False,92.9,25.1,[],1.0
44fed670-de93-49d3-97a2-e4149936145a,1.0,acme-mining,site-01,fleet_telemetry,ACME-S01-TRUCK-041,haul_truck,2026-09-01T20:18:18.253Z,5,-16.550496,-71.46938,358.4,0.3,Pit-A,cycle-acme-s01-truck-041-00002,loading,218.5,240.0,394873.9,93.1,True,True,8297.99,372726.71,False,False,False,90.1,23.9,[],1.0
2347f5be-820a-4cab-a986-cb3da8931ec0,1.0,acme-mining,site-01,fleet_telemetry,ACME-S01-TRUCK-042,haul_truck,2026-09-01T20:18:18.253Z,5,-16.552528,-71.564353,265.6,1.0,Pit-A,cycle-acme-s01-truck-042-00002,loading,221.3,240.0,397823.43,26.7,True,True,21495.57,530786.27,False,False,False,87.4,24.1,[],1.0
701a22a7-fc4d-4391-a36a-e25bcc9b535e,1.0,acme-mining,site-01,fleet_telemetry,ACME-S01-TRUCK-043,haul_truck,2026-09-01T20:18:18.253Z,5,-16.533041,-71.581908,356.8,0.1,Pit-A,cycle-acme-s01-truck-043-00002,loading,227.0,240.0,57562.38,86.0,True,True,6456.29,516046.05,False,False,False,90.1,24.7,[],1.0
b3f6f08b-ea31-4090-bac7-320163e2ce81,1.0,acme-mining,site-01,fleet_telemetry,ACME-S01-TRUCK-044,haul_truck,2026-09-01T20:18:18.253Z,5,-16.564808,-71.553767,220.2,1.3,Pit-A,cycle-acme-s01-truck-044-00002,loading,217.1,240.0,393382.44,40.6,True,True,8212.77,536938.03,False,False,False,95.2,23.9,[],1.0
faf24912-c2b2-4467-b81d-0eb4ea202f80,1.0,acme-mining,site-01,fleet_telemetry,ACME-S01-TRUCK-045,haul_truck,2026-09-01T20:18:18.253Z,5,-16.513408,-71.531718,86.8,0.4,Pit-A,cycle-acme-s01-truck-045-00002,loading,225.0,240.0,292252.27,53.0,True,True,21298.06,195848.85,False,False,False,95.4,24.5,[],1.0
32edde7d-d528-4bb8-b5f2-9c5d4c7df7c1,1.0,acme-mining,site-01,fleet_telemetry,ACME-S01-TRUCK-046,haul_truck,2026-09-01T20:18:18.253Z,5,-16.664266,-71.522041,333.3,0.4,Pit-A,cycle-acme-s01-truck-046-00002,loading,225.1,240.0,265459.79,93.8,True,True,19393.22,184565.68,False,False,False,93.3,24.5,[],1.0
2301da1c-b43c-4154-ae19-0f286c3d90ae,1.0,acme-mining,site-01,fleet_telemetry,ACME-S01-TRUCK-047,haul_truck,2026-09-01T20:18:18.253Z,5,-16.639963,-71.610409,181.3,1.5,Pit-A,cycle-acme-s01-truck-047-00002,loading,226.6,240.0,60884.45,87.9,True,True,10051.56,640068.67,False,False,False,87.0,24.1,[],1.0
d3486a82-6909-4148-a474-1641462cad13,1.0,acme-mining,site-01,fleet_telemetry,ACME-S01-TRUCK-048,haul_truck,2026-09-01T20:18:18.253Z,5,-16.563079,-71.559229,200.2,0.9,Pit-A,cycle-acme-s01-truck-048-00002,loading,224.4,240.0,326549.5,76.9,True,True,20422.2,359224.84,False,False,False,112.8,24.0,"[""ENG_OVERHEAT""]",0.72
e2c84395-3b7c-4d3d-a7f1-0cdeaa1b773d,1.0,acme-mining,site-01,fleet_telemetry,ACME-S01-TRUCK-049,haul_truck,2026-09-01T20:18:18.253Z,5,-16.58925,-71.510814,69.3,1.1,Pit-A,cycle-acme-s01-truck-049-00002,loading,222.9,240.0,64835.44,88.0,True,True,14010.9,437934.21,False,False,False,92.7,25.0,[],1.0
adf9a74f-8eab-43f0-8a60-a40d4ccf6b54,1.0,acme-mining,site-01,fleet_telemetry,ACME-S01-TRUCK-050,haul_truck,2026-09-01T20:18:18.253Z,5,-16.550685,-71.589649,106.2,0.4,Pit-A,cycle-acme-s01-truck-050-00002,loading,218.2,240.0,302569.25,51.5,True,True,12553.55,140859.36,False,False,False,107.8,23.9,"[""ENG_OVERHEAT""]",0.72
af43f69f-a7ec-46c4-b2c9-8bf1fcc8ac2b,1.0,acme-mining,site-01,fleet_telemetry,ACME-S01-TRUCK-051,haul_truck,2026-09-01T20:18:18.253Z,5,-16.577598,-71.51271,260.6,0.7,Pit-A,cycle-acme-s01-truck-051-00002,loading,216.4,240.0,136242.34,55.1,True,True,12416.28,20255.88,False,False,False,93.3,24.3,[],1.0
ad2b853d-6812-415a-86d3-893b253d7feb,1.0,acme-mining,site-01,fleet_telemetry,ACME-S01-TRUCK-052,haul_truck,2026-09-01T20:18:18.253Z,5,-16.552653,-71.512076,247.6,1.1,Pit-A,cycle-acme-s01-truck-052-00002,loading,226.0,240.0,359243.88,92.2,True,True,15123.3,342039.74,False,False,False,90.3,25.0,[],1.0
df57bdae-c99c-408b-98bd-ffba49177276,1.0,acme-mining,site-01,fleet_telemetry,ACME-S01-TRUCK-053,haul_truck,2026-09-01T20:18:18.253Z,5,-16.541364,-71.593913,63.0,0.2,Pit-A,cycle-acme-s01-truck-053-00002,loading,218.1,240.0,113342.49,46.7,True,True,2779.82,619759.89,False,False,False,86.4,25.0,[],1.0
e5567a94-b80b-4a60-83ff-e7628146b689,1.0,acme-mining,site-01,fleet_telemetry,ACME-S01-TRUCK-054,haul_truck,2026-09-01T20:18:18.253Z,5,-16.578294,-71.502543,149.4,0.6,Pit-A,cycle-acme-s01-truck-054-00002,loading,217.9,240.0,210383.42,87.0,True,True,13759.02,504148.37,False,False,False,86.7,24.4,[],1.0
653a421f-4ebc-47ce-8f29-9713548179bf,1.0,acme-mining,site-01,fleet_telemetry,ACME-S01-TRUCK-055,haul_truck,2026-09-01T20:18:18.253Z,5,-16.547185,-71.600434,318.1,1.0,Pit-A,cycle-acme-s01-truck-055-00002,loading,224.6,240.0,12440.02,77.5,True,True,5972.48,433316.64,False,False,False,93.1,24.5,[],1.0
4b7730ec-0086-499b-bf41-b062d9aa1be7,1.0,acme-mining,site-01,fleet_telemetry,ACME-S01-TRUCK-056,haul_truck,2026-09-01T20:18:18.253Z,5,-16.523588,-71.598084,118.8,1.4,Pit-A,cycle-acme-s01-truck-056-00002,loading,227.5,240.0,214402.25,64.0,True,True,17847.14,458424.52,False,False,False,91.9,24.4,[],1.0
05b1cdc2-5d7e-4401-881c-b47cc4972001,1.0,acme-mining,site-01,fleet_telemetry,ACME-S01-TRUCK-057,haul_truck,2026-09-01T20:18:18.253Z,5,-16.527764,-71.519461,161.6,1.2,Pit-A,cycle-acme-s01-truck-057-00002,loading,223.9,240.0,271999.32,91.5,True,True,14952.65,642372.35,False,False,False,88.2,24.0,[],1.0
84e48e41-e4ff-4f48-83fe-a006c6f80921,1.0,acme-mining,site-01,fleet_telemetry,ACME-S01-TRUCK-058,haul_truck,2026-09-01T20:18:18.253Z,5,-16.53253,-71.545484,333.3,1.3,Pit-A,cycle-acme-s01-truck-058-00002,loading,219.8,240.0,206202.29,36.1,True,True,9846.91,591318.56,False,False,False,92.1,24.9,[],1.0
4e307583-b57a-4e0c-af64-7bca9c8e43b6,1.0,acme-mining,site-01,fleet_telemetry,ACME-S01-TRUCK-059,haul_truck,2026-09-01T20:18:18.253Z,5,-16.658002,-71.571754,167.3,1.3,Pit-A,cycle-acme-s01-truck-059-00002,loading,219.5,240.0,285769.62,44.2,True,True,17035.26,348418.98,False,False,False,93.7,23.9,[],1.0
25f5db99-2f46-4b3d-8c99-3da9844bc113,1.0,acme-mining,site-01,fleet_telemetry,ACME-S01-TRUCK-060,haul_truck,2026-09-01T20:18:18.253Z,5,-16.645951,-71.583256,265.2,0.9,Pit-A,cycle-acme-s01-truck-060-00002,loading,217.5,240.0,76365.79,51.8,True,True,19732.18,70764.02,False,False,False,86.5,24.5,[],1.0
ad76d939-d19d-42b3-af17-d75bd369f38c,1.0,acme-mining,site-01,fleet_telemetry,ACME-S01-TRUCK-061,haul_truck,2026-09-01T20:18:18.253Z,5,-16.525633,-71.524056,256.4,1.3,Pit-A,cycle-acme-s01-truck-061-00002,loading,220.7,240.0,101007.43,54.4,True,True,12303.36,281937.88,False,False,False,92.5,24.9,[],1.0
c7dc00b0-87e9-4508-a7f4-fbb138a02a63,1.0,acme-mining,site-01,fleet_telemetry,ACME-S01-TRUCK-062,haul_truck,2026-09-01T20:18:18.253Z,5,-16.533854,-71.464949,86.5,0.1,Pit-A,cycle-acme-s01-truck-062-00002,loading,226.5,240.0,164774.18,77.7,True,True,8864.08,23714.63,False,False,False,94.0,23.9,[],1.0
9e293b2c-3704-45e6-b1bd-2ceb8c104a8c,1.0,acme-mining,site-01,fleet_telemetry,ACME-S01-TRUCK-063,haul_truck,2026-09-01T20:18:18.253Z,5,-16.592663,-71.555271,30.1,1.3,Pit-A,cycle-acme-s01-truck-063-00002,loading,216.9,240.0,224821.27,44.1,True,True,17757.21,585621.23,False,False,False,91.4,24.5,[],1.0
2354698c-9c0c-433f-b51f-cd2f07bd1cb5,1.0,acme-mining,site-01,fleet_telemetry,ACME-S01-TRUCK-064,haul_truck,2026-09-01T20:18:18.253Z,5,-16.584927,-71.472386,15.8,0.1,Pit-A,cycle-acme-s01-truck-064-00002,loading,222.6,240.0,414598.62,93.6,True,True,16152.65,549518.67,False,False,False,94.3,24.5,[],1.0
c01ad6b3-60ff-40b6-ba5c-2d69e055a351,1.0,acme-mining,site-01,fleet_telemetry,ACME-S01-TRUCK-065,haul_truck,2026-09-01T20:18:18.253Z,5,-16.628759,-71.565135,32.2,1.3,Pit-A,cycle-acme-s01-truck-065-00002,loading,225.5,240.0,391414.9,37.7,True,True,2579.69,290026.16,False,False,False,93.0,24.0,[],1.0
a505f084-d19f-4a4c-8246-539151e5a5ec,1.0,acme-mining,site-01,fleet_telemetry,ACME-S01-TRUCK-066,haul_truck,2026-09-01T20:18:18.253Z,5,-16.630045,-71.60437,273.6,0.7,Pit-A,cycle-acme-s01-truck-066-00002,loading,223.6,240.0,340884.63,83.2,True,True,16938.08,258849.62,False,False,False,86.8,24.4,[],1.0
719dd525-82fd-4fe2-821e-f3e9e70af06b,1.0,acme-mining,site-01,fleet_telemetry,ACME-S01-TRUCK-067,haul_truck,2026-09-01T20:18:18.253Z,5,-16.517223,-71.611033,4.1,1.0,Pit-A,cycle-acme-s01-truck-067-00002,loading,220.1,240.0,108658.06,29.8,True,True,1904.22,619709.49,False,False,False,86.3,23.8,[],1.0
2ab44169-56e7-4475-a98b-c529c4d27bbb,1.0,acme-mining,site-01,fleet_telemetry,ACME-S01-TRUCK-068,haul_truck,2026-09-01T20:18:18.253Z,5,-16.563303,-71.527269,272.6,1.0,Pit-A,cycle-acme-s01-truck-068-00002,loading,225.7,240.0,77048.53,33.8,True,True,5026.45,32839.52,False,False,False,108.9,24.9,"[""ENG_OVERHEAT""]",0.72
e66483d6-12a5-4acb-98f7-8ddcb6220003,1.0,acme-mining,site-01,fleet_telemetry,ACME-S01-TRUCK-069,haul_truck,2026-09-01T20:18:18.253Z,5,-16.652045,-71.486434,35.4,0.9,Pit-A,cycle-acme-s01-truck-069-00002,loading,218.3,240.0,277189.2,77.3,True,True,17058.25,125707.26,False,False,False,95.5,24.9,[],1.0
5bcdf188-104f-40d0-90ad-5d83f8d15eb6,1.0,acme-mining,site-01,fleet_telemetry,ACME-S01-TRUCK-070,haul_truck,2026-09-01T20:18:18.253Z,5,-16.610332,-71.466844,217.7,0.8,Pit-A,cycle-acme-s01-truck-070-00002,loading,225.4,240.0,263350.86,88.5,True,True,13068.12,605199.01,False,False,False,93.5,24.8,[],1.0
0ab8b14f-f97f-41f0-8177-f0638abf4b04,1.0,acme-mining,site-01,fleet_telemetry,ACME-S01-TRUCK-071,haul_truck,2026-09-01T20:18:18.253Z,5,-16.53432,-71.521429,181.4,1.5,Pit-A,cycle-acme-s01-truck-071-00002,loading,224.1,240.0,54836.88,79.0,True,True,15441.03,415162.79,False,False,False,93.9,24.2,[],1.0
771abf33-9bf4-4ca0-9286-f79ed1ad5fb3,1.0,acme-mining,site-01,fleet_telemetry,ACME-S01-TRUCK-072,haul_truck,2026-09-01T20:18:18.253Z,5,-16.589428,-71.562891,240.5,0.4,Pit-A,cycle-acme-s01-truck-072-00002,loading,222.5,240.0,198486.63,50.9,True,True,17391.88,238738.48,False,False,False,87.5,24.6,[],1.0
87c3118f-0e3f-4469-92ca-7f9e6c292874,1.0,acme-mining,site-01,fleet_telemetry,ACME-S01-TRUCK-073,haul_truck,2026-09-01T20:18:18.253Z,5,-16.55724,-71.547834,296.7,0.4,Pit-A,cycle-acme-s01-truck-073-00002,loading,225.2,240.0,289657.75,83.0,True,True,3037.43,625296.26,False,False,False,87.5,24.2,[],1.0
2462ed6c-f835-4d60-91d0-5388a70e3316,1.0,acme-mining,site-01,fleet_telemetry,ACME-S01-TRUCK-074,haul_truck,2026-09-01T20:18:18.253Z,5,-16.538287,-71.522709,9.4,0.9,Pit-A,cycle-acme-s01-truck-074-00002,loading,220.6,240.0,350842.54,57.5,True,True,13857.35,599359.23,False,False,False,109.9,24.6,"[""ENG_OVERHEAT""]",0.72
d3255df8-78ac-4f7f-bfaf-1d1908733ff7,1.0,acme-mining,site-01,fleet_telemetry,ACME-S01-TRUCK-075,haul_truck,2026-09-01T20:18:18.253Z,5,-16.596064,-71.519883,122.9,0.0,Pit-A,cycle-acme-s01-truck-075-00002,loading,218.9,240.0,397918.02,42.0,True,True,18411.5,74597.74,False,False,False,89.5,24.3,[],1.0
c426604e-5be8-43fe-8b2a-94ad2d04c9aa,1.0,acme-mining,site-01,fleet_telemetry,ACME-S01-TRUCK-076,haul_truck,2026-09-01T20:18:18.253Z,5,-16.629061,-71.572743,84.9,0.8,Pit-A,cycle-acme-s01-truck-076-00002,loading,220.9,240.0,224522.27,49.8,True,True,11279.3,224759.03,False,False,False,91.6,24.0,[],1.0
afa5d6ef-aec9-417b-9c79-a7244253c782,1.0,acme-mining,site-01,fleet_telemetry,ACME-S01-TRUCK-077,haul_truck,2026-09-01T20:18:18.253Z,5,-16.605352,-71.528677,131.8,0.4,Pit-A,cycle-acme-s01-truck-077-00002,loading,219.9,240.0,94065.13,41.9,True,True,12582.78,345475.27,False,False,False,92.6,25.0,[],1.0
3a3364ad-7ca0-4d83-a476-dd35f777ce74,1.0,acme-mining,site-01,fleet_telemetry,ACME-S01-TRUCK-078,haul_truck,2026-09-01T20:18:18.253Z,5,-16.634952,-71.506804,224.9,1.2,Pit-A,cycle-acme-s01-truck-078-00002,loading,216.5,240.0,358890.76,31.5,True,True,14493.15,329217.53,False,False,False,93.1,23.9,[],1.0
d3f5339c-15ac-4614-914e-000bcb8b8b8c,1.0,acme-mining,site-01,fleet_telemetry,ACME-S01-TRUCK-079,haul_truck,2026-09-01T20:18:18.253Z,5,-16.582339,-71.561189,222.5,0.3,Pit-A,cycle-acme-s01-truck-079-00002,loading,226.3,240.0,161253.56,94.7,True,True,8623.24,368688.04,False,False,False,91.6,24.9,[],1.0
1ecf504b-aa7c-47e9-89dc-97015dc3db72,1.0,acme-mining,site-01,fleet_telemetry,ACME-S01-TRUCK-080,haul_truck,2026-09-01T20:18:18.253Z,5,-16.584668,-71.495562,332.8,0.0,Pit-A,cycle-acme-s01-truck-080-00002,loading,223.6,240.0,94737.39,33.3,True,True,6129.76,96013.31,False,False,False,95.4,24.1,[],1.0
6ebc7e08-ae93-4528-9dc9-e74e0af6ea00,1.0,acme-mining,site-02,fleet_telemetry,ACME-S02-TRUCK-001,haul_truck,2026-09-01T20:18:18.253Z,5,-16.537064,-71.488499,313.0,1.4,Pit-A,cycle-acme-s02-truck-001-00002,loading,223.5,240.0,319615.66,60.0,True,True,4524.74,259530.76,False,False,False,94.1,24.7,[],1.0
95f8bbb8-0938-4f89-811f-1691fe3c0260,1.0,acme-mining,site-02,fleet_telemetry,ACME-S02-TRUCK-002,haul_truck,2026-09-01T20:18:18.253Z,5,-16.601711,-71.552804,243.3,1.2,Pit-A,cycle-acme-s02-truck-002-00002,loading,225.1,240.0,44259.85,46.9,True,True,10047.86,309645.26,False,False,False,93.5,24.9,[],1.0
495309fd-9138-4950-a418-9bb50a571487,1.0,acme-mining,site-02,fleet_telemetry,ACME-S02-TRUCK-003,haul_truck,2026-09-01T20:18:18.253Z,5,-16.571499,-71.484377,282.0,1.3,Pit-A,cycle-acme-s02-truck-003-00002,loading,222.3,240.0,152898.3,81.1,True,True,3241.68,33139.72,False,False,False,87.5,24.6,[],1.0
99849226-5e7e-4329-af82-fdca31305775,1.0,acme-mining,site-02,fleet_telemetry,ACME-S02-TRUCK-004,haul_truck,2026-09-01T20:18:18.253Z,5,-16.657802,-71.478225,106.0,1.0,Pit-A,cycle-acme-s02-truck-004-00002,loading,217.8,240.0,201697.97,53.0,True,True,10058.3,86693.87,False,False,False,91.7,24.9,[],1.0
bd324358-3fa2-4ea8-974e-d2663f6178ff,1.0,acme-mining,site-02,fleet_telemetry,ACME-S02-TRUCK-005,haul_truck,2026-09-01T20:18:18.253Z,5,-16.588836,-71.472579,343.1,1.3,Pit-A,cycle-acme-s02-truck-005-00002,loading,225.5,240.0,234612.95,33.0,True,True,7861.06,125923.68,False,False,False,94.6,25.0,[],1.0
cb2e1d79-3e32-4aa2-8e01-4845efab3719,1.0,acme-mining,site-02,fleet_telemetry,ACME-S02-TRUCK-006,haul_truck,2026-09-01T20:18:18.253Z,5,-16.548778,-71.512651,280.9,0.2,Pit-A,cycle-acme-s02-truck-006-00002,loading,225.7,240.0,96799.9,67.1,True,True,5808.91,112259.94,False,False,False,88.2,24.9,[],1.0
fb0707a0-e72a-4a39-a325-c2245da1b44e,1.0,acme-mining,site-02,fleet_telemetry,ACME-S02-TRUCK-007,haul_truck,2026-09-01T20:18:18.253Z,5,-16.529273,-71.514599,223.9,0.6,Pit-A,cycle-acme-s02-truck-007-00002,loading,227.5,240.0,264966.26,72.7,True,True,10635.81,375153.44,False,False,False,86.5,23.8,[],1.0
37b84631-cb2b-4995-bc2d-967c32b0461a,1.0,acme-mining,site-02,fleet_telemetry,ACME-S02-TRUCK-008,haul_truck,2026-09-01T20:18:18.253Z,5,-16.599663,-71.569021,150.3,0.8,Pit-A,cycle-acme-s02-truck-008-00002,loading,223.7,240.0,76421.56,29.8,True,True,19122.04,415147.07,False,False,False,90.6,25.0,[],1.0
7b14472b-7652-4942-99e6-b156d104f4f5,1.0,acme-mining,site-02,fleet_telemetry,ACME-S02-TRUCK-009,haul_truck,2026-09-01T20:18:18.253Z,5,-16.611431,-71.571555,358.0,1.0,Pit-A,cycle-acme-s02-truck-009-00002,loading,218.6,240.0,213167.0,27.6,True,True,8261.18,66740.19,False,False,False,91.6,24.1,[],1.0
b1996067-8086-40f2-baa3-8cb49a66fe8b,1.0,acme-mining,site-02,fleet_telemetry,ACME-S02-TRUCK-010,haul_truck,2026-09-01T20:18:18.253Z,5,-16.543728,-71.474162,234.0,0.9,Pit-A,cycle-acme-s02-truck-010-00002,loading,224.0,240.0,213593.43,63.8,True,True,13838.18,339452.81,False,False,False,95.1,25.1,[],1.0
d46aa9f5-e0ea-480c-b8b4-c978473a1b1b,1.0,acme-mining,site-02,fleet_telemetry,ACME-S02-TRUCK-011,haul_truck,2026-09-01T20:18:18.253Z,5,-16.660497,-71.600918,294.7,0.8,Pit-A,cycle-acme-s02-truck-011-00002,loading,222.7,240.0,219277.08,35.5,True,True,14618.96,222561.97,False,False,False,86.2,24.2,[],1.0
bfc8b648-3f66-4090-bb84-5c44c5951fd0,1.0,acme-mining,site-02,fleet_telemetry,ACME-S02-TRUCK-012,haul_truck,2026-09-01T20:18:18.253Z,5,-16.557187,-71.458946,353.3,0.0,Pit-A,cycle-acme-s02-truck-012-00002,loading,220.9,240.0,294296.22,27.7,True,True,21626.58,73127.51,False,False,False,92.6,25.1,[],1.0
b28daaf2-e2ab-4680-821b-436cc07f6297,1.0,acme-mining,site-02,fleet_telemetry,ACME-S02-TRUCK-013,haul_truck,2026-09-01T20:18:18.253Z,5,-16.561765,-71.609092,282.2,0.8,Pit-A,cycle-acme-s02-truck-013-00002,loading,216.4,240.0,180463.59,79.2,True,True,8514.64,598300.27,False,False,False,94.0,24.4,[],1.0
e2ddcfa1-7523-4774-93f9-72e9c501f0d8,1.0,acme-mining,site-02,fleet_telemetry,ACME-S02-TRUCK-014,haul_truck,2026-09-01T20:18:18.253Z,5,-16.554618,-71.512434,33.6,1.1,Pit-A,cycle-acme-s02-truck-014-00002,loading,217.8,240.0,308487.21,44.9,True,True,2197.34,79538.84,False,False,False,92.6,24.6,[],1.0
9aa40ff9-d41f-4a04-8452-8fc855610362,1.0,acme-mining,site-02,fleet_telemetry,ACME-S02-TRUCK-015,haul_truck,2026-09-01T20:18:18.253Z,5,-16.515596,-71.50577,78.0,0.9,Pit-A,cycle-acme-s02-truck-015-00002,loading,223.6,240.0,72228.79,49.5,True,True,7867.28,387126.01,False,False,False,95.2,24.6,[],1.0
d96863f1-c91b-4d11-b142-2516bc95efa7,1.0,acme-mining,site-02,fleet_telemetry,ACME-S02-TRUCK-016,haul_truck,2026-09-01T20:18:18.253Z,5,-16.617841,-71.597083,275.9,1.2,Pit-A,cycle-acme-s02-truck-016-00002,loading,226.0,240.0,255926.01,70.0,True,True,15827.29,73373.09,False,False,False,94.8,24.9,[],1.0
b9e98f98-5fcb-483f-8587-cdad9b53c0df,1.0,acme-mining,site-02,fleet_telemetry,ACME-S02-TRUCK-017,haul_truck,2026-09-01T20:18:18.253Z,5,-16.620994,-71.465322,303.5,0.5,Pit-A,cycle-acme-s02-truck-017-00002,loading,227.1,240.0,233735.24,26.3,True,True,2781.21,442387.38,False,False,False,87.2,24.9,[],1.0
f44e0ef9-e546-4731-a698-6e9030288d10,1.0,acme-mining,site-02,fleet_telemetry,ACME-S02-TRUCK-018,haul_truck,2026-09-01T20:18:18.253Z,5,-16.544286,-71.536258,305.8,0.6,Pit-A,cycle-acme-s02-truck-018-00002,loading,223.1,240.0,78176.18,45.7,True,True,4870.52,649985.4,False,False,False,93.7,24.2,[],1.0
6fefd6e1-3ae0-4f3e-b099-0b419f9f0dbe,1.0,acme-mining,site-02,fleet_telemetry,ACME-S02-TRUCK-019,haul_truck,2026-09-01T20:18:18.253Z,5,-16.610144,-71.591543,270.8,1.3,Pit-A,cycle-acme-s02-truck-019-00002,loading,226.0,240.0,347175.65,34.1,True,True,1600.25,232161.67,False,False,False,87.6,23.8,[],1.0
09ef85c8-a2a5-483f-9119-210c34b98306,1.0,acme-mining,site-02,fleet_telemetry,ACME-S02-TRUCK-020,haul_truck,2026-09-01T20:18:18.253Z,5,-16.515238,-71.519809,140.1,1.0,Pit-A,cycle-acme-s02-truck-020-00002,loading,223.2,240.0,170292.04,75.3,True,True,16089.09,47526.33,False,False,False,95.1,25.2,[],1.0
a8888bba-a499-454d-a8cd-536b4a8da61a,1.0,acme-mining,site-02,fleet_telemetry,ACME-S02-TRUCK-021,haul_truck,2026-09-01T20:18:18.253Z,5,-16.525792,-71.586431,29.2,0.2,Pit-A,cycle-acme-s02-truck-021-00002,loading,220.6,240.0,434862.82,79.9,True,True,5760.87,170676.25,False,False,False,88.0,24.1,[],1.0
21a16adc-ed30-42b1-80d8-743a1a1b2db7,1.0,acme-mining,site-02,fleet_telemetry,ACME-S02-TRUCK-022,haul_truck,2026-09-01T20:18:18.253Z,5,-16.586003,-71.462896,340.2,0.9,Pit-A,cycle-acme-s02-truck-022-00002,loading,225.9,240.0,133979.87,51.7,True,True,21670.13,310858.48,False,False,False,86.3,24.3,[],1.0
31b1cf8c-768d-4f78-a684-3a8d56729ad7,1.0,acme-mining,site-02,fleet_telemetry,ACME-S02-TRUCK-023,haul_truck,2026-09-01T20:18:18.253Z,5,-16.520903,-71.503663,26.3,0.1,Pit-A,cycle-acme-s02-truck-023-00002,loading,217.0,240.0,221460.19,51.0,True,True,19307.65,52873.36,False,False,False,92.3,24.8,[],1.0
a0125f34-c5c0-4258-b11b-3995362c7c38,1.0,acme-mining,site-02,fleet_telemetry,ACME-S02-TRUCK-024,haul_truck,2026-09-01T20:18:18.253Z,5,-16.646816,-71.547532,70.5,0.1,Pit-A,cycle-acme-s02-truck-024-00002,loading,218.1,240.0,130028.47,88.3,True,True,6843.34,500763.69,False,False,False,92.3,24.6,[],1.0
853854bc-eb67-4c6b-93e4-67cf242abd27,1.0,acme-mining,site-02,fleet_telemetry,ACME-S02-TRUCK-025,haul_truck,2026-09-01T20:18:18.253Z,5,-16.60698,-71.557673,79.4,0.7,Pit-A,cycle-acme-s02-truck-025-00002,loading,217.7,240.0,419407.95,54.0,True,True,18114.12,577316.86,False,False,False,93.3,24.2,[],1.0
4f4a7e9e-11d0-44cd-8047-ad45eb11f3a7,1.0,acme-mining,site-02,fleet_telemetry,ACME-S02-TRUCK-026,haul_truck,2026-09-01T20:18:18.253Z,5,-16.566404,-71.490896,58.4,0.0,Pit-A,cycle-acme-s02-truck-026-00002,loading,221.3,240.0,419563.7,83.7,True,True,8748.16,37758.24,False,False,False,88.8,24.8,[],1.0
4a5c93ee-09b6-4571-be6d-a66510553608,1.0,acme-mining,site-02,fleet_telemetry,ACME-S02-TRUCK-027,haul_truck,2026-09-01T20:18:18.253Z,5,-16.595352,-71.519033,241.6,0.7,Pit-A,cycle-acme-s02-truck-027-00002,loading,220.8,240.0,375688.92,78.1,True,True,20248.81,317646.71,False,False,False,94.6,24.6,[],1.0
1727c07c-06c8-48d6-8344-153be0e9a408,1.0,acme-mining,site-02,fleet_telemetry,ACME-S02-TRUCK-028,haul_truck,2026-09-01T20:18:18.253Z,5,-16.585972,-71.599723,260.9,0.5,Pit-A,cycle-acme-s02-truck-028-00002,loading,217.1,240.0,251474.17,75.9,True,True,6225.59,546026.84,False,False,False,94.7,25.0,[],1.0
6e2619b6-5d52-4538-a5f9-babe39cddd00,1.0,acme-mining,site-02,fleet_telemetry,ACME-S02-TRUCK-029,haul_truck,2026-09-01T20:18:18.253Z,5,-16.66035,-71.48364,335.6,1.4,Pit-A,cycle-acme-s02-truck-029-00002,loading,227.8,240.0,291139.06,68.6,True,True,3383.19,170217.0,False,False,False,91.7,23.9,[],1.0
8fa8874b-572b-4585-a340-39d193883e92,1.0,acme-mining,site-02,fleet_telemetry,ACME-S02-TRUCK-030,haul_truck,2026-09-01T20:18:18.253Z,5,-16.601706,-71.51912,349.2,1.2,Pit-A,cycle-acme-s02-truck-030-00002,loading,227.2,240.0,116453.08,35.0,True,True,1148.44,344686.81,False,False,False,108.4,24.1,"[""ENG_OVERHEAT""]",0.72
ce59f144-5e05-48de-a59c-0c37665aa7a9,1.0,acme-mining,site-02,fleet_telemetry,ACME-S02-TRUCK-031,haul_truck,2026-09-01T20:18:18.253Z,5,-16.51788,-71.530474,128.8,0.7,Pit-A,cycle-acme-s02-truck-031-00002,loading,217.6,240.0,240333.51,50.2,True,True,4771.06,440975.5,False,False,False,95.3,25.1,[],1.0
46f7610b-e4c6-4b71-829a-d0293a170b1c,1.0,acme-mining,site-02,fleet_telemetry,ACME-S02-TRUCK-032,haul_truck,2026-09-01T20:18:18.253Z,5,-16.513429,-71.576897,333.7,0.3,Pit-A,cycle-acme-s02-truck-032-00002,loading,220.8,240.0,216859.74,69.5,True,True,12548.03,265985.95,False,False,False,90.7,24.4,[],1.0
7de4d346-5609-4f96-82ea-770b50806c74,1.0,acme-mining,site-02,fleet_telemetry,ACME-S02-TRUCK-033,haul_truck,2026-09-01T20:18:18.253Z,5,-16.552758,-71.564296,28.3,0.3,Pit-A,cycle-acme-s02-truck-033-00002,loading,226.9,240.0,286433.37,79.0,True,True,8109.82,481752.95,False,False,False,92.8,24.0,[],1.0
6ef88e83-5223-4a15-b2ba-2c94df6bd7fe,1.0,acme-mining,site-02,fleet_telemetry,ACME-S02-TRUCK-034,haul_truck,2026-09-01T20:18:18.253Z,5,-16.513465,-71.540939,352.5,0.6,Pit-A,cycle-acme-s02-truck-034-00002,loading,221.1,240.0,375369.11,72.9,True,True,7977.21,424961.33,False,False,False,94.3,24.2,[],1.0
b0918af0-5819-45f6-a822-4617db828d5b,1.0,acme-mining,site-02,fleet_telemetry,ACME-S02-TRUCK-035,haul_truck,2026-09-01T20:18:18.253Z,5,-16.663371,-71.585601,68.5,0.7,Pit-A,cycle-acme-s02-truck-035-00002,loading,227.7,240.0,211379.32,45.5,True,True,2137.74,509000.05,False,False,False,89.8,24.4,[],1.0
86e44e05-ddc0-4e80-86af-9fb30bd1e71f,1.0,acme-mining,site-02,fleet_telemetry,ACME-S02-TRUCK-036,haul_truck,2026-09-01T20:18:18.253Z,5,-16.549895,-71.586939,261.3,1.3,Pit-A,cycle-acme-s02-truck-036-00002,loading,219.7,240.0,248933.81,42.7,True,True,11726.14,643147.41,False,False,False,91.9,24.0,[],1.0
9022b056-b2cb-4df7-b2aa-b9d87abe4cf6,1.0,acme-mining,site-02,fleet_telemetry,ACME-S02-TRUCK-037,haul_truck,2026-09-01T20:18:18.253Z,5,-16.528066,-71.498569,294.2,0.9,Pit-A,cycle-acme-s02-truck-037-00002,loading,226.4,240.0,64769.31,50.7,True,True,19154.93,229112.66,False,False,False,106.4,24.4,"[""ENG_OVERHEAT""]",0.72
b2ed9411-fdb0-42e5-ac57-f94523cf060d,1.0,acme-mining,site-02,fleet_telemetry,ACME-S02-TRUCK-038,haul_truck,2026-09-01T20:18:18.253Z,5,-16.54281,-71.574845,299.4,0.4,Pit-A,cycle-acme-s02-truck-038-00002,loading,221.4,240.0,314510.44,50.7,True,True,7987.58,137694.92,False,False,False,92.8,24.4,[],1.0
99d55a6a-7685-45f8-b148-e55868c817f1,1.0,acme-mining,site-02,fleet_telemetry,ACME-S02-TRUCK-039,haul_truck,2026-09-01T20:18:18.253Z,5,-16.61898,-71.604684,179.8,0.8,Pit-A,cycle-acme-s02-truck-039-00002,loading,226.9,240.0,371830.47,63.2,True,True,2473.26,399545.67,False,False,False,93.4,24.5,[],1.0
a2897894-dd42-4d7f-b2ee-3321569acfd1,1.0,acme-mining,site-02,fleet_telemetry,ACME-S02-TRUCK-040,haul_truck,2026-09-01T20:18:18.253Z,5,-16.598852,-71.501214,316.1,1.4,Pit-A,cycle-acme-s02-truck-040-00002,loading,226.0,240.0,83324.0,56.0,True,True,10253.42,472127.72,False,False,False,92.4,25.1,[],1.0
c7d03ca8-13a5-4b32-be78-56b72dec9786,1.0,acme-mining,site-02,fleet_telemetry,ACME-S02-TRUCK-041,haul_truck,2026-09-01T20:18:18.253Z,5,-16.568412,-71.559332,186.9,0.9,Pit-A,cycle-acme-s02-truck-041-00002,loading,217.2,240.0,427078.23,30.2,True,True,6620.58,637417.28,False,False,False,87.9,25.2,[],1.0
ae01dee9-7860-4055-bd7e-fab13630c632,1.0,acme-mining,site-02,fleet_telemetry,ACME-S02-TRUCK-042,haul_truck,2026-09-01T20:18:18.253Z,5,-16.664864,-71.606736,263.2,0.3,Pit-A,cycle-acme-s02-truck-042-00002,loading,224.8,240.0,277332.38,79.7,True,True,20999.14,109951.16,False,False,False,90.9,24.6,[],1.0
30b30a38-0678-4424-b7d8-12d753520f79,1.0,acme-mining,site-02,fleet_telemetry,ACME-S02-TRUCK-043,haul_truck,2026-09-01T20:18:18.253Z,5,-16.598401,-71.55814,194.1,0.4,Pit-A,cycle-acme-s02-truck-043-00002,loading,225.9,240.0,24249.85,35.7,True,True,8477.6,618164.37,False,False,False,94.7,25.0,[],1.0
4654af8c-0d9c-41c6-8545-bf27027986e1,1.0,acme-mining,site-02,fleet_telemetry,ACME-S02-TRUCK-044,haul_truck,2026-09-01T20:18:18.253Z,5,-16.630428,-71.599364,10.5,1.3,Pit-A,cycle-acme-s02-truck-044-00002,loading,224.2,240.0,185135.28,70.4,True,True,12967.15,353559.86,False,False,False,89.2,24.1,[],1.0
03cf8a39-2dd8-436e-bc81-916337253f43,1.0,acme-mining,site-02,fleet_telemetry,ACME-S02-TRUCK-045,haul_truck,2026-09-01T20:18:18.253Z,5,-16.55775,-71.583166,211.8,1.1,Pit-A,cycle-acme-s02-truck-045-00002,loading,216.3,240.0,61815.14,79.2,True,True,11776.21,595531.86,False,False,False,93.9,24.8,[],1.0
35213721-0843-4708-97e9-1e6247a73fca,1.0,acme-mining,site-02,fleet_telemetry,ACME-S02-TRUCK-046,haul_truck,2026-09-01T20:18:18.253Z,5,-16.556261,-71.457937,252.0,0.6,Pit-A,cycle-acme-s02-truck-046-00002,loading,227.9,240.0,42583.2,37.1,True,True,5043.79,105509.01,False,False,False,90.5,24.4,[],1.0
637aa630-2372-445e-ba2e-12e114050698,1.0,acme-mining,site-02,fleet_telemetry,ACME-S02-TRUCK-047,haul_truck,2026-09-01T20:18:18.253Z,5,-16.622422,-71.592302,52.7,1.4,Pit-A,cycle-acme-s02-truck-047-00002,loading,220.9,240.0,251999.05,45.3,True,True,14958.21,467010.6,False,False,False,93.8,24.9,[],1.0
f6daa93d-9902-4281-a4e4-17687a825143,1.0,acme-mining,site-02,fleet_telemetry,ACME-S02-TRUCK-048,haul_truck,2026-09-01T20:18:18.253Z,5,-16.648173,-71.491033,64.9,0.5,Pit-A,cycle-acme-s02-truck-048-00002,loading,222.5,240.0,63399.78,39.0,True,True,17626.37,340516.23,False,False,False,113.6,24.7,"[""ENG_OVERHEAT""]",0.72
4b891376-72be-4d84-aff0-9193bca7dfed,1.0,acme-mining,site-02,fleet_telemetry,ACME-S02-TRUCK-049,haul_truck,2026-09-01T20:18:18.253Z,5,-16.52893,-71.606962,237.4,0.5,Pit-A,cycle-acme-s02-truck-049-00002,loading,227.9,240.0,442525.56,34.1,True,True,12932.29,314465.76,False,False,False,92.8,23.8,[],1.0
8743b020-eaea-49b1-ba8b-b4faff53093d,1.0,acme-mining,site-02,fleet_telemetry,ACME-S02-TRUCK-050,haul_truck,2026-09-01T20:18:18.253Z,5,-16.514816,-71.514696,145.7,0.5,Pit-A,cycle-acme-s02-truck-050-00002,loading,227.2,240.0,372269.64,30.1,True,True,11944.75,504573.76,False,False,False,92.9,24.0,[],1.0
321312cd-c99e-47ad-9f38-8d6e7d8ef926,1.0,acme-mining,site-02,fleet_telemetry,ACME-S02-TRUCK-051,haul_truck,2026-09-01T20:18:18.253Z,5,-16.641293,-71.462871,205.4,0.1,Pit-A,cycle-acme-s02-truck-051-00002,loading,227.2,240.0,353315.99,69.8,True,True,8103.72,573114.99,False,False,False,86.7,24.3,[],1.0
5a87bbbe-cf98-4589-915e-e1e1be16a629,1.0,acme-mining,site-02,fleet_telemetry,ACME-S02-TRUCK-052,haul_truck,2026-09-01T20:18:18.253Z,5,-16.520818,-71.581443,212.6,0.6,Pit-A,cycle-acme-s02-truck-052-00002,loading,223.1,240.0,143815.1,36.3,True,True,18425.49,346404.41,False,False,False,86.4,24.9,[],1.0
e9837aed-04d6-470d-8752-48750b30557a,1.0,acme-mining,site-02,fleet_telemetry,ACME-S02-TRUCK-053,haul_truck,2026-09-01T20:18:18.253Z,5,-16.582271,-71.59746,196.8,0.4,Pit-A,cycle-acme-s02-truck-053-00002,loading,223.3,240.0,120266.64,69.4,True,True,19772.44,552938.32,False,False,False,88.9,23.8,[],1.0
2557913a-3906-457c-80b4-70ed4d7572e2,1.0,acme-mining,site-02,fleet_telemetry,ACME-S02-TRUCK-054,haul_truck,2026-09-01T20:18:18.253Z,5,-16.643015,-71.5176,12.2,0.2,Pit-A,cycle-acme-s02-truck-054-00002,loading,216.5,240.0,270396.02,65.6,True,True,2780.69,423822.17,False,False,False,89.3,24.6,[],1.0
2ba7f430-caf9-453e-bb9b-cdfd7a686855,1.0,acme-mining,site-02,fleet_telemetry,ACME-S02-TRUCK-055,haul_truck,2026-09-01T20:18:18.253Z,5,-16.66315,-71.514875,215.3,1.1,Pit-A,cycle-acme-s02-truck-055-00002,loading,222.5,240.0,373104.26,27.0,True,True,18661.64,375079.5,False,False,False,95.8,24.8,[],1.0
1d1734da-37b5-40aa-9a60-16a5ac61b325,1.0,acme-mining,site-02,fleet_telemetry,ACME-S02-TRUCK-056,haul_truck,2026-09-01T20:18:18.253Z,5,-16.570066,-71.571157,121.5,0.8,Pit-A,cycle-acme-s02-truck-056-00002,loading,217.6,240.0,291156.43,59.8,True,True,17059.54,282449.79,False,False,False,94.8,24.8,[],1.0
ca94eddb-9f72-4661-80af-c177e4275d2b,1.0,acme-mining,site-02,fleet_telemetry,ACME-S02-TRUCK-057,haul_truck,2026-09-01T20:18:18.253Z,5,-16.560244,-71.592221,162.6,0.8,Pit-A,cycle-acme-s02-truck-057-00002,loading,223.8,240.0,188681.01,56.7,True,True,5991.42,528630.15,False,False,False,88.8,24.6,[],1.0
7ba00223-6678-40fc-826e-9894083318b0,1.0,acme-mining,site-02,fleet_telemetry,ACME-S02-TRUCK-058,haul_truck,2026-09-01T20:18:18.253Z,5,-16.552934,-71.479763,158.9,0.7,Pit-A,cycle-acme-s02-truck-058-00002,loading,227.0,240.0,147536.6,75.3,True,True,5125.29,402196.05,False,False,False,93.0,24.3,[],1.0
a722f52e-2606-4cbd-9a42-eb461db3a1d6,1.0,acme-mining,site-02,fleet_telemetry,ACME-S02-TRUCK-059,haul_truck,2026-09-01T20:18:18.253Z,5,-16.650793,-71.545579,70.5,0.3,Pit-A,cycle-acme-s02-truck-059-00002,loading,220.8,240.0,56721.23,41.9,True,True,16926.1,344437.57,False,False,False,89.9,24.9,[],1.0
753b63e4-e25d-4ed4-9096-47454b2470f8,1.0,acme-mining,site-02,fleet_telemetry,ACME-S02-TRUCK-060,haul_truck,2026-09-01T20:18:18.253Z,5,-16.531947,-71.591951,346.8,1.0,Pit-A,cycle-acme-s02-truck-060-00002,loading,223.4,240.0,280766.38,42.4,True,True,6952.5,262014.49,False,False,False,113.0,23.9,"[""ENG_OVERHEAT""]",0.72
5e107d3d-cdce-47d4-b34d-737955cc2706,1.0,acme-mining,site-02,fleet_telemetry,ACME-S02-TRUCK-061,haul_truck,2026-09-01T20:18:18.253Z,5,-16.595714,-71.476864,138.4,0.9,Pit-A,cycle-acme-s02-truck-061-00002,loading,221.9,240.0,80110.96,94.7,True,True,16087.93,139595.58,False,False,False,91.3,24.0,[],1.0
40f86478-0231-4720-a1f3-287e2d680e37,1.0,acme-mining,site-02,fleet_telemetry,ACME-S02-TRUCK-062,haul_truck,2026-09-01T20:18:18.253Z,5,-16.613936,-71.609419,55.4,0.9,Pit-A,cycle-acme-s02-truck-062-00002,loading,222.1,240.0,435342.42,40.0,True,True,20838.94,338430.11,False,False,False,93.2,25.0,[],1.0
db32afa9-f045-435a-b1c0-49b02694a9a5,1.0,acme-mining,site-02,fleet_telemetry,ACME-S02-TRUCK-063,haul_truck,2026-09-01T20:18:18.253Z,5,-16.62808,-71.558968,284.5,0.5,Pit-A,cycle-acme-s02-truck-063-00002,loading,221.9,240.0,57299.02,34.4,True,True,6857.87,25151.87,False,False,False,93.5,24.5,[],1.0
09fb5aa6-600b-4c5d-aa24-cb1260aa2724,1.0,acme-mining,site-02,fleet_telemetry,ACME-S02-TRUCK-064,haul_truck,2026-09-01T20:18:18.253Z,5,-16.658616,-71.536804,132.7,1.0,Pit-A,cycle-acme-s02-truck-064-00002,loading,223.7,240.0,95648.64,63.7,True,True,9292.34,379277.53,False,False,False,113.1,24.8,"[""ENG_OVERHEAT""]",0.72
2c746c49-f52d-4f91-8877-8cff34625293,1.0,acme-mining,site-02,fleet_telemetry,ACME-S02-TRUCK-065,haul_truck,2026-09-01T20:18:18.253Z,5,-16.654914,-71.557756,140.4,1.3,Pit-A,cycle-acme-s02-truck-065-00002,loading,226.4,240.0,278859.28,34.0,True,True,18296.61,412642.3,False,False,False,93.6,24.8,[],1.0
bfe9dba1-a595-4726-b546-3f4238218c53,1.0,acme-mining,site-02,fleet_telemetry,ACME-S02-TRUCK-066,haul_truck,2026-09-01T20:18:18.253Z,5,-16.590405,-71.610277,60.4,0.5,Pit-A,cycle-acme-s02-truck-066-00002,loading,216.5,240.0,97585.77,60.6,True,True,20705.72,495628.13,False,False,False,92.7,25.1,[],1.0
99afd2e0-a221-47e8-9da9-816a665b01af,1.0,acme-mining,site-02,fleet_telemetry,ACME-S02-TRUCK-067,haul_truck,2026-09-01T20:18:18.253Z,5,-16.648054,-71.468486,65.7,0.3,Pit-A,cycle-acme-s02-truck-067-00002,loading,226.2,240.0,75534.2,87.5,True,True,17844.08,347179.72,False,False,False,88.7,24.5,[],1.0
fdb64433-31f5-4392-9387-3f46906d24a1,1.0,acme-mining,site-02,fleet_telemetry,ACME-S02-TRUCK-068,haul_truck,2026-09-01T20:18:18.253Z,5,-16.537899,-71.532328,220.0,0.7,Pit-A,cycle-acme-s02-truck-068-00002,loading,217.7,240.0,141663.41,48.5,True,True,21801.06,485771.29,False,False,False,94.3,24.1,[],1.0
fae0c117-a5a4-4216-b5eb-10bf6d35c914,1.0,acme-mining,site-02,fleet_telemetry,ACME-S02-TRUCK-069,haul_truck,2026-09-01T20:18:18.253Z,5,-16.603746,-71.568274,304.7,0.4,Pit-A,cycle-acme-s02-truck-069-00002,loading,224.2,240.0,155745.72,32.6,True,True,10867.73,30481.37,False,False,False,93.4,24.9,[],1.0
7bdf00f7-9049-48e3-a56c-28cc8f0f9272,1.0,acme-mining,site-02,fleet_telemetry,ACME-S02-TRUCK-070,haul_truck,2026-09-01T20:18:18.253Z,5,-16.577857,-71.581101,324.5,1.2,Pit-A,cycle-acme-s02-truck-070-00002,loading,227.3,240.0,298460.33,93.0,True,True,13454.49,187284.25,False,False,False,91.5,24.6,[],1.0
dfee739e-5701-45e0-a2a7-1570306faf24,1.0,acme-mining,site-02,fleet_telemetry,ACME-S02-TRUCK-071,haul_truck,2026-09-01T20:18:18.253Z,5,-16.646753,-71.508592,329.7,0.2,Pit-A,cycle-acme-s02-truck-071-00002,loading,219.1,240.0,282684.06,83.9,True,True,4414.86,416285.99,False,False,False,92.8,24.1,[],1.0
f142b55e-da77-4f67-bceb-44021c407440,1.0,acme-mining,site-02,fleet_telemetry,ACME-S02-TRUCK-072,haul_truck,2026-09-01T20:18:18.253Z,5,-16.63778,-71.537201,340.1,1.1,Pit-A,cycle-acme-s02-truck-072-00002,loading,227.2,240.0,194263.63,53.9,True,True,4844.63,297854.38,False,False,False,87.8,24.3,[],1.0
ac5237e9-3dce-4319-a242-a5c1052b8387,1.0,acme-mining,site-02,fleet_telemetry,ACME-S02-TRUCK-073,haul_truck,2026-09-01T20:18:18.253Z,5,-16.637236,-71.565494,250.0,1.5,Pit-A,cycle-acme-s02-truck-073-00002,loading,227.4,240.0,37404.07,34.6,True,True,19303.74,483577.57,False,False,False,88.2,24.3,[],1.0
d017d7dc-4f26-4a49-a0ee-9967affdda93,1.0,acme-mining,site-02,fleet_telemetry,ACME-S02-TRUCK-074,haul_truck,2026-09-01T20:18:18.253Z,5,-16.582999,-71.509357,338.2,0.9,Pit-A,cycle-acme-s02-truck-074-00002,loading,217.2,240.0,212252.26,62.3,True,True,8788.69,622711.97,False,False,False,94.6,23.9,[],1.0
6ec58b1a-b458-439a-a0de-cfa17c05f966,1.0,acme-mining,site-02,fleet_telemetry,ACME-S02-TRUCK-075,haul_truck,2026-09-01T20:18:18.253Z,5,-16.634438,-71.461821,186.8,1.1,Pit-A,cycle-acme-s02-truck-075-00002,loading,216.3,240.0,118468.72,64.0,True,True,13733.63,141126.52,False,False,False,92.5,25.1,[],1.0
fce93f24-737f-4c1b-92ac-f57a7bae3931,1.0,acme-mining,site-02,fleet_telemetry,ACME-S02-TRUCK-076,haul_truck,2026-09-01T20:18:18.253Z,5,-16.58072,-71.467977,175.5,1.4,Pit-A,cycle-acme-s02-truck-076-00002,loading,216.2,240.0,225161.66,58.6,True,True,15743.91,454851.23,False,False,False,89.2,24.8,[],1.0
a4f108b7-aeca-419e-8179-5ce97d650238,1.0,acme-mining,site-02,fleet_telemetry,ACME-S02-TRUCK-077,haul_truck,2026-09-01T20:18:18.253Z,5,-16.539432,-71.464773,43.2,1.2,Pit-A,cycle-acme-s02-truck-077-00002,loading,218.3,240.0,177065.74,93.6,True,True,3383.74,446272.11,False,False,False,92.3,24.7,[],1.0
5da79e82-421c-463d-ba78-3d10c20c98b6,1.0,acme-mining,site-02,fleet_telemetry,ACME-S02-TRUCK-078,haul_truck,2026-09-01T20:18:18.253Z,5,-16.565444,-71.497921,173.2,0.8,Pit-A,cycle-acme-s02-truck-078-00002,loading,227.1,240.0,44773.25,89.7,True,True,1691.82,621847.71,False,False,False,87.1,24.5,[],1.0
d5af241f-f5ea-4c87-b531-3533df3215bf,1.0,acme-mining,site-02,fleet_telemetry,ACME-S02-TRUCK-079,haul_truck,2026-09-01T20:18:18.253Z,5,-16.55187,-71.579195,96.9,0.1,Pit-A,cycle-acme-s02-truck-079-00002,loading,224.5,240.0,129513.75,32.6,True,True,6548.02,374071.45,False,False,False,91.8,23.9,[],1.0
03ae899c-b80e-48a1-bf01-a3b6b8979a6b,1.0,acme-mining,site-02,fleet_telemetry,ACME-S02-TRUCK-080,haul_truck,2026-09-01T20:18:18.253Z,5,-16.594795,-71.508501,163.3,1.3,Pit-A,cycle-acme-s02-truck-080-00002,loading,219.7,240.0,54087.4,48.1,True,True,5584.25,166687.16,False,False,False,89.3,24.3,[],1.0
6b2504e6-3550-4f56-90fc-0c24454aad28,1.0,beta-minerals,north-site,fleet_telemetry,BETA-NORTH-TRUCK-001,haul_truck,2026-09-01T20:18:18.253Z,5,-16.562051,-71.591173,72.7,1.3,Pit-A,cycle-beta-north-truck-001-00002,loading,228.0,240.0,383639.51,70.3,True,True,17975.95,92503.83,False,False,False,93.7,24.2,[],1.0
6ca48b09-2be2-4d7c-939a-b8497db30000,1.0,beta-minerals,north-site,fleet_telemetry,BETA-NORTH-TRUCK-002,haul_truck,2026-09-01T20:18:18.253Z,5,-16.596474,-71.489844,307.8,0.5,Pit-A,cycle-beta-north-truck-002-00002,loading,223.7,240.0,155635.75,54.8,True,True,11739.08,367703.6,False,False,False,94.1,24.6,[],1.0
276aebe3-2144-46ee-9633-fe2a481d2fd0,1.0,beta-minerals,north-site,fleet_telemetry,BETA-NORTH-TRUCK-003,haul_truck,2026-09-01T20:18:18.253Z,5,-16.638794,-71.522754,75.6,0.2,Pit-A,cycle-beta-north-truck-003-00002,loading,226.0,240.0,22844.9,68.0,True,True,14378.16,292244.8,False,False,False,87.6,24.8,[],1.0
89b905ba-c996-4d54-97b0-d0f3de9fd6b8,1.0,beta-minerals,north-site,fleet_telemetry,BETA-NORTH-TRUCK-004,haul_truck,2026-09-01T20:18:18.253Z,5,-16.654131,-71.477974,207.7,1.3,Pit-A,cycle-beta-north-truck-004-00002,loading,216.3,240.0,365841.41,29.4,True,True,5162.64,493965.15,False,False,False,87.5,24.9,[],1.0
ae1ca055-966e-4549-aa52-2b934a4603e2,1.0,beta-minerals,north-site,fleet_telemetry,BETA-NORTH-TRUCK-005,haul_truck,2026-09-01T20:18:18.253Z,5,-16.51584,-71.567393,109.0,1.1,Pit-A,cycle-beta-north-truck-005-00002,loading,220.2,240.0,305108.93,59.2,True,True,4977.98,91791.73,False,False,False,86.2,24.5,[],1.0
178400df-1846-4baf-a012-79f63a89ab48,1.0,beta-minerals,north-site,fleet_telemetry,BETA-NORTH-TRUCK-006,haul_truck,2026-09-01T20:18:18.253Z,5,-16.540212,-71.504518,70.7,1.0,Pit-A,cycle-beta-north-truck-006-00002,loading,218.3,240.0,382028.14,68.2,True,True,13244.51,239192.63,False,False,False,92.1,23.8,[],1.0
6ca6087c-423d-4ca9-bfdd-41a43cbf993b,1.0,beta-minerals,north-site,fleet_telemetry,BETA-NORTH-TRUCK-007,haul_truck,2026-09-01T20:18:18.253Z,5,-16.64113,-71.506549,33.4,0.6,Pit-A,cycle-beta-north-truck-007-00002,loading,218.5,240.0,61859.43,46.4,True,True,2596.75,104387.2,False,False,False,91.9,25.2,[],1.0
2258ab97-3310-4423-bb02-70ac1dd7dd19,1.0,beta-minerals,north-site,fleet_telemetry,BETA-NORTH-TRUCK-008,haul_truck,2026-09-01T20:18:18.253Z,5,-16.584435,-71.470433,42.5,0.2,Pit-A,cycle-beta-north-truck-008-00002,loading,217.8,240.0,196137.37,59.0,True,True,13444.23,382127.93,False,False,False,107.9,24.8,"[""ENG_OVERHEAT""]",0.72
9a79d1a1-1db2-422e-9213-ba07f143e979,1.0,beta-minerals,north-site,fleet_telemetry,BETA-NORTH-TRUCK-009,haul_truck,2026-09-01T20:18:18.253Z,5,-16.598252,-71.608927,19.3,1.1,Pit-A,cycle-beta-north-truck-009-00002,loading,221.6,240.0,71730.78,47.0,True,True,12564.15,328474.58,False,False,False,92.6,24.6,[],1.0
dbcec363-76f0-4d4d-ac5e-fecbf26d82d8,1.0,beta-minerals,north-site,fleet_telemetry,BETA-NORTH-TRUCK-010,haul_truck,2026-09-01T20:18:18.253Z,5,-16.565907,-71.552008,46.6,1.1,Pit-A,cycle-beta-north-truck-010-00002,loading,217.4,240.0,178935.74,64.3,True,True,11073.72,142931.06,False,False,False,90.0,24.1,[],1.0
0e223e3b-0183-4b15-b073-b262d9d19b3b,1.0,beta-minerals,north-site,fleet_telemetry,BETA-NORTH-TRUCK-011,haul_truck,2026-09-01T20:18:18.253Z,5,-16.623631,-71.573545,238.2,0.2,Pit-A,cycle-beta-north-truck-011-00002,loading,221.4,240.0,23579.01,78.2,True,True,11160.44,72082.59,False,False,False,93.2,25.1,[],1.0
6c7fad2b-40fd-47df-a657-87f8c549b9db,1.0,beta-minerals,north-site,fleet_telemetry,BETA-NORTH-TRUCK-012,haul_truck,2026-09-01T20:18:18.253Z,5,-16.588657,-71.525844,262.6,1.1,Pit-A,cycle-beta-north-truck-012-00002,loading,218.4,240.0,349921.26,59.6,True,True,17351.7,376359.88,False,False,False,92.2,23.9,[],1.0
b4fa6cf2-96a4-4f11-b51b-77180840d4a3,1.0,beta-minerals,north-site,fleet_telemetry,BETA-NORTH-TRUCK-013,haul_truck,2026-09-01T20:18:18.253Z,5,-16.555339,-71.530077,237.7,0.9,Pit-A,cycle-beta-north-truck-013-00002,loading,220.0,240.0,371949.11,27.9,True,True,18253.6,251122.99,False,False,False,91.4,24.4,[],1.0
9ad06f48-033a-4eea-b22f-41c6c00d839e,1.0,beta-minerals,north-site,fleet_telemetry,BETA-NORTH-TRUCK-014,haul_truck,2026-09-01T20:18:18.253Z,5,-16.665232,-71.575458,275.1,1.3,Pit-A,cycle-beta-north-truck-014-00002,loading,225.3,240.0,118914.22,86.2,True,True,16402.97,431813.28,False,False,False,87.0,24.2,[],1.0
a5658bd3-dece-4c96-a980-155d7ee09ae5,1.0,beta-minerals,north-site,fleet_telemetry,BETA-NORTH-TRUCK-015,haul_truck,2026-09-01T20:18:18.253Z,5,-16.540712,-71.523455,225.1,0.2,Pit-A,cycle-beta-north-truck-015-00002,loading,225.5,240.0,351278.23,41.6,True,True,10108.29,646193.45,False,False,False,92.8,24.0,[],1.0
0298a399-e227-48eb-8f74-61e952a6c2cd,1.0,beta-minerals,north-site,fleet_telemetry,BETA-NORTH-TRUCK-016,haul_truck,2026-09-01T20:18:18.253Z,5,-16.660907,-71.561382,103.2,0.5,Pit-A,cycle-beta-north-truck-016-00002,loading,224.0,240.0,100912.95,39.5,True,True,4318.82,107718.12,False,False,False,107.4,24.0,"[""ENG_OVERHEAT""]",0.72
880989c8-b7ce-4dc5-8dd0-4ff73e5b5022,1.0,beta-minerals,north-site,fleet_telemetry,BETA-NORTH-TRUCK-017,haul_truck,2026-09-01T20:18:18.253Z,5,-16.518015,-71.535209,348.3,1.3,Pit-A,cycle-beta-north-truck-017-00002,loading,224.4,240.0,138759.57,65.1,True,True,4369.61,636770.2,False,False,False,89.7,24.8,[],1.0
073de30a-7714-4cc0-8899-48e186d14a5f,1.0,beta-minerals,north-site,fleet_telemetry,BETA-NORTH-TRUCK-018,haul_truck,2026-09-01T20:18:18.253Z,5,-16.626038,-71.512535,289.8,1.3,Pit-A,cycle-beta-north-truck-018-00002,loading,224.9,240.0,191102.64,29.1,True,True,3674.49,492559.39,False,False,False,92.6,24.1,[],1.0
16c088a0-76a2-403a-b155-c6938e20a767,1.0,beta-minerals,north-site,fleet_telemetry,BETA-NORTH-TRUCK-019,haul_truck,2026-09-01T20:18:18.253Z,5,-16.562186,-71.539197,178.7,1.0,Pit-A,cycle-beta-north-truck-019-00002,loading,217.5,240.0,374532.3,78.3,True,True,6093.16,468178.89,False,False,False,92.9,23.8,[],1.0
aed4d148-345e-4874-b10b-d662c6b7577a,1.0,beta-minerals,north-site,fleet_telemetry,BETA-NORTH-TRUCK-020,haul_truck,2026-09-01T20:18:18.253Z,5,-16.547395,-71.553044,152.5,0.1,Pit-A,cycle-beta-north-truck-020-00002,loading,217.4,240.0,43227.46,80.6,True,True,14109.64,256358.66,False,False,False,88.8,24.3,[],1.0
80fc967f-7aad-4d67-90c3-e492e2ca4416,1.0,beta-minerals,north-site,fleet_telemetry,BETA-NORTH-TRUCK-021,haul_truck,2026-09-01T20:18:18.253Z,5,-16.534817,-71.602607,76.3,0.5,Pit-A,cycle-beta-north-truck-021-00002,loading,219.7,240.0,266060.74,85.8,True,True,10439.55,327468.12,False,False,False,95.2,23.8,[],1.0
3965d47e-2ec8-4547-ae97-1724554d43db,1.0,beta-minerals,north-site,fleet_telemetry,BETA-NORTH-TRUCK-022,haul_truck,2026-09-01T20:18:18.253Z,5,-16.538439,-71.538358,356.3,1.4,Pit-A,cycle-beta-north-truck-022-00002,loading,225.3,240.0,184995.28,92.7,True,True,18822.26,521277.2,False,False,False,86.3,25.1,[],1.0
b4c79013-e38b-43cf-ab0e-501a166d603f,1.0,beta-minerals,north-site,fleet_telemetry,BETA-NORTH-TRUCK-023,haul_truck,2026-09-01T20:18:18.253Z,5,-16.615437,-71.508271,178.1,0.6,Pit-A,cycle-beta-north-truck-023-00002,loading,217.9,240.0,259102.83,58.9,True,True,7960.42,384098.28,False,False,False,88.3,23.9,[],1.0
c2bbbe3e-8ee6-4d9d-b60a-81105b3c8289,1.0,beta-minerals,north-site,fleet_telemetry,BETA-NORTH-TRUCK-024,haul_truck,2026-09-01T20:18:18.253Z,5,-16.645118,-71.544437,155.2,0.9,Pit-A,cycle-beta-north-truck-024-00002,loading,224.6,240.0,17164.1,90.0,True,True,14075.01,547122.47,False,False,False,95.6,25.0,[],1.0
0df63e6e-2d20-463f-b928-3bad1e6d2753,1.0,beta-minerals,north-site,fleet_telemetry,BETA-NORTH-TRUCK-025,haul_truck,2026-09-01T20:18:18.253Z,5,-16.644968,-71.468269,234.0,0.0,Pit-A,cycle-beta-north-truck-025-00002,loading,217.5,240.0,68042.06,70.5,True,True,5089.15,453812.98,False,False,False,88.8,25.1,[],1.0
a66b8a78-37e5-43d1-9f65-1db8fe012531,1.0,beta-minerals,north-site,fleet_telemetry,BETA-NORTH-TRUCK-026,haul_truck,2026-09-01T20:18:18.253Z,5,-16.60698,-71.568633,246.3,0.5,Pit-A,cycle-beta-north-truck-026-00002,loading,226.4,240.0,407672.42,36.6,True,True,6108.26,254261.67,False,False,False,94.3,24.7,[],1.0
1b917fc5-25e2-4134-b11c-409927695af0,1.0,beta-minerals,north-site,fleet_telemetry,BETA-NORTH-TRUCK-027,haul_truck,2026-09-01T20:18:18.253Z,5,-16.657921,-71.522525,44.9,0.3,Pit-A,cycle-beta-north-truck-027-00002,loading,219.4,240.0,51881.12,39.9,True,True,9899.7,77455.6,False,False,False,88.5,24.7,[],1.0
072d9a8d-4592-4440-971b-05b9595d56ff,1.0,beta-minerals,north-site,fleet_telemetry,BETA-NORTH-TRUCK-028,haul_truck,2026-09-01T20:18:18.253Z,5,-16.602814,-71.596345,230.3,1.4,Pit-A,cycle-beta-north-truck-028-00002,loading,222.0,240.0,369528.27,94.1,True,True,996.89,458226.27,False,False,False,95.1,24.3,[],1.0
8e2cf48e-8de5-4684-84f7-e5d916cfef48,1.0,beta-minerals,north-site,fleet_telemetry,BETA-NORTH-TRUCK-029,haul_truck,2026-09-01T20:18:18.253Z,5,-16.622519,-71.556264,243.7,1.3,Pit-A,cycle-beta-north-truck-029-00002,loading,216.8,240.0,55408.98,50.7,True,True,2693.83,527752.91,False,False,False,90.4,25.2,[],1.0
1c667b46-8b5a-46e7-b049-acc6f0356288,1.0,beta-minerals,north-site,fleet_telemetry,BETA-NORTH-TRUCK-030,haul_truck,2026-09-01T20:18:18.253Z,5,-16.572725,-71.59123,172.6,0.6,Pit-A,cycle-beta-north-truck-030-00002,loading,218.1,240.0,40101.41,64.4,True,True,14401.42,446596.44,False,False,False,88.5,23.9,[],1.0
13ae2360-fdfe-48e3-8447-886d0dab27b1,1.0,beta-minerals,north-site,fleet_telemetry,BETA-NORTH-TRUCK-031,haul_truck,2026-09-01T20:18:18.253Z,5,-16.532797,-71.603619,199.7,1.3,Pit-A,cycle-beta-north-truck-031-00002,loading,221.2,240.0,191152.66,73.0,True,True,14115.3,115365.79,False,False,False,87.1,24.9,[],1.0
370c7e18-d165-4503-894b-45d20b95cdf5,1.0,beta-minerals,north-site,fleet_telemetry,BETA-NORTH-TRUCK-032,haul_truck,2026-09-01T20:18:18.253Z,5,-16.648032,-71.573196,328.0,1.2,Pit-A,cycle-beta-north-truck-032-00002,loading,216.5,240.0,433829.74,47.0,True,True,13298.97,261940.2,False,False,False,86.3,24.9,[],1.0
a9706a03-8c7f-4441-be68-b103768984d9,1.0,beta-minerals,north-site,fleet_telemetry,BETA-NORTH-TRUCK-033,haul_truck,2026-09-01T20:18:18.253Z,5,-16.666085,-71.481968,32.4,0.8,Pit-A,cycle-beta-north-truck-033-00002,loading,220.8,240.0,135365.46,90.9,True,True,13541.19,474343.27,False,False,False,93.6,24.0,[],1.0
8c9dccfb-59d7-492c-92d1-2e81500cbb74,1.0,beta-minerals,north-site,fleet_telemetry,BETA-NORTH-TRUCK-034,haul_truck,2026-09-01T20:18:18.253Z,5,-16.661663,-71.473848,241.2,0.8,Pit-A,cycle-beta-north-truck-034-00002,loading,222.2,240.0,339051.5,45.7,True,True,11776.29,340999.32,False,False,False,94.1,24.4,[],1.0
d45d4be1-efff-461a-8d8d-94174c26c4db,1.0,beta-minerals,north-site,fleet_telemetry,BETA-NORTH-TRUCK-035,haul_truck,2026-09-01T20:18:18.253Z,5,-16.528197,-71.615578,166.8,0.2,Pit-A,cycle-beta-north-truck-035-00002,loading,224.6,240.0,290756.53,29.9,True,True,8980.78,171881.59,False,False,False,112.3,24.1,"[""ENG_OVERHEAT""]",0.72
2d9c476b-bf18-4bb3-8693-65280aaf426a,1.0,beta-minerals,north-site,fleet_telemetry,BETA-NORTH-TRUCK-036,haul_truck,2026-09-01T20:18:18.253Z,5,-16.561157,-71.495468,82.5,0.1,Pit-A,cycle-beta-north-truck-036-00002,loading,219.0,240.0,260087.67,50.6,True,True,3598.04,562312.91,False,False,False,90.6,23.9,[],1.0
beaec449-904f-448e-85e4-364eeccd3c95,1.0,beta-minerals,north-site,fleet_telemetry,BETA-NORTH-TRUCK-037,haul_truck,2026-09-01T20:18:18.253Z,5,-16.660721,-71.491236,99.2,0.1,Pit-A,cycle-beta-north-truck-037-00002,loading,220.3,240.0,125361.82,27.8,True,True,1153.82,62545.6,False,False,False,91.3,24.2,[],1.0
0241818d-c093-47b7-92e8-38ec82268c39,1.0,beta-minerals,north-site,fleet_telemetry,BETA-NORTH-TRUCK-038,haul_truck,2026-09-01T20:18:18.253Z,5,-16.5844,-71.593083,203.4,1.2,Pit-A,cycle-beta-north-truck-038-00002,loading,224.4,240.0,187002.36,69.8,True,True,17062.74,286852.5,False,False,False,86.2,24.1,[],1.0
e9995339-060c-4045-82f6-977b915a9ea0,1.0,beta-minerals,north-site,fleet_telemetry,BETA-NORTH-TRUCK-039,haul_truck,2026-09-01T20:18:18.253Z,5,-16.607886,-71.516005,154.6,0.8,Pit-A,cycle-beta-north-truck-039-00002,loading,220.3,240.0,365546.74,62.5,True,True,11639.67,148014.51,False,False,False,90.3,24.2,[],1.0
76879e07-222d-4d35-8755-a574f26bd1a8,1.0,beta-minerals,north-site,fleet_telemetry,BETA-NORTH-TRUCK-040,haul_truck,2026-09-01T20:18:18.253Z,5,-16.631289,-71.469541,241.5,0.0,Pit-A,cycle-beta-north-truck-040-00002,loading,216.1,240.0,429508.61,41.7,True,True,7375.6,295616.3,False,False,False,88.0,25.0,[],1.0
49fd8b46-0e98-4ed3-baa1-a04e8fcca9b8,1.0,beta-minerals,north-site,fleet_telemetry,BETA-NORTH-TRUCK-041,haul_truck,2026-09-01T20:18:18.253Z,5,-16.557121,-71.505244,158.2,0.3,Pit-A,cycle-beta-north-truck-041-00002,loading,225.9,240.0,335889.9,33.3,True,True,7356.96,487266.98,False,False,False,95.2,24.2,[],1.0
2553830b-171e-48eb-817d-d7769f48d80a,1.0,beta-minerals,north-site,fleet_telemetry,BETA-NORTH-TRUCK-042,haul_truck,2026-09-01T20:18:18.253Z,5,-16.6501,-71.492531,210.6,0.7,Pit-A,cycle-beta-north-truck-042-00002,loading,225.9,240.0,327137.13,36.7,True,True,11887.72,513281.97,False,False,False,86.8,24.5,[],1.0
24ec7115-85c8-4b4e-94c5-544784fc11aa,1.0,beta-minerals,north-site,fleet_telemetry,BETA-NORTH-TRUCK-043,haul_truck,2026-09-01T20:18:18.253Z,5,-16.660162,-71.503518,352.6,1.2,Pit-A,cycle-beta-north-truck-043-00002,loading,221.7,240.0,365127.76,44.0,True,True,17154.33,38494.53,False,False,False,86.3,24.4,[],1.0
0b953135-ec9e-4e97-a028-d7f406f99619,1.0,beta-minerals,north-site,fleet_telemetry,BETA-NORTH-TRUCK-044,haul_truck,2026-09-01T20:18:18.253Z,5,-16.643682,-71.592326,271.8,0.6,Pit-A,cycle-beta-north-truck-044-00002,loading,220.0,240.0,34393.51,85.1,True,True,11318.34,341792.67,False,False,False,91.9,24.9,[],1.0
ff2af282-f890-4bb4-8ea5-b22adbe068b7,1.0,beta-minerals,north-site,fleet_telemetry,BETA-NORTH-TRUCK-045,haul_truck,2026-09-01T20:18:18.253Z,5,-16.533005,-71.615555,90.8,0.1,Pit-A,cycle-beta-north-truck-045-00002,loading,224.0,240.0,335943.49,25.2,True,True,15091.36,92660.3,False,False,False,87.2,23.8,[],1.0
873c6e05-742e-4af5-8443-ce1bc2470dfb,1.0,beta-minerals,north-site,fleet_telemetry,BETA-NORTH-TRUCK-046,haul_truck,2026-09-01T20:18:18.253Z,5,-16.581968,-71.471288,24.5,1.0,Pit-A,cycle-beta-north-truck-046-00002,loading,222.5,240.0,419710.74,85.0,True,True,8919.17,114553.43,False,False,False,95.4,24.8,[],1.0
29a66fe0-6354-46b6-894f-42611252b5f9,1.0,beta-minerals,north-site,fleet_telemetry,BETA-NORTH-TRUCK-047,haul_truck,2026-09-01T20:18:18.253Z,5,-16.538245,-71.526067,1.1,1.1,Pit-A,cycle-beta-north-truck-047-00002,loading,223.6,240.0,412976.4,47.4,True,True,5559.73,176405.9,False,False,False,88.7,24.1,[],1.0
1e381485-2ca9-4273-b839-084b60dea1ef,1.0,beta-minerals,north-site,fleet_telemetry,BETA-NORTH-TRUCK-048,haul_truck,2026-09-01T20:18:18.253Z,5,-16.65937,-71.543088,219.7,1.5,Pit-A,cycle-beta-north-truck-048-00002,loading,225.4,240.0,441822.4,91.8,True,True,4602.11,526733.05,False,False,False,86.4,24.5,[],1.0
485df800-5672-493b-a470-51489c9fd39b,1.0,beta-minerals,north-site,fleet_telemetry,BETA-NORTH-TRUCK-049,haul_truck,2026-09-01T20:18:18.253Z,5,-16.580206,-71.56887,334.4,1.2,Pit-A,cycle-beta-north-truck-049-00002,loading,226.0,240.0,13506.74,39.0,True,True,7738.79,368447.67,False,False,False,94.2,24.4,[],1.0
ebd20e98-1350-4f59-a9b9-3e4bec5b06ed,1.0,beta-minerals,north-site,fleet_telemetry,BETA-NORTH-TRUCK-050,haul_truck,2026-09-01T20:18:18.253Z,5,-16.553218,-71.530056,71.5,0.9,Pit-A,cycle-beta-north-truck-050-00002,loading,223.7,240.0,449026.63,79.3,True,True,8607.41,632270.47,False,False,False,92.5,24.6,[],1.0
9f6e6826-7101-4a57-a876-98d4514259eb,1.0,beta-minerals,north-site,fleet_telemetry,BETA-NORTH-TRUCK-051,haul_truck,2026-09-01T20:18:18.253Z,5,-16.536081,-71.477122,105.3,1.0,Pit-A,cycle-beta-north-truck-051-00002,loading,220.6,240.0,112519.31,49.2,True,True,935.22,278322.85,False,False,False,91.6,24.4,[],1.0
1055e209-dd29-43e3-b482-8d3ca97cd20f,1.0,beta-minerals,north-site,fleet_telemetry,BETA-NORTH-TRUCK-052,haul_truck,2026-09-01T20:18:18.253Z,5,-16.637586,-71.460194,17.7,0.6,Pit-A,cycle-beta-north-truck-052-00002,loading,218.6,240.0,334756.67,46.5,True,True,16889.3,257053.22,False,False,False,88.9,24.5,[],1.0
84206a76-8d29-4805-8dff-8a6c16590e10,1.0,beta-minerals,north-site,fleet_telemetry,BETA-NORTH-TRUCK-053,haul_truck,2026-09-01T20:18:18.253Z,5,-16.633382,-71.482201,65.9,0.4,Pit-A,cycle-beta-north-truck-053-00002,loading,218.1,240.0,133123.42,28.0,True,True,21418.26,109695.37,False,False,False,89.2,24.8,[],1.0
1d74d3ee-5941-47a9-9dfc-1e906f1ee107,1.0,beta-minerals,north-site,fleet_telemetry,BETA-NORTH-TRUCK-054,haul_truck,2026-09-01T20:18:18.253Z,5,-16.568421,-71.554423,328.2,1.5,Pit-A,cycle-beta-north-truck-054-00002,loading,223.1,240.0,265539.38,60.4,True,True,10519.32,491176.71,False,False,False,91.8,25.2,[],1.0
2b3e24f1-e31f-4623-88d4-dd45b5f21434,1.0,beta-minerals,north-site,fleet_telemetry,BETA-NORTH-TRUCK-055,haul_truck,2026-09-01T20:18:18.253Z,5,-16.620023,-71.489372,155.0,0.7,Pit-A,cycle-beta-north-truck-055-00002,loading,224.5,240.0,114179.87,43.2,True,True,10021.64,627457.61,False,False,False,107.5,25.2,"[""ENG_OVERHEAT""]",0.72
0a41ab18-f7c6-483b-bfbf-69cc8f85d28a,1.0,beta-minerals,north-site,fleet_telemetry,BETA-NORTH-TRUCK-056,haul_truck,2026-09-01T20:18:18.253Z,5,-16.545591,-71.523914,194.5,1.0,Pit-A,cycle-beta-north-truck-056-00002,loading,221.6,240.0,42862.77,39.2,True,True,7542.83,191332.29,False,False,False,113.4,24.0,"[""ENG_OVERHEAT""]",0.72
18ae5a95-6d04-4294-a829-80254c6fdecb,1.0,beta-minerals,north-site,fleet_telemetry,BETA-NORTH-TRUCK-057,haul_truck,2026-09-01T20:18:18.253Z,5,-16.547164,-71.545195,9.9,0.1,Pit-A,cycle-beta-north-truck-057-00002,loading,217.9,240.0,63124.47,50.1,True,True,10330.82,217841.06,False,False,False,92.7,24.9,[],1.0
902cfc13-d215-4c75-a486-d4eec9a38d1c,1.0,beta-minerals,north-site,fleet_telemetry,BETA-NORTH-TRUCK-058,haul_truck,2026-09-01T20:18:18.253Z,5,-16.573881,-71.583101,339.6,0.9,Pit-A,cycle-beta-north-truck-058-00002,loading,227.2,240.0,143854.9,74.3,True,True,2716.93,528786.14,False,False,False,95.4,24.9,[],1.0
ada66804-1992-4b47-8296-299d7b88c394,1.0,beta-minerals,north-site,fleet_telemetry,BETA-NORTH-TRUCK-059,haul_truck,2026-09-01T20:18:18.253Z,5,-16.562071,-71.575875,214.3,0.4,Pit-A,cycle-beta-north-truck-059-00002,loading,225.0,240.0,166527.12,60.9,True,True,2733.72,176377.91,False,False,False,91.7,25.0,[],1.0
b77b2f23-ae7b-4ce3-a6a2-a7855a91181a,1.0,beta-minerals,north-site,fleet_telemetry,BETA-NORTH-TRUCK-060,haul_truck,2026-09-01T20:18:18.253Z,5,-16.655215,-71.60121,351.3,1.2,Pit-A,cycle-beta-north-truck-060-00002,loading,217.8,240.0,254619.96,63.5,True,True,20984.46,558398.92,False,False,False,87.1,25.1,[],1.0
3073480c-71b9-4d28-ac12-22f5b6c18e7c,1.0,beta-minerals,north-site,fleet_telemetry,BETA-NORTH-TRUCK-061,haul_truck,2026-09-01T20:18:18.253Z,5,-16.538624,-71.557919,333.9,1.1,Pit-A,cycle-beta-north-truck-061-00002,loading,223.5,240.0,442329.89,34.1,True,True,1053.49,543134.67,False,False,False,95.6,24.5,[],1.0
a19eed4d-ab49-41a0-8b43-9331cfbd8b87,1.0,beta-minerals,north-site,fleet_telemetry,BETA-NORTH-TRUCK-062,haul_truck,2026-09-01T20:18:18.253Z,5,-16.660101,-71.473072,321.8,1.2,Pit-A,cycle-beta-north-truck-062-00002,loading,227.6,240.0,367609.02,26.5,True,True,13145.27,183057.12,False,False,False,95.3,24.2,[],1.0
4d37237d-3c63-4cdf-8f18-3c18f8ab1e97,1.0,beta-minerals,north-site,fleet_telemetry,BETA-NORTH-TRUCK-063,haul_truck,2026-09-01T20:18:18.253Z,5,-16.519668,-71.609371,128.1,0.2,Pit-A,cycle-beta-north-truck-063-00002,loading,221.4,240.0,365910.67,33.6,True,True,2749.95,553783.63,False,False,False,94.8,24.5,[],1.0
f26ac711-2295-4bb0-9f58-87db05753894,1.0,beta-minerals,north-site,fleet_telemetry,BETA-NORTH-TRUCK-064,haul_truck,2026-09-01T20:18:18.253Z,5,-16.642773,-71.583162,157.5,1.4,Pit-A,cycle-beta-north-truck-064-00002,loading,221.3,240.0,22972.51,72.8,True,True,18219.74,268849.27,False,False,False,91.1,23.8,[],1.0
b1e00a4f-ada6-4214-863d-999443affcbd,1.0,beta-minerals,north-site,fleet_telemetry,BETA-NORTH-TRUCK-065,haul_truck,2026-09-01T20:18:18.253Z,5,-16.566829,-71.537643,170.7,0.3,Pit-A,cycle-beta-north-truck-065-00002,loading,219.1,240.0,280207.2,68.2,True,True,10255.45,113637.86,False,False,False,86.5,24.5,[],1.0
add8581c-6f42-4a1c-b809-6e12dff3c538,1.0,beta-minerals,north-site,fleet_telemetry,BETA-NORTH-TRUCK-066,haul_truck,2026-09-01T20:18:18.253Z,5,-16.528857,-71.533352,30.6,0.1,Pit-A,cycle-beta-north-truck-066-00002,loading,226.1,240.0,70384.15,38.9,True,True,2092.76,196258.97,False,False,False,89.8,24.6,[],1.0
f438ecb1-833d-4087-a3eb-78dd7515d64e,1.0,beta-minerals,north-site,fleet_telemetry,BETA-NORTH-TRUCK-067,haul_truck,2026-09-01T20:18:18.253Z,5,-16.583307,-71.539977,320.7,0.1,Pit-A,cycle-beta-north-truck-067-00002,loading,217.0,240.0,354043.24,50.1,True,True,17650.75,643324.37,False,False,False,87.6,24.7,[],1.0
b5a60b27-8c44-4fb8-b7d3-e171c612a93a,1.0,beta-minerals,north-site,fleet_telemetry,BETA-NORTH-TRUCK-068,haul_truck,2026-09-01T20:18:18.253Z,5,-16.665717,-71.487814,325.3,0.9,Pit-A,cycle-beta-north-truck-068-00002,loading,223.2,240.0,21468.01,66.8,True,True,7618.02,190374.57,False,False,False,90.2,24.0,[],1.0
cd8021ab-89e4-4e9a-a7be-b219dd0c4657,1.0,beta-minerals,north-site,fleet_telemetry,BETA-NORTH-TRUCK-069,haul_truck,2026-09-01T20:18:18.253Z,5,-16.654413,-71.512431,305.2,1.1,Pit-A,cycle-beta-north-truck-069-00002,loading,227.3,240.0,449826.83,93.2,True,True,12023.97,503110.64,False,False,False,92.7,24.7,[],1.0
6fbf888c-37c7-430f-9953-900d83209e8e,1.0,beta-minerals,north-site,fleet_telemetry,BETA-NORTH-TRUCK-070,haul_truck,2026-09-01T20:18:18.253Z,5,-16.608256,-71.467868,284.5,0.1,Pit-A,cycle-beta-north-truck-070-00002,loading,220.3,240.0,263304.83,93.8,True,True,16997.86,617115.65,False,False,False,108.3,24.9,"[""ENG_OVERHEAT""]",0.72
12924653-bc3b-489c-a150-f735abc69526,1.0,beta-minerals,north-site,fleet_telemetry,BETA-NORTH-TRUCK-071,haul_truck,2026-09-01T20:18:18.253Z,5,-16.524167,-71.613022,231.2,0.6,Pit-A,cycle-beta-north-truck-071-00002,loading,216.5,240.0,364732.8,73.8,True,True,4533.33,393287.37,False,False,False,95.0,24.0,[],1.0
99eb2e10-18f2-4c02-bc7a-26b5de710257,1.0,beta-minerals,north-site,fleet_telemetry,BETA-NORTH-TRUCK-072,haul_truck,2026-09-01T20:18:18.253Z,5,-16.529344,-71.538729,120.0,0.4,Pit-A,cycle-beta-north-truck-072-00002,loading,224.3,240.0,92823.12,94.1,True,True,12748.46,374758.69,False,False,False,91.6,24.3,[],1.0
14f9dd25-1246-49b7-91f4-dd274c2532a2,1.0,beta-minerals,north-site,fleet_telemetry,BETA-NORTH-TRUCK-073,haul_truck,2026-09-01T20:18:18.253Z,5,-16.593929,-71.564399,237.0,0.2,Pit-A,cycle-beta-north-truck-073-00002,loading,223.0,240.0,274731.93,26.4,True,True,1604.84,55385.92,False,False,False,94.6,24.7,[],1.0
c0bf0c9f-27e7-4148-a56d-ef8a50103e36,1.0,beta-minerals,north-site,fleet_telemetry,BETA-NORTH-TRUCK-074,haul_truck,2026-09-01T20:18:18.253Z,5,-16.660887,-71.593836,252.7,0.3,Pit-A,cycle-beta-north-truck-074-00002,loading,226.6,240.0,363067.06,85.7,True,True,8024.1,131799.8,False,False,False,95.3,24.2,[],1.0
681526ef-44fe-4898-b747-032c98d5f3e1,1.0,beta-minerals,north-site,fleet_telemetry,BETA-NORTH-TRUCK-075,haul_truck,2026-09-01T20:18:18.253Z,5,-16.610625,-71.46681,220.2,0.9,Pit-A,cycle-beta-north-truck-075-00002,loading,219.0,240.0,388694.87,92.2,True,True,17216.58,553283.06,False,False,False,88.6,23.8,[],1.0
014be7da-fe54-4981-8c61-f1a3a8934b56,1.0,beta-minerals,north-site,fleet_telemetry,BETA-NORTH-TRUCK-076,haul_truck,2026-09-01T20:18:18.253Z,5,-16.600483,-71.515238,201.8,0.7,Pit-A,cycle-beta-north-truck-076-00002,loading,216.8,240.0,439379.0,76.2,True,True,7935.1,223240.11,False,False,False,86.1,23.9,[],1.0
3ba5fe43-1968-4608-a290-bd8d113ce644,1.0,beta-minerals,north-site,fleet_telemetry,BETA-NORTH-TRUCK-077,haul_truck,2026-09-01T20:18:18.253Z,5,-16.544508,-71.581821,297.1,0.2,Pit-A,cycle-beta-north-truck-077-00002,loading,220.3,240.0,315166.88,90.0,True,True,4493.1,630308.13,False,False,False,93.6,24.4,[],1.0
215c1364-079c-4fce-af91-bda0155e192e,1.0,beta-minerals,north-site,fleet_telemetry,BETA-NORTH-TRUCK-078,haul_truck,2026-09-01T20:18:18.253Z,5,-16.670086,-71.505181,284.1,0.8,Pit-A,cycle-beta-north-truck-078-00002,loading,222.0,240.0,139587.9,37.4,True,True,8821.75,482416.92,False,False,False,91.7,24.1,[],1.0
aca2ec16-854c-4447-ad23-1030e32204a9,1.0,beta-minerals,north-site,fleet_telemetry,BETA-NORTH-TRUCK-079,haul_truck,2026-09-01T20:18:18.253Z,5,-16.635078,-71.527034,316.8,0.8,Pit-A,cycle-beta-north-truck-079-00002,loading,222.0,240.0,415257.12,92.7,True,True,1486.52,399504.96,False,False,False,92.1,24.0,[],1.0
e8a47bb4-a9f7-4ccb-ab47-9e10131e6b64,1.0,beta-minerals,north-site,fleet_telemetry,BETA-NORTH-TRUCK-080,haul_truck,2026-09-01T20:18:18.253Z,5,-16.568604,-71.463401,160.2,0.4,Pit-A,cycle-beta-north-truck-080-00002,loading,227.9,240.0,162596.76,47.3,True,True,7820.78,69018.28,False,False,False,93.5,24.6,[],1.0
1d575b53-bd7c-4373-ba6a-93e62c72bb0e,1.0,acme-mining,site-01,fleet_telemetry,ACME-S01-TRUCK-001,haul_truck,2026-09-01T20:18:23.253Z,6,-16.552555,-71.509215,281.8,28.4,Pit-A,cycle-acme-s01-truck-001-00002,hauling,225.4,240.0,131013.33,40.6,True,False,14355.86,35756.89,False,False,False,88.8,24.9,[],1.0
a17d7af9-cb01-43c5-965c-b64803b8b7e2,1.0,acme-mining,site-01,fleet_telemetry,ACME-S01-TRUCK-002,haul_truck,2026-09-01T20:18:23.253Z,6,-16.574101,-71.527667,243.4,33.9,Pit-A,cycle-acme-s01-truck-002-00002,hauling,227.8,240.0,51226.33,41.3,True,False,13318.45,40023.23,False,False,False,89.2,23.9,[],1.0
c77d3090-9e96-4666-b3b1-33993f8dd21a,1.0,acme-mining,site-01,fleet_telemetry,ACME-S01-TRUCK-003,haul_truck,2026-09-01T20:18:23.253Z,6,-16.54899,-71.591951,1.3,24.1,Pit-A,cycle-acme-s01-truck-003-00002,hauling,225.0,240.0,132404.34,85.8,True,False,9693.83,303001.86,False,False,False,95.2,24.9,[],1.0
48fc26d9-bd0d-4a36-82eb-858cf3b2b49a,1.0,acme-mining,site-01,fleet_telemetry,ACME-S01-TRUCK-004,haul_truck,2026-09-01T20:18:23.253Z,6,-16.6549,-71.481937,325.0,29.0,Pit-A,cycle-acme-s01-truck-004-00002,hauling,226.0,240.0,158102.02,31.5,True,False,4096.17,623044.37,False,False,False,89.3,23.9,[],1.0
f071125a-232d-420c-bb3b-33351446d0ff,1.0,acme-mining,site-01,fleet_telemetry,ACME-S01-TRUCK-005,haul_truck,2026-09-01T20:18:23.253Z,6,-16.582073,-71.484816,141.4,31.8,Pit-A,cycle-acme-s01-truck-005-00002,hauling,216.9,240.0,438171.36,51.5,True,False,16270.32,357823.84,False,False,False,95.0,24.3,[],1.0
872c743c-d0c4-4994-bcf8-342cfe6b172e,1.0,acme-mining,site-01,fleet_telemetry,ACME-S01-TRUCK-006,haul_truck,2026-09-01T20:18:23.253Z,6,-16.624068,-71.604687,0.6,39.6,Pit-A,cycle-acme-s01-truck-006-00002,hauling,227.3,240.0,30163.15,40.9,True,False,13039.87,463880.4,False,False,False,95.9,24.4,[],1.0
f4f7193c-9287-43a6-9b44-1f32fa9e1817,1.0,acme-mining,site-01,fleet_telemetry,ACME-S01-TRUCK-007,haul_truck,2026-09-01T20:18:23.253Z,6,-16.613525,-71.510275,15.1,29.8,Pit-A,cycle-acme-s01-truck-007-00002,hauling,219.2,240.0,377009.01,36.4,True,False,8858.68,305648.62,False,False,False,92.2,24.7,[],1.0
a8cb439a-db24-4572-9e51-39d156a3d490,1.0,acme-mining,site-01,fleet_telemetry,ACME-S01-TRUCK-008,haul_truck,2026-09-01T20:18:23.253Z,6,-16.60971,-71.459187,136.0,30.6,Pit-A,cycle-acme-s01-truck-008-00002,hauling,218.4,240.0,330816.22,36.4,True,False,13713.59,127817.49,False,False,False,91.5,24.8,[],1.0
2dbb1008-369f-4243-a679-a09ca6dfb6b2,1.0,acme-mining,site-01,fleet_telemetry,ACME-S01-TRUCK-009,haul_truck,2026-09-01T20:18:23.253Z,6,-16.538924,-71.488689,156.0,34.2,Pit-A,cycle-acme-s01-truck-009-00002,hauling,216.2,240.0,348058.4,28.9,True,False,5455.85,224298.26,False,False,False,88.3,24.6,[],1.0
abc98736-a4d4-4e48-abc1-04cdcb6fd702,1.0,acme-mining,site-01,fleet_telemetry,ACME-S01-TRUCK-010,haul_truck,2026-09-01T20:18:23.253Z,6,-16.565538,-71.554159,221.1,40.2,Pit-A,cycle-acme-s01-truck-010-00002,hauling,223.9,240.0,395602.18,47.0,True,False,5272.84,614033.27,False,False,False,90.9,24.3,[],1.0
728e2f29-9c68-496a-8f9f-2257670f4c5b,1.0,acme-mining,site-01,fleet_telemetry,ACME-S01-TRUCK-011,haul_truck,2026-09-01T20:18:23.253Z,6,-16.550889,-71.548959,135.7,30.7,Pit-A,cycle-acme-s01-truck-011-00002,hauling,216.9,240.0,337795.58,62.7,True,False,3828.89,107967.24,False,False,False,90.5,24.8,[],1.0
88d0ff66-75fd-42e1-8183-6959f58bbea5,1.0,acme-mining,site-01,fleet_telemetry,ACME-S01-TRUCK-012,haul_truck,2026-09-01T20:18:23.253Z,6,-16.662844,-71.599929,346.7,52.0,Pit-A,cycle-acme-s01-truck-012-00002,hauling,227.9,240.0,234191.99,31.3,True,False,5449.61,648448.86,False,False,True,90.5,24.5,[],1.0
50cfd805-6b5b-42c5-b2e0-39d72b4bc9fa,1.0,acme-mining,site-01,fleet_telemetry,ACME-S01-TRUCK-013,haul_truck,2026-09-01T20:18:23.253Z,6,-16.630192,-71.528985,273.9,34.1,Pit-A,cycle-acme-s01-truck-013-00002,hauling,216.9,240.0,272191.33,57.7,True,False,13443.88,262403.54,False,False,False,94.5,25.2,[],1.0
da2e5b9b-78e4-4532-acca-22ed38631467,1.0,acme-mining,site-01,fleet_telemetry,ACME-S01-TRUCK-014,haul_truck,2026-09-01T20:18:23.253Z,6,-16.652535,-71.547911,349.6,34.3,Pit-A,cycle-acme-s01-truck-014-00002,hauling,220.3,240.0,127403.51,69.8,True,False,15252.27,358291.47,False,False,False,91.1,24.0,[],1.0
88d83f74-fe09-437c-9295-55f34313a73e,1.0,acme-mining,site-01,fleet_telemetry,ACME-S01-TRUCK-015,haul_truck,2026-09-01T20:18:23.253Z,6,-16.57034,-71.482832,66.5,32.8,Pit-A,cycle-acme-s01-truck-015-00002,hauling,221.9,240.0,233380.36,32.4,True,False,21404.04,500036.33,False,False,False,89.9,23.9,[],1.0
304c3237-66fe-4fe5-a67f-c08f29beec31,1.0,acme-mining,site-01,fleet_telemetry,ACME-S01-TRUCK-016,haul_truck,2026-09-01T20:18:23.253Z,6,-16.585559,-71.617388,145.0,33.8,Pit-A,cycle-acme-s01-truck-016-00002,hauling,217.1,240.0,247327.2,79.5,True,False,4040.2,500381.95,False,False,False,93.1,24.0,[],1.0
4b2fd495-17cb-4963-b9a9-82169f3c650d,1.0,acme-mining,site-01,fleet_telemetry,ACME-S01-TRUCK-017,haul_truck,2026-09-01T20:18:23.253Z,6,-16.632108,-71.578955,19.2,28.8,Pit-A,cycle-acme-s01-truck-017-00002,hauling,222.1,240.0,443541.83,81.4,True,False,3171.6,248678.02,False,False,False,86.7,24.8,[],1.0
5443f2d4-e424-4520-8b50-ddc1a422fcc6,1.0,acme-mining,site-01,fleet_telemetry,ACME-S01-TRUCK-018,haul_truck,2026-09-01T20:18:23.253Z,6,-16.54785,-71.596958,199.2,41.9,Pit-A,cycle-acme-s01-truck-018-00002,hauling,227.0,240.0,40453.93,78.2,True,False,2615.86,326174.13,False,False,False,87.1,24.8,[],1.0
c51d0245-676c-42a2-9412-16d32c823281,1.0,acme-mining,site-01,fleet_telemetry,ACME-S01-TRUCK-019,haul_truck,2026-09-01T20:18:23.253Z,6,-16.52182,-71.496657,208.0,30.7,Pit-A,cycle-acme-s01-truck-019-00002,hauling,222.1,240.0,276901.75,92.5,True,False,4300.7,352434.61,False,False,False,86.0,24.0,[],1.0
dcef8e5b-0af3-4f9c-b2ea-edad23bcd14c,1.0,acme-mining,site-01,fleet_telemetry,ACME-S01-TRUCK-020,haul_truck,2026-09-01T20:18:23.253Z,6,-16.598182,-71.577831,227.5,39.7,Pit-A,cycle-acme-s01-truck-020-00002,hauling,227.3,240.0,174305.45,87.9,True,False,9258.65,443162.95,False,False,False,86.5,24.1,[],1.0
5cf9c43d-b9fd-4f73-a5b1-d3a6405f3cda,1.0,acme-mining,site-01,fleet_telemetry,ACME-S01-TRUCK-021,haul_truck,2026-09-01T20:18:23.253Z,6,-16.569435,-71.580879,100.2,36.7,Pit-A,cycle-acme-s01-truck-021-00002,hauling,218.1,240.0,106896.07,29.9,True,False,13272.15,164972.42,False,False,False,94.3,25.0,[],1.0
f674129c-60e0-48af-96fc-5a08fc1f1c4f,1.0,acme-mining,site-01,fleet_telemetry,ACME-S01-TRUCK-022,haul_truck,2026-09-01T20:18:23.253Z,6,-16.64919,-71.46782,100.8,41.9,Pit-A,cycle-acme-s01-truck-022-00002,hauling,226.6,240.0,304350.65,40.0,True,False,2302.18,169943.12,False,False,False,94.9,23.9,[],1.0
f3340a40-8342-471a-b723-d758b4c4b0fc,1.0,acme-mining,site-01,fleet_telemetry,ACME-S01-TRUCK-023,haul_truck,2026-09-01T20:18:23.253Z,6,-16.564956,-71.560816,162.9,32.7,Pit-A,cycle-acme-s01-truck-023-00002,hauling,217.9,240.0,189106.81,31.6,True,False,5951.55,317973.09,False,False,False,88.6,23.9,[],1.0
6c25f66b-5e09-498a-a389-449bccc14704,1.0,acme-mining,site-01,fleet_telemetry,ACME-S01-TRUCK-024,haul_truck,2026-09-01T20:18:23.253Z,6,-16.616107,-71.479629,2.2,41.9,Pit-A,cycle-acme-s01-truck-024-00002,hauling,227.2,240.0,53304.29,53.1,True,False,15075.34,640024.22,False,False,False,93.7,23.9,[],1.0
31d1aef2-8d37-49a3-be29-4cbb5c5649d3,1.0,acme-mining,site-01,fleet_telemetry,ACME-S01-TRUCK-025,haul_truck,2026-09-01T20:18:23.253Z,6,-16.53045,-71.605442,133.8,38.2,Pit-A,cycle-acme-s01-truck-025-00002,hauling,216.7,240.0,90735.16,57.3,True,False,12169.27,108315.0,False,False,False,87.2,23.8,[],1.0
696d189a-9af7-4c66-afc2-c8f4977df9ae,1.0,acme-mining,site-01,fleet_telemetry,ACME-S01-TRUCK-026,haul_truck,2026-09-01T20:18:23.253Z,6,-16.655489,-71.496903,153.8,27.2,Pit-A,cycle-acme-s01-truck-026-00002,hauling,223.9,240.0,247859.12,26.0,True,False,2875.67,430851.41,False,False,False,89.1,24.8,[],1.0
fd6eea7f-8a19-4f3d-bfee-24dac057ec59,1.0,acme-mining,site-01,fleet_telemetry,ACME-S01-TRUCK-027,haul_truck,2026-09-01T20:18:23.253Z,6,-16.609761,-71.459843,49.0,24.8,Pit-A,cycle-acme-s01-truck-027-00002,hauling,221.3,240.0,186458.15,29.1,True,False,11095.6,154660.94,False,False,False,94.2,23.9,[],1.0
a666990f-c3d0-4126-b58a-b58c42eea0f5,1.0,acme-mining,site-01,fleet_telemetry,ACME-S01-TRUCK-028,haul_truck,2026-09-01T20:18:23.253Z,6,-16.564521,-71.539641,326.1,32.3,Pit-A,cycle-acme-s01-truck-028-00002,hauling,216.1,240.0,331422.76,79.8,True,False,6847.29,458852.81,False,False,False,90.8,25.0,[],1.0
64ea1793-b945-44b2-9561-4e4b2b6bafa2,1.0,acme-mining,site-01,fleet_telemetry,ACME-S01-TRUCK-029,haul_truck,2026-09-01T20:18:23.253Z,6,-16.661253,-71.52403,81.7,35.8,Pit-A,cycle-acme-s01-truck-029-00002,hauling,224.5,240.0,248566.31,77.3,True,False,21336.65,384883.74,False,False,False,93.0,24.7,[],1.0
a0c07124-98b0-4938-9941-a5c804bd9527,1.0,acme-mining,site-01,fleet_telemetry,ACME-S01-TRUCK-030,haul_truck,2026-09-01T20:18:23.253Z,6,-16.575175,-71.509462,124.0,38.4,Pit-A,cycle-acme-s01-truck-030-00002,hauling,218.6,240.0,45249.47,38.0,True,False,4137.58,625290.87,False,False,False,94.6,24.6,[],1.0
af493033-2a28-4b19-8f95-55aaac225286,1.0,acme-mining,site-01,fleet_telemetry,ACME-S01-TRUCK-031,haul_truck,2026-09-01T20:18:23.253Z,6,-16.657277,-71.512333,259.5,29.0,Pit-A,cycle-acme-s01-truck-031-00002,hauling,217.1,240.0,264724.81,27.7,True,False,20761.85,378895.66,False,False,False,92.2,25.1,[],1.0
2b7f975e-b199-45f3-b8bd-4d9e1c0fde49,1.0,acme-mining,site-01,fleet_telemetry,ACME-S01-TRUCK-032,haul_truck,2026-09-01T20:18:23.253Z,6,-16.607088,-71.510034,278.4,41.6,Pit-A,cycle-acme-s01-truck-032-00002,hauling,218.6,240.0,325124.82,41.7,True,False,20615.78,148683.45,False,False,False,93.7,23.8,[],1.0
5dc48bca-3c35-4c3c-943d-8f5f2c0d413f,1.0,acme-mining,site-01,fleet_telemetry,ACME-S01-TRUCK-033,haul_truck,2026-09-01T20:18:23.253Z,6,-16.580307,-71.601492,24.7,30.0,Pit-A,cycle-acme-s01-truck-033-00002,hauling,220.8,240.0,14099.23,68.4,True,False,20495.2,609512.78,False,False,False,92.8,25.0,[],1.0
bdb9ba6f-6dc4-4a5f-8eac-9c4fc0f50e96,1.0,acme-mining,site-01,fleet_telemetry,ACME-S01-TRUCK-034,haul_truck,2026-09-01T20:18:23.253Z,6,-16.611295,-71.592245,296.5,27.8,Pit-A,cycle-acme-s01-truck-034-00002,hauling,219.1,240.0,397580.66,86.5,True,False,6422.26,607953.55,False,False,False,93.6,24.3,[],1.0
4b1c4cc5-46fa-4ba4-82e7-43e46493e6d6,1.0,acme-mining,site-01,fleet_telemetry,ACME-S01-TRUCK-035,haul_truck,2026-09-01T20:18:23.253Z,6,-16.539677,-71.569576,268.2,40.5,Pit-A,cycle-acme-s01-truck-035-00002,hauling,227.7,240.0,297750.0,25.5,True,False,13767.58,641956.98,False,False,False,90.4,24.4,[],1.0
6c6c2ceb-4ad9-4692-b22a-6c4f57ebf022,1.0,acme-mining,site-01,fleet_telemetry,ACME-S01-TRUCK-036,haul_truck,2026-09-01T20:18:23.253Z,6,-16.625284,-71.583821,70.3,34.6,Pit-A,cycle-acme-s01-truck-036-00002,hauling,219.6,240.0,336663.77,35.8,True,False,6406.69,580519.2,False,False,False,91.4,24.2,[],1.0
ae3c16de-d7cd-47d5-87b2-0b02a7842063,1.0,acme-mining,site-01,fleet_telemetry,ACME-S01-TRUCK-037,haul_truck,2026-09-01T20:18:23.253Z,6,-16.56895,-71.484759,107.2,27.2,Pit-A,cycle-acme-s01-truck-037-00002,hauling,226.9,240.0,409590.41,28.5,True,False,11514.68,178206.55,False,False,False,95.7,25.1,[],1.0
d5771100-5e61-416c-b0e8-e02a7c94ead8,1.0,acme-mining,site-01,fleet_telemetry,ACME-S01-TRUCK-038,haul_truck,2026-09-01T20:18:23.253Z,6,-16.582167,-71.549043,141.6,33.7,Pit-A,cycle-acme-s01-truck-038-00002,hauling,227.1,240.0,125260.74,76.9,True,False,17147.74,421381.58,False,False,False,93.0,24.4,[],1.0
b25f1b9d-103f-4828-b1b8-3588b57c97e9,1.0,acme-mining,site-01,fleet_telemetry,ACME-S01-TRUCK-039,haul_truck,2026-09-01T20:18:23.253Z,6,-16.611302,-71.529126,3.5,30.0,Pit-A,cycle-acme-s01-truck-039-00002,hauling,222.8,240.0,75584.31,27.5,True,False,20835.09,455342.5,False,False,False,93.3,23.8,[],1.0
177103d4-6006-46a9-ab6a-a556839a25a0,1.0,acme-mining,site-01,fleet_telemetry,ACME-S01-TRUCK-040,haul_truck,2026-09-01T20:18:23.253Z,6,-16.526594,-71.583901,9.9,40.9,Pit-A,cycle-acme-s01-truck-040-00002,hauling,223.5,240.0,360294.24,85.2,True,False,7335.09,586358.5,False,False,False,89.1,25.2,[],1.0
3c94c2e3-6aff-4509-9875-6ca25949cac0,1.0,acme-mining,site-01,fleet_telemetry,ACME-S01-TRUCK-041,haul_truck,2026-09-01T20:18:23.253Z,6,-16.550478,-71.469361,139.6,25.8,Pit-A,cycle-acme-s01-truck-041-00002,hauling,221.6,240.0,394874.02,93.1,True,False,8298.0,372726.75,False,False,False,91.1,24.6,[],1.0
a49d3db0-586c-48a6-a797-5b39d45ed209,1.0,acme-mining,site-01,fleet_telemetry,ACME-S01-TRUCK-042,haul_truck,2026-09-01T20:18:23.253Z,6,-16.552516,-71.564345,247.2,36.4,Pit-A,cycle-acme-s01-truck-042-00002,hauling,221.3,240.0,397823.56,26.7,True,False,21495.58,530786.32,False,False,False,89.9,24.0,[],1.0
470bc685-3c9d-4c14-b63b-a083516908ec,1.0,acme-mining,site-01,fleet_telemetry,ACME-S01-TRUCK-043,haul_truck,2026-09-01T20:18:23.253Z,6,-16.533036,-71.581892,96.5,35.4,Pit-A,cycle-acme-s01-truck-043-00002,hauling,219.8,240.0,57562.5,86.0,True,False,6456.29,516046.09,False,False,False,95.2,25.1,[],1.0
823274d8-94be-4649-9173-ccdfdff98928,1.0,acme-mining,site-01,fleet_telemetry,ACME-S01-TRUCK-044,haul_truck,2026-09-01T20:18:23.253Z,6,-16.564792,-71.55376,282.5,36.3,Pit-A,cycle-acme-s01-truck-044-00002,hauling,218.2,240.0,393382.56,40.6,True,False,8212.77,536938.08,False,False,False,95.0,25.1,[],1.0
113cddec-e69e-4224-9856-72a39be7d4e4,1.0,acme-mining,site-01,fleet_telemetry,ACME-S01-TRUCK-045,haul_truck,2026-09-01T20:18:23.253Z,6,-16.513428,-71.531704,18.3,30.4,Pit-A,cycle-acme-s01-truck-045-00002,hauling,225.1,240.0,292252.39,52.9,True,False,21298.06,195848.9,False,False,False,93.0,24.2,[],1.0
e3a46974-5e76-4c12-9edc-869411ec62a6,1.0,acme-mining,site-01,fleet_telemetry,ACME-S01-TRUCK-046,haul_truck,2026-09-01T20:18:23.253Z,6,-16.664249,-71.522025,247.0,30.1,Pit-A,cycle-acme-s01-truck-046-00002,hauling,220.2,240.0,265459.91,93.8,True,False,19393.22,184565.72,False,False,False,94.0,24.6,[],1.0
b37a9548-e2c3-40f2-a031-fd6a88f8f551,1.0,acme-mining,site-01,fleet_telemetry,ACME-S01-TRUCK-047,haul_truck,2026-09-01T20:18:23.253Z,6,-16.639969,-71.610411,36.0,31.9,Pit-A,cycle-acme-s01-truck-047-00002,hauling,216.5,240.0,60884.57,87.9,True,False,10051.56,640068.72,False,False,False,94.3,24.4,[],1.0
10956ba4-a906-4b98-bd71-aabd618cd7d1,1.0,acme-mining,site-01,fleet_telemetry,ACME-S01-TRUCK-048,haul_truck,2026-09-01T20:18:23.253Z,6,-16.563075,-71.559247,242.6,27.4,Pit-A,cycle-acme-s01-truck-048-00002,hauling,220.2,240.0,326549.62,76.9,True,False,20422.2,359224.88,False,False,False,93.4,24.7,[],1.0
6a96ed5a-b0bb-4bd7-80ce-2a6608657680,1.0,acme-mining,site-01,fleet_telemetry,ACME-S01-TRUCK-049,haul_truck,2026-09-01T20:18:23.253Z,6,-16.589237,-71.510832,243.8,40.4,Pit-A,cycle-acme-s01-truck-049-00002,hauling,227.8,240.0,64835.56,88.0,True,False,14010.9,437934.26,False,False,False,88.9,24.1,[],1.0
73830b75-339a-4009-9ec0-613fcdf627a9,1.0,acme-mining,site-01,fleet_telemetry,ACME-S01-TRUCK-050,haul_truck,2026-09-01T20:18:23.253Z,6,-16.550697,-71.589633,45.4,29.5,Pit-A,cycle-acme-s01-truck-050-00002,hauling,217.4,240.0,302569.38,51.5,True,False,12553.55,140859.4,False,False,False,88.8,23.8,[],1.0
066b20b3-cf9a-482c-ba9f-97026ead52c4,1.0,acme-mining,site-01,fleet_telemetry,ACME-S01-TRUCK-051,haul_truck,2026-09-01T20:18:23.253Z,6,-16.577579,-71.512719,220.8,57.7,Pit-A,cycle-acme-s01-truck-051-00002,hauling,216.9,240.0,136242.46,55.1,True,False,12416.28,20255.96,False,False,True,89.0,23.9,[],1.0
1cf9bf78-a4b2-405a-bab5-55a0d588d848,1.0,acme-mining,site-01,fleet_telemetry,ACME-S01-TRUCK-052,haul_truck,2026-09-01T20:18:23.253Z,6,-16.552637,-71.512072,124.6,28.0,Pit-A,cycle-acme-s01-truck-052-00002,hauling,218.1,240.0,359244.0,92.2,True,False,15123.31,342039.78,False,False,False,91.5,24.9,[],1.0
2b05534e-766c-47bb-b1a0-a24a6117b6fc,1.0,acme-mining,site-01,fleet_telemetry,ACME-S01-TRUCK-053,haul_truck,2026-09-01T20:18:23.253Z,6,-16.54137,-71.593931,146.7,40.4,Pit-A,cycle-acme-s01-truck-053-00002,hauling,220.7,240.0,113342.61,46.7,True,False,2779.82,619759.95,False,False,False,86.3,24.5,[],1.0
13916194-bcdc-4fe0-8ae4-f2543ff9951f,1.0,acme-mining,site-01,fleet_telemetry,ACME-S01-TRUCK-054,haul_truck,2026-09-01T20:18:23.253Z,6,-16.578291,-71.502525,26.5,51.2,Pit-A,cycle-acme-s01-truck-054-00002,hauling,226.9,240.0,210383.54,87.0,True,False,13759.02,504148.44,False,False,True,91.5,24.3,[],1.0
e98d367c-fcf5-4d1e-b4bb-d6889eab3475,1.0,acme-mining,site-01,fleet_telemetry,ACME-S01-TRUCK-055,haul_truck,2026-09-01T20:18:23.253Z,6,-16.547174,-71.600418,249.9,31.9,Pit-A,cycle-acme-s01-truck-055-00002,hauling,228.0,240.0,12440.14,77.5,True,False,5972.48,433316.68,False,False,False,91.0,24.0,[],1.0
87771eb8-5585-4b71-a5e7-6dd528eccb88,1.0,acme-mining,site-01,fleet_telemetry,ACME-S01-TRUCK-056,haul_truck,2026-09-01T20:18:23.253Z,6,-16.5236,-71.59807,355.1,40.0,Pit-A,cycle-acme-s01-truck-056-00002,hauling,219.7,240.0,214402.37,64.0,True,False,17847.14,458424.58,False,False,False,93.0,25.0,[],1.0
c5af157e-cd16-4640-980e-880affc976ef,1.0,acme-mining,site-01,fleet_telemetry,ACME-S01-TRUCK-057,haul_truck,2026-09-01T20:18:23.253Z,6,-16.527765,-71.519451,2.9,24.4,Pit-A,cycle-acme-s01-truck-057-00002,hauling,226.2,240.0,271999.45,91.5,True,False,14952.66,642372.39,False,False,False,89.3,24.0,[],1.0
221a7e00-421d-4df2-8352-396ba78a50a7,1.0,acme-mining,site-01,fleet_telemetry,ACME-S01-TRUCK-058,haul_truck,2026-09-01T20:18:23.253Z,6,-16.532511,-71.545492,102.9,56.4,Pit-A,cycle-acme-s01-truck-058-00002,hauling,217.6,240.0,206202.41,36.1,True,False,9846.91,591318.63,False,False,True,89.9,24.4,[],1.0
a957e0f3-0324-4543-9174-08517740235d,1.0,acme-mining,site-01,fleet_telemetry,ACME-S01-TRUCK-059,haul_truck,2026-09-01T20:18:23.253Z,6,-16.657997,-71.571748,78.8,28.6,Pit-A,cycle-acme-s01-truck-059-00002,hauling,222.9,240.0,285769.74,44.2,True,False,17035.26,348419.02,False,False,False,93.8,24.1,[],1.0
1e938238-a6d5-410f-ad10-1c2faa68bd73,1.0,acme-mining,site-01,fleet_telemetry,ACME-S01-TRUCK-060,haul_truck,2026-09-01T20:18:23.253Z,6,-16.645971,-71.583245,321.2,30.0,Pit-A,cycle-acme-s01-truck-060-00002,hauling,222.9,240.0,76365.91,51.8,True,False,19732.18,70764.06,False,False,False,92.4,25.0,[],1.0
8cd8ac75-90b2-449a-9bda-c336c3411a11,1.0,acme-mining,site-01,fleet_telemetry,ACME-S01-TRUCK-061,haul_truck,2026-09-01T20:18:23.253Z,6,-16.525627,-71.524038,91.2,24.8,Pit-A,cycle-acme-s01-truck-061-00002,hauling,222.7,240.0,101007.56,54.4,True,False,12303.36,281937.92,False,False,False,90.1,23.8,[],1.0
25fb2c44-1358-4c61-bc56-4fc5ef354f35,1.0,acme-mining,site-01,fleet_telemetry,ACME-S01-TRUCK-062,haul_truck,2026-09-01T20:18:23.253Z,6,-16.533859,-71.464951,2.3,40.0,Pit-A,cycle-acme-s01-truck-062-00002,hauling,225.5,240.0,164774.3,77.7,True,False,8864.09,23714.69,False,False,False,92.2,25.1,[],1.0
99551407-c76d-4448-88a3-2c5288f04be8,1.0,acme-mining,site-01,fleet_telemetry,ACME-S01-TRUCK-063,haul_truck,2026-09-01T20:18:23.253Z,6,-16.592646,-71.555278,284.3,30.0,Pit-A,cycle-acme-s01-truck-063-00002,hauling,226.5,240.0,224821.4,44.1,True,False,17757.21,585621.27,False,False,False,91.6,24.6,[],1.0
e70f1573-8372-415e-893b-05e90568629f,1.0,acme-mining,site-01,fleet_telemetry,ACME-S01-TRUCK-064,haul_truck,2026-09-01T20:18:23.253Z,6,-16.584939,-71.472399,112.2,29.8,Pit-A,cycle-acme-s01-truck-064-00002,hauling,224.8,240.0,414598.74,93.6,True,False,16152.65,549518.71,False,False,False,93.7,24.4,[],1.0
375c2c12-23af-410f-a96b-a84ab9f9e3e2,1.0,acme-mining,site-01,fleet_telemetry,ACME-S01-TRUCK-065,haul_truck,2026-09-01T20:18:23.253Z,6,-16.628762,-71.565123,249.8,28.2,Pit-A,cycle-acme-s01-truck-065-00002,hauling,218.2,240.0,391415.02,37.7,True,False,2579.69,290026.2,False,False,False,86.1,24.4,[],1.0
36ee43a2-b2bb-4f0c-811e-0e4e4d154161,1.0,acme-mining,site-01,fleet_telemetry,ACME-S01-TRUCK-066,haul_truck,2026-09-01T20:18:23.253Z,6,-16.630055,-71.604351,45.4,30.4,Pit-A,cycle-acme-s01-truck-066-00002,hauling,226.7,240.0,340884.75,83.2,True,False,16938.08,258849.66,False,False,False,92.9,25.1,[],1.0
c5b95366-2e55-4d8a-8c67-f1d8f7709a4f,1.0,acme-mining,site-01,fleet_telemetry,ACME-S01-TRUCK-067,haul_truck,2026-09-01T20:18:23.253Z,6,-16.51721,-71.611044,68.0,26.1,Pit-A,cycle-acme-s01-truck-067-00002,hauling,225.0,240.0,108658.18,29.8,True,False,1904.22,619709.53,False,False,False,86.1,24.8,[],1.0
c829bf8d-fa24-4d73-91c8-63cd54484b0c,1.0,acme-mining,site-01,fleet_telemetry,ACME-S01-TRUCK-068,haul_truck,2026-09-01T20:18:23.253Z,6,-16.563299,-71.527262,188.7,27.0,Pit-A,cycle-acme-s01-truck-068-00002,hauling,216.8,240.0,77048.66,33.8,True,False,5026.45,32839.56,False,False,False,95.1,24.0,[],1.0
26ac2332-dc37-449a-b111-71bda9a87be3,1.0,acme-mining,site-01,fleet_telemetry,ACME-S01-TRUCK-069,haul_truck,2026-09-01T20:18:23.253Z,6,-16.652065,-71.48644,40.3,34.3,Pit-A,cycle-acme-s01-truck-069-00002,hauling,217.1,240.0,277189.32,77.3,True,False,17058.25,125707.31,False,False,False,87.1,24.4,[],1.0
b7a66240-a413-41d7-b82b-6893e5ce7a21,1.0,acme-mining,site-01,fleet_telemetry,ACME-S01-TRUCK-070,haul_truck,2026-09-01T20:18:23.253Z,6,-16.61033,-71.466835,166.9,33.6,Pit-A,cycle-acme-s01-truck-070-00002,hauling,226.6,240.0,263350.99,88.5,True,False,13068.12,605199.05,False,False,False,91.7,25.2,[],1.0
43317923-3ebb-4bfc-b8f8-b76b3edcd325,1.0,acme-mining,site-01,fleet_telemetry,ACME-S01-TRUCK-071,haul_truck,2026-09-01T20:18:23.253Z,6,-16.534325,-71.521429,278.2,27.0,Pit-A,cycle-acme-s01-truck-071-00002,hauling,224.5,240.0,54837.0,79.0,True,False,15441.03,415162.83,False,False,False,93.5,25.1,[],1.0
17c2f7f4-f28e-4fb1-856e-d7b59824304b,1.0,acme-mining,site-01,fleet_telemetry,ACME-S01-TRUCK-072,haul_truck,2026-09-01T20:18:23.253Z,6,-16.58942,-71.562877,219.1,32.6,Pit-A,cycle-acme-s01-truck-072-00002,hauling,216.8,240.0,198486.75,50.9,True,False,17391.88,238738.52,False,False,False,95.8,24.0,[],1.0
299f053a-1253-427d-a279-f55c72b4c587,1.0,acme-mining,site-01,fleet_telemetry,ACME-S01-TRUCK-073,haul_truck,2026-09-01T20:18:23.253Z,6,-16.557253,-71.547834,311.8,40.4,Pit-A,cycle-acme-s01-truck-073-00002,hauling,220.0,240.0,289657.87,83.0,True,False,3037.43,625296.32,False,False,False,94.8,24.7,[],1.0
566244a9-11e1-43ee-871a-1d2edc50762b,1.0,acme-mining,site-01,fleet_telemetry,ACME-S01-TRUCK-074,haul_truck,2026-09-01T20:18:23.253Z,6,-16.538278,-71.52271,76.9,41.9,Pit-A,cycle-acme-s01-truck-074-00002,hauling,216.0,240.0,350842.66,57.5,True,False,13857.35,599359.29,False,False,False,87.8,24.2,[],1.0
4a8b44d6-9e56-40ec-ba24-d0996f9dcd60,1.0,acme-mining,site-01,fleet_telemetry,ACME-S01-TRUCK-075,haul_truck,2026-09-01T20:18:23.253Z,6,-16.596045,-71.519897,31.9,26.3,Pit-A,cycle-acme-s01-truck-075-00002,hauling,227.3,240.0,397918.15,42.0,True,False,18411.51,74597.77,False,False,False,86.6,24.2,[],1.0
a62fc6ae-54c2-48f8-86ac-e46fbb75c607,1.0,acme-mining,site-01,fleet_telemetry,ACME-S01-TRUCK-076,haul_truck,2026-09-01T20:18:23.253Z,6,-16.629052,-71.572726,23.8,41.8,Pit-A,cycle-acme-s01-truck-076-00002,hauling,226.3,240.0,224522.4,49.8,True,False,11279.31,224759.09,False,False,False,93.5,25.2,[],1.0
eaa53c0f-fdc8-45e1-a67c-9892c79f3ac2,1.0,acme-mining,site-01,fleet_telemetry,ACME-S01-TRUCK-077,haul_truck,2026-09-01T20:18:23.253Z,6,-16.605344,-71.528669,264.4,41.2,Pit-A,cycle-acme-s01-truck-077-00002,hauling,224.1,240.0,94065.25,41.9,True,False,12582.78,345475.33,False,False,False,93.4,24.0,[],1.0
3a81ba40-47a8-464f-976f-476582ba35d7,1.0,acme-mining,site-01,fleet_telemetry,ACME-S01-TRUCK-078,haul_truck,2026-09-01T20:18:23.253Z,6,-16.634961,-71.506796,47.0,35.4,Pit-A,cycle-acme-s01-truck-078-00002,hauling,217.8,240.0,358890.89,31.5,True,False,14493.15,329217.58,False,False,False,94.5,24.4,[],1.0
9e7af70d-48ac-4951-b4d6-d879601449ad,1.0,acme-mining,site-01,fleet_telemetry,ACME-S01-TRUCK-079,haul_truck,2026-09-01T20:18:23.253Z,6,-16.582331,-71.561205,323.4,30.5,Pit-A,cycle-acme-s01-truck-079-00002,hauling,220.5,240.0,161253.68,94.7,True,False,8623.24,368688.09,False,False,False,87.9,24.9,[],1.0
c56216f3-3a2a-418c-9d0b-8e673e73e045,1.0,acme-mining,site-01,fleet_telemetry,ACME-S01-TRUCK-080,haul_truck,2026-09-01T20:18:23.253Z,6,-16.584652,-71.495565,354.3,33.1,Pit-A,cycle-acme-s01-truck-080-00002,hauling,220.8,240.0,94737.51,33.3,True,False,6129.77,96013.35,False,False,False,86.0,23.9,[],1.0
f22f958b-5498-4293-b90b-376b42d8cd11,1.0,acme-mining,site-02,fleet_telemetry,ACME-S02-TRUCK-001,haul_truck,2026-09-01T20:18:23.253Z,6,-16.537075,-71.488496,78.3,31.7,Pit-A,cycle-acme-s02-truck-001-00002,hauling,225.5,240.0,319615.78,60.0,True,False,4524.74,259530.81,False,False,False,93.7,24.4,[],1.0
02cae32f-a9cc-46f9-9109-823819188371,1.0,acme-mining,site-02,fleet_telemetry,ACME-S02-TRUCK-002,haul_truck,2026-09-01T20:18:23.253Z,6,-16.601711,-71.552817,136.1,38.5,Pit-A,cycle-acme-s02-truck-002-00002,hauling,216.4,240.0,44259.97,46.9,True,False,10047.86,309645.31,False,False,False,87.2,24.3,[],1.0
38aaf12c-c83c-4edd-b1bb-e68d418dd311,1.0,acme-mining,site-02,fleet_telemetry,ACME-S02-TRUCK-003,haul_truck,2026-09-01T20:18:23.253Z,6,-16.571504,-71.484361,207.2,36.8,Pit-A,cycle-acme-s02-truck-003-00002,hauling,216.3,240.0,152898.42,81.1,True,False,3241.68,33139.78,False,False,False,92.4,24.7,[],1.0
4fce1099-79e3-43e0-9314-2122bd31ad7a,1.0,acme-mining,site-02,fleet_telemetry,ACME-S02-TRUCK-004,haul_truck,2026-09-01T20:18:23.253Z,6,-16.657817,-71.47823,309.4,32.7,Pit-A,cycle-acme-s02-truck-004-00002,hauling,223.4,240.0,201698.1,53.0,True,False,10058.3,86693.92,False,False,False,94.3,24.8,[],1.0
43d3a2f3-c7dc-4cf9-afa4-569213d97e91,1.0,acme-mining,site-02,fleet_telemetry,ACME-S02-TRUCK-005,haul_truck,2026-09-01T20:18:23.253Z,6,-16.58885,-71.472572,221.7,40.4,Pit-A,cycle-acme-s02-truck-005-00002,hauling,225.8,240.0,234613.07,32.9,True,False,7861.06,125923.74,False,False,False,88.3,25.1,[],1.0
e664bef1-bb3d-4565-8a35-9f9d51007337,1.0,acme-mining,site-02,fleet_telemetry,ACME-S02-TRUCK-006,haul_truck,2026-09-01T20:18:23.253Z,6,-16.548786,-71.512637,281.3,34.9,Pit-A,cycle-acme-s02-truck-006-00002,hauling,224.3,240.0,96800.02,67.1,True,False,5808.91,112259.99,False,False,False,94.3,24.1,[],1.0
794aeb06-0baf-41b0-93db-f4873e324198,1.0,acme-mining,site-02,fleet_telemetry,ACME-S02-TRUCK-007,haul_truck,2026-09-01T20:18:23.253Z,6,-16.529276,-71.514616,142.9,30.4,Pit-A,cycle-acme-s02-truck-007-00002,hauling,220.2,240.0,264966.38,72.6,True,False,10635.81,375153.48,False,False,False,86.3,25.1,[],1.0
2960a38a-d43b-454d-8636-5aa4d904dd1a,1.0,acme-mining,site-02,fleet_telemetry,ACME-S02-TRUCK-008,haul_truck,2026-09-01T20:18:23.253Z,6,-16.599662,-71.569025,275.1,33.9,Pit-A,cycle-acme-s02-truck-008-00002,hauling,222.0,240.0,76421.68,29.7,True,False,19122.04,415147.11,False,False,False,95.6,24.9,[],1.0
ecdb62f0-8918-420a-8973-ec13d494049d,1.0,acme-mining,site-02,fleet_telemetry,ACME-S02-TRUCK-009,haul_truck,2026-09-01T20:18:23.253Z,6,-16.61145,-71.571575,127.5,38.9,Pit-A,cycle-acme-s02-truck-009-00002,hauling,217.5,240.0,213167.12,27.6,True,False,8261.18,66740.24,False,False,False,90.0,25.0,[],1.0
f6cf50f6-132b-4054-b2d5-ba07b9f4cf6f,1.0,acme-mining,site-02,fleet_telemetry,ACME-S02-TRUCK-010,haul_truck,2026-09-01T20:18:23.253Z,6,-16.543712,-71.47416,254.1,38.8,Pit-A,cycle-acme-s02-truck-010-00002,hauling,222.7,240.0,213593.55,63.8,True,False,13838.19,339452.86,False,False,False,95.6,25.1,[],1.0
e8971071-d2e3-464f-a183-bc79719f9da4,1.0,acme-mining,site-02,fleet_telemetry,ACME-S02-TRUCK-011,haul_truck,2026-09-01T20:18:23.253Z,6,-16.660492,-71.600901,93.0,32.9,Pit-A,cycle-acme-s02-truck-011-00002,hauling,225.1,240.0,219277.2,35.5,True,False,14618.96,222562.02,False,False,False,91.3,24.4,[],1.0
3458c0be-3703-4c75-be6b-4068d823d9b6,1.0,acme-mining,site-02,fleet_telemetry,ACME-S02-TRUCK-012,haul_truck,2026-09-01T20:18:23.253Z,6,-16.557197,-71.45896,353.5,27.6,Pit-A,cycle-acme-s02-truck-012-00002,hauling,227.8,240.0,294296.35,27.7,True,False,21626.58,73127.54,False,False,False,95.6,25.2,[],1.0
58dba33c-fad8-4359-adf3-a1757612facf,1.0,acme-mining,site-02,fleet_telemetry,ACME-S02-TRUCK-013,haul_truck,2026-09-01T20:18:23.253Z,6,-16.561756,-71.609112,91.3,26.5,Pit-A,cycle-acme-s02-truck-013-00002,hauling,217.3,240.0,180463.71,79.2,True,False,8514.65,598300.31,False,False,False,92.1,24.0,[],1.0
a8661245-62ef-413c-9091-e14ec53e156d,1.0,acme-mining,site-02,fleet_telemetry,ACME-S02-TRUCK-014,haul_truck,2026-09-01T20:18:23.253Z,6,-16.554609,-71.512447,227.2,34.1,Pit-A,cycle-acme-s02-truck-014-00002,hauling,225.8,240.0,308487.34,44.9,True,False,2197.34,79538.89,False,False,False,95.9,24.1,[],1.0
336018de-1ee5-4731-91ca-97a5eeeb1056,1.0,acme-mining,site-02,fleet_telemetry,ACME-S02-TRUCK-015,haul_truck,2026-09-01T20:18:23.253Z,6,-16.515613,-71.505783,121.5,37.2,Pit-A,cycle-acme-s02-truck-015-00002,hauling,226.7,240.0,72228.91,49.5,True,False,7867.28,387126.06,False,False,False,95.9,24.3,[],1.0
8e5989c0-6af9-46d9-a548-42f37cc801fd,1.0,acme-mining,site-02,fleet_telemetry,ACME-S02-TRUCK-016,haul_truck,2026-09-01T20:18:23.253Z,6,-16.617828,-71.597078,88.0,24.9,Pit-A,cycle-acme-s02-truck-016-00002,hauling,224.7,240.0,255926.14,70.0,True,False,15827.29,73373.12,False,False,False,94.6,25.0,[],1.0
2a37d477-bc0a-48d1-9b1e-98390acc0ef1,1.0,acme-mining,site-02,fleet_telemetry,ACME-S02-TRUCK-017,haul_truck,2026-09-01T20:18:23.253Z,6,-16.620998,-71.465311,2.3,26.1,Pit-A,cycle-acme-s02-truck-017-00002,hauling,219.3,240.0,233735.36,26.2,True,False,2781.21,442387.41,False,False,False,94.3,24.7,[],1.0
401fcaf5-0a1e-4a6c-9ff6-cafca004eec3,1.0,acme-mining,site-02,fleet_telemetry,ACME-S02-TRUCK-018,haul_truck,2026-09-01T20:18:23.253Z,6,-16.544294,-71.536273,319.8,28.1,Pit-A,cycle-acme-s02-truck-018-00002,hauling,222.7,240.0,78176.3,45.7,True,False,4870.52,649985.43,False,False,False,87.5,23.9,[],1.0
38043300-6cc9-449d-a934-4c3705ebddf1,1.0,acme-mining,site-02,fleet_telemetry,ACME-S02-TRUCK-019,haul_truck,2026-09-01T20:18:23.253Z,6,-16.610138,-71.591543,205.5,37.9,Pit-A,cycle-acme-s02-truck-019-00002,hauling,219.4,240.0,347175.77,34.1,True,False,1600.26,232161.72,False,False,False,90.0,24.8,[],1.0
388b274a-d584-4b19-a057-db00d1279731,1.0,acme-mining,site-02,fleet_telemetry,ACME-S02-TRUCK-020,haul_truck,2026-09-01T20:18:23.253Z,6,-16.515246,-71.519818,90.5,35.8,Pit-A,cycle-acme-s02-truck-020-00002,hauling,221.7,240.0,170292.17,75.3,True,False,16089.09,47526.38,False,False,False,89.6,23.9,[],1.0
04d497f4-668a-4a7a-841b-c555274f5c78,1.0,acme-mining,site-02,fleet_telemetry,ACME-S02-TRUCK-021,haul_truck,2026-09-01T20:18:23.253Z,6,-16.525809,-71.586447,27.9,27.1,Pit-A,cycle-acme-s02-truck-021-00002,hauling,227.7,240.0,434862.95,79.9,True,False,5760.87,170676.29,False,False,False,88.7,24.9,[],1.0
7b9e472d-b4dd-48aa-8f31-f110624cd676,1.0,acme-mining,site-02,fleet_telemetry,ACME-S02-TRUCK-022,haul_truck,2026-09-01T20:18:23.253Z,6,-16.586012,-71.462893,135.3,36.1,Pit-A,cycle-acme-s02-truck-022-00002,hauling,224.0,240.0,133979.99,51.7,True,False,21670.13,310858.53,False,False,False,91.8,25.2,[],1.0
2f90cae8-708c-41cf-aa7f-5d743e1177b6,1.0,acme-mining,site-02,fleet_telemetry,ACME-S02-TRUCK-023,haul_truck,2026-09-01T20:18:23.253Z,6,-16.520903,-71.503651,292.0,34.6,Pit-A,cycle-acme-s02-truck-023-00002,hauling,216.7,240.0,221460.31,50.9,True,False,19307.65,52873.41,False,False,False,94.0,23.8,[],1.0
33abcb3d-0632-4f4e-89aa-456dd7e96f45,1.0,acme-mining,site-02,fleet_telemetry,ACME-S02-TRUCK-024,haul_truck,2026-09-01T20:18:23.253Z,6,-16.64681,-71.547549,48.9,27.0,Pit-A,cycle-acme-s02-truck-024-00002,hauling,226.4,240.0,130028.6,88.3,True,False,6843.34,500763.73,False,False,False,91.0,24.7,[],1.0
2be89a86-bc31-4a7b-95cd-d0a9c03a24b6,1.0,acme-mining,site-02,fleet_telemetry,ACME-S02-TRUCK-025,haul_truck,2026-09-01T20:18:23.253Z,6,-16.606992,-71.557683,223.2,26.7,Pit-A,cycle-acme-s02-truck-025-00002,hauling,224.6,240.0,419408.07,54.0,True,False,18114.12,577316.89,False,False,False,95.1,24.4,[],1.0
3deb435f-4a13-4a1c-acbd-8b4102c7b34e,1.0,acme-mining,site-02,fleet_telemetry,ACME-S02-TRUCK-026,haul_truck,2026-09-01T20:18:23.253Z,6,-16.566423,-71.490878,153.4,34.2,Pit-A,cycle-acme-s02-truck-026-00002,hauling,221.7,240.0,419563.82,83.7,True,False,8748.16,37758.29,False,False,False,86.7,25.1,[],1.0
1fcd5d9d-42d5-45f5-8d62-2eaf3a529bfb,1.0,acme-mining,site-02,fleet_telemetry,ACME-S02-TRUCK-027,haul_truck,2026-09-01T20:18:23.253Z,6,-16.595332,-71.519046,275.2,28.2,Pit-A,cycle-acme-s02-truck-027-00002,hauling,221.3,240.0,375689.04,78.1,True,False,20248.81,317646.75,False,False,False,89.9,24.4,[],1.0
b99e325f-adfc-40ff-aad3-b859ae4f7f81,1.0,acme-mining,site-02,fleet_telemetry,ACME-S02-TRUCK-028,haul_truck,2026-09-01T20:18:23.253Z,6,-16.585971,-71.599718,85.4,30.1,Pit-A,cycle-acme-s02-truck-028-00002,hauling,223.8,240.0,251474.29,75.9,True,False,6225.6,546026.89,False,False,False,90.2,24.7,[],1.0
32285652-f9b5-4324-9079-c7f585050339,1.0,acme-mining,site-02,fleet_telemetry,ACME-S02-TRUCK-029,haul_truck,2026-09-01T20:18:23.253Z,6,-16.660347,-71.483623,216.9,27.7,Pit-A,cycle-acme-s02-truck-029-00002,hauling,224.3,240.0,291139.19,68.6,True,False,3383.19,170217.03,False,False,False,88.0,24.7,[],1.0
c1d45686-1c0e-4bea-b4ec-3cfb7bd140e3,1.0,acme-mining,site-02,fleet_telemetry,ACME-S02-TRUCK-030,haul_truck,2026-09-01T20:18:23.253Z,6,-16.601724,-71.519119,120.5,30.9,Pit-A,cycle-acme-s02-truck-030-00002,hauling,224.7,240.0,116453.2,35.0,True,False,1148.44,344686.85,False,False,False,91.8,24.1,[],1.0
10788482-3925-449e-b009-b1b52b0b116f,1.0,acme-mining,site-02,fleet_telemetry,ACME-S02-TRUCK-031,haul_truck,2026-09-01T20:18:23.253Z,6,-16.517876,-71.53048,290.6,26.6,Pit-A,cycle-acme-s02-truck-031-00002,hauling,216.3,240.0,240333.63,50.2,True,False,4771.06,440975.54,False,False,False,89.5,24.2,[],1.0
c56b9e8c-12ae-4263-9da4-cb9fe6b472e9,1.0,acme-mining,site-02,fleet_telemetry,ACME-S02-TRUCK-032,haul_truck,2026-09-01T20:18:23.253Z,6,-16.513417,-71.576905,50.5,29.1,Pit-A,cycle-acme-s02-truck-032-00002,hauling,216.1,240.0,216859.86,69.5,True,False,12548.03,265985.99,False,False,False,86.5,25.2,[],1.0
85dfcc8c-c7e0-4dd1-be6d-2240c254d6f4,1.0,acme-mining,site-02,fleet_telemetry,ACME-S02-TRUCK-033,haul_truck,2026-09-01T20:18:23.253Z,6,-16.552756,-71.564285,161.2,32.4,Pit-A,cycle-acme-s02-truck-033-00002,hauling,222.0,240.0,286433.49,79.0,True,False,8109.82,481752.99,False,False,False,89.0,24.4,[],1.0
fbf6ddf8-2366-4666-aaad-1d4d604824e9,1.0,acme-mining,site-02,fleet_telemetry,ACME-S02-TRUCK-034,haul_truck,2026-09-01T20:18:23.253Z,6,-16.513468,-71.54095,356.5,29.6,Pit-A,cycle-acme-s02-truck-034-00002,hauling,226.7,240.0,375369.23,72.9,True,False,7977.21,424961.37,False,False,False,90.3,24.2,[],1.0
be94598a-52fd-4342-b837-170957400cc4,1.0,acme-mining,site-02,fleet_telemetry,ACME-S02-TRUCK-035,haul_truck,2026-09-01T20:18:23.253Z,6,-16.663379,-71.585612,139.0,53.7,Pit-A,cycle-acme-s02-truck-035-00002,hauling,218.4,240.0,211379.44,45.5,True,False,2137.74,509000.13,False,False,True,91.9,24.2,[],1.0
4309c2c8-bb8e-430d-9914-fe951d619904,1.0,acme-mining,site-02,fleet_telemetry,ACME-S02-TRUCK-036,haul_truck,2026-09-01T20:18:23.253Z,6,-16.549896,-71.586956,128.9,31.7,Pit-A,cycle-acme-s02-truck-036-00002,hauling,226.6,240.0,248933.93,42.7,True,False,11726.14,643147.45,False,False,False,91.7,24.6,[],1.0
2b5fb31e-1749-4e0e-8690-33d4982b9e9c,1.0,acme-mining,site-02,fleet_telemetry,ACME-S02-TRUCK-037,haul_truck,2026-09-01T20:18:23.253Z,6,-16.528084,-71.498574,132.4,30.8,Pit-A,cycle-acme-s02-truck-037-00002,hauling,221.6,240.0,64769.43,50.7,True,False,19154.93,229112.71,False,False,False,86.1,24.0,[],1.0
0d5b0bb2-0b64-4b09-8f19-86d8b02e482f,1.0,acme-mining,site-02,fleet_telemetry,ACME-S02-TRUCK-038,haul_truck,2026-09-01T20:18:23.253Z,6,-16.542803,-71.574848,113.0,33.5,Pit-A,cycle-acme-s02-truck-038-00002,hauling,218.8,240.0,314510.56,50.7,True,False,7987.58,137694.96,False,False,False,86.8,24.2,[],1.0
4b29edb2-9f49-40dc-8fc6-2614c74fa03d,1.0,acme-mining,site-02,fleet_telemetry,ACME-S02-TRUCK-039,haul_truck,2026-09-01T20:18:23.253Z,6,-16.618966,-71.604674,101.4,33.4,Pit-A,cycle-acme-s02-truck-039-00002,hauling,223.3,240.0,371830.59,63.1,True,False,2473.26,399545.71,False,False,False,89.5,24.7,[],1.0
f57d4ccc-3428-4981-b3a4-d5884674453d,1.0,acme-mining,site-02,fleet_telemetry,ACME-S02-TRUCK-040,haul_truck,2026-09-01T20:18:23.253Z,6,-16.598842,-71.501199,79.7,28.5,Pit-A,cycle-acme-s02-truck-040-00002,hauling,227.3,240.0,83324.12,56.0,True,False,10253.42,472127.76,False,False,False,88.9,24.8,[],1.0
eeb1dad6-7e80-4681-8187-57cec3a7a1e4,1.0,acme-mining,site-02,fleet_telemetry,ACME-S02-TRUCK-041,haul_truck,2026-09-01T20:18:23.253Z,6,-16.568419,-71.559347,88.0,38.1,Pit-A,cycle-acme-s02-truck-041-00002,hauling,222.8,240.0,427078.35,30.2,True,False,6620.58,637417.33,False,False,False,92.0,24.7,[],1.0
b1089018-bc2f-470e-ab39-fc6b644df78a,1.0,acme-mining,site-02,fleet_telemetry,ACME-S02-TRUCK-042,haul_truck,2026-09-01T20:18:23.253Z,6,-16.664874,-71.606732,97.0,39.0,Pit-A,cycle-acme-s02-truck-042-00002,hauling,219.4,240.0,277332.5,79.7,True,False,20999.14,109951.22,False,False,False,91.7,24.4,[],1.0
6db0caa6-b1cf-47ff-86c5-e41917de6525,1.0,acme-mining,site-02,fleet_telemetry,ACME-S02-TRUCK-043,haul_truck,2026-09-01T20:18:23.253Z,6,-16.598387,-71.558132,213.5,24.3,Pit-A,cycle-acme-s02-truck-043-00002,hauling,218.1,240.0,24249.97,35.7,True,False,8477.6,618164.4,False,False,False,88.2,24.5,[],1.0
fc7ce44d-41d9-4474-8a77-8c7a6228564b,1.0,acme-mining,site-02,fleet_telemetry,ACME-S02-TRUCK-044,haul_truck,2026-09-01T20:18:23.253Z,6,-16.630419,-71.599376,231.3,26.3,Pit-A,cycle-acme-s02-truck-044-00002,hauling,222.9,240.0,185135.41,70.4,True,False,12967.15,353559.89,False,False,False,94.2,25.0,[],1.0
307ee26f-90cf-425a-a4f7-0a97d45cfe83,1.0,acme-mining,site-02,fleet_telemetry,ACME-S02-TRUCK-045,haul_truck,2026-09-01T20:18:23.253Z,6,-16.557766,-71.583179,273.6,34.5,Pit-A,cycle-acme-s02-truck-045-00002,hauling,227.6,240.0,61815.26,79.2,True,False,11776.21,595531.91,False,False,False,96.0,24.4,[],1.0
fd635182-7f65-4ef1-930f-7f2772ae5eaf,1.0,acme-mining,site-02,fleet_telemetry,ACME-S02-TRUCK-046,haul_truck,2026-09-01T20:18:23.253Z,6,-16.556247,-71.457927,306.5,25.1,Pit-A,cycle-acme-s02-truck-046-00002,hauling,221.7,240.0,42583.32,37.1,True,False,5043.79,105509.05,False,False,False,89.0,24.3,[],1.0
22c2339f-0ccd-41bf-a3f3-b2129530c4a2,1.0,acme-mining,site-02,fleet_telemetry,ACME-S02-TRUCK-047,haul_truck,2026-09-01T20:18:23.253Z,6,-16.622425,-71.592309,279.9,29.2,Pit-A,cycle-acme-s02-truck-047-00002,hauling,225.6,240.0,251999.17,45.3,True,False,14958.21,467010.64,False,False,False,87.3,23.9,[],1.0
a7ef6ae0-1643-4ea2-828b-f2f9fbebe4d4,1.0,acme-mining,site-02,fleet_telemetry,ACME-S02-TRUCK-048,haul_truck,2026-09-01T20:18:23.253Z,6,-16.648171,-71.491019,260.4,24.2,Pit-A,cycle-acme-s02-truck-048-00002,hauling,220.6,240.0,63399.91,39.0,True,False,17626.37,340516.27,False,False,False,86.6,24.1,[],1.0
380ef368-27bf-4597-9751-ca357c485a9b,1.0,acme-mining,site-02,fleet_telemetry,ACME-S02-TRUCK-049,haul_truck,2026-09-01T20:18:23.253Z,6,-16.528915,-71.606978,310.9,60.9,Pit-A,cycle-acme-s02-truck-049-00002,hauling,225.3,240.0,442525.69,34.0,True,False,12932.29,314465.85,False,False,True,88.0,24.3,[],1.0
23736b09-0585-41a4-a351-fcd4d996a1a1,1.0,acme-mining,site-02,fleet_telemetry,ACME-S02-TRUCK-050,haul_truck,2026-09-01T20:18:23.253Z,6,-16.514808,-71.514701,243.8,31.1,Pit-A,cycle-acme-s02-truck-050-00002,hauling,220.0,240.0,372269.76,30.1,True,False,11944.76,504573.81,False,False,False,89.4,24.5,[],1.0
44dd6ca2-b0bf-4291-a259-c4edee7cd805,1.0,acme-mining,site-02,fleet_telemetry,ACME-S02-TRUCK-051,haul_truck,2026-09-01T20:18:23.253Z,6,-16.641274,-71.462888,24.8,24.0,Pit-A,cycle-acme-s02-truck-051-00002,hauling,222.9,240.0,353316.11,69.8,True,False,8103.72,573115.02,False,False,False,88.2,24.8,[],1.0
89aaf528-d083-4920-ad74-d5208288e395,1.0,acme-mining,site-02,fleet_telemetry,ACME-S02-TRUCK-052,haul_truck,2026-09-01T20:18:23.253Z,6,-16.52081,-71.581447,336.3,33.9,Pit-A,cycle-acme-s02-truck-052-00002,hauling,218.7,240.0,143815.22,36.3,True,False,18425.49,346404.46,False,False,False,86.7,24.6,[],1.0
f673295c-f6ad-4aed-b694-be51080b5ab7,1.0,acme-mining,site-02,fleet_telemetry,ACME-S02-TRUCK-053,haul_truck,2026-09-01T20:18:23.253Z,6,-16.582256,-71.597473,266.6,24.9,Pit-A,cycle-acme-s02-truck-053-00002,hauling,220.9,240.0,120266.76,69.4,True,False,19772.44,552938.35,False,False,False,95.3,23.8,[],1.0
5b838994-387b-4176-895d-6bdf698f78c1,1.0,acme-mining,site-02,fleet_telemetry,ACME-S02-TRUCK-054,haul_truck,2026-09-01T20:18:23.253Z,6,-16.643023,-71.517609,108.4,28.5,Pit-A,cycle-acme-s02-truck-054-00002,hauling,218.5,240.0,270396.14,65.6,True,False,2780.69,423822.21,False,False,False,87.1,24.7,[],1.0
a1941288-7030-4b5a-ab22-4bdaed3952cd,1.0,acme-mining,site-02,fleet_telemetry,ACME-S02-TRUCK-055,haul_truck,2026-09-01T20:18:23.253Z,6,-16.66314,-71.514868,194.4,36.9,Pit-A,cycle-acme-s02-truck-055-00002,hauling,223.9,240.0,373104.38,27.0,True,False,18661.64,375079.55,False,False,False,93.8,23.8,[],1.0
f73db3ce-0c14-43e9-8136-43002b2b4a22,1.0,acme-mining,site-02,fleet_telemetry,ACME-S02-TRUCK-056,haul_truck,2026-09-01T20:18:23.253Z,6,-16.570048,-71.571164,309.6,33.9,Pit-A,cycle-acme-s02-truck-056-00002,hauling,224.5,240.0,291156.55,59.8,True,False,17059.54,282449.83,False,False,False,87.4,24.3,[],1.0
1be9e822-0739-4b4e-8930-d3293ef0ecae,1.0,acme-mining,site-02,fleet_telemetry,ACME-S02-TRUCK-057,haul_truck,2026-09-01T20:18:23.253Z,6,-16.560229,-71.592214,157.7,34.5,Pit-A,cycle-acme-s02-truck-057-00002,hauling,223.8,240.0,188681.14,56.7,True,False,5991.42,528630.2,False,False,False,95.7,24.2,[],1.0
22eb2395-603f-4e31-90fd-1ccb01de04ff,1.0,acme-mining,site-02,fleet_telemetry,ACME-S02-TRUCK-058,haul_truck,2026-09-01T20:18:23.253Z,6,-16.552952,-71.479774,193.1,32.4,Pit-A,cycle-acme-s02-truck-058-00002,hauling,219.8,240.0,147536.72,75.2,True,False,5125.3,402196.09,False,False,False,87.6,24.9,[],1.0
eb1c21f3-1074-4c1f-8f95-4e12ec7ec0cc,1.0,acme-mining,site-02,fleet_telemetry,ACME-S02-TRUCK-059,haul_truck,2026-09-01T20:18:23.253Z,6,-16.650791,-71.545561,161.4,52.8,Pit-A,cycle-acme-s02-truck-059-00002,hauling,221.1,240.0,56721.36,41.9,True,False,16926.11,344437.65,False,False,True,89.4,24.3,[],1.0
e752dab8-8d01-4e4f-a388-f4cb20cbaf00,1.0,acme-mining,site-02,fleet_telemetry,ACME-S02-TRUCK-060,haul_truck,2026-09-01T20:18:23.253Z,6,-16.53196,-71.591963,285.5,39.7,Pit-A,cycle-acme-s02-truck-060-00002,hauling,222.2,240.0,280766.5,42.3,True,False,6952.5,262014.55,False,False,False,87.5,23.8,[],1.0
77fda835-9241-4203-8054-5ac4e526b235,1.0,acme-mining,site-02,fleet_telemetry,ACME-S02-TRUCK-061,haul_truck,2026-09-01T20:18:23.253Z,6,-16.595712,-71.47688,7.9,24.3,Pit-A,cycle-acme-s02-truck-061-00002,hauling,218.5,240.0,80111.09,94.7,True,False,16087.93,139595.61,False,False,False,86.1,24.1,[],1.0
1ca5a6cf-8e70-4675-82b6-5a79ba4e4055,1.0,acme-mining,site-02,fleet_telemetry,ACME-S02-TRUCK-062,haul_truck,2026-09-01T20:18:23.253Z,6,-16.613927,-71.609434,131.4,31.3,Pit-A,cycle-acme-s02-truck-062-00002,hauling,226.8,240.0,435342.54,40.0,True,False,20838.94,338430.16,False,False,False,93.8,24.9,[],1.0
ac50b98d-c74a-4f5d-9a92-1c253e32a8bc,1.0,acme-mining,site-02,fleet_telemetry,ACME-S02-TRUCK-063,haul_truck,2026-09-01T20:18:23.253Z,6,-16.628069,-71.558963,89.7,31.9,Pit-A,cycle-acme-s02-truck-063-00002,hauling,220.2,240.0,57299.14,34.3,True,False,6857.87,25151.92,False,False,False,94.1,24.8,[],1.0
386d63b0-4733-4ca4-80e8-5e902eae0d57,1.0,acme-mining,site-02,fleet_telemetry,ACME-S02-TRUCK-064,haul_truck,2026-09-01T20:18:23.253Z,6,-16.658627,-71.536821,264.4,27.1,Pit-A,cycle-acme-s02-truck-064-00002,hauling,226.8,240.0,95648.76,63.7,True,False,9292.34,379277.56,False,False,False,95.1,24.6,[],1.0
45281563-14b5-42b9-a564-9dce730d8f9d,1.0,acme-mining,site-02,fleet_telemetry,ACME-S02-TRUCK-065,haul_truck,2026-09-01T20:18:23.253Z,6,-16.654924,-71.557768,47.4,28.6,Pit-A,cycle-acme-s02-truck-065-00002,hauling,224.6,240.0,278859.41,34.0,True,False,18296.61,412642.34,False,False,False,95.5,24.0,[],1.0
3de6cc60-6f2b-4069-80f8-3700d2562bbd,1.0,acme-mining,site-02,fleet_telemetry,ACME-S02-TRUCK-066,haul_truck,2026-09-01T20:18:23.253Z,6,-16.590386,-71.610274,277.3,29.3,Pit-A,cycle-acme-s02-truck-066-00002,hauling,224.9,240.0,97585.89,60.6,True,False,20705.72,495628.17,False,False,False,96.0,23.9,[],1.0
4420c7e9-a4cd-439c-9744-bbfd48045bc6,1.0,acme-mining,site-02,fleet_telemetry,ACME-S02-TRUCK-067,haul_truck,2026-09-01T20:18:23.253Z,6,-16.648048,-71.4685,158.1,36.9,Pit-A,cycle-acme-s02-truck-067-00002,hauling,216.6,240.0,75534.32,87.5,True,False,17844.08,347179.77,False,False,False,89.7,25.0,[],1.0
3a5ae634-ae2c-41c4-a65b-730aca7c33a9,1.0,acme-mining,site-02,fleet_telemetry,ACME-S02-TRUCK-068,haul_truck,2026-09-01T20:18:23.253Z,6,-16.537892,-71.532326,299.3,31.4,Pit-A,cycle-acme-s02-truck-068-00002,hauling,224.8,240.0,141663.54,48.5,True,False,21801.06,485771.34,False,False,False,95.6,24.5,[],1.0
bad3f6d4-7869-4379-8a12-fcb6da937dc3,1.0,acme-mining,site-02,fleet_telemetry,ACME-S02-TRUCK-069,haul_truck,2026-09-01T20:18:23.253Z,6,-16.603733,-71.568278,336.8,35.4,Pit-A,cycle-acme-s02-truck-069-00002,hauling,223.5,240.0,155745.85,32.6,True,False,10867.73,30481.42,False,False,False,94.3,24.1,[],1.0
25ccd462-5f27-4484-9e8d-e60583430337,1.0,acme-mining,site-02,fleet_telemetry,ACME-S02-TRUCK-070,haul_truck,2026-09-01T20:18:23.253Z,6,-16.577851,-71.581112,283.8,28.7,Pit-A,cycle-acme-s02-truck-070-00002,hauling,226.5,240.0,298460.45,93.0,True,False,13454.49,187284.29,False,False,False,90.4,24.5,[],1.0
501dafa7-975c-4cba-b9b4-0e3406806642,1.0,acme-mining,site-02,fleet_telemetry,ACME-S02-TRUCK-071,haul_truck,2026-09-01T20:18:23.253Z,6,-16.646736,-71.508604,344.0,26.7,Pit-A,cycle-acme-s02-truck-071-00002,hauling,219.8,240.0,282684.18,83.8,True,False,4414.86,416286.03,False,False,False,86.4,24.9,[],1.0
cbbec828-189e-45fb-b75e-b180c00bc559,1.0,acme-mining,site-02,fleet_telemetry,ACME-S02-TRUCK-072,haul_truck,2026-09-01T20:18:23.253Z,6,-16.637778,-71.537193,53.1,30.2,Pit-A,cycle-acme-s02-truck-072-00002,hauling,227.0,240.0,194263.76,53.9,True,False,4844.64,297854.42,False,False,False,93.2,24.1,[],1.0
70f87a4a-83b7-4fb4-9b42-e03211787dcd,1.0,acme-mining,site-02,fleet_telemetry,ACME-S02-TRUCK-073,haul_truck,2026-09-01T20:18:23.253Z,6,-16.637233,-71.565476,30.4,28.5,Pit-A,cycle-acme-s02-truck-073-00002,hauling,225.5,240.0,37404.19,34.6,True,False,19303.74,483577.61,False,False,False,87.0,25.2,[],1.0
0fa148fa-05bc-4e25-8acf-0c0853a3894c,1.0,acme-mining,site-02,fleet_telemetry,ACME-S02-TRUCK-074,haul_truck,2026-09-01T20:18:23.253Z,6,-16.582998,-71.509368,149.7,26.1,Pit-A,cycle-acme-s02-truck-074-00002,hauling,220.2,240.0,212252.38,62.3,True,False,8788.69,622712.01,False,False,False,92.9,25.1,[],1.0
93786144-2d62-41cc-8632-46089718942e,1.0,acme-mining,site-02,fleet_telemetry,ACME-S02-TRUCK-075,haul_truck,2026-09-01T20:18:23.253Z,6,-16.634423,-71.461805,296.7,35.1,Pit-A,cycle-acme-s02-truck-075-00002,hauling,221.5,240.0,118468.84,64.0,True,False,13733.63,141126.56,False,False,False,86.5,24.2,[],1.0
edd3f378-b453-4580-87be-032a4f33326e,1.0,acme-mining,site-02,fleet_telemetry,ACME-S02-TRUCK-076,haul_truck,2026-09-01T20:18:23.253Z,6,-16.580731,-71.467991,222.1,24.6,Pit-A,cycle-acme-s02-truck-076-00002,hauling,217.2,240.0,225161.78,58.6,True,False,15743.91,454851.27,False,False,False,95.7,24.8,[],1.0
d0d0e2a0-c2c9-4864-94bf-2824b1acacce,1.0,acme-mining,site-02,fleet_telemetry,ACME-S02-TRUCK-077,haul_truck,2026-09-01T20:18:23.253Z,6,-16.539417,-71.464763,51.1,27.2,Pit-A,cycle-acme-s02-truck-077-00002,hauling,221.9,240.0,177065.87,93.6,True,False,3383.74,446272.15,False,False,False,87.7,24.5,[],1.0
f5c5158c-7387-4b05-ad70-55c4feb1c562,1.0,acme-mining,site-02,fleet_telemetry,ACME-S02-TRUCK-078,haul_truck,2026-09-01T20:18:23.253Z,6,-16.565455,-71.497923,104.1,31.0,Pit-A,cycle-acme-s02-truck-078-00002,hauling,218.0,240.0,44773.38,89.6,True,False,1691.82,621847.76,False,False,False,89.6,24.0,[],1.0
d3582d9e-3910-4b5d-9a00-32c904425e24,1.0,acme-mining,site-02,fleet_telemetry,ACME-S02-TRUCK-079,haul_truck,2026-09-01T20:18:23.253Z,6,-16.551877,-71.579182,305.9,30.8,Pit-A,cycle-acme-s02-truck-079-00002,hauling,223.1,240.0,129513.87,32.6,True,False,6548.02,374071.49,False,False,False,92.5,24.1,[],1.0
baca949e-f69f-441d-9660-8fd8731eba50,1.0,acme-mining,site-02,fleet_telemetry,ACME-S02-TRUCK-080,haul_truck,2026-09-01T20:18:23.253Z,6,-16.594787,-71.508489,108.7,27.5,Pit-A,cycle-acme-s02-truck-080-00002,hauling,218.4,240.0,54087.53,48.1,True,False,5584.25,166687.2,False,False,False,88.9,25.0,[],1.0
c2fe2a85-f88e-4d39-ade4-e6b5cec1d1f7,1.0,beta-minerals,north-site,fleet_telemetry,BETA-NORTH-TRUCK-001,haul_truck,2026-09-01T20:18:23.253Z,6,-16.562036,-71.59117,73.5,30.9,Pit-A,cycle-beta-north-truck-001-00002,hauling,217.1,240.0,383639.63,70.3,True,False,17975.95,92503.87,False,False,False,89.2,24.7,[],1.0
eacf1e57-4b3d-4655-8b04-a5e2b8b7d40d,1.0,beta-minerals,north-site,fleet_telemetry,BETA-NORTH-TRUCK-002,haul_truck,2026-09-01T20:18:23.253Z,6,-16.596487,-71.489851,226.1,34.7,Pit-A,cycle-beta-north-truck-002-00002,hauling,223.2,240.0,155635.87,54.8,True,False,11739.08,367703.64,False,False,False,92.7,23.8,[],1.0
8d118d97-851d-4746-a0ce-f2123237912a,1.0,beta-minerals,north-site,fleet_telemetry,BETA-NORTH-TRUCK-003,haul_truck,2026-09-01T20:18:23.253Z,6,-16.638809,-71.522739,171.0,32.0,Pit-A,cycle-beta-north-truck-003-00002,hauling,216.3,240.0,22845.03,68.0,True,False,14378.16,292244.84,False,False,False,88.7,24.9,[],1.0
81e72e36-ce62-4f2f-97c1-be1eaaf3acec,1.0,beta-minerals,north-site,fleet_telemetry,BETA-NORTH-TRUCK-004,haul_truck,2026-09-01T20:18:23.253Z,6,-16.654111,-71.477992,174.3,31.4,Pit-A,cycle-beta-north-truck-004-00002,hauling,221.3,240.0,365841.53,29.3,True,False,5162.64,493965.2,False,False,False,92.2,24.6,[],1.0
ea14d522-a9a4-47fc-afa7-7a9f91a1aae7,1.0,beta-minerals,north-site,fleet_telemetry,BETA-NORTH-TRUCK-005,haul_truck,2026-09-01T20:18:23.253Z,6,-16.515848,-71.567386,222.3,34.0,Pit-A,cycle-beta-north-truck-005-00002,hauling,219.1,240.0,305109.05,59.2,True,False,4977.98,91791.78,False,False,False,89.5,24.6,[],1.0
32761734-d7c5-4289-a5fc-cefefccaf225,1.0,beta-minerals,north-site,fleet_telemetry,BETA-NORTH-TRUCK-006,haul_truck,2026-09-01T20:18:23.253Z,6,-16.540212,-71.504506,40.5,31.3,Pit-A,cycle-beta-north-truck-006-00002,hauling,225.6,240.0,382028.26,68.2,True,False,13244.51,239192.67,False,False,False,94.5,24.4,[],1.0
68a60f2f-55a5-4a68-ad4c-e51dcddcf3f8,1.0,beta-minerals,north-site,fleet_telemetry,BETA-NORTH-TRUCK-007,haul_truck,2026-09-01T20:18:23.253Z,6,-16.641112,-71.506556,291.0,29.2,Pit-A,cycle-beta-north-truck-007-00002,hauling,220.8,240.0,61859.55,46.3,True,False,2596.75,104387.25,False,False,False,91.8,23.9,[],1.0
0b7be69d-673a-49f9-9891-87079a43dba3,1.0,beta-minerals,north-site,fleet_telemetry,BETA-NORTH-TRUCK-008,haul_truck,2026-09-01T20:18:23.253Z,6,-16.584433,-71.470442,60.0,30.9,Pit-A,cycle-beta-north-truck-008-00002,hauling,219.8,240.0,196137.49,59.0,True,False,13444.24,382127.98,False,False,False,93.9,24.7,[],1.0
a105d0cc-5b27-4d7f-af33-b21bd3e5e3a8,1.0,beta-minerals,north-site,fleet_telemetry,BETA-NORTH-TRUCK-009,haul_truck,2026-09-01T20:18:23.253Z,6,-16.598259,-71.608941,59.0,38.5,Pit-A,cycle-beta-north-truck-009-00002,hauling,226.0,240.0,71730.9,47.0,True,False,12564.15,328474.63,False,False,False,95.9,24.0,[],1.0
7a40e871-e200-4fbb-904e-3b80397e95e4,1.0,beta-minerals,north-site,fleet_telemetry,BETA-NORTH-TRUCK-010,haul_truck,2026-09-01T20:18:23.253Z,6,-16.565915,-71.552004,64.5,32.3,Pit-A,cycle-beta-north-truck-010-00002,hauling,216.7,240.0,178935.86,64.3,True,False,11073.72,142931.11,False,False,False,94.4,24.5,[],1.0
06e4bc0e-a371-4b3a-b842-285f788bd933,1.0,beta-minerals,north-site,fleet_telemetry,BETA-NORTH-TRUCK-011,haul_truck,2026-09-01T20:18:23.253Z,6,-16.62362,-71.573565,68.4,28.5,Pit-A,cycle-beta-north-truck-011-00002,hauling,226.5,240.0,23579.14,78.2,True,False,11160.44,72082.63,False,False,False,91.7,24.7,[],1.0
212e8980-d2d6-49d2-af7e-ee34aaeb6220,1.0,beta-minerals,north-site,fleet_telemetry,BETA-NORTH-TRUCK-012,haul_truck,2026-09-01T20:18:23.253Z,6,-16.58865,-71.525842,170.5,24.7,Pit-A,cycle-beta-north-truck-012-00002,hauling,218.8,240.0,349921.39,59.6,True,False,17351.7,376359.91,False,False,False,92.0,25.0,[],1.0
20654dec-19ee-4f17-b992-a20206dde797,1.0,beta-minerals,north-site,fleet_telemetry,BETA-NORTH-TRUCK-013,haul_truck,2026-09-01T20:18:23.253Z,6,-16.555345,-71.530057,345.6,37.4,Pit-A,cycle-beta-north-truck-013-00002,hauling,218.8,240.0,371949.23,27.9,True,False,18253.6,251123.05,False,False,False,87.5,24.9,[],1.0
17ad8081-26be-4a2e-aec4-f1fddf499368,1.0,beta-minerals,north-site,fleet_telemetry,BETA-NORTH-TRUCK-014,haul_truck,2026-09-01T20:18:23.253Z,6,-16.665225,-71.575449,213.1,53.3,Pit-A,cycle-beta-north-truck-014-00002,hauling,225.1,240.0,118914.34,86.2,True,False,16402.97,431813.35,False,False,True,90.0,25.0,[],1.0
ca221ce7-6c28-4d99-9f1a-b17aa943eed8,1.0,beta-minerals,north-site,fleet_telemetry,BETA-NORTH-TRUCK-015,haul_truck,2026-09-01T20:18:23.253Z,6,-16.540732,-71.523437,200.8,34.7,Pit-A,cycle-beta-north-truck-015-00002,hauling,220.3,240.0,351278.35,41.6,True,False,10108.29,646193.49,False,False,False,88.9,24.9,[],1.0
9081e850-8708-4b1a-a363-2134b6689dcf,1.0,beta-minerals,north-site,fleet_telemetry,BETA-NORTH-TRUCK-016,haul_truck,2026-09-01T20:18:23.253Z,6,-16.660905,-71.561369,205.0,27.4,Pit-A,cycle-beta-north-truck-016-00002,hauling,227.9,240.0,100913.07,39.5,True,False,4318.82,107718.16,False,False,False,90.3,24.5,[],1.0
74fd20ce-42a3-4135-845a-b365a047cd50,1.0,beta-minerals,north-site,fleet_telemetry,BETA-NORTH-TRUCK-017,haul_truck,2026-09-01T20:18:23.253Z,6,-16.518034,-71.535224,231.3,32.6,Pit-A,cycle-beta-north-truck-017-00002,hauling,221.7,240.0,138759.69,65.1,True,False,4369.61,636770.25,False,False,False,90.1,23.8,[],1.0
38d21afb-7da2-493c-9d2f-21da84910acc,1.0,beta-minerals,north-site,fleet_telemetry,BETA-NORTH-TRUCK-018,haul_truck,2026-09-01T20:18:23.253Z,6,-16.62604,-71.512519,330.7,26.0,Pit-A,cycle-beta-north-truck-018-00002,hauling,217.5,240.0,191102.76,29.1,True,False,3674.49,492559.42,False,False,False,88.3,24.2,[],1.0
f706d95d-7a60-48df-81fe-3e4ec18f5e93,1.0,beta-minerals,north-site,fleet_telemetry,BETA-NORTH-TRUCK-019,haul_truck,2026-09-01T20:18:23.253Z,6,-16.562182,-71.539215,343.6,41.4,Pit-A,cycle-beta-north-truck-019-00002,hauling,221.8,240.0,374532.42,78.3,True,False,6093.17,468178.95,False,False,False,92.7,24.6,[],1.0
e598f72c-55a5-47aa-a7f6-de332f62e631,1.0,beta-minerals,north-site,fleet_telemetry,BETA-NORTH-TRUCK-020,haul_truck,2026-09-01T20:18:23.253Z,6,-16.5474,-71.553052,280.0,40.7,Pit-A,cycle-beta-north-truck-020-00002,hauling,216.5,240.0,43227.59,80.6,True,False,14109.64,256358.72,False,False,False,87.4,24.0,[],1.0
ac79196a-70dd-415d-99ad-574110b34e04,1.0,beta-minerals,north-site,fleet_telemetry,BETA-NORTH-TRUCK-021,haul_truck,2026-09-01T20:18:23.253Z,6,-16.53482,-71.602608,64.2,40.4,Pit-A,cycle-beta-north-truck-021-00002,hauling,219.8,240.0,266060.86,85.8,True,False,10439.56,327468.17,False,False,False,90.3,25.1,[],1.0
be7c57c3-bba8-4ca8-ba5b-d16a80608d7c,1.0,beta-minerals,north-site,fleet_telemetry,BETA-NORTH-TRUCK-022,haul_truck,2026-09-01T20:18:23.253Z,6,-16.538446,-71.538369,158.2,27.3,Pit-A,cycle-beta-north-truck-022-00002,hauling,223.6,240.0,184995.41,92.7,True,False,18822.26,521277.24,False,False,False,92.6,23.8,[],1.0
57163b25-b391-44b2-8f9c-e509a0305cbe,1.0,beta-minerals,north-site,fleet_telemetry,BETA-NORTH-TRUCK-023,haul_truck,2026-09-01T20:18:23.253Z,6,-16.615441,-71.508269,215.0,33.0,Pit-A,cycle-beta-north-truck-023-00002,hauling,224.2,240.0,259102.95,58.9,True,False,7960.42,384098.33,False,False,False,89.3,24.6,[],1.0
1219ca51-6738-4f5c-bd92-89462aea578b,1.0,beta-minerals,north-site,fleet_telemetry,BETA-NORTH-TRUCK-024,haul_truck,2026-09-01T20:18:23.253Z,6,-16.645105,-71.544448,298.9,29.9,Pit-A,cycle-beta-north-truck-024-00002,hauling,218.7,240.0,17164.22,90.0,True,False,14075.01,547122.51,False,False,False,86.1,25.2,[],1.0
4aee7ae1-ede8-4408-a3a8-deed66874ed4,1.0,beta-minerals,north-site,fleet_telemetry,BETA-NORTH-TRUCK-025,haul_truck,2026-09-01T20:18:23.253Z,6,-16.644979,-71.468283,20.3,29.2,Pit-A,cycle-beta-north-truck-025-00002,hauling,225.9,240.0,68042.18,70.5,True,False,5089.15,453813.02,False,False,False,95.0,24.8,[],1.0
cb613528-4cf5-4fb4-8986-027edde01a94,1.0,beta-minerals,north-site,fleet_telemetry,BETA-NORTH-TRUCK-026,haul_truck,2026-09-01T20:18:23.253Z,6,-16.606962,-71.568616,170.0,31.1,Pit-A,cycle-beta-north-truck-026-00002,hauling,216.8,240.0,407672.54,36.6,True,False,6108.26,254261.71,False,False,False,93.2,25.1,[],1.0
b1e8cbc2-d665-4a42-a0db-7d8131ee39ca,1.0,beta-minerals,north-site,fleet_telemetry,BETA-NORTH-TRUCK-027,haul_truck,2026-09-01T20:18:23.253Z,6,-16.657922,-71.522539,196.4,35.5,Pit-A,cycle-beta-north-truck-027-00002,hauling,225.3,240.0,51881.24,39.9,True,False,9899.7,77455.65,False,False,False,91.4,24.1,[],1.0
8d7bc5d5-752d-4396-bf09-639fa9b612ae,1.0,beta-minerals,north-site,fleet_telemetry,BETA-NORTH-TRUCK-028,haul_truck,2026-09-01T20:18:23.253Z,6,-16.602807,-71.596343,109.9,30.2,Pit-A,cycle-beta-north-truck-028-00002,hauling,218.1,240.0,369528.4,94.1,True,False,996.89,458226.31,False,False,False,91.8,24.8,[],1.0
ba8a55ae-0b30-4b43-a6b8-ded6c85f739f,1.0,beta-minerals,north-site,fleet_telemetry,BETA-NORTH-TRUCK-029,haul_truck,2026-09-01T20:18:23.253Z,6,-16.622527,-71.556268,132.5,30.2,Pit-A,cycle-beta-north-truck-029-00002,hauling,227.7,240.0,55409.1,50.7,True,False,2693.83,527752.95,False,False,False,89.3,23.9,[],1.0
5de55718-5bcc-4b74-aded-9bdc8d4ca192,1.0,beta-minerals,north-site,fleet_telemetry,BETA-NORTH-TRUCK-030,haul_truck,2026-09-01T20:18:23.253Z,6,-16.572743,-71.591216,33.4,25.2,Pit-A,cycle-beta-north-truck-030-00002,hauling,216.6,240.0,40101.53,64.4,True,False,14401.42,446596.48,False,False,False,89.1,24.4,[],1.0
342c68c8-fad3-4a0b-a5ba-6a729a59aa41,1.0,beta-minerals,north-site,fleet_telemetry,BETA-NORTH-TRUCK-031,haul_truck,2026-09-01T20:18:23.253Z,6,-16.532787,-71.603614,157.8,29.5,Pit-A,cycle-beta-north-truck-031-00002,hauling,220.3,240.0,191152.78,73.0,True,False,14115.31,115365.83,False,False,False,87.4,24.5,[],1.0
f218c251-8bf6-4ce7-a603-7e40af7ba971,1.0,beta-minerals,north-site,fleet_telemetry,BETA-NORTH-TRUCK-032,haul_truck,2026-09-01T20:18:23.253Z,6,-16.648047,-71.573184,108.1,37.4,Pit-A,cycle-beta-north-truck-032-00002,hauling,221.5,240.0,433829.86,47.0,True,False,13298.98,261940.25,False,False,False,89.6,24.9,[],1.0
f3ef0fc7-16d8-4075-94ae-fe19084c5c31,1.0,beta-minerals,north-site,fleet_telemetry,BETA-NORTH-TRUCK-033,haul_truck,2026-09-01T20:18:23.253Z,6,-16.666094,-71.481952,175.8,34.3,Pit-A,cycle-beta-north-truck-033-00002,hauling,218.4,240.0,135365.58,90.9,True,False,13541.19,474343.32,False,False,False,89.3,24.5,[],1.0
a4691d11-d178-4634-b4d4-30d6d50732df,1.0,beta-minerals,north-site,fleet_telemetry,BETA-NORTH-TRUCK-034,haul_truck,2026-09-01T20:18:23.253Z,6,-16.661674,-71.473864,86.2,28.0,Pit-A,cycle-beta-north-truck-034-00002,hauling,225.5,240.0,339051.63,45.7,True,False,11776.29,340999.36,False,False,False,92.9,24.7,[],1.0
1b26b4c7-f433-4d64-95c3-0b035145d3d9,1.0,beta-minerals,north-site,fleet_telemetry,BETA-NORTH-TRUCK-035,haul_truck,2026-09-01T20:18:23.253Z,6,-16.5282,-71.615597,63.0,40.5,Pit-A,cycle-beta-north-truck-035-00002,hauling,221.7,240.0,290756.65,29.9,True,False,8980.78,171881.65,False,False,False,91.3,25.1,[],1.0
2151eeb4-9b78-48fc-b968-50e7510bfcc3,1.0,beta-minerals,north-site,fleet_telemetry,BETA-NORTH-TRUCK-036,haul_truck,2026-09-01T20:18:23.253Z,6,-16.561157,-71.495469,156.5,25.2,Pit-A,cycle-beta-north-truck-036-00002,hauling,216.1,240.0,260087.8,50.5,True,False,3598.05,562312.94,False,False,False,94.3,24.2,[],1.0
a4da56e3-cf4e-4de4-afc3-8ed9af089938,1.0,beta-minerals,north-site,fleet_telemetry,BETA-NORTH-TRUCK-037,haul_truck,2026-09-01T20:18:23.253Z,6,-16.660723,-71.491243,333.5,25.1,Pit-A,cycle-beta-north-truck-037-00002,hauling,219.9,240.0,125361.95,27.8,True,False,1153.82,62545.63,False,False,False,92.6,24.8,[],1.0
3602ee47-41ba-4f7c-86c6-a5b11c28a85c,1.0,beta-minerals,north-site,fleet_telemetry,BETA-NORTH-TRUCK-038,haul_truck,2026-09-01T20:18:23.253Z,6,-16.584399,-71.593099,152.9,32.7,Pit-A,cycle-beta-north-truck-038-00002,hauling,222.8,240.0,187002.49,69.8,True,False,17062.74,286852.54,False,False,False,87.1,24.5,[],1.0
22b6e03e-7047-4eeb-a515-6f299909e30c,1.0,beta-minerals,north-site,fleet_telemetry,BETA-NORTH-TRUCK-039,haul_truck,2026-09-01T20:18:23.253Z,6,-16.607886,-71.515996,58.5,29.3,Pit-A,cycle-beta-north-truck-039-00002,hauling,221.3,240.0,365546.86,62.5,True,False,11639.67,148014.55,False,False,False,89.8,24.9,[],1.0
79867eed-06d7-41b9-a070-5a8f5d8058cb,1.0,beta-minerals,north-site,fleet_telemetry,BETA-NORTH-TRUCK-040,haul_truck,2026-09-01T20:18:23.253Z,6,-16.631296,-71.469553,207.2,34.6,Pit-A,cycle-beta-north-truck-040-00002,hauling,220.8,240.0,429508.73,41.7,True,False,7375.6,295616.35,False,False,False,91.9,25.0,[],1.0
edc7e650-0320-404d-bbfe-8d4cf7786625,1.0,beta-minerals,north-site,fleet_telemetry,BETA-NORTH-TRUCK-041,haul_truck,2026-09-01T20:18:23.253Z,6,-16.557102,-71.50525,284.4,35.3,Pit-A,cycle-beta-north-truck-041-00002,hauling,223.3,240.0,335890.02,33.3,True,False,7356.96,487267.03,False,False,False,91.8,24.8,[],1.0
10fbfe86-0ed5-4faa-bcab-5ce7e260316b,1.0,beta-minerals,north-site,fleet_telemetry,BETA-NORTH-TRUCK-042,haul_truck,2026-09-01T20:18:23.253Z,6,-16.650097,-71.492532,84.2,26.0,Pit-A,cycle-beta-north-truck-042-00002,hauling,222.9,240.0,327137.25,36.7,True,False,11887.72,513282.0,False,False,False,91.3,25.1,[],1.0
c96335a0-691e-426a-a2f9-c3b22ebd6741,1.0,beta-minerals,north-site,fleet_telemetry,BETA-NORTH-TRUCK-043,haul_truck,2026-09-01T20:18:23.253Z,6,-16.660154,-71.503517,325.6,36.8,Pit-A,cycle-beta-north-truck-043-00002,hauling,220.9,240.0,365127.88,44.0,True,False,17154.33,38494.58,False,False,False,91.2,24.0,[],1.0
ea26ac8d-6fe6-4aa7-957d-91249d5424cd,1.0,beta-minerals,north-site,fleet_telemetry,BETA-NORTH-TRUCK-044,haul_truck,2026-09-01T20:18:23.253Z,6,-16.643664,-71.592315,324.2,29.3,Pit-A,cycle-beta-north-truck-044-00002,hauling,219.6,240.0,34393.63,85.1,True,False,11318.34,341792.71,False,False,False,93.5,24.7,[],1.0
870659d5-f0eb-4030-be5b-3a92505ff5c3,1.0,beta-minerals,north-site,fleet_telemetry,BETA-NORTH-TRUCK-045,haul_truck,2026-09-01T20:18:23.253Z,6,-16.533007,-71.615552,320.3,37.0,Pit-A,cycle-beta-north-truck-045-00002,hauling,226.5,240.0,335943.61,25.1,True,False,15091.36,92660.35,False,False,False,94.2,24.3,[],1.0
aaf8a7c4-f61f-4e3b-8931-656b08cd757b,1.0,beta-minerals,north-site,fleet_telemetry,BETA-NORTH-TRUCK-046,haul_truck,2026-09-01T20:18:23.253Z,6,-16.581967,-71.47127,18.5,36.8,Pit-A,cycle-beta-north-truck-046-00002,hauling,224.9,240.0,419710.86,85.0,True,False,8919.17,114553.48,False,False,False,94.4,24.0,[],1.0
666f6041-4122-4aa2-bb2c-23b5e2c27a42,1.0,beta-minerals,north-site,fleet_telemetry,BETA-NORTH-TRUCK-047,haul_truck,2026-09-01T20:18:23.253Z,6,-16.538235,-71.526062,301.8,31.9,Pit-A,cycle-beta-north-truck-047-00002,hauling,226.8,240.0,412976.52,47.4,True,False,5559.73,176405.95,False,False,False,94.5,24.9,[],1.0
5396b08a-41eb-4e4b-92a9-b39c91e458f1,1.0,beta-minerals,north-site,fleet_telemetry,BETA-NORTH-TRUCK-048,haul_truck,2026-09-01T20:18:23.253Z,6,-16.659365,-71.543072,5.2,29.4,Pit-A,cycle-beta-north-truck-048-00002,hauling,221.4,240.0,441822.53,91.8,True,False,4602.11,526733.09,False,False,False,86.8,24.3,[],1.0
6cd582a1-b38b-40e5-9153-0b31bc2c18c3,1.0,beta-minerals,north-site,fleet_telemetry,BETA-NORTH-TRUCK-049,haul_truck,2026-09-01T20:18:23.253Z,6,-16.580187,-71.568853,286.1,34.5,Pit-A,cycle-beta-north-truck-049-00002,hauling,225.7,240.0,13506.86,39.0,True,False,7738.79,368447.72,False,False,False,93.9,24.1,[],1.0
81d789e2-6d7f-4d68-b1b9-09e123a609ec,1.0,beta-minerals,north-site,fleet_telemetry,BETA-NORTH-TRUCK-050,haul_truck,2026-09-01T20:18:23.253Z,6,-16.553217,-71.53006,261.3,32.9,Pit-A,cycle-beta-north-truck-050-00002,hauling,222.3,240.0,449026.76,79.3,True,False,8607.41,632270.52,False,False,False,86.8,24.7,[],1.0
31c43d45-001b-4f64-a175-b9c35794b448,1.0,beta-minerals,north-site,fleet_telemetry,BETA-NORTH-TRUCK-051,haul_truck,2026-09-01T20:18:23.253Z,6,-16.536071,-71.477108,88.4,27.8,Pit-A,cycle-beta-north-truck-051-00002,hauling,217.4,240.0,112519.43,49.2,True,False,935.22,278322.89,False,False,False,86.8,25.2,[],1.0
405be7d6-66f3-4f00-8b00-f127189f7082,1.0,beta-minerals,north-site,fleet_telemetry,BETA-NORTH-TRUCK-052,haul_truck,2026-09-01T20:18:23.253Z,6,-16.637595,-71.460177,8.2,32.9,Pit-A,cycle-beta-north-truck-052-00002,hauling,222.9,240.0,334756.8,46.5,True,False,16889.31,257053.26,False,False,False,94.9,24.9,[],1.0
337260fe-7a4d-46ce-8a3f-60c108712c93,1.0,beta-minerals,north-site,fleet_telemetry,BETA-NORTH-TRUCK-053,haul_truck,2026-09-01T20:18:23.253Z,6,-16.633368,-71.482198,160.3,35.8,Pit-A,cycle-beta-north-truck-053-00002,hauling,226.2,240.0,133123.54,28.0,True,False,21418.26,109695.42,False,False,False,94.3,24.6,[],1.0
a68a971a-77d7-4c1a-99fc-768fb5b42fb9,1.0,beta-minerals,north-site,fleet_telemetry,BETA-NORTH-TRUCK-054,haul_truck,2026-09-01T20:18:23.253Z,6,-16.568406,-71.554406,284.1,30.7,Pit-A,cycle-beta-north-truck-054-00002,hauling,223.0,240.0,265539.5,60.3,True,False,10519.32,491176.75,False,False,False,88.2,23.9,[],1.0
67c00e6e-500c-473f-a2f7-f1af0d06a15c,1.0,beta-minerals,north-site,fleet_telemetry,BETA-NORTH-TRUCK-055,haul_truck,2026-09-01T20:18:23.253Z,6,-16.620022,-71.489362,269.6,38.9,Pit-A,cycle-beta-north-truck-055-00002,hauling,225.1,240.0,114179.99,43.2,True,False,10021.65,627457.66,False,False,False,90.6,24.9,[],1.0
7dc444e6-1f18-4761-ba3c-bd6fd157c6e6,1.0,beta-minerals,north-site,fleet_telemetry,BETA-NORTH-TRUCK-056,haul_truck,2026-09-01T20:18:23.253Z,6,-16.545584,-71.523934,86.8,36.0,Pit-A,cycle-beta-north-truck-056-00002,hauling,224.9,240.0,42862.9,39.2,True,False,7542.83,191332.34,False,False,False,87.2,24.6,[],1.0
627cff47-194e-4381-877f-9c8587cedb96,1.0,beta-minerals,north-site,fleet_telemetry,BETA-NORTH-TRUCK-057,haul_truck,2026-09-01T20:18:23.253Z,6,-16.547162,-71.545181,232.6,24.2,Pit-A,cycle-beta-north-truck-057-00002,hauling,227.8,240.0,63124.59,50.0,True,False,10330.82,217841.1,False,False,False,89.1,24.2,[],1.0
bcbe227b-53de-4df6-89a0-558504fb2a3b,1.0,beta-minerals,north-site,fleet_telemetry,BETA-NORTH-TRUCK-058,haul_truck,2026-09-01T20:18:23.253Z,6,-16.5739,-71.583118,287.1,26.2,Pit-A,cycle-beta-north-truck-058-00002,hauling,222.4,240.0,143855.02,74.3,True,False,2716.93,528786.17,False,False,False,94.3,25.0,[],1.0
736e33ff-0faf-4901-845c-bcd13dbbfc32,1.0,beta-minerals,north-site,fleet_telemetry,BETA-NORTH-TRUCK-059,haul_truck,2026-09-01T20:18:23.253Z,6,-16.562056,-71.575883,25.1,54.6,Pit-A,cycle-beta-north-truck-059-00002,hauling,224.6,240.0,166527.24,60.9,True,False,2733.72,176377.99,False,False,True,88.1,24.3,[],1.0
b5bc101a-dc55-4984-abdb-10cef2033c5a,1.0,beta-minerals,north-site,fleet_telemetry,BETA-NORTH-TRUCK-060,haul_truck,2026-09-01T20:18:23.253Z,6,-16.655215,-71.601215,28.4,36.5,Pit-A,cycle-beta-north-truck-060-00002,hauling,220.8,240.0,254620.08,63.5,True,False,20984.46,558398.97,False,False,False,95.2,24.8,[],1.0
1bf80ac0-4e4b-4fca-9d97-930190701ce3,1.0,beta-minerals,north-site,fleet_telemetry,BETA-NORTH-TRUCK-061,haul_truck,2026-09-01T20:18:23.253Z,6,-16.538621,-71.55793,253.5,33.2,Pit-A,cycle-beta-north-truck-061-00002,hauling,218.9,240.0,442330.01,34.1,True,False,1053.5,543134.71,False,False,False,92.2,24.7,[],1.0
41462f99-0904-46de-9a46-c858d9683663,1.0,beta-minerals,north-site,fleet_telemetry,BETA-NORTH-TRUCK-062,haul_truck,2026-09-01T20:18:23.253Z,6,-16.660082,-71.473058,343.9,33.8,Pit-A,cycle-beta-north-truck-062-00002,hauling,221.2,240.0,367609.15,26.5,True,False,13145.27,183057.17,False,False,False,89.7,24.4,[],1.0
8d89aed5-c4e7-4030-b7d8-91066b4c0ec0,1.0,beta-minerals,north-site,fleet_telemetry,BETA-NORTH-TRUCK-063,haul_truck,2026-09-01T20:18:23.253Z,6,-16.519653,-71.609358,66.9,28.4,Pit-A,cycle-beta-north-truck-063-00002,hauling,218.9,240.0,365910.8,33.5,True,False,2749.96,553783.67,False,False,False,90.9,24.3,[],1.0
e92d1595-eb19-42c6-b003-d65b521edca3,1.0,beta-minerals,north-site,fleet_telemetry,BETA-NORTH-TRUCK-064,haul_truck,2026-09-01T20:18:23.253Z,6,-16.642781,-71.583166,48.2,39.8,Pit-A,cycle-beta-north-truck-064-00002,hauling,224.1,240.0,22972.63,72.8,True,False,18219.74,268849.32,False,False,False,86.4,24.5,[],1.0
4dc335c4-01b2-48a3-9195-a01cb2c944df,1.0,beta-minerals,north-site,fleet_telemetry,BETA-NORTH-TRUCK-065,haul_truck,2026-09-01T20:18:23.253Z,6,-16.566831,-71.537629,275.6,28.3,Pit-A,cycle-beta-north-truck-065-00002,hauling,222.5,240.0,280207.32,68.2,True,False,10255.45,113637.9,False,False,False,90.2,24.3,[],1.0
ea18a69b-d822-4e8e-8d93-f4d002b413dc,1.0,beta-minerals,north-site,fleet_telemetry,BETA-NORTH-TRUCK-066,haul_truck,2026-09-01T20:18:23.253Z,6,-16.528865,-71.533351,24.7,24.1,Pit-A,cycle-beta-north-truck-066-00002,hauling,220.5,240.0,70384.27,38.9,True,False,2092.76,196259.0,False,False,False,88.5,24.8,[],1.0
04215eff-2ee9-41fa-aa3c-c7f85977e9e7,1.0,beta-minerals,north-site,fleet_telemetry,BETA-NORTH-TRUCK-067,haul_truck,2026-09-01T20:18:23.253Z,6,-16.583287,-71.539978,73.7,52.2,Pit-A,cycle-beta-north-truck-067-00002,hauling,227.4,240.0,354043.36,50.1,True,False,17650.75,643324.44,False,False,True,92.3,24.5,[],1.0
4cf130d4-1d9c-4855-a17f-874df2dd7e9c,1.0,beta-minerals,north-site,fleet_telemetry,BETA-NORTH-TRUCK-068,haul_truck,2026-09-01T20:18:23.253Z,6,-16.665721,-71.487824,13.5,38.7,Pit-A,cycle-beta-north-truck-068-00002,hauling,227.7,240.0,21468.13,66.8,True,False,7618.02,190374.63,False,False,False,95.6,24.7,[],1.0
09a66541-5fb7-488a-ba1d-daa4ccfd7b3d,1.0,beta-minerals,north-site,fleet_telemetry,BETA-NORTH-TRUCK-069,haul_truck,2026-09-01T20:18:23.253Z,6,-16.654394,-71.51245,152.0,33.8,Pit-A,cycle-beta-north-truck-069-00002,hauling,217.7,240.0,449826.95,93.1,True,False,12023.97,503110.68,False,False,False,90.2,25.1,[],1.0
0fbe2e50-2316-49ee-8b2c-f9cf4457cffb,1.0,beta-minerals,north-site,fleet_telemetry,BETA-NORTH-TRUCK-070,haul_truck,2026-09-01T20:18:23.253Z,6,-16.608251,-71.467861,208.4,33.2,Pit-A,cycle-beta-north-truck-070-00002,hauling,221.4,240.0,263304.95,93.8,True,False,16997.86,617115.7,False,False,False,91.3,24.6,[],1.0
1e65b557-b979-46fd-b9ce-00efa8e2877b,1.0,beta-minerals,north-site,fleet_telemetry,BETA-NORTH-TRUCK-071,haul_truck,2026-09-01T20:18:23.253Z,6,-16.524164,-71.613019,93.6,38.3,Pit-A,cycle-beta-north-truck-071-00002,hauling,216.5,240.0,364732.92,73.8,True,False,4533.34,393287.42,False,False,False,91.0,24.9,[],1.0
e403fe9f-1cbf-44cf-bf17-b8a6a597d70c,1.0,beta-minerals,north-site,fleet_telemetry,BETA-NORTH-TRUCK-072,haul_truck,2026-09-01T20:18:23.253Z,6,-16.529338,-71.538721,182.0,40.5,Pit-A,cycle-beta-north-truck-072-00002,hauling,216.0,240.0,92823.24,94.1,True,False,12748.47,374758.75,False,False,False,87.7,24.9,[],1.0
d6c1d9c0-73dd-42ba-9788-3e4a8866636c,1.0,beta-minerals,north-site,fleet_telemetry,BETA-NORTH-TRUCK-073,haul_truck,2026-09-01T20:18:23.253Z,6,-16.59393,-71.564408,40.3,29.0,Pit-A,cycle-beta-north-truck-073-00002,hauling,219.8,240.0,274732.05,26.4,True,False,1604.84,55385.96,False,False,False,95.6,24.8,[],1.0
ff4d1952-2fe2-4dae-a087-466e2463b389,1.0,beta-minerals,north-site,fleet_telemetry,BETA-NORTH-TRUCK-074,haul_truck,2026-09-01T20:18:23.253Z,6,-16.660885,-71.59382,163.2,39.0,Pit-A,cycle-beta-north-truck-074-00002,hauling,217.6,240.0,363067.18,85.7,True,False,8024.1,131799.86,False,False,False,90.9,25.0,[],1.0
28be92f9-e792-476c-80bf-47891721c296,1.0,beta-minerals,north-site,fleet_telemetry,BETA-NORTH-TRUCK-075,haul_truck,2026-09-01T20:18:23.253Z,6,-16.610613,-71.466792,272.6,24.4,Pit-A,cycle-beta-north-truck-075-00002,hauling,227.8,240.0,388694.99,92.2,True,False,17216.58,553283.09,False,False,False,93.9,25.0,[],1.0
8f71ed17-1f77-47db-9c5a-32d65397237f,1.0,beta-minerals,north-site,fleet_telemetry,BETA-NORTH-TRUCK-076,haul_truck,2026-09-01T20:18:23.253Z,6,-16.600472,-71.515256,181.3,38.8,Pit-A,cycle-beta-north-truck-076-00002,hauling,219.7,240.0,439379.12,76.2,True,False,7935.1,223240.16,False,False,False,88.1,24.5,[],1.0
5e1310a6-db44-4821-a030-3903dcc640c4,1.0,beta-minerals,north-site,fleet_telemetry,BETA-NORTH-TRUCK-077,haul_truck,2026-09-01T20:18:23.253Z,6,-16.544507,-71.581824,80.1,25.2,Pit-A,cycle-beta-north-truck-077-00002,hauling,225.0,240.0,315167.0,90.0,True,False,4493.1,630308.16,False,False,False,95.6,24.1,[],1.0
8f0d20d7-5a9e-459f-aa51-4690204be1a4,1.0,beta-minerals,north-site,fleet_telemetry,BETA-NORTH-TRUCK-078,haul_truck,2026-09-01T20:18:23.253Z,6,-16.670088,-71.505168,217.8,31.3,Pit-A,cycle-beta-north-truck-078-00002,hauling,217.1,240.0,139588.02,37.4,True,False,8821.75,482416.97,False,False,False,93.2,24.7,[],1.0
06d37092-3d21-4c1d-a82f-007980b95c06,1.0,beta-minerals,north-site,fleet_telemetry,BETA-NORTH-TRUCK-079,haul_truck,2026-09-01T20:18:23.253Z,6,-16.63509,-71.527021,67.0,26.0,Pit-A,cycle-beta-north-truck-079-00002,hauling,226.5,240.0,415257.24,92.7,True,False,1486.52,399504.99,False,False,False,95.7,24.0,[],1.0
1efc10ba-deb2-4638-a0c1-8b8c5ffdb305,1.0,beta-minerals,north-site,fleet_telemetry,BETA-NORTH-TRUCK-080,haul_truck,2026-09-01T20:18:23.253Z,6,-16.568617,-71.463419,61.3,26.4,Pit-A,cycle-beta-north-truck-080-00002,hauling,219.1,240.0,162596.88,47.3,True,False,7820.78,69018.32,False,False,False,92.6,25.0,[],1.0
a4c6f709-472a-4504-a677-63f6460026cd,1.0,acme-mining,site-01,fleet_telemetry,ACME-S01-TRUCK-001,haul_truck,2026-09-01T20:18:28.253Z,7,-16.552555,-71.509215,125.9,0.5,Dump-A,cycle-acme-s01-truck-001-00002,dumping,0.0,240.0,131013.34,40.6,True,True,14355.86,35756.89,False,False,False,88.6,25.1,[],1.0
63a5c222-5732-46be-aec8-2b8ce4bc2cca,1.0,acme-mining,site-01,fleet_telemetry,ACME-S01-TRUCK-002,haul_truck,2026-09-01T20:18:28.253Z,7,-16.574101,-71.527667,58.7,0.1,Dump-A,cycle-acme-s01-truck-002-00002,dumping,0.0,240.0,51226.35,41.2,True,True,13318.45,40023.23,False,False,False,91.3,24.2,[],1.0
144f4943-43a5-415a-b8dc-a401459141ca,1.0,acme-mining,site-01,fleet_telemetry,ACME-S01-TRUCK-003,haul_truck,2026-09-01T20:18:28.253Z,7,-16.54899,-71.591951,240.5,0.2,Dump-A,cycle-acme-s01-truck-003-00002,dumping,0.0,240.0,132404.36,85.8,True,True,9693.83,303001.86,False,False,False,94.3,24.1,[],1.0
cb8258e6-4797-4af5-bbe8-4d316f43df0a,1.0,acme-mining,site-01,fleet_telemetry,ACME-S01-TRUCK-004,haul_truck,2026-09-01T20:18:28.253Z,7,-16.6549,-71.481937,291.2,0.7,Dump-A,cycle-acme-s01-truck-004-00002,dumping,0.0,240.0,158102.04,31.5,True,True,4096.18,623044.37,False,False,False,109.8,25.1,"[""ENG_OVERHEAT""]",0.72
331401d0-378e-4524-94a5-ba659cac4236,1.0,acme-mining,site-01,fleet_telemetry,ACME-S01-TRUCK-005,haul_truck,2026-09-01T20:18:28.253Z,7,-16.582073,-71.484816,308.0,1.4,Dump-A,cycle-acme-s01-truck-005-00002,dumping,0.0,240.0,438171.38,51.5,True,True,16270.32,357823.84,False,False,False,95.5,24.2,[],1.0
25a500a9-12ee-43d7-a82d-9eab2874a66c,1.0,acme-mining,site-01,fleet_telemetry,ACME-S01-TRUCK-006,haul_truck,2026-09-01T20:18:28.253Z,7,-16.624068,-71.604687,318.1,0.1,Dump-A,cycle-acme-s01-truck-006-00002,dumping,0.0,240.0,30163.17,40.9,True,True,13039.88,463880.4,False,False,False,94.8,24.4,[],1.0
c8640885-3283-42cb-92ec-febe92a2d6c2,1.0,acme-mining,site-01,fleet_telemetry,ACME-S01-TRUCK-007,haul_truck,2026-09-01T20:18:28.253Z,7,-16.613525,-71.510275,284.4,0.8,Dump-A,cycle-acme-s01-truck-007-00002,dumping,0.0,240.0,377009.03,36.3,True,True,8858.69,305648.62,False,False,False,94.4,24.2,[],1.0
17cdd42d-b3d4-4966-a33e-c879a65499ee,1.0,acme-mining,site-01,fleet_telemetry,ACME-S01-TRUCK-008,haul_truck,2026-09-01T20:18:28.253Z,7,-16.60971,-71.459187,21.6,0.7,Dump-A,cycle-acme-s01-truck-008-00002,dumping,0.0,240.0,330816.24,36.4,True,True,13713.59,127817.49,False,False,False,87.6,24.1,[],1.0
9317aa74-cc7e-4228-a796-b2f7eb492a20,1.0,acme-mining,site-01,fleet_telemetry,ACME-S01-TRUCK-009,haul_truck,2026-09-01T20:18:28.253Z,7,-16.538924,-71.488689,290.2,0.0,Dump-A,cycle-acme-s01-truck-009-00002,dumping,0.0,240.0,348058.42,28.9,True,True,5455.85,224298.26,False,False,False,95.3,24.2,[],1.0
83ab168e-d637-4283-b51b-b71aa42f8d1e,1.0,acme-mining,site-01,fleet_telemetry,ACME-S01-TRUCK-010,haul_truck,2026-09-01T20:18:28.253Z,7,-16.565538,-71.554159,45.2,0.8,Dump-A,cycle-acme-s01-truck-010-00002,dumping,0.0,240.0,395602.2,47.0,True,True,5272.85,614033.27,False,False,False,95.7,24.2,[],1.0
8f13e44f-91ff-4a80-a0f5-9134799ca3fa,1.0,acme-mining,site-01,fleet_telemetry,ACME-S01-TRUCK-011,haul_truck,2026-09-01T20:18:28.253Z,7,-16.550889,-71.548959,261.3,0.4,Dump-A,cycle-acme-s01-truck-011-00002,dumping,0.0,240.0,337795.6,62.7,True,True,3828.89,107967.24,False,False,False,86.5,25.0,[],1.0
50360a9d-0038-42bd-863d-a27d6f4920fe,1.0,acme-mining,site-01,fleet_telemetry,ACME-S01-TRUCK-012,haul_truck,2026-09-01T20:18:28.253Z,7,-16.662844,-71.599929,54.3,1.1,Dump-A,cycle-acme-s01-truck-012-00002,dumping,0.0,240.0,234192.01,31.3,True,True,5449.61,648448.86,False,False,False,95.5,24.3,[],1.0
9b5cd674-afe5-4ab9-bf50-7af7c6bc9be1,1.0,acme-mining,site-01,fleet_telemetry,ACME-S01-TRUCK-013,haul_truck,2026-09-01T20:18:28.253Z,7,-16.630192,-71.528985,270.4,1.0,Dump-A,cycle-acme-s01-truck-013-00002,dumping,0.0,240.0,272191.35,57.7,True,True,13443.88,262403.54,False,False,False,92.0,24.0,[],1.0
0066e527-88ac-4fbd-9134-705f68d6db53,1.0,acme-mining,site-01,fleet_telemetry,ACME-S01-TRUCK-014,haul_truck,2026-09-01T20:18:28.253Z,7,-16.652535,-71.547911,143.8,0.4,Dump-A,cycle-acme-s01-truck-014-00002,dumping,0.0,240.0,127403.53,69.8,True,True,15252.27,358291.48,False,False,False,86.2,24.8,[],1.0
342c751d-ca5e-4dc0-952c-c978e66aba1a,1.0,acme-mining,site-01,fleet_telemetry,ACME-S01-TRUCK-015,haul_truck,2026-09-01T20:18:28.253Z,7,-16.57034,-71.482832,44.5,1.2,Dump-A,cycle-acme-s01-truck-015-00002,dumping,0.0,240.0,233380.38,32.4,True,True,21404.04,500036.33,False,False,False,86.9,24.7,[],1.0
99465a9f-a58c-46f2-a908-9b9b0be41410,1.0,acme-mining,site-01,fleet_telemetry,ACME-S01-TRUCK-016,haul_truck,2026-09-01T20:18:28.253Z,7,-16.585559,-71.617388,28.9,0.9,Dump-A,cycle-acme-s01-truck-016-00002,dumping,0.0,240.0,247327.22,79.5,True,True,4040.2,500381.95,False,False,False,91.5,24.0,[],1.0
a57bd6d9-ba8b-4483-8115-cf1d01f2c6bf,1.0,acme-mining,site-01,fleet_telemetry,ACME-S01-TRUCK-017,haul_truck,2026-09-01T20:18:28.253Z,7,-16.632108,-71.578955,110.4,0.4,Dump-A,cycle-acme-s01-truck-017-00002,dumping,0.0,240.0,443541.85,81.4,True,True,3171.61,248678.02,False,False,False,90.3,24.3,[],1.0
23188f01-d970-4570-97c0-2ec44de283dc,1.0,acme-mining,site-01,fleet_telemetry,ACME-S01-TRUCK-018,haul_truck,2026-09-01T20:18:28.253Z,7,-16.54785,-71.596958,180.9,0.9,Dump-A,cycle-acme-s01-truck-018-00002,dumping,0.0,240.0,40453.95,78.2,True,True,2615.86,326174.14,False,False,False,94.7,24.1,[],1.0
4ccca8fd-b0e8-48a6-ae19-e690b1888677,1.0,acme-mining,site-01,fleet_telemetry,ACME-S01-TRUCK-019,haul_truck,2026-09-01T20:18:28.253Z,7,-16.52182,-71.496657,151.1,0.1,Dump-A,cycle-acme-s01-truck-019-00002,dumping,0.0,240.0,276901.77,92.5,True,True,4300.7,352434.61,False,False,False,91.9,23.8,[],1.0
133a3675-eb4f-46cc-9f8b-b3ff94600526,1.0,acme-mining,site-01,fleet_telemetry,ACME-S01-TRUCK-020,haul_truck,2026-09-01T20:18:28.253Z,7,-16.598182,-71.577831,125.0,0.6,Dump-A,cycle-acme-s01-truck-020-00002,dumping,0.0,240.0,174305.47,87.9,True,True,9258.65,443162.95,False,False,False,93.7,23.9,[],1.0
48031b60-9c83-49f3-ab37-0bae1fc106f1,1.0,acme-mining,site-01,fleet_telemetry,ACME-S01-TRUCK-021,haul_truck,2026-09-01T20:18:28.253Z,7,-16.569435,-71.580879,133.5,0.2,Dump-A,cycle-acme-s01-truck-021-00002,dumping,0.0,240.0,106896.09,29.9,True,True,13272.15,164972.42,False,False,False,113.3,24.1,"[""ENG_OVERHEAT""]",0.72
0e83c686-f221-4dde-9c3e-f973290b90be,1.0,acme-mining,site-01,fleet_telemetry,ACME-S01-TRUCK-022,haul_truck,2026-09-01T20:18:28.253Z,7,-16.64919,-71.46782,88.9,1.1,Dump-A,cycle-acme-s01-truck-022-00002,dumping,0.0,240.0,304350.67,40.0,True,True,2302.19,169943.12,False,False,False,93.3,23.8,[],1.0
a5e013d3-cba3-4040-a9eb-69bcf712993c,1.0,acme-mining,site-01,fleet_telemetry,ACME-S01-TRUCK-023,haul_truck,2026-09-01T20:18:28.253Z,7,-16.564956,-71.560816,342.3,1.1,Dump-A,cycle-acme-s01-truck-023-00002,dumping,0.0,240.0,189106.83,31.6,True,True,5951.55,317973.09,False,False,False,92.1,24.4,[],1.0
c74b76cd-8a6c-46e6-9281-cffad2915301,1.0,acme-mining,site-01,fleet_telemetry,ACME-S01-TRUCK-024,haul_truck,2026-09-01T20:18:28.253Z,7,-16.616107,-71.479629,256.8,1.2,Dump-A,cycle-acme-s01-truck-024-00002,dumping,0.0,240.0,53304.31,53.1,True,True,15075.34,640024.22,False,False,False,87.4,24.7,[],1.0
d43d3772-e625-4b29-9f19-534e2fd0eede,1.0,acme-mining,site-01,fleet_telemetry,ACME-S01-TRUCK-025,haul_truck,2026-09-01T20:18:28.253Z,7,-16.53045,-71.605442,58.7,0.8,Dump-A,cycle-acme-s01-truck-025-00002,dumping,0.0,240.0,90735.18,57.3,True,True,12169.27,108315.0,False,False,False,86.6,25.2,[],1.0
ef13dc59-dfdf-44ce-ae95-c583cd7f61c1,1.0,acme-mining,site-01,fleet_telemetry,ACME-S01-TRUCK-026,haul_truck,2026-09-01T20:18:28.253Z,7,-16.655489,-71.496903,213.1,0.3,Dump-A,cycle-acme-s01-truck-026-00002,dumping,0.0,240.0,247859.14,26.0,True,True,2875.67,430851.41,False,False,False,91.5,24.6,[],1.0
8177f337-7f0e-4bf3-a92d-45e987c184ae,1.0,acme-mining,site-01,fleet_telemetry,ACME-S01-TRUCK-027,haul_truck,2026-09-01T20:18:28.253Z,7,-16.609761,-71.459843,11.7,1.4,Dump-A,cycle-acme-s01-truck-027-00002,dumping,0.0,240.0,186458.17,29.1,True,True,11095.6,154660.94,False,False,False,94.1,23.8,[],1.0
a227c8db-e8e2-4b52-96b3-a018e96d80ff,1.0,acme-mining,site-01,fleet_telemetry,ACME-S01-TRUCK-028,haul_truck,2026-09-01T20:18:28.253Z,7,-16.564521,-71.539641,86.6,0.4,Dump-A,cycle-acme-s01-truck-028-00002,dumping,0.0,240.0,331422.78,79.8,True,True,6847.29,458852.81,False,False,False,94.1,24.9,[],1.0
6709a711-3baf-4425-b484-1048752ef9d4,1.0,acme-mining,site-01,fleet_telemetry,ACME-S01-TRUCK-029,haul_truck,2026-09-01T20:18:28.253Z,7,-16.661253,-71.52403,274.2,0.7,Dump-A,cycle-acme-s01-truck-029-00002,dumping,0.0,240.0,248566.33,77.3,True,True,21336.65,384883.75,False,False,False,94.2,24.6,[],1.0
92714463-5526-4b84-89b8-897bebfccfbf,1.0,acme-mining,site-01,fleet_telemetry,ACME-S01-TRUCK-030,haul_truck,2026-09-01T20:18:28.253Z,7,-16.575175,-71.509462,272.7,0.1,Dump-A,cycle-acme-s01-truck-030-00002,dumping,0.0,240.0,45249.49,38.0,True,True,4137.58,625290.87,False,False,False,94.8,25.0,[],1.0
a4f15bf2-812c-41e3-b080-6bb68304d94b,1.0,acme-mining,site-01,fleet_telemetry,ACME-S01-TRUCK-031,haul_truck,2026-09-01T20:18:28.253Z,7,-16.657277,-71.512333,257.4,0.2,Dump-A,cycle-acme-s01-truck-031-00002,dumping,0.0,240.0,264724.83,27.7,True,True,20761.85,378895.66,False,False,False,89.5,25.2,[],1.0
052d75ac-c845-47fd-9a50-f58dbc29dbd0,1.0,acme-mining,site-01,fleet_telemetry,ACME-S01-TRUCK-032,haul_truck,2026-09-01T20:18:28.253Z,7,-16.607088,-71.510034,209.4,1.5,Dump-A,cycle-acme-s01-truck-032-00002,dumping,0.0,240.0,325124.84,41.7,True,True,20615.78,148683.45,False,False,False,88.6,24.2,[],1.0
4b5c6577-afbc-4592-add7-e58cf3b986ce,1.0,acme-mining,site-01,fleet_telemetry,ACME-S01-TRUCK-033,haul_truck,2026-09-01T20:18:28.253Z,7,-16.580307,-71.601492,312.2,1.5,Dump-A,cycle-acme-s01-truck-033-00002,dumping,0.0,240.0,14099.25,68.4,True,True,20495.2,609512.78,False,False,False,91.2,25.1,[],1.0
b7189d27-d5f9-4681-b13b-67eaef6ba9e7,1.0,acme-mining,site-01,fleet_telemetry,ACME-S01-TRUCK-034,haul_truck,2026-09-01T20:18:28.253Z,7,-16.611295,-71.592245,122.6,0.9,Dump-A,cycle-acme-s01-truck-034-00002,dumping,0.0,240.0,397580.68,86.5,True,True,6422.26,607953.55,False,False,False,95.6,24.3,[],1.0
049de96d-b77b-4dd0-bae7-62fe9b70906d,1.0,acme-mining,site-01,fleet_telemetry,ACME-S01-TRUCK-035,haul_truck,2026-09-01T20:18:28.253Z,7,-16.539677,-71.569576,59.9,0.2,Dump-A,cycle-acme-s01-truck-035-00002,dumping,0.0,240.0,297750.02,25.5,True,True,13767.58,641956.98,False,False,False,90.7,24.5,[],1.0
8a9be3dd-a3d9-4ffd-a72d-45a692dd5b64,1.0,acme-mining,site-01,fleet_telemetry,ACME-S01-TRUCK-036,haul_truck,2026-09-01T20:18:28.253Z,7,-16.625284,-71.583821,169.8,1.3,Dump-A,cycle-acme-s01-truck-036-00002,dumping,0.0,240.0,336663.79,35.8,True,True,6406.69,580519.2,False,False,False,93.4,24.9,[],1.0
33969fe2-efad-40ab-b435-4af150b3ca9e,1.0,acme-mining,site-01,fleet_telemetry,ACME-S01-TRUCK-037,haul_truck,2026-09-01T20:18:28.253Z,7,-16.56895,-71.484759,40.3,0.9,Dump-A,cycle-acme-s01-truck-037-00002,dumping,0.0,240.0,409590.42,28.5,True,True,11514.68,178206.55,False,False,False,88.3,24.4,[],1.0
76d03e48-c5c2-4eaa-8741-6dcee03b01a5,1.0,acme-mining,site-01,fleet_telemetry,ACME-S01-TRUCK-038,haul_truck,2026-09-01T20:18:28.253Z,7,-16.582167,-71.549043,280.4,0.6,Dump-A,cycle-acme-s01-truck-038-00002,dumping,0.0,240.0,125260.76,76.8,True,True,17147.74,421381.58,False,False,False,91.1,24.5,[],1.0
53296584-b081-4178-a10a-6904f4eb6452,1.0,acme-mining,site-01,fleet_telemetry,ACME-S01-TRUCK-039,haul_truck,2026-09-01T20:18:28.253Z,7,-16.611302,-71.529126,214.4,1.3,Dump-A,cycle-acme-s01-truck-039-00002,dumping,0.0,240.0,75584.33,27.5,True,True,20835.09,455342.5,False,False,False,88.0,24.9,[],1.0
d7b20694-cfa0-4ab3-81d7-6ea0fed4f705,1.0,acme-mining,site-01,fleet_telemetry,ACME-S01-TRUCK-040,haul_truck,2026-09-01T20:18:28.253Z,7,-16.526594,-71.583901,278.9,1.0,Dump-A,cycle-acme-s01-truck-040-00002,dumping,0.0,240.0,360294.26,85.2,True,True,7335.09,586358.5,False,False,False,90.8,24.5,[],1.0
02ccfbe1-1d6d-4474-81c3-2f198fb6ade4,1.0,acme-mining,site-01,fleet_telemetry,ACME-S01-TRUCK-041,haul_truck,2026-09-01T20:18:28.253Z,7,-16.550478,-71.469361,316.1,0.7,Dump-A,cycle-acme-s01-truck-041-00002,dumping,0.0,240.0,394874.04,93.1,True,True,8298.0,372726.75,False,False,False,86.4,24.6,[],1.0
139febae-bf3a-405a-8bd2-3b35861d511c,1.0,acme-mining,site-01,fleet_telemetry,ACME-S01-TRUCK-042,haul_truck,2026-09-01T20:18:28.253Z,7,-16.552516,-71.564345,103.2,0.2,Dump-A,cycle-acme-s01-truck-042-00002,dumping,0.0,240.0,397823.57,26.7,True,True,21495.58,530786.32,False,False,False,87.8,23.8,[],1.0
ebbf6058-0a73-4911-aea9-9f04e00891be,1.0,acme-mining,site-01,fleet_telemetry,ACME-S01-TRUCK-043,haul_truck,2026-09-01T20:18:28.253Z,7,-16.533036,-71.581892,167.5,1.1,Dump-A,cycle-acme-s01-truck-043-00002,dumping,0.0,240.0,57562.52,86.0,True,True,6456.29,516046.1,False,False,False,93.8,25.2,[],1.0
72be3cf5-f5bf-4744-b9c2-638c8028f42e,1.0,acme-mining,site-01,fleet_telemetry,ACME-S01-TRUCK-044,haul_truck,2026-09-01T20:18:28.253Z,7,-16.564792,-71.55376,312.4,0.0,Dump-A,cycle-acme-s01-truck-044-00002,dumping,0.0,240.0,393382.58,40.6,True,True,8212.77,536938.08,False,False,False,88.6,24.1,[],1.0
fd62666e-cbfa-47ff-ae4d-2fba45ea7a5b,1.0,acme-mining,site-01,fleet_telemetry,ACME-S01-TRUCK-045,haul_truck,2026-09-01T20:18:28.253Z,7,-16.513428,-71.531704,67.0,1.2,Dump-A,cycle-acme-s01-truck-045-00002,dumping,0.0,240.0,292252.41,52.9,True,True,21298.06,195848.9,False,False,False,90.0,25.2,[],1.0
bde09d5f-f69f-4dfa-9fff-904ddbc16a70,1.0,acme-mining,site-01,fleet_telemetry,ACME-S01-TRUCK-046,haul_truck,2026-09-01T20:18:28.253Z,7,-16.664249,-71.522025,138.4,0.2,Dump-A,cycle-acme-s01-truck-046-00002,dumping,0.0,240.0,265459.93,93.8,True,True,19393.22,184565.72,False,False,False,93.9,24.7,[],1.0
c741e543-be10-4f3a-bf96-7bb0f50c75e7,1.0,acme-mining,site-01,fleet_telemetry,ACME-S01-TRUCK-047,haul_truck,2026-09-01T20:18:28.253Z,7,-16.639969,-71.610411,143.4,0.6,Dump-A,cycle-acme-s01-truck-047-00002,dumping,0.0,240.0,60884.59,87.9,True,True,10051.56,640068.72,False,False,False,90.6,24.5,[],1.0
221a7036-b8e4-4aa7-86d7-9b93f6cfc2e1,1.0,acme-mining,site-01,fleet_telemetry,ACME-S01-TRUCK-048,haul_truck,2026-09-01T20:18:28.253Z,7,-16.563075,-71.559247,23.9,0.6,Dump-A,cycle-acme-s01-truck-048-00002,dumping,0.0,240.0,326549.64,76.9,True,True,20422.2,359224.88,False,False,False,92.8,24.7,[],1.0
d23bdbfe-d771-4fcb-9fce-8bc0dc870408,1.0,acme-mining,site-01,fleet_telemetry,ACME-S01-TRUCK-049,haul_truck,2026-09-01T20:18:28.253Z,7,-16.589237,-71.510832,335.3,0.2,Dump-A,cycle-acme-s01-truck-049-00002,dumping,0.0,240.0,64835.58,88.0,True,True,14010.9,437934.26,False,False,False,95.8,24.8,[],1.0
fefaae9f-8846-4f78-afab-85cf0348d8d8,1.0,acme-mining,site-01,fleet_telemetry,ACME-S01-TRUCK-050,haul_truck,2026-09-01T20:18:28.253Z,7,-16.550697,-71.589633,19.8,1.4,Dump-A,cycle-acme-s01-truck-050-00002,dumping,0.0,240.0,302569.4,51.5,True,True,12553.55,140859.4,False,False,False,86.9,24.0,[],1.0
5f4623b7-3298-4e75-9c93-84696182a78d,1.0,acme-mining,site-01,fleet_telemetry,ACME-S01-TRUCK-051,haul_truck,2026-09-01T20:18:28.253Z,7,-16.577579,-71.512719,26.2,0.6,Dump-A,cycle-acme-s01-truck-051-00002,dumping,0.0,240.0,136242.48,55.1,True,True,12416.28,20255.96,False,False,False,87.5,24.5,[],1.0
ba8e966d-289e-4a07-85e3-1dbf31654528,1.0,acme-mining,site-01,fleet_telemetry,ACME-S01-TRUCK-052,haul_truck,2026-09-01T20:18:28.253Z,7,-16.552637,-71.512072,338.7,0.0,Dump-A,cycle-acme-s01-truck-052-00002,dumping,0.0,240.0,359244.02,92.2,True,True,15123.31,342039.78,False,False,False,86.5,24.9,[],1.0
bbd6a595-91db-46ce-b67c-f8b5c8078c95,1.0,acme-mining,site-01,fleet_telemetry,ACME-S01-TRUCK-053,haul_truck,2026-09-01T20:18:28.253Z,7,-16.54137,-71.593931,101.5,0.8,Dump-A,cycle-acme-s01-truck-053-00002,dumping,0.0,240.0,113342.63,46.7,True,True,2779.82,619759.95,False,False,False,93.8,24.1,[],1.0
dfde4f8d-c1a2-4f40-8e09-a3c8d3b5c943,1.0,acme-mining,site-01,fleet_telemetry,ACME-S01-TRUCK-054,haul_truck,2026-09-01T20:18:28.253Z,7,-16.578291,-71.502525,79.9,1.1,Dump-A,cycle-acme-s01-truck-054-00002,dumping,0.0,240.0,210383.56,87.0,True,True,13759.02,504148.44,False,False,False,91.4,24.0,[],1.0
e3bc9630-9c13-4827-a427-3ce82ddc515a,1.0,acme-mining,site-01,fleet_telemetry,ACME-S01-TRUCK-055,haul_truck,2026-09-01T20:18:28.253Z,7,-16.547174,-71.600418,8.5,0.8,Dump-A,cycle-acme-s01-truck-055-00002,dumping,0.0,240.0,12440.16,77.5,True,True,5972.48,433316.68,False,False,False,86.7,24.2,[],1.0
178ad521-f772-492d-a1a5-ff029b86dd65,1.0,acme-mining,site-01,fleet_telemetry,ACME-S01-TRUCK-056,haul_truck,2026-09-01T20:18:28.253Z,7,-16.5236,-71.59807,26.8,0.2,Dump-A,cycle-acme-s01-truck-056-00002,dumping,0.0,240.0,214402.39,64.0,True,True,17847.14,458424.58,False,False,False,94.1,23.8,[],1.0
a82a0d83-2664-4620-bdd0-850a1443501a,1.0,acme-mining,site-01,fleet_telemetry,ACME-S01-TRUCK-057,haul_truck,2026-09-01T20:18:28.253Z,7,-16.527765,-71.519451,135.7,1.3,Dump-A,cycle-acme-s01-truck-057-00002,dumping,0.0,240.0,271999.46,91.5,True,True,14952.66,642372.39,False,False,False,114.2,24.8,"[""ENG_OVERHEAT""]",0.72
04487f22-2e55-4a7d-ae00-b33ecfb6af59,1.0,acme-mining,site-01,fleet_telemetry,ACME-S01-TRUCK-058,haul_truck,2026-09-01T20:18:28.253Z,7,-16.532511,-71.545492,251.3,1.1,Dump-A,cycle-acme-s01-truck-058-00002,dumping,0.0,240.0,206202.43,36.1,True,True,9846.91,591318.64,False,False,False,95.9,24.4,[],1.0
c804f4ca-d773-4cb6-a826-4d0c8687fabd,1.0,acme-mining,site-01,fleet_telemetry,ACME-S01-TRUCK-059,haul_truck,2026-09-01T20:18:28.253Z,7,-16.657997,-71.571748,221.1,1.2,Dump-A,cycle-acme-s01-truck-059-00002,dumping,0.0,240.0,285769.76,44.2,True,True,17035.26,348419.02,False,False,False,94.7,24.3,[],1.0
340267f3-8a56-4368-85d9-057b60aed95b,1.0,acme-mining,site-01,fleet_telemetry,ACME-S01-TRUCK-060,haul_truck,2026-09-01T20:18:28.253Z,7,-16.645971,-71.583245,6.1,0.5,Dump-A,cycle-acme-s01-truck-060-00002,dumping,0.0,240.0,76365.93,51.8,True,True,19732.18,70764.06,False,False,False,86.0,24.0,[],1.0
41faee4f-7b4c-4f68-a067-b62e8fd59a14,1.0,acme-mining,site-01,fleet_telemetry,ACME-S01-TRUCK-061,haul_truck,2026-09-01T20:18:28.253Z,7,-16.525627,-71.524038,276.7,1.1,Dump-A,cycle-acme-s01-truck-061-00002,dumping,0.0,240.0,101007.58,54.4,True,True,12303.37,281937.92,False,False,False,90.2,24.0,[],1.0
9d099806-78d3-40ab-8527-014a2a30907e,1.0,acme-mining,site-01,fleet_telemetry,ACME-S01-TRUCK-062,haul_truck,2026-09-01T20:18:28.253Z,7,-16.533859,-71.464951,307.9,0.8,Dump-A,cycle-acme-s01-truck-062-00002,dumping,0.0,240.0,164774.32,77.7,True,True,8864.09,23714.69,False,False,False,93.9,24.0,[],1.0
ac5e6302-b1c7-4a76-98c7-8859f898e78a,1.0,acme-mining,site-01,fleet_telemetry,ACME-S01-TRUCK-063,haul_truck,2026-09-01T20:18:28.253Z,7,-16.592646,-71.555278,275.3,0.7,Dump-A,cycle-acme-s01-truck-063-00002,dumping,0.0,240.0,224821.41,44.1,True,True,17757.21,585621.27,False,False,False,89.2,25.0,[],1.0
425ac874-df0b-4394-b65f-b9d7f11c624d,1.0,acme-mining,site-01,fleet_telemetry,ACME-S01-TRUCK-064,haul_truck,2026-09-01T20:18:28.253Z,7,-16.584939,-71.472399,326.6,0.2,Dump-A,cycle-acme-s01-truck-064-00002,dumping,0.0,240.0,414598.76,93.6,True,True,16152.65,549518.71,False,False,False,95.1,24.3,[],1.0
e96e9e44-6182-4599-aa33-dd348c8ee3bb,1.0,acme-mining,site-01,fleet_telemetry,ACME-S01-TRUCK-065,haul_truck,2026-09-01T20:18:28.253Z,7,-16.628762,-71.565123,202.5,0.1,Dump-A,cycle-acme-s01-truck-065-00002,dumping,0.0,240.0,391415.04,37.7,True,True,2579.7,290026.2,False,False,False,89.7,24.5,[],1.0
d98f9934-1417-4c46-a59e-1f05d7f046a0,1.0,acme-mining,site-01,fleet_telemetry,ACME-S01-TRUCK-066,haul_truck,2026-09-01T20:18:28.253Z,7,-16.630055,-71.604351,337.9,0.5,Dump-A,cycle-acme-s01-truck-066-00002,dumping,0.0,240.0,340884.77,83.2,True,True,16938.08,258849.66,False,False,False,89.8,23.9,[],1.0
d46afa42-1ee2-410a-9727-76b05f466f4e,1.0,acme-mining,site-01,fleet_telemetry,ACME-S01-TRUCK-067,haul_truck,2026-09-01T20:18:28.253Z,7,-16.51721,-71.611044,264.3,1.0,Dump-A,cycle-acme-s01-truck-067-00002,dumping,0.0,240.0,108658.2,29.8,True,True,1904.22,619709.53,False,False,False,87.6,23.8,[],1.0
19b17d1c-63ee-49f5-841c-574c2cc8051c,1.0,acme-mining,site-01,fleet_telemetry,ACME-S01-TRUCK-068,haul_truck,2026-09-01T20:18:28.253Z,7,-16.563299,-71.527262,303.2,0.4,Dump-A,cycle-acme-s01-truck-068-00002,dumping,0.0,240.0,77048.68,33.8,True,True,5026.46,32839.56,False,False,False,93.6,24.3,[],1.0
359a2944-5cca-4f29-aa3c-db0cb829dac0,1.0,acme-mining,site-01,fleet_telemetry,ACME-S01-TRUCK-069,haul_truck,2026-09-01T20:18:28.253Z,7,-16.652065,-71.48644,13.2,0.4,Dump-A,cycle-acme-s01-truck-069-00002,dumping,0.0,240.0,277189.34,77.3,True,True,17058.25,125707.31,False,False,False,90.7,23.9,[],1.0
079aceb2-8aad-4bf0-bae1-1c047997c1cf,1.0,acme-mining,site-01,fleet_telemetry,ACME-S01-TRUCK-070,haul_truck,2026-09-01T20:18:28.253Z,7,-16.61033,-71.466835,180.0,0.2,Dump-A,cycle-acme-s01-truck-070-00002,dumping,0.0,240.0,263351.0,88.5,True,True,13068.13,605199.05,False,False,False,86.6,24.0,[],1.0
61887f55-1c25-4a9a-b150-a838d81b9b76,1.0,acme-mining,site-01,fleet_telemetry,ACME-S01-TRUCK-071,haul_truck,2026-09-01T20:18:28.253Z,7,-16.534325,-71.521429,191.3,0.6,Dump-A,cycle-acme-s01-truck-071-00002,dumping,0.0,240.0,54837.02,79.0,True,True,15441.04,415162.83,False,False,False,92.5,24.7,[],1.0
c9a4cdc3-d91e-42c3-9508-26abcb0259fc,1.0,acme-mining,site-01,fleet_telemetry,ACME-S01-TRUCK-072,haul_truck,2026-09-01T20:18:28.253Z,7,-16.58942,-71.562877,35.2,0.3,Dump-A,cycle-acme-s01-truck-072-00002,dumping,0.0,240.0,198486.77,50.9,True,True,17391.88,238738.52,False,False,False,86.6,24.2,[],1.0
2fccd074-36f1-4e08-86ad-de19eb5aaef6,1.0,acme-mining,site-01,fleet_telemetry,ACME-S01-TRUCK-073,haul_truck,2026-09-01T20:18:28.253Z,7,-16.557253,-71.547834,319.8,1.5,Dump-A,cycle-acme-s01-truck-073-00002,dumping,0.0,240.0,289657.89,83.0,True,True,3037.43,625296.32,False,False,False,93.8,24.2,[],1.0
10f20e75-8ec3-48bd-b2a8-fb127e998c17,1.0,acme-mining,site-01,fleet_telemetry,ACME-S01-TRUCK-074,haul_truck,2026-09-01T20:18:28.253Z,7,-16.538278,-71.52271,254.0,0.1,Dump-A,cycle-acme-s01-truck-074-00002,dumping,0.0,240.0,350842.68,57.5,True,True,13857.35,599359.29,False,False,False,94.5,24.7,[],1.0
517076dc-c635-485e-8c14-bf48510597b5,1.0,acme-mining,site-01,fleet_telemetry,ACME-S01-TRUCK-075,haul_truck,2026-09-01T20:18:28.253Z,7,-16.596045,-71.519897,93.4,0.6,Dump-A,cycle-acme-s01-truck-075-00002,dumping,0.0,240.0,397918.17,42.0,True,True,18411.51,74597.77,False,False,False,87.7,24.9,[],1.0
882150cc-be1d-4f7e-a1ec-8e09c7075a47,1.0,acme-mining,site-01,fleet_telemetry,ACME-S01-TRUCK-076,haul_truck,2026-09-01T20:18:28.253Z,7,-16.629052,-71.572726,162.3,1.0,Dump-A,cycle-acme-s01-truck-076-00002,dumping,0.0,240.0,224522.41,49.8,True,True,11279.31,224759.09,False,False,False,87.5,24.6,[],1.0
93dc2043-302c-4e51-9521-abcd739516a4,1.0,acme-mining,site-01,fleet_telemetry,ACME-S01-TRUCK-077,haul_truck,2026-09-01T20:18:28.253Z,7,-16.605344,-71.528669,154.3,1.3,Dump-A,cycle-acme-s01-truck-077-00002,dumping,0.0,240.0,94065.27,41.9,True,True,12582.78,345475.33,False,False,False,90.5,24.0,[],1.0
af0cf887-7223-484a-8498-81dca79a3c4e,1.0,acme-mining,site-01,fleet_telemetry,ACME-S01-TRUCK-078,haul_truck,2026-09-01T20:18:28.253Z,7,-16.634961,-71.506796,51.8,0.7,Dump-A,cycle-acme-s01-truck-078-00002,dumping,0.0,240.0,358890.91,31.5,True,True,14493.15,329217.58,False,False,False,92.8,25.1,[],1.0
29f130c5-38e6-421d-ae3f-b13c46ad9719,1.0,acme-mining,site-01,fleet_telemetry,ACME-S01-TRUCK-079,haul_truck,2026-09-01T20:18:28.253Z,7,-16.582331,-71.561205,74.9,1.3,Dump-A,cycle-acme-s01-truck-079-00002,dumping,0.0,240.0,161253.7,94.7,True,True,8623.24,368688.09,False,False,False,95.4,24.6,[],1.0
7640f0ce-efe9-4948-be38-14d6690783c9,1.0,acme-mining,site-01,fleet_telemetry,ACME-S01-TRUCK-080,haul_truck,2026-09-01T20:18:28.253Z,7,-16.584652,-71.495565,128.9,1.4,Dump-A,cycle-acme-s01-truck-080-00002,dumping,0.0,240.0,94737.53,33.3,True,True,6129.77,96013.35,False,False,False,92.9,24.0,[],1.0
dc65d662-76d6-4544-bb1a-47734386811b,1.0,acme-mining,site-02,fleet_telemetry,ACME-S02-TRUCK-001,haul_truck,2026-09-01T20:18:28.253Z,7,-16.537075,-71.488496,330.3,0.5,Dump-A,cycle-acme-s02-truck-001-00002,dumping,0.0,240.0,319615.8,60.0,True,True,4524.74,259530.81,False,False,False,91.1,24.2,[],1.0
30a5b4a9-1ed1-46a8-a080-f3e4e6e70224,1.0,acme-mining,site-02,fleet_telemetry,ACME-S02-TRUCK-002,haul_truck,2026-09-01T20:18:28.253Z,7,-16.601711,-71.552817,320.4,0.2,Dump-A,cycle-acme-s02-truck-002-00002,dumping,0.0,240.0,44259.99,46.9,True,True,10047.87,309645.31,False,False,False,93.0,24.4,[],1.0
5dc981d2-0579-4f59-8a0a-4fb2825281b0,1.0,acme-mining,site-02,fleet_telemetry,ACME-S02-TRUCK-003,haul_truck,2026-09-01T20:18:28.253Z,7,-16.571504,-71.484361,205.5,0.7,Dump-A,cycle-acme-s02-truck-003-00002,dumping,0.0,240.0,152898.44,81.1,True,True,3241.69,33139.78,False,False,False,86.3,24.0,[],1.0
cdae018d-7b83-40be-9d58-bf92600547ed,1.0,acme-mining,site-02,fleet_telemetry,ACME-S02-TRUCK-004,haul_truck,2026-09-01T20:18:28.253Z,7,-16.657817,-71.47823,314.8,1.1,Dump-A,cycle-acme-s02-truck-004-00002,dumping,0.0,240.0,201698.12,53.0,True,True,10058.3,86693.92,False,False,False,88.7,24.2,[],1.0
0ebd4ba6-e48e-40a5-b0f4-530bd811560a,1.0,acme-mining,site-02,fleet_telemetry,ACME-S02-TRUCK-005,haul_truck,2026-09-01T20:18:28.253Z,7,-16.58885,-71.472572,248.7,0.3,Dump-A,cycle-acme-s02-truck-005-00002,dumping,0.0,240.0,234613.09,32.9,True,True,7861.06,125923.74,False,False,False,86.6,25.0,[],1.0
16c87074-ec63-4663-8a33-4e80f035f41e,1.0,acme-mining,site-02,fleet_telemetry,ACME-S02-TRUCK-006,haul_truck,2026-09-01T20:18:28.253Z,7,-16.548786,-71.512637,259.1,0.5,Dump-A,cycle-acme-s02-truck-006-00002,dumping,0.0,240.0,96800.04,67.1,True,True,5808.91,112259.99,False,False,False,88.7,24.0,[],1.0
d70a00e2-58d6-485b-8de1-8bf5a1d9b325,1.0,acme-mining,site-02,fleet_telemetry,ACME-S02-TRUCK-007,haul_truck,2026-09-01T20:18:28.253Z,7,-16.529276,-71.514616,302.8,0.9,Dump-A,cycle-acme-s02-truck-007-00002,dumping,0.0,240.0,264966.4,72.6,True,True,10635.81,375153.48,False,False,False,88.4,24.5,[],1.0
a37afe62-5ef6-44f7-8eef-7027b1db0130,1.0,acme-mining,site-02,fleet_telemetry,ACME-S02-TRUCK-008,haul_truck,2026-09-01T20:18:28.253Z,7,-16.599662,-71.569025,50.3,0.7,Dump-A,cycle-acme-s02-truck-008-00002,dumping,0.0,240.0,76421.7,29.7,True,True,19122.04,415147.11,False,False,False,90.6,24.5,[],1.0
ac7213f6-6c55-4687-babd-bc9bdfb4f865,1.0,acme-mining,site-02,fleet_telemetry,ACME-S02-TRUCK-009,haul_truck,2026-09-01T20:18:28.253Z,7,-16.61145,-71.571575,309.5,1.5,Dump-A,cycle-acme-s02-truck-009-00002,dumping,0.0,240.0,213167.14,27.6,True,True,8261.18,66740.25,False,False,False,93.4,24.0,[],1.0
a26f7265-26b8-4bb3-9061-66a94b268b39,1.0,acme-mining,site-02,fleet_telemetry,ACME-S02-TRUCK-010,haul_truck,2026-09-01T20:18:28.253Z,7,-16.543712,-71.47416,91.5,0.1,Dump-A,cycle-acme-s02-truck-010-00002,dumping,0.0,240.0,213593.57,63.8,True,True,13838.19,339452.86,False,False,False,93.1,24.9,[],1.0
973fa1d4-7934-4621-9d62-e310f0e4a14a,1.0,acme-mining,site-02,fleet_telemetry,ACME-S02-TRUCK-011,haul_truck,2026-09-01T20:18:28.253Z,7,-16.660492,-71.600901,212.6,0.5,Dump-A,cycle-acme-s02-truck-011-00002,dumping,0.0,240.0,219277.22,35.5,True,True,14618.96,222562.02,False,False,False,93.9,24.8,[],1.0
40421d20-52ce-459a-95d4-580ffe0ddd4d,1.0,acme-mining,site-02,fleet_telemetry,ACME-S02-TRUCK-012,haul_truck,2026-09-01T20:18:28.253Z,7,-16.557197,-71.45896,177.3,1.5,Dump-A,cycle-acme-s02-truck-012-00002,dumping,0.0,240.0,294296.36,27.7,True,True,21626.58,73127.55,False,False,False,91.4,24.4,[],1.0
fd95e2f0-e3be-4bad-b2af-149662690f5a,1.0,acme-mining,site-02,fleet_telemetry,ACME-S02-TRUCK-013,haul_truck,2026-09-01T20:18:28.253Z,7,-16.561756,-71.609112,75.2,1.0,Dump-A,cycle-acme-s02-truck-013-00002,dumping,0.0,240.0,180463.73,79.2,True,True,8514.65,598300.31,False,False,False,88.0,24.1,[],1.0
a5f4c1a7-c653-41e5-9d59-846995d7384d,1.0,acme-mining,site-02,fleet_telemetry,ACME-S02-TRUCK-014,haul_truck,2026-09-01T20:18:28.253Z,7,-16.554609,-71.512447,127.5,0.3,Dump-A,cycle-acme-s02-truck-014-00002,dumping,0.0,240.0,308487.36,44.9,True,True,2197.34,79538.89,False,False,False,91.6,24.3,[],1.0
dd4e613c-862c-48ae-b61f-8d60d99e8b7c,1.0,acme-mining,site-02,fleet_telemetry,ACME-S02-TRUCK-015,haul_truck,2026-09-01T20:18:28.253Z,7,-16.515613,-71.505783,257.8,0.9,Dump-A,cycle-acme-s02-truck-015-00002,dumping,0.0,240.0,72228.93,49.5,True,True,7867.28,387126.06,False,False,False,89.4,24.7,[],1.0
cd2c29e6-6e9e-47f5-b331-63a273b058c0,1.0,acme-mining,site-02,fleet_telemetry,ACME-S02-TRUCK-016,haul_truck,2026-09-01T20:18:28.253Z,7,-16.617828,-71.597078,120.0,1.4,Dump-A,cycle-acme-s02-truck-016-00002,dumping,0.0,240.0,255926.16,70.0,True,True,15827.29,73373.13,False,False,False,94.8,24.5,[],1.0
8b86ea5d-10ea-40fd-9f2c-dd9309e0cfca,1.0,acme-mining,site-02,fleet_telemetry,ACME-S02-TRUCK-017,haul_truck,2026-09-01T20:18:28.253Z,7,-16.620998,-71.465311,298.6,1.2,Dump-A,cycle-acme-s02-truck-017-00002,dumping,0.0,240.0,233735.38,26.2,True,True,2781.21,442387.41,False,False,False,91.3,24.6,[],1.0
c3a801b9-e529-4572-b0f6-4110285769f7,1.0,acme-mining,site-02,fleet_telemetry,ACME-S02-TRUCK-018,haul_truck,2026-09-01T20:18:28.253Z,7,-16.544294,-71.536273,285.7,1.5,Dump-A,cycle-acme-s02-truck-018-00002,dumping,0.0,240.0,78176.32,45.7,True,True,4870.52,649985.44,False,False,False,90.4,24.0,[],1.0
8a4c0258-ab2e-4c00-9014-3559f10637c1,1.0,acme-mining,site-02,fleet_telemetry,ACME-S02-TRUCK-019,haul_truck,2026-09-01T20:18:28.253Z,7,-16.610138,-71.591543,45.1,1.2,Dump-A,cycle-acme-s02-truck-019-00002,dumping,0.0,240.0,347175.79,34.1,True,True,1600.26,232161.72,False,False,False,109.6,24.6,"[""ENG_OVERHEAT""]",0.72
73a6fda1-1bb7-4952-854a-9c96d6be03d5,1.0,acme-mining,site-02,fleet_telemetry,ACME-S02-TRUCK-020,haul_truck,2026-09-01T20:18:28.253Z,7,-16.515246,-71.519818,280.8,0.3,Dump-A,cycle-acme-s02-truck-020-00002,dumping,0.0,240.0,170292.19,75.3,True,True,16089.09,47526.38,False,False,False,88.2,25.0,[],1.0
025e8621-425c-4ec2-85ae-574899095f6c,1.0,acme-mining,site-02,fleet_telemetry,ACME-S02-TRUCK-021,haul_truck,2026-09-01T20:18:28.253Z,7,-16.525809,-71.586447,60.7,1.1,Dump-A,cycle-acme-s02-truck-021-00002,dumping,0.0,240.0,434862.96,79.9,True,True,5760.87,170676.29,False,False,False,91.9,24.0,[],1.0
aad12c61-b49f-4cda-8ada-af8bd6894426,1.0,acme-mining,site-02,fleet_telemetry,ACME-S02-TRUCK-022,haul_truck,2026-09-01T20:18:28.253Z,7,-16.586012,-71.462893,191.9,0.3,Dump-A,cycle-acme-s02-truck-022-00002,dumping,0.0,240.0,133980.01,51.7,True,True,21670.13,310858.53,False,False,False,93.5,24.3,[],1.0
ab775bbc-6e86-4656-886a-ac60cc1c2358,1.0,acme-mining,site-02,fleet_telemetry,ACME-S02-TRUCK-023,haul_truck,2026-09-01T20:18:28.253Z,7,-16.520903,-71.503651,272.4,1.2,Dump-A,cycle-acme-s02-truck-023-00002,dumping,0.0,240.0,221460.33,50.9,True,True,19307.65,52873.41,False,False,False,90.1,25.2,[],1.0
6758e128-72f2-45d1-bc0f-196fdde2d7d1,1.0,acme-mining,site-02,fleet_telemetry,ACME-S02-TRUCK-024,haul_truck,2026-09-01T20:18:28.253Z,7,-16.64681,-71.547549,273.7,0.7,Dump-A,cycle-acme-s02-truck-024-00002,dumping,0.0,240.0,130028.62,88.3,True,True,6843.35,500763.73,False,False,False,87.9,25.0,[],1.0
6ded4f11-b510-4a3d-b7e2-136cc3a8529a,1.0,acme-mining,site-02,fleet_telemetry,ACME-S02-TRUCK-025,haul_truck,2026-09-01T20:18:28.253Z,7,-16.606992,-71.557683,285.4,1.0,Dump-A,cycle-acme-s02-truck-025-00002,dumping,0.0,240.0,419408.09,54.0,True,True,18114.12,577316.89,False,False,False,95.5,24.1,[],1.0
12d9aedf-4392-4bf5-a85e-43e4dea945d2,1.0,acme-mining,site-02,fleet_telemetry,ACME-S02-TRUCK-026,haul_truck,2026-09-01T20:18:28.253Z,7,-16.566423,-71.490878,213.8,0.4,Dump-A,cycle-acme-s02-truck-026-00002,dumping,0.0,240.0,419563.84,83.7,True,True,8748.16,37758.29,False,False,False,91.7,24.9,[],1.0
82a5fe4c-e9a4-44f5-9d6d-2f914e0f9cca,1.0,acme-mining,site-02,fleet_telemetry,ACME-S02-TRUCK-027,haul_truck,2026-09-01T20:18:28.253Z,7,-16.595332,-71.519046,299.2,0.9,Dump-A,cycle-acme-s02-truck-027-00002,dumping,0.0,240.0,375689.06,78.1,True,True,20248.81,317646.75,False,False,False,89.9,24.4,[],1.0
0a757976-6501-4536-92d3-e48613adbe78,1.0,acme-mining,site-02,fleet_telemetry,ACME-S02-TRUCK-028,haul_truck,2026-09-01T20:18:28.253Z,7,-16.585971,-71.599718,299.1,0.2,Dump-A,cycle-acme-s02-truck-028-00002,dumping,0.0,240.0,251474.31,75.9,True,True,6225.6,546026.89,False,False,False,88.6,24.3,[],1.0
16865007-d950-4921-b7fd-6b8434f17f77,1.0,acme-mining,site-02,fleet_telemetry,ACME-S02-TRUCK-029,haul_truck,2026-09-01T20:18:28.253Z,7,-16.660347,-71.483623,69.9,1.3,Dump-A,cycle-acme-s02-truck-029-00002,dumping,0.0,240.0,291139.21,68.6,True,True,3383.19,170217.04,False,False,False,89.6,23.9,[],1.0
96be100d-cdd3-4c93-8706-c8b45282a595,1.0,acme-mining,site-02,fleet_telemetry,ACME-S02-TRUCK-030,haul_truck,2026-09-01T20:18:28.253Z,7,-16.601724,-71.519119,83.4,1.3,Dump-A,cycle-acme-s02-truck-030-00002,dumping,0.0,240.0,116453.22,35.0,True,True,1148.44,344686.85,False,False,False,86.2,23.9,[],1.0
6d16b65d-0f10-4b9d-94ac-8716f8d2cc32,1.0,acme-mining,site-02,fleet_telemetry,ACME-S02-TRUCK-031,haul_truck,2026-09-01T20:18:28.253Z,7,-16.517876,-71.53048,133.4,1.1,Dump-A,cycle-acme-s02-truck-031-00002,dumping,0.0,240.0,240333.65,50.2,True,True,4771.06,440975.54,False,False,False,88.2,24.1,[],1.0
f11586c3-e988-43d2-9a2b-c9dfaa3c4181,1.0,acme-mining,site-02,fleet_telemetry,ACME-S02-TRUCK-032,haul_truck,2026-09-01T20:18:28.253Z,7,-16.513417,-71.576905,166.9,0.9,Dump-A,cycle-acme-s02-truck-032-00002,dumping,0.0,240.0,216859.88,69.5,True,True,12548.03,265985.99,False,False,False,89.0,23.9,[],1.0
c6ff2429-d1b0-4dba-b1ff-4174e6578a1e,1.0,acme-mining,site-02,fleet_telemetry,ACME-S02-TRUCK-033,haul_truck,2026-09-01T20:18:28.253Z,7,-16.552756,-71.564285,16.8,0.9,Dump-A,cycle-acme-s02-truck-033-00002,dumping,0.0,240.0,286433.51,79.0,True,True,8109.82,481753.0,False,False,False,86.1,25.2,[],1.0
34ad192f-45fd-4bf3-8b81-f81ed256045d,1.0,acme-mining,site-02,fleet_telemetry,ACME-S02-TRUCK-034,haul_truck,2026-09-01T20:18:28.253Z,7,-16.513468,-71.54095,13.4,1.4,Dump-A,cycle-acme-s02-truck-034-00002,dumping,0.0,240.0,375369.25,72.9,True,True,7977.21,424961.38,False,False,False,90.9,24.4,[],1.0
54ff62f1-4ab1-4a2f-b797-5c35cb6bdc38,1.0,acme-mining,site-02,fleet_telemetry,ACME-S02-TRUCK-035,haul_truck,2026-09-01T20:18:28.253Z,7,-16.663379,-71.585612,299.1,0.6,Dump-A,cycle-acme-s02-truck-035-00002,dumping,0.0,240.0,211379.46,45.5,True,True,2137.74,509000.13,False,False,False,93.5,23.9,[],1.0
078771b8-94e7-4424-98e7-b13ba3baa9cf,1.0,acme-mining,site-02,fleet_telemetry,ACME-S02-TRUCK-036,haul_truck,2026-09-01T20:18:28.253Z,7,-16.549896,-71.586956,78.6,1.5,Dump-A,cycle-acme-s02-truck-036-00002,dumping,0.0,240.0,248933.95,42.7,True,True,11726.14,643147.45,False,False,False,89.9,24.5,[],1.0
16a5d0e2-9c22-47a3-8852-5ba59368eb53,1.0,acme-mining,site-02,fleet_telemetry,ACME-S02-TRUCK-037,haul_truck,2026-09-01T20:18:28.253Z,7,-16.528084,-71.498574,62.4,1.4,Dump-A,cycle-acme-s02-truck-037-00002,dumping,0.0,240.0,64769.45,50.7,True,True,19154.93,229112.71,False,False,False,108.1,24.2,"[""ENG_OVERHEAT""]",0.72
66d8d4a7-1b8a-4a9c-a6d1-034a2e070fe8,1.0,acme-mining,site-02,fleet_telemetry,ACME-S02-TRUCK-038,haul_truck,2026-09-01T20:18:28.253Z,7,-16.542803,-71.574848,308.6,0.1,Dump-A,cycle-acme-s02-truck-038-00002,dumping,0.0,240.0,314510.58,50.7,True,True,7987.59,137694.96,False,False,False,92.6,24.7,[],1.0
7fb9b235-bbd9-47b9-9b7e-fbeeedd4d563,1.0,acme-mining,site-02,fleet_telemetry,ACME-S02-TRUCK-039,haul_truck,2026-09-01T20:18:28.253Z,7,-16.618966,-71.604674,147.7,0.3,Dump-A,cycle-acme-s02-truck-039-00002,dumping,0.0,240.0,371830.61,63.1,True,True,2473.26,399545.71,False,False,False,88.0,23.8,[],1.0
2569f3ec-d259-4fc4-84c3-f1b041506a2f,1.0,acme-mining,site-02,fleet_telemetry,ACME-S02-TRUCK-040,haul_truck,2026-09-01T20:18:28.253Z,7,-16.598842,-71.501199,33.5,1.4,Dump-A,cycle-acme-s02-truck-040-00002,dumping,0.0,240.0,83324.14,56.0,True,True,10253.42,472127.76,False,False,False,88.8,24.4,[],1.0
efd85dea-9a2d-42db-97d3-ab399bc1f458,1.0,acme-mining,site-02,fleet_telemetry,ACME-S02-TRUCK-041,haul_truck,2026-09-01T20:18:28.253Z,7,-16.568419,-71.559347,125.6,0.2,Dump-A,cycle-acme-s02-truck-041-00002,dumping,0.0,240.0,427078.37,30.2,True,True,6620.58,637417.33,False,False,False,87.0,25.1,[],1.0
56f63af2-37b4-4425-8c7c-689840b2154e,1.0,acme-mining,site-02,fleet_telemetry,ACME-S02-TRUCK-042,haul_truck,2026-09-01T20:18:28.253Z,7,-16.664874,-71.606732,64.3,0.4,Dump-A,cycle-acme-s02-truck-042-00002,dumping,0.0,240.0,277332.52,79.7,True,True,20999.14,109951.22,False,False,False,88.0,24.5,[],1.0
aaf02b78-ba8d-493d-8f8c-2bd1410c06eb,1.0,acme-mining,site-02,fleet_telemetry,ACME-S02-TRUCK-043,haul_truck,2026-09-01T20:18:28.253Z,7,-16.598387,-71.558132,151.2,1.3,Dump-A,cycle-acme-s02-truck-043-00002,dumping,0.0,240.0,24249.99,35.7,True,True,8477.6,618164.4,False,False,False,90.8,25.1,[],1.0
09fb199e-3efe-4e70-b119-2ced2d249b69,1.0,acme-mining,site-02,fleet_telemetry,ACME-S02-TRUCK-044,haul_truck,2026-09-01T20:18:28.253Z,7,-16.630419,-71.599376,90.3,0.0,Dump-A,cycle-acme-s02-truck-044-00002,dumping,0.0,240.0,185135.42,70.4,True,True,12967.15,353559.89,False,False,False,88.1,24.2,[],1.0
bc28b0fd-8962-4cb2-8c48-f68b716e23ff,1.0,acme-mining,site-02,fleet_telemetry,ACME-S02-TRUCK-045,haul_truck,2026-09-01T20:18:28.253Z,7,-16.557766,-71.583179,25.0,0.9,Dump-A,cycle-acme-s02-truck-045-00002,dumping,0.0,240.0,61815.28,79.2,True,True,11776.21,595531.91,False,False,False,109.9,24.3,"[""ENG_OVERHEAT""]",0.72
93c67374-8c19-4b1f-befa-548e36072f89,1.0,acme-mining,site-02,fleet_telemetry,ACME-S02-TRUCK-046,haul_truck,2026-09-01T20:18:28.253Z,7,-16.556247,-71.457927,359.2,0.5,Dump-A,cycle-acme-s02-truck-046-00002,dumping,0.0,240.0,42583.34,37.0,True,True,5043.79,105509.05,False,False,False,90.4,25.0,[],1.0
449c288d-d1ea-48bb-b6ff-8751bcc29788,1.0,acme-mining,site-02,fleet_telemetry,ACME-S02-TRUCK-047,haul_truck,2026-09-01T20:18:28.253Z,7,-16.622425,-71.592309,107.9,0.7,Dump-A,cycle-acme-s02-truck-047-00002,dumping,0.0,240.0,251999.19,45.3,True,True,14958.21,467010.64,False,False,False,87.9,24.1,[],1.0
fc396906-52c7-4ed8-aeb3-a334c82c7fa0,1.0,acme-mining,site-02,fleet_telemetry,ACME-S02-TRUCK-048,haul_truck,2026-09-01T20:18:28.253Z,7,-16.648171,-71.491019,110.7,1.3,Dump-A,cycle-acme-s02-truck-048-00002,dumping,0.0,240.0,63399.92,39.0,True,True,17626.37,340516.27,False,False,False,88.2,24.9,[],1.0
d1dfddeb-c860-40d8-a755-13abc42f1079,1.0,acme-mining,site-02,fleet_telemetry,ACME-S02-TRUCK-049,haul_truck,2026-09-01T20:18:28.253Z,7,-16.528915,-71.606978,124.3,0.1,Dump-A,cycle-acme-s02-truck-049-00002,dumping,0.0,240.0,442525.71,34.0,True,True,12932.29,314465.85,False,False,False,88.2,24.9,[],1.0
828cc765-ffb7-45e3-985e-1aa21e35171d,1.0,acme-mining,site-02,fleet_telemetry,ACME-S02-TRUCK-050,haul_truck,2026-09-01T20:18:28.253Z,7,-16.514808,-71.514701,92.0,1.2,Dump-A,cycle-acme-s02-truck-050-00002,dumping,0.0,240.0,372269.78,30.1,True,True,11944.76,504573.81,False,False,False,89.9,24.6,[],1.0
a2101b71-3771-4930-9b26-108704b1bd97,1.0,acme-mining,site-02,fleet_telemetry,ACME-S02-TRUCK-051,haul_truck,2026-09-01T20:18:28.253Z,7,-16.641274,-71.462888,278.1,1.5,Dump-A,cycle-acme-s02-truck-051-00002,dumping,0.0,240.0,353316.13,69.7,True,True,8103.72,573115.03,False,False,False,94.7,24.3,[],1.0
6c9a1d26-2df2-4f8e-a22c-dd70e28e326e,1.0,acme-mining,site-02,fleet_telemetry,ACME-S02-TRUCK-052,haul_truck,2026-09-01T20:18:28.253Z,7,-16.52081,-71.581447,201.3,0.3,Dump-A,cycle-acme-s02-truck-052-00002,dumping,0.0,240.0,143815.24,36.3,True,True,18425.49,346404.46,False,False,False,87.4,23.9,[],1.0
87af9973-b4ca-43cf-aff8-be8163d9d047,1.0,acme-mining,site-02,fleet_telemetry,ACME-S02-TRUCK-053,haul_truck,2026-09-01T20:18:28.253Z,7,-16.582256,-71.597473,264.1,1.0,Dump-A,cycle-acme-s02-truck-053-00002,dumping,0.0,240.0,120266.78,69.4,True,True,19772.44,552938.35,False,False,False,91.2,24.2,[],1.0
87960ab6-4513-4a2a-8711-d12bf270b12d,1.0,acme-mining,site-02,fleet_telemetry,ACME-S02-TRUCK-054,haul_truck,2026-09-01T20:18:28.253Z,7,-16.643023,-71.517609,122.0,1.0,Dump-A,cycle-acme-s02-truck-054-00002,dumping,0.0,240.0,270396.16,65.6,True,True,2780.69,423822.21,False,False,False,86.0,24.5,[],1.0
3d730d95-a0f2-48e0-aacf-355d289eee62,1.0,acme-mining,site-02,fleet_telemetry,ACME-S02-TRUCK-055,haul_truck,2026-09-01T20:18:28.253Z,7,-16.66314,-71.514868,339.6,0.5,Dump-A,cycle-acme-s02-truck-055-00002,dumping,0.0,240.0,373104.4,26.9,True,True,18661.65,375079.55,False,False,False,90.8,24.0,[],1.0
94b5ba9c-5304-4530-96bc-9aaf2c49ca0e,1.0,acme-mining,site-02,fleet_telemetry,ACME-S02-TRUCK-056,haul_truck,2026-09-01T20:18:28.253Z,7,-16.570048,-71.571164,212.3,0.6,Dump-A,cycle-acme-s02-truck-056-00002,dumping,0.0,240.0,291156.57,59.8,True,True,17059.54,282449.83,False,False,False,89.2,23.8,[],1.0
9d7ec928-aba5-4982-a8e3-a12998b958d1,1.0,acme-mining,site-02,fleet_telemetry,ACME-S02-TRUCK-057,haul_truck,2026-09-01T20:18:28.253Z,7,-16.560229,-71.592214,192.1,1.2,Dump-A,cycle-acme-s02-truck-057-00002,dumping,0.0,240.0,188681.16,56.7,True,True,5991.42,528630.2,False,False,False,88.2,24.2,[],1.0
206ac9f0-d379-4085-b84c-c9ed79de071a,1.0,acme-mining,site-02,fleet_telemetry,ACME-S02-TRUCK-058,haul_truck,2026-09-01T20:18:28.253Z,7,-16.552952,-71.479774,228.6,0.6,Dump-A,cycle-acme-s02-truck-058-00002,dumping,0.0,240.0,147536.74,75.2,True,True,5125.3,402196.09,False,False,False,94.5,24.8,[],1.0
20deb8be-b1cc-409c-b669-328f5a4e64e3,1.0,acme-mining,site-02,fleet_telemetry,ACME-S02-TRUCK-059,haul_truck,2026-09-01T20:18:28.253Z,7,-16.650791,-71.545561,188.1,0.4,Dump-A,cycle-acme-s02-truck-059-00002,dumping,0.0,240.0,56721.38,41.9,True,True,16926.11,344437.65,False,False,False,95.6,24.2,[],1.0
42a75fa8-ae1e-49ee-af18-3685381d6a41,1.0,acme-mining,site-02,fleet_telemetry,ACME-S02-TRUCK-060,haul_truck,2026-09-01T20:18:28.253Z,7,-16.53196,-71.591963,195.1,0.7,Dump-A,cycle-acme-s02-truck-060-00002,dumping,0.0,240.0,280766.52,42.3,True,True,6952.5,262014.55,False,False,False,89.8,24.4,[],1.0
cce25d98-0e4e-43c5-aeb3-820563f21494,1.0,acme-mining,site-02,fleet_telemetry,ACME-S02-TRUCK-061,haul_truck,2026-09-01T20:18:28.253Z,7,-16.595712,-71.47688,92.3,1.0,Dump-A,cycle-acme-s02-truck-061-00002,dumping,0.0,240.0,80111.11,94.7,True,True,16087.93,139595.61,False,False,False,94.8,24.4,[],1.0
bec17d41-f060-42af-9218-acf6186be2d8,1.0,acme-mining,site-02,fleet_telemetry,ACME-S02-TRUCK-062,haul_truck,2026-09-01T20:18:28.253Z,7,-16.613927,-71.609434,84.2,0.7,Dump-A,cycle-acme-s02-truck-062-00002,dumping,0.0,240.0,435342.56,40.0,True,True,20838.95,338430.16,False,False,False,89.9,24.6,[],1.0
040a876e-74cc-4eed-b354-3c4b503a6b12,1.0,acme-mining,site-02,fleet_telemetry,ACME-S02-TRUCK-063,haul_truck,2026-09-01T20:18:28.253Z,7,-16.628069,-71.558963,237.2,1.2,Dump-A,cycle-acme-s02-truck-063-00002,dumping,0.0,240.0,57299.16,34.3,True,True,6857.88,25151.92,False,False,False,86.7,25.0,[],1.0
1866e79f-f9a5-4816-8f17-d082f6e213cd,1.0,acme-mining,site-02,fleet_telemetry,ACME-S02-TRUCK-064,haul_truck,2026-09-01T20:18:28.253Z,7,-16.658627,-71.536821,219.2,0.1,Dump-A,cycle-acme-s02-truck-064-00002,dumping,0.0,240.0,95648.78,63.7,True,True,9292.34,379277.56,False,False,False,91.2,23.8,[],1.0
5a5ce375-ca24-406e-b15c-3323beaed3bb,1.0,acme-mining,site-02,fleet_telemetry,ACME-S02-TRUCK-065,haul_truck,2026-09-01T20:18:28.253Z,7,-16.654924,-71.557768,60.1,0.1,Dump-A,cycle-acme-s02-truck-065-00002,dumping,0.0,240.0,278859.43,34.0,True,True,18296.61,412642.34,False,False,False,95.2,25.0,[],1.0
4f4d7e32-ea84-4fe1-ab0a-8d5d9dc19650,1.0,acme-mining,site-02,fleet_telemetry,ACME-S02-TRUCK-066,haul_truck,2026-09-01T20:18:28.253Z,7,-16.590386,-71.610274,251.0,0.0,Dump-A,cycle-acme-s02-truck-066-00002,dumping,0.0,240.0,97585.91,60.6,True,True,20705.72,495628.17,False,False,False,89.3,24.7,[],1.0
9739136a-e12d-4947-b24e-f4871b690ddb,1.0,acme-mining,site-02,fleet_telemetry,ACME-S02-TRUCK-067,haul_truck,2026-09-01T20:18:28.253Z,7,-16.648048,-71.4685,85.0,1.3,Dump-A,cycle-acme-s02-truck-067-00002,dumping,0.0,240.0,75534.34,87.5,True,True,17844.09,347179.78,False,False,False,88.9,24.4,[],1.0
f278a8ae-87ed-4e74-91b9-5bdad1c04f4d,1.0,acme-mining,site-02,fleet_telemetry,ACME-S02-TRUCK-068,haul_truck,2026-09-01T20:18:28.253Z,7,-16.537892,-71.532326,89.2,1.3,Dump-A,cycle-acme-s02-truck-068-00002,dumping,0.0,240.0,141663.56,48.5,True,True,21801.06,485771.34,False,False,False,108.1,24.2,"[""ENG_OVERHEAT""]",0.72
e334423d-cd3f-4f67-b4e7-90dffde91fc0,1.0,acme-mining,site-02,fleet_telemetry,ACME-S02-TRUCK-069,haul_truck,2026-09-01T20:18:28.253Z,7,-16.603733,-71.568278,142.6,0.6,Dump-A,cycle-acme-s02-truck-069-00002,dumping,0.0,240.0,155745.87,32.6,True,True,10867.73,30481.42,False,False,False,88.1,24.7,[],1.0
d0815e0f-909c-49a1-a3d9-249fed00be0e,1.0,acme-mining,site-02,fleet_telemetry,ACME-S02-TRUCK-070,haul_truck,2026-09-01T20:18:28.253Z,7,-16.577851,-71.581112,319.5,1.0,Dump-A,cycle-acme-s02-truck-070-00002,dumping,0.0,240.0,298460.47,93.0,True,True,13454.49,187284.3,False,False,False,112.3,24.0,"[""ENG_OVERHEAT""]",0.72
ba1da6ff-3bb0-4088-907c-4e58636b8990,1.0,acme-mining,site-02,fleet_telemetry,ACME-S02-TRUCK-071,haul_truck,2026-09-01T20:18:28.253Z,7,-16.646736,-71.508604,147.7,1.4,Dump-A,cycle-acme-s02-truck-071-00002,dumping,0.0,240.0,282684.2,83.8,True,True,4414.87,416286.03,False,False,False,87.8,25.0,[],1.0
ea681739-4bac-462e-bb42-385cf6917f3a,1.0,acme-mining,site-02,fleet_telemetry,ACME-S02-TRUCK-072,haul_truck,2026-09-01T20:18:28.253Z,7,-16.637778,-71.537193,221.1,1.4,Dump-A,cycle-acme-s02-truck-072-00002,dumping,0.0,240.0,194263.78,53.9,True,True,4844.64,297854.42,False,False,False,93.8,24.9,[],1.0
5f3de7c4-1fab-4c0c-97ff-8ac80324a6d6,1.0,acme-mining,site-02,fleet_telemetry,ACME-S02-TRUCK-073,haul_truck,2026-09-01T20:18:28.253Z,7,-16.637233,-71.565476,78.5,0.7,Dump-A,cycle-acme-s02-truck-073-00002,dumping,0.0,240.0,37404.21,34.6,True,True,19303.75,483577.61,False,False,False,90.3,24.9,[],1.0
83bb9116-d670-48cb-bbd6-2dbfc23bb0af,1.0,acme-mining,site-02,fleet_telemetry,ACME-S02-TRUCK-074,haul_truck,2026-09-01T20:18:28.253Z,7,-16.582998,-71.509368,169.4,1.0,Dump-A,cycle-acme-s02-truck-074-00002,dumping,0.0,240.0,212252.4,62.3,True,True,8788.69,622712.01,False,False,False,86.5,24.1,[],1.0
e04eb723-e72d-4022-9947-b195f99805bd,1.0,acme-mining,site-02,fleet_telemetry,ACME-S02-TRUCK-075,haul_truck,2026-09-01T20:18:28.253Z,7,-16.634423,-71.461805,250.6,0.6,Dump-A,cycle-acme-s02-truck-075-00002,dumping,0.0,240.0,118468.86,64.0,True,True,13733.63,141126.57,False,False,False,94.1,24.8,[],1.0
926c980b-fe76-4b80-800a-ff5797e355f1,1.0,acme-mining,site-02,fleet_telemetry,ACME-S02-TRUCK-076,haul_truck,2026-09-01T20:18:28.253Z,7,-16.580731,-71.467991,143.9,1.3,Dump-A,cycle-acme-s02-truck-076-00002,dumping,0.0,240.0,225161.8,58.5,True,True,15743.91,454851.27,False,False,False,90.8,24.8,[],1.0
269e32c9-07d5-48d6-8572-ae9964fb0ff9,1.0,acme-mining,site-02,fleet_telemetry,ACME-S02-TRUCK-077,haul_truck,2026-09-01T20:18:28.253Z,7,-16.539417,-71.464763,7.9,0.5,Dump-A,cycle-acme-s02-truck-077-00002,dumping,0.0,240.0,177065.89,93.6,True,True,3383.74,446272.15,False,False,False,89.2,24.7,[],1.0
3762f812-e083-403b-bb74-eef1f09c98e1,1.0,acme-mining,site-02,fleet_telemetry,ACME-S02-TRUCK-078,haul_truck,2026-09-01T20:18:28.253Z,7,-16.565455,-71.497923,249.9,0.5,Dump-A,cycle-acme-s02-truck-078-00002,dumping,0.0,240.0,44773.4,89.6,True,True,1691.82,621847.76,False,False,False,94.3,23.9,[],1.0
7507e3b4-65fa-4d90-95aa-fa23ad02b007,1.0,acme-mining,site-02,fleet_telemetry,ACME-S02-TRUCK-079,haul_truck,2026-09-01T20:18:28.253Z,7,-16.551877,-71.579182,275.3,1.0,Dump-A,cycle-acme-s02-truck-079-00002,dumping,0.0,240.0,129513.89,32.6,True,True,6548.02,374071.49,False,False,False,93.6,24.6,[],1.0
45f5fbca-2cab-4775-98ea-60f5509c4a7b,1.0,acme-mining,site-02,fleet_telemetry,ACME-S02-TRUCK-080,haul_truck,2026-09-01T20:18:28.253Z,7,-16.594787,-71.508489,140.6,0.6,Dump-A,cycle-acme-s02-truck-080-00002,dumping,0.0,240.0,54087.55,48.1,True,True,5584.25,166687.2,False,False,False,86.3,24.1,[],1.0
d05aac5e-6373-44fc-a4ca-2cb47732db94,1.0,beta-minerals,north-site,fleet_telemetry,BETA-NORTH-TRUCK-001,haul_truck,2026-09-01T20:18:28.253Z,7,-16.562036,-71.59117,167.9,0.4,Dump-A,cycle-beta-north-truck-001-00002,dumping,0.0,240.0,383639.65,70.3,True,True,17975.95,92503.87,False,False,False,92.6,24.4,[],1.0
47119d67-c79f-4b71-b159-df2af1041c95,1.0,beta-minerals,north-site,fleet_telemetry,BETA-NORTH-TRUCK-002,haul_truck,2026-09-01T20:18:28.253Z,7,-16.596487,-71.489851,344.3,1.3,Dump-A,cycle-beta-north-truck-002-00002,dumping,0.0,240.0,155635.89,54.8,True,True,11739.08,367703.65,False,False,False,95.4,24.2,[],1.0
842535d2-683f-40ae-ac53-a1dc7932ec80,1.0,beta-minerals,north-site,fleet_telemetry,BETA-NORTH-TRUCK-003,haul_truck,2026-09-01T20:18:28.253Z,7,-16.638809,-71.522739,102.3,1.0,Dump-A,cycle-beta-north-truck-003-00002,dumping,0.0,240.0,22845.05,68.0,True,True,14378.16,292244.84,False,False,False,86.3,25.1,[],1.0
5803a33c-d868-45c3-9b1f-7b40063f7c29,1.0,beta-minerals,north-site,fleet_telemetry,BETA-NORTH-TRUCK-004,haul_truck,2026-09-01T20:18:28.253Z,7,-16.654111,-71.477992,185.9,0.1,Dump-A,cycle-beta-north-truck-004-00002,dumping,0.0,240.0,365841.55,29.3,True,True,5162.64,493965.2,False,False,False,86.2,24.6,[],1.0
2189f27c-966c-4454-97a5-e2b32163514d,1.0,beta-minerals,north-site,fleet_telemetry,BETA-NORTH-TRUCK-005,haul_truck,2026-09-01T20:18:28.253Z,7,-16.515848,-71.567386,169.2,0.5,Dump-A,cycle-beta-north-truck-005-00002,dumping,0.0,240.0,305109.07,59.2,True,True,4977.98,91791.78,False,False,False,94.4,23.8,[],1.0
956be338-f072-4b85-afc4-186abea432a3,1.0,beta-minerals,north-site,fleet_telemetry,BETA-NORTH-TRUCK-006,haul_truck,2026-09-01T20:18:28.253Z,7,-16.540212,-71.504506,241.6,0.9,Dump-A,cycle-beta-north-truck-006-00002,dumping,0.0,240.0,382028.28,68.2,True,True,13244.51,239192.67,False,False,False,89.3,24.2,[],1.0
132aee89-d161-4b71-bb33-634bb4e19af7,1.0,beta-minerals,north-site,fleet_telemetry,BETA-NORTH-TRUCK-007,haul_truck,2026-09-01T20:18:28.253Z,7,-16.641112,-71.506556,106.8,1.1,Dump-A,cycle-beta-north-truck-007-00002,dumping,0.0,240.0,61859.57,46.3,True,True,2596.75,104387.25,False,False,False,93.0,23.8,[],1.0
ee9a03e5-bea7-4d63-8ef3-7d8857d2433b,1.0,beta-minerals,north-site,fleet_telemetry,BETA-NORTH-TRUCK-008,haul_truck,2026-09-01T20:18:28.253Z,7,-16.584433,-71.470442,186.6,0.9,Dump-A,cycle-beta-north-truck-008-00002,dumping,0.0,240.0,196137.51,59.0,True,True,13444.24,382127.98,False,False,False,87.5,24.1,[],1.0
ab5b3abe-2d94-4055-bfae-6490b3a1657a,1.0,beta-minerals,north-site,fleet_telemetry,BETA-NORTH-TRUCK-009,haul_truck,2026-09-01T20:18:28.253Z,7,-16.598259,-71.608941,154.1,1.2,Dump-A,cycle-beta-north-truck-009-00002,dumping,0.0,240.0,71730.92,47.0,True,True,12564.16,328474.64,False,False,False,114.9,25.1,"[""ENG_OVERHEAT""]",0.72
a0b5097a-c166-4660-9f5e-c7b16b9243c2,1.0,beta-minerals,north-site,fleet_telemetry,BETA-NORTH-TRUCK-010,haul_truck,2026-09-01T20:18:28.253Z,7,-16.565915,-71.552004,223.3,0.2,Dump-A,cycle-beta-north-truck-010-00002,dumping,0.0,240.0,178935.88,64.3,True,True,11073.72,142931.11,False,False,False,91.6,24.0,[],1.0
92938faa-0abf-44e8-bfc8-c5b395f37880,1.0,beta-minerals,north-site,fleet_telemetry,BETA-NORTH-TRUCK-011,haul_truck,2026-09-01T20:18:28.253Z,7,-16.62362,-71.573565,196.2,1.4,Dump-A,cycle-beta-north-truck-011-00002,dumping,0.0,240.0,23579.15,78.2,True,True,11160.44,72082.64,False,False,False,94.3,25.2,[],1.0
b64a4a2a-6085-48e5-bfce-83ec9853a6fd,1.0,beta-minerals,north-site,fleet_telemetry,BETA-NORTH-TRUCK-012,haul_truck,2026-09-01T20:18:28.253Z,7,-16.58865,-71.525842,144.8,1.2,Dump-A,cycle-beta-north-truck-012-00002,dumping,0.0,240.0,349921.41,59.6,True,True,17351.7,376359.91,False,False,False,94.6,24.0,[],1.0
f7256556-efee-4b21-8711-ee610b6d2bfe,1.0,beta-minerals,north-site,fleet_telemetry,BETA-NORTH-TRUCK-013,haul_truck,2026-09-01T20:18:28.253Z,7,-16.555345,-71.530057,226.0,0.0,Dump-A,cycle-beta-north-truck-013-00002,dumping,0.0,240.0,371949.25,27.9,True,True,18253.61,251123.05,False,False,False,89.6,23.8,[],1.0
0f84d667-4221-4e8e-9924-b712b8c540b5,1.0,beta-minerals,north-site,fleet_telemetry,BETA-NORTH-TRUCK-014,haul_truck,2026-09-01T20:18:28.253Z,7,-16.665225,-71.575449,155.0,0.9,Dump-A,cycle-beta-north-truck-014-00002,dumping,0.0,240.0,118914.36,86.2,True,True,16402.97,431813.35,False,False,False,95.4,24.3,[],1.0
cfa0d0c2-a7dd-42ef-bdc0-9fec2b7c9103,1.0,beta-minerals,north-site,fleet_telemetry,BETA-NORTH-TRUCK-015,haul_truck,2026-09-01T20:18:28.253Z,7,-16.540732,-71.523437,263.6,0.7,Dump-A,cycle-beta-north-truck-015-00002,dumping,0.0,240.0,351278.37,41.5,True,True,10108.29,646193.49,False,False,False,92.5,25.1,[],1.0
2c77476f-5edf-462e-b466-7f7e6a8dd3af,1.0,beta-minerals,north-site,fleet_telemetry,BETA-NORTH-TRUCK-016,haul_truck,2026-09-01T20:18:28.253Z,7,-16.660905,-71.561369,286.3,0.4,Dump-A,cycle-beta-north-truck-016-00002,dumping,0.0,240.0,100913.09,39.4,True,True,4318.82,107718.16,False,False,False,89.1,24.2,[],1.0
b2ee5091-2169-466a-839c-cc79b9d8ee94,1.0,beta-minerals,north-site,fleet_telemetry,BETA-NORTH-TRUCK-017,haul_truck,2026-09-01T20:18:28.253Z,7,-16.518034,-71.535224,347.1,0.4,Dump-A,cycle-beta-north-truck-017-00002,dumping,0.0,240.0,138759.71,65.1,True,True,4369.61,636770.25,False,False,False,89.2,24.7,[],1.0
da787af9-8201-4640-b649-0d7ff18c8d5d,1.0,beta-minerals,north-site,fleet_telemetry,BETA-NORTH-TRUCK-018,haul_truck,2026-09-01T20:18:28.253Z,7,-16.62604,-71.512519,34.9,0.7,Dump-A,cycle-beta-north-truck-018-00002,dumping,0.0,240.0,191102.78,29.1,True,True,3674.49,492559.42,False,False,False,94.5,23.9,[],1.0
8be4e376-9954-4747-8e65-4215cad27057,1.0,beta-minerals,north-site,fleet_telemetry,BETA-NORTH-TRUCK-019,haul_truck,2026-09-01T20:18:28.253Z,7,-16.562182,-71.539215,178.6,0.7,Dump-A,cycle-beta-north-truck-019-00002,dumping,0.0,240.0,374532.44,78.3,True,True,6093.17,468178.95,False,False,False,87.7,25.2,[],1.0
7db8ae34-58bc-4f48-9bf0-ada9ddc51b0f,1.0,beta-minerals,north-site,fleet_telemetry,BETA-NORTH-TRUCK-020,haul_truck,2026-09-01T20:18:28.253Z,7,-16.5474,-71.553052,274.2,0.1,Dump-A,cycle-beta-north-truck-020-00002,dumping,0.0,240.0,43227.6,80.6,True,True,14109.64,256358.72,False,False,False,93.6,24.1,[],1.0
d2d16b7d-b758-4cd6-bfd5-4dcd34708d35,1.0,beta-minerals,north-site,fleet_telemetry,BETA-NORTH-TRUCK-021,haul_truck,2026-09-01T20:18:28.253Z,7,-16.53482,-71.602608,267.8,0.1,Dump-A,cycle-beta-north-truck-021-00002,dumping,0.0,240.0,266060.88,85.8,True,True,10439.56,327468.17,False,False,False,94.3,24.6,[],1.0
fe6b9ba4-6dc1-4243-99d7-9da57af6f75a,1.0,beta-minerals,north-site,fleet_telemetry,BETA-NORTH-TRUCK-022,haul_truck,2026-09-01T20:18:28.253Z,7,-16.538446,-71.538369,69.6,1.1,Dump-A,cycle-beta-north-truck-022-00002,dumping,0.0,240.0,184995.43,92.7,True,True,18822.26,521277.24,False,False,False,91.2,24.4,[],1.0
c28fa51c-996d-414e-a3dc-72a2fe80b506,1.0,beta-minerals,north-site,fleet_telemetry,BETA-NORTH-TRUCK-023,haul_truck,2026-09-01T20:18:28.253Z,7,-16.615441,-71.508269,306.6,0.3,Dump-A,cycle-beta-north-truck-023-00002,dumping,0.0,240.0,259102.97,58.9,True,True,7960.42,384098.33,False,False,False,94.1,24.2,[],1.0
bd1caf4c-25a1-4922-bead-86cb661afddb,1.0,beta-minerals,north-site,fleet_telemetry,BETA-NORTH-TRUCK-024,haul_truck,2026-09-01T20:18:28.253Z,7,-16.645105,-71.544448,280.6,1.3,Dump-A,cycle-beta-north-truck-024-00002,dumping,0.0,240.0,17164.24,90.0,True,True,14075.02,547122.51,False,False,False,92.1,24.5,[],1.0
81e971d5-8ab2-43d1-b883-bbe6c6a7baa3,1.0,beta-minerals,north-site,fleet_telemetry,BETA-NORTH-TRUCK-025,haul_truck,2026-09-01T20:18:28.253Z,7,-16.644979,-71.468283,311.7,0.0,Dump-A,cycle-beta-north-truck-025-00002,dumping,0.0,240.0,68042.2,70.5,True,True,5089.16,453813.02,False,False,False,91.3,24.9,[],1.0
812a52e2-8c81-4e81-9993-96bd38c68238,1.0,beta-minerals,north-site,fleet_telemetry,BETA-NORTH-TRUCK-026,haul_truck,2026-09-01T20:18:28.253Z,7,-16.606962,-71.568616,1.8,0.5,Dump-A,cycle-beta-north-truck-026-00002,dumping,0.0,240.0,407672.56,36.5,True,True,6108.26,254261.71,False,False,False,95.7,25.0,[],1.0
88aa32a1-f7d0-4fc9-92f8-5949bf7fb22c,1.0,beta-minerals,north-site,fleet_telemetry,BETA-NORTH-TRUCK-027,haul_truck,2026-09-01T20:18:28.253Z,7,-16.657922,-71.522539,25.7,0.6,Dump-A,cycle-beta-north-truck-027-00002,dumping,0.0,240.0,51881.26,39.9,True,True,9899.71,77455.65,False,False,False,93.6,24.5,[],1.0
74462031-37db-4842-92b9-df38d2ab2d82,1.0,beta-minerals,north-site,fleet_telemetry,BETA-NORTH-TRUCK-028,haul_truck,2026-09-01T20:18:28.253Z,7,-16.602807,-71.596343,281.2,0.1,Dump-A,cycle-beta-north-truck-028-00002,dumping,0.0,240.0,369528.42,94.1,True,True,996.89,458226.31,False,False,False,91.6,24.3,[],1.0
0de2035d-6e35-4268-93fb-0edc29370f5b,1.0,beta-minerals,north-site,fleet_telemetry,BETA-NORTH-TRUCK-029,haul_truck,2026-09-01T20:18:28.253Z,7,-16.622527,-71.556268,310.9,0.7,Dump-A,cycle-beta-north-truck-029-00002,dumping,0.0,240.0,55409.12,50.7,True,True,2693.83,527752.95,False,False,False,92.6,24.6,[],1.0
da8e4ef2-5378-4c20-bf07-0d29f23ebe98,1.0,beta-minerals,north-site,fleet_telemetry,BETA-NORTH-TRUCK-030,haul_truck,2026-09-01T20:18:28.253Z,7,-16.572743,-71.591216,92.1,0.1,Dump-A,cycle-beta-north-truck-030-00002,dumping,0.0,240.0,40101.55,64.4,True,True,14401.42,446596.48,False,False,False,87.9,24.6,[],1.0
a7d05fdb-d459-492d-98f6-bc2e1610bb36,1.0,beta-minerals,north-site,fleet_telemetry,BETA-NORTH-TRUCK-031,haul_truck,2026-09-01T20:18:28.253Z,7,-16.532787,-71.603614,123.9,0.1,Dump-A,cycle-beta-north-truck-031-00002,dumping,0.0,240.0,191152.8,73.0,True,True,14115.31,115365.83,False,False,False,91.1,24.6,[],1.0
74519477-ae68-44b0-b892-12065b7d7060,1.0,beta-minerals,north-site,fleet_telemetry,BETA-NORTH-TRUCK-032,haul_truck,2026-09-01T20:18:28.253Z,7,-16.648047,-71.573184,322.2,0.1,Dump-A,cycle-beta-north-truck-032-00002,dumping,0.0,240.0,433829.88,47.0,True,True,13298.98,261940.25,False,False,False,87.0,24.4,[],1.0
07575d7e-c9d9-4edc-bb8c-cbe6c4dca7ac,1.0,beta-minerals,north-site,fleet_telemetry,BETA-NORTH-TRUCK-033,haul_truck,2026-09-01T20:18:28.253Z,7,-16.666094,-71.481952,131.6,0.4,Dump-A,cycle-beta-north-truck-033-00002,dumping,0.0,240.0,135365.6,90.9,True,True,13541.19,474343.32,False,False,False,89.9,24.6,[],1.0
3c4f3207-cff4-41a4-bcc9-0c0ba5c55e2e,1.0,beta-minerals,north-site,fleet_telemetry,BETA-NORTH-TRUCK-034,haul_truck,2026-09-01T20:18:28.253Z,7,-16.661674,-71.473864,295.6,0.2,Dump-A,cycle-beta-north-truck-034-00002,dumping,0.0,240.0,339051.65,45.7,True,True,11776.29,340999.36,False,False,False,92.5,23.8,[],1.0
4bc06f5f-ea44-45f0-8e12-14587a95a84e,1.0,beta-minerals,north-site,fleet_telemetry,BETA-NORTH-TRUCK-035,haul_truck,2026-09-01T20:18:28.253Z,7,-16.5282,-71.615597,288.3,0.4,Dump-A,cycle-beta-north-truck-035-00002,dumping,0.0,240.0,290756.67,29.9,True,True,8980.78,171881.65,False,False,False,94.9,24.8,[],1.0
5dc54dc7-25a4-4126-afdf-fa3374f82ec7,1.0,beta-minerals,north-site,fleet_telemetry,BETA-NORTH-TRUCK-036,haul_truck,2026-09-01T20:18:28.253Z,7,-16.561157,-71.495469,354.4,0.5,Dump-A,cycle-beta-north-truck-036-00002,dumping,0.0,240.0,260087.82,50.5,True,True,3598.05,562312.94,False,False,False,91.4,25.2,[],1.0
f7fa51d5-dd0d-4d82-a0d2-91b54084ac56,1.0,beta-minerals,north-site,fleet_telemetry,BETA-NORTH-TRUCK-037,haul_truck,2026-09-01T20:18:28.253Z,7,-16.660723,-71.491243,53.8,0.4,Dump-A,cycle-beta-north-truck-037-00002,dumping,0.0,240.0,125361.97,27.8,True,True,1153.83,62545.63,False,False,False,93.1,23.9,[],1.0
633d05a4-1eeb-4d0b-8e4e-4a91a8a9f3b2,1.0,beta-minerals,north-site,fleet_telemetry,BETA-NORTH-TRUCK-038,haul_truck,2026-09-01T20:18:28.253Z,7,-16.584399,-71.593099,141.7,0.8,Dump-A,cycle-beta-north-truck-038-00002,dumping,0.0,240.0,187002.51,69.8,True,True,17062.74,286852.54,False,False,False,91.9,24.0,[],1.0
aa61b8b9-12ed-4abd-bb68-d6d69a272425,1.0,beta-minerals,north-site,fleet_telemetry,BETA-NORTH-TRUCK-039,haul_truck,2026-09-01T20:18:28.253Z,7,-16.607886,-71.515996,133.8,1.4,Dump-A,cycle-beta-north-truck-039-00002,dumping,0.0,240.0,365546.88,62.5,True,True,11639.67,148014.55,False,False,False,88.4,24.9,[],1.0
5a59665d-74c3-46fe-acdb-b4ab7bc91d73,1.0,beta-minerals,north-site,fleet_telemetry,BETA-NORTH-TRUCK-040,haul_truck,2026-09-01T20:18:28.253Z,7,-16.631296,-71.469553,349.9,0.8,Dump-A,cycle-beta-north-truck-040-00002,dumping,0.0,240.0,429508.75,41.7,True,True,7375.6,295616.35,False,False,False,88.8,24.8,[],1.0
dbf34cc8-8a6a-4982-ba90-86b49c9d54cd,1.0,beta-minerals,north-site,fleet_telemetry,BETA-NORTH-TRUCK-041,haul_truck,2026-09-01T20:18:28.253Z,7,-16.557102,-71.50525,141.0,1.0,Dump-A,cycle-beta-north-truck-041-00002,dumping,0.0,240.0,335890.04,33.3,True,True,7356.96,487267.03,False,False,False,86.1,24.0,[],1.0
0a63481b-b2de-40e8-adfa-48df5b1c5ba7,1.0,beta-minerals,north-site,fleet_telemetry,BETA-NORTH-TRUCK-042,haul_truck,2026-09-01T20:18:28.253Z,7,-16.650097,-71.492532,101.7,1.0,Dump-A,cycle-beta-north-truck-042-00002,dumping,0.0,240.0,327137.27,36.7,True,True,11887.72,513282.0,False,False,False,95.0,24.4,[],1.0
4b5012c1-6f7f-46dc-8d4a-3f4d74e64f36,1.0,beta-minerals,north-site,fleet_telemetry,BETA-NORTH-TRUCK-043,haul_truck,2026-09-01T20:18:28.253Z,7,-16.660154,-71.503517,123.3,0.9,Dump-A,cycle-beta-north-truck-043-00002,dumping,0.0,240.0,365127.9,44.0,True,True,17154.33,38494.58,False,False,False,93.2,24.4,[],1.0
3b4f7618-9af8-46ec-910f-32eba5152fbd,1.0,beta-minerals,north-site,fleet_telemetry,BETA-NORTH-TRUCK-044,haul_truck,2026-09-01T20:18:28.253Z,7,-16.643664,-71.592315,168.6,0.3,Dump-A,cycle-beta-north-truck-044-00002,dumping,0.0,240.0,34393.65,85.1,True,True,11318.34,341792.72,False,False,False,92.0,24.2,[],1.0
8a37808b-089c-4601-9797-ee33c33e3272,1.0,beta-minerals,north-site,fleet_telemetry,BETA-NORTH-TRUCK-045,haul_truck,2026-09-01T20:18:28.253Z,7,-16.533007,-71.615552,274.3,0.0,Dump-A,cycle-beta-north-truck-045-00002,dumping,0.0,240.0,335943.63,25.1,True,True,15091.36,92660.35,False,False,False,95.0,25.0,[],1.0
4bffbd0b-984c-486f-ac18-a9938f7d1ef1,1.0,beta-minerals,north-site,fleet_telemetry,BETA-NORTH-TRUCK-046,haul_truck,2026-09-01T20:18:28.253Z,7,-16.581967,-71.47127,201.0,0.7,Dump-A,cycle-beta-north-truck-046-00002,dumping,0.0,240.0,419710.88,85.0,True,True,8919.17,114553.48,False,False,False,95.6,25.2,[],1.0
a569317f-bfcf-49c4-a85d-fa5702ad2656,1.0,beta-minerals,north-site,fleet_telemetry,BETA-NORTH-TRUCK-047,haul_truck,2026-09-01T20:18:28.253Z,7,-16.538235,-71.526062,257.6,0.1,Dump-A,cycle-beta-north-truck-047-00002,dumping,0.0,240.0,412976.54,47.4,True,True,5559.73,176405.95,False,False,False,95.8,24.6,[],1.0
fa82b5d5-f3b1-4b4a-b285-3eede85d6ee7,1.0,beta-minerals,north-site,fleet_telemetry,BETA-NORTH-TRUCK-048,haul_truck,2026-09-01T20:18:28.253Z,7,-16.659365,-71.543072,249.3,0.9,Dump-A,cycle-beta-north-truck-048-00002,dumping,0.0,240.0,441822.54,91.7,True,True,4602.11,526733.09,False,False,False,93.2,25.0,[],1.0
b62acf7e-d24e-46d7-84b8-34701271efac,1.0,beta-minerals,north-site,fleet_telemetry,BETA-NORTH-TRUCK-049,haul_truck,2026-09-01T20:18:28.253Z,7,-16.580187,-71.568853,245.0,0.4,Dump-A,cycle-beta-north-truck-049-00002,dumping,0.0,240.0,13506.88,39.0,True,True,7738.79,368447.72,False,False,False,86.9,25.1,[],1.0
7207a4b9-2a7a-4d17-8fca-55e83e43c3a2,1.0,beta-minerals,north-site,fleet_telemetry,BETA-NORTH-TRUCK-050,haul_truck,2026-09-01T20:18:28.253Z,7,-16.553217,-71.53006,193.3,1.2,Dump-A,cycle-beta-north-truck-050-00002,dumping,0.0,240.0,449026.78,79.3,True,True,8607.41,632270.52,False,False,False,87.0,24.6,[],1.0
5936c980-2011-4d49-8773-4c7299d9e162,1.0,beta-minerals,north-site,fleet_telemetry,BETA-NORTH-TRUCK-051,haul_truck,2026-09-01T20:18:28.253Z,7,-16.536071,-71.477108,86.7,0.8,Dump-A,cycle-beta-north-truck-051-00002,dumping,0.0,240.0,112519.45,49.2,True,True,935.22,278322.89,False,False,False,94.0,24.7,[],1.0
66f84f0d-45a3-4724-9527-c6eba350bd49,1.0,beta-minerals,north-site,fleet_telemetry,BETA-NORTH-TRUCK-052,haul_truck,2026-09-01T20:18:28.253Z,7,-16.637595,-71.460177,357.8,0.2,Dump-A,cycle-beta-north-truck-052-00002,dumping,0.0,240.0,334756.81,46.5,True,True,16889.31,257053.26,False,False,False,86.3,24.9,[],1.0
6b999cd6-3887-45bf-85f4-7069712198c5,1.0,beta-minerals,north-site,fleet_telemetry,BETA-NORTH-TRUCK-053,haul_truck,2026-09-01T20:18:28.253Z,7,-16.633368,-71.482198,81.3,1.0,Dump-A,cycle-beta-north-truck-053-00002,dumping,0.0,240.0,133123.56,28.0,True,True,21418.27,109695.42,False,False,False,86.2,25.1,[],1.0
41a14128-a31c-477c-82a3-45f4b83045f2,1.0,beta-minerals,north-site,fleet_telemetry,BETA-NORTH-TRUCK-054,haul_truck,2026-09-01T20:18:28.253Z,7,-16.568406,-71.554406,130.8,1.0,Dump-A,cycle-beta-north-truck-054-00002,dumping,0.0,240.0,265539.52,60.3,True,True,10519.32,491176.75,False,False,False,95.5,24.2,[],1.0
7bbaddf3-e859-49cb-baa8-806a069bd54b,1.0,beta-minerals,north-site,fleet_telemetry,BETA-NORTH-TRUCK-055,haul_truck,2026-09-01T20:18:28.253Z,7,-16.620022,-71.489362,310.8,0.7,Dump-A,cycle-beta-north-truck-055-00002,dumping,0.0,240.0,114180.01,43.2,True,True,10021.65,627457.66,False,False,False,93.9,24.8,[],1.0
c9a5c661-dc2c-48d7-848f-5a9c770a0412,1.0,beta-minerals,north-site,fleet_telemetry,BETA-NORTH-TRUCK-056,haul_truck,2026-09-01T20:18:28.253Z,7,-16.545584,-71.523934,70.8,1.0,Dump-A,cycle-beta-north-truck-056-00002,dumping,0.0,240.0,42862.92,39.2,True,True,7542.83,191332.34,False,False,False,92.4,24.4,[],1.0
812b4a36-4a2c-468f-8f5b-805e4522b537,1.0,beta-minerals,north-site,fleet_telemetry,BETA-NORTH-TRUCK-057,haul_truck,2026-09-01T20:18:28.253Z,7,-16.547162,-71.545181,222.3,0.1,Dump-A,cycle-beta-north-truck-057-00002,dumping,0.0,240.0,63124.61,50.0,True,True,10330.82,217841.1,False,False,False,86.7,24.3,[],1.0
05fb0a2a-cbe2-44f7-a71d-983913a2bb61,1.0,beta-minerals,north-site,fleet_telemetry,BETA-NORTH-TRUCK-058,haul_truck,2026-09-01T20:18:28.253Z,7,-16.5739,-71.583118,174.9,0.4,Dump-A,cycle-beta-north-truck-058-00002,dumping,0.0,240.0,143855.04,74.3,True,True,2716.93,528786.18,False,False,False,94.8,24.3,[],1.0
6675d238-4fd4-45eb-978f-6551facb1a8b,1.0,beta-minerals,north-site,fleet_telemetry,BETA-NORTH-TRUCK-059,haul_truck,2026-09-01T20:18:28.253Z,7,-16.562056,-71.575883,117.6,0.6,Dump-A,cycle-beta-north-truck-059-00002,dumping,0.0,240.0,166527.26,60.9,True,True,2733.72,176377.99,False,False,False,87.8,24.9,[],1.0
9bebc4fe-61a8-4688-bc85-b006455515ba,1.0,beta-minerals,north-site,fleet_telemetry,BETA-NORTH-TRUCK-060,haul_truck,2026-09-01T20:18:28.253Z,7,-16.655215,-71.601215,269.6,0.6,Dump-A,cycle-beta-north-truck-060-00002,dumping,0.0,240.0,254620.1,63.5,True,True,20984.46,558398.97,False,False,False,106.1,23.9,"[""ENG_OVERHEAT""]",0.72
b3544072-f92a-43a0-8416-a71a979c0f0a,1.0,beta-minerals,north-site,fleet_telemetry,BETA-NORTH-TRUCK-061,haul_truck,2026-09-01T20:18:28.253Z,7,-16.538621,-71.55793,326.5,0.8,Dump-A,cycle-beta-north-truck-061-00002,dumping,0.0,240.0,442330.03,34.1,True,True,1053.5,543134.71,False,False,False,113.3,23.8,"[""ENG_OVERHEAT""]",0.72
291d149f-bc56-42c8-a77b-9d4c5c6cca78,1.0,beta-minerals,north-site,fleet_telemetry,BETA-NORTH-TRUCK-062,haul_truck,2026-09-01T20:18:28.253Z,7,-16.660082,-71.473058,334.0,1.4,Dump-A,cycle-beta-north-truck-062-00002,dumping,0.0,240.0,367609.16,26.5,True,True,13145.27,183057.17,False,False,False,86.5,23.9,[],1.0
593a4b7b-b423-4b2f-ac17-77f721d13f7b,1.0,beta-minerals,north-site,fleet_telemetry,BETA-NORTH-TRUCK-063,haul_truck,2026-09-01T20:18:28.253Z,7,-16.519653,-71.609358,298.4,0.4,Dump-A,cycle-beta-north-truck-063-00002,dumping,0.0,240.0,365910.82,33.5,True,True,2749.96,553783.67,False,False,False,88.4,24.3,[],1.0
a9a2b1a5-bf35-4715-83db-203ac2e1f758,1.0,beta-minerals,north-site,fleet_telemetry,BETA-NORTH-TRUCK-064,haul_truck,2026-09-01T20:18:28.253Z,7,-16.642781,-71.583166,232.8,0.2,Dump-A,cycle-beta-north-truck-064-00002,dumping,0.0,240.0,22972.65,72.8,True,True,18219.74,268849.32,False,False,False,92.4,24.4,[],1.0
27c1b2f2-fff9-46db-9199-70dc51e525f7,1.0,beta-minerals,north-site,fleet_telemetry,BETA-NORTH-TRUCK-065,haul_truck,2026-09-01T20:18:28.253Z,7,-16.566831,-71.537629,3.9,1.3,Dump-A,cycle-beta-north-truck-065-00002,dumping,0.0,240.0,280207.34,68.2,True,True,10255.45,113637.9,False,False,False,91.9,24.1,[],1.0
efab15d8-7b01-4696-a129-a9d5d1eeb9dd,1.0,beta-minerals,north-site,fleet_telemetry,BETA-NORTH-TRUCK-066,haul_truck,2026-09-01T20:18:28.253Z,7,-16.528865,-71.533351,289.9,0.1,Dump-A,cycle-beta-north-truck-066-00002,dumping,0.0,240.0,70384.29,38.9,True,True,2092.77,196259.0,False,False,False,87.6,24.1,[],1.0
ee67bd1f-5b42-4f8f-90e6-87312f103b78,1.0,beta-minerals,north-site,fleet_telemetry,BETA-NORTH-TRUCK-067,haul_truck,2026-09-01T20:18:28.253Z,7,-16.583287,-71.539978,94.4,0.0,Dump-A,cycle-beta-north-truck-067-00002,dumping,0.0,240.0,354043.38,50.1,True,True,17650.75,643324.44,False,False,False,86.2,24.0,[],1.0
2e58020b-1d2f-4133-a30f-2bf598c692db,1.0,beta-minerals,north-site,fleet_telemetry,BETA-NORTH-TRUCK-068,haul_truck,2026-09-01T20:18:28.253Z,7,-16.665721,-71.487824,204.6,0.3,Dump-A,cycle-beta-north-truck-068-00002,dumping,0.0,240.0,21468.15,66.8,True,True,7618.02,190374.63,False,False,False,93.6,24.8,[],1.0
a3a22f46-d845-43d9-83d2-4c9598e7860a,1.0,beta-minerals,north-site,fleet_telemetry,BETA-NORTH-TRUCK-069,haul_truck,2026-09-01T20:18:28.253Z,7,-16.654394,-71.51245,296.7,0.6,Dump-A,cycle-beta-north-truck-069-00002,dumping,0.0,240.0,449826.97,93.1,True,True,12023.97,503110.68,False,False,False,91.7,25.2,[],1.0
0ac26580-5e84-485d-8a30-f58f2ce0efa3,1.0,beta-minerals,north-site,fleet_telemetry,BETA-NORTH-TRUCK-070,haul_truck,2026-09-01T20:18:28.253Z,7,-16.608251,-71.467861,15.5,0.1,Dump-A,cycle-beta-north-truck-070-00002,dumping,0.0,240.0,263304.97,93.7,True,True,16997.86,617115.7,False,False,False,91.3,25.0,[],1.0
5a6e360e-99e1-4469-bcfe-f385bfb735ff,1.0,beta-minerals,north-site,fleet_telemetry,BETA-NORTH-TRUCK-071,haul_truck,2026-09-01T20:18:28.253Z,7,-16.524164,-71.613019,336.3,0.7,Dump-A,cycle-beta-north-truck-071-00002,dumping,0.0,240.0,364732.94,73.8,True,True,4533.34,393287.43,False,False,False,95.5,24.7,[],1.0
5e6788c3-9b51-4199-bd9a-09ee76546c89,1.0,beta-minerals,north-site,fleet_telemetry,BETA-NORTH-TRUCK-072,haul_truck,2026-09-01T20:18:28.253Z,7,-16.529338,-71.538721,342.6,0.4,Dump-A,cycle-beta-north-truck-072-00002,dumping,0.0,240.0,92823.26,94.1,True,True,12748.47,374758.75,False,False,False,92.3,23.9,[],1.0
97898946-f7f1-4142-b2be-a19279251001,1.0,beta-minerals,north-site,fleet_telemetry,BETA-NORTH-TRUCK-073,haul_truck,2026-09-01T20:18:28.253Z,7,-16.59393,-71.564408,249.6,0.4,Dump-A,cycle-beta-north-truck-073-00002,dumping,0.0,240.0,274732.07,26.4,True,True,1604.84,55385.96,False,False,False,92.0,25.1,[],1.0
6c5a84bd-80d9-40a8-8634-1e70c37d348b,1.0,beta-minerals,north-site,fleet_telemetry,BETA-NORTH-TRUCK-074,haul_truck,2026-09-01T20:18:28.253Z,7,-16.660885,-71.59382,227.0,0.3,Dump-A,cycle-beta-north-truck-074-00002,dumping,0.0,240.0,363067.2,85.7,True,True,8024.1,131799.86,False,False,False,91.6,24.0,[],1.0
88a16db5-1f0a-4f1a-9d1a-ac7316ec70ef,1.0,beta-minerals,north-site,fleet_telemetry,BETA-NORTH-TRUCK-075,haul_truck,2026-09-01T20:18:28.253Z,7,-16.610613,-71.466792,190.5,0.8,Dump-A,cycle-beta-north-truck-075-00002,dumping,0.0,240.0,388695.01,92.2,True,True,17216.58,553283.1,False,False,False,92.3,24.2,[],1.0
1a61f002-1afa-4287-80fb-08e76bdedb78,1.0,beta-minerals,north-site,fleet_telemetry,BETA-NORTH-TRUCK-076,haul_truck,2026-09-01T20:18:28.253Z,7,-16.600472,-71.515256,352.8,1.3,Dump-A,cycle-beta-north-truck-076-00002,dumping,0.0,240.0,439379.14,76.2,True,True,7935.1,223240.16,False,False,False,89.3,24.0,[],1.0
a8bb6921-0cb1-4e83-b24d-986943156a81,1.0,beta-minerals,north-site,fleet_telemetry,BETA-NORTH-TRUCK-077,haul_truck,2026-09-01T20:18:28.253Z,7,-16.544507,-71.581824,44.4,0.3,Dump-A,cycle-beta-north-truck-077-00002,dumping,0.0,240.0,315167.02,90.0,True,True,4493.11,630308.16,False,False,False,89.7,24.7,[],1.0
b3480773-2154-4104-a02e-d493a0be368d,1.0,beta-minerals,north-site,fleet_telemetry,BETA-NORTH-TRUCK-078,haul_truck,2026-09-01T20:18:28.253Z,7,-16.670088,-71.505168,84.5,0.1,Dump-A,cycle-beta-north-truck-078-00002,dumping,0.0,240.0,139588.04,37.4,True,True,8821.75,482416.97,False,False,False,89.8,24.9,[],1.0
0ec3d2db-ceef-4512-a76c-f2a62fd3e94a,1.0,beta-minerals,north-site,fleet_telemetry,BETA-NORTH-TRUCK-079,haul_truck,2026-09-01T20:18:28.253Z,7,-16.63509,-71.527021,195.0,0.2,Dump-A,cycle-beta-north-truck-079-00002,dumping,0.0,240.0,415257.26,92.7,True,True,1486.52,399504.99,False,False,False,87.4,23.8,[],1.0
4aff9308-a246-41eb-a9f2-8e6d32145239,1.0,beta-minerals,north-site,fleet_telemetry,BETA-NORTH-TRUCK-080,haul_truck,2026-09-01T20:18:28.253Z,7,-16.568617,-71.463419,272.7,0.0,Dump-A,cycle-beta-north-truck-080-00002,dumping,0.0,240.0,162596.9,47.3,True,True,7820.78,69018.32,False,False,False,92.4,25.1,[],1.0
32d9a84f-81e9-46c7-b64f-97a6cc747849,1.0,acme-mining,site-01,fleet_telemetry,ACME-S01-TRUCK-001,haul_truck,2026-09-01T20:18:33.253Z,8,-16.552549,-71.509197,243.6,54.5,Dump-A,cycle-acme-s01-truck-001-00002,returning,0.0,240.0,131013.47,40.6,True,False,14355.86,35756.97,False,False,True,91.7,25.0,[],1.0
4c62d3a2-5fb7-4079-b00e-6e51c500dbb9,1.0,acme-mining,site-01,fleet_telemetry,ACME-S01-TRUCK-002,haul_truck,2026-09-01T20:18:33.253Z,8,-16.574099,-71.527681,0.4,34.5,Dump-A,cycle-acme-s01-truck-002-00002,returning,0.0,240.0,51226.47,41.2,True,False,13318.45,40023.28,False,False,False,95.8,24.8,[],1.0
503b2e6e-87c6-4396-88c2-10db9eea8fb1,1.0,acme-mining,site-01,fleet_telemetry,ACME-S01-TRUCK-003,haul_truck,2026-09-01T20:18:33.253Z,8,-16.548975,-71.591936,348.9,28.5,Dump-A,cycle-acme-s01-truck-003-00002,returning,0.0,240.0,132404.48,85.8,True,False,9693.83,303001.9,False,False,False,94.0,24.3,[],1.0
3ecb73e9-53aa-4641-95e7-599f1f2b2a9e,1.0,acme-mining,site-01,fleet_telemetry,ACME-S01-TRUCK-004,haul_truck,2026-09-01T20:18:33.253Z,8,-16.654915,-71.481936,313.5,33.5,Dump-A,cycle-acme-s01-truck-004-00002,returning,0.0,240.0,158102.17,31.4,True,False,4096.18,623044.42,False,False,False,92.1,24.5,[],1.0
543991d3-46b1-47a0-ab86-0ba550da52c2,1.0,acme-mining,site-01,fleet_telemetry,ACME-S01-TRUCK-005,haul_truck,2026-09-01T20:18:33.253Z,8,-16.582084,-71.484813,165.5,39.2,Dump-A,cycle-acme-s01-truck-005-00002,returning,0.0,240.0,438171.5,51.5,True,False,16270.32,357823.89,False,False,False,90.4,24.2,[],1.0
8be20d56-0173-45aa-bd2c-4399dc16ce1a,1.0,acme-mining,site-01,fleet_telemetry,ACME-S01-TRUCK-006,haul_truck,2026-09-01T20:18:33.253Z,8,-16.624073,-71.604669,24.0,31.9,Dump-A,cycle-acme-s01-truck-006-00002,returning,0.0,240.0,30163.3,40.9,True,False,13039.88,463880.45,False,False,False,92.6,25.1,[],1.0
df99a980-11fe-4231-83d0-4731513c2641,1.0,acme-mining,site-01,fleet_telemetry,ACME-S01-TRUCK-007,haul_truck,2026-09-01T20:18:33.253Z,8,-16.613518,-71.510266,180.3,37.3,Dump-A,cycle-acme-s01-truck-007-00002,returning,0.0,240.0,377009.15,36.3,True,False,8858.69,305648.67,False,False,False,88.0,24.9,[],1.0
36b2a3f1-c312-460f-872e-7328b00a293f,1.0,acme-mining,site-01,fleet_telemetry,ACME-S01-TRUCK-008,haul_truck,2026-09-01T20:18:33.253Z,8,-16.609699,-71.459186,185.1,26.3,Dump-A,cycle-acme-s01-truck-008-00002,returning,0.0,240.0,330816.36,36.4,True,False,13713.59,127817.52,False,False,False,90.0,25.1,[],1.0
3b04b6cc-fae4-4168-9b7c-386a2b16f871,1.0,acme-mining,site-01,fleet_telemetry,ACME-S01-TRUCK-009,haul_truck,2026-09-01T20:18:33.253Z,8,-16.538934,-71.488679,320.9,25.9,Dump-A,cycle-acme-s01-truck-009-00002,returning,0.0,240.0,348058.54,28.9,True,False,5455.85,224298.29,False,False,False,87.7,23.8,[],1.0
d124e877-8ab9-405e-8809-3649ab11c4ba,1.0,acme-mining,site-01,fleet_telemetry,ACME-S01-TRUCK-010,haul_truck,2026-09-01T20:18:33.253Z,8,-16.565542,-71.554154,165.3,35.6,Dump-A,cycle-acme-s01-truck-010-00002,returning,0.0,240.0,395602.32,47.0,True,False,5272.85,614033.32,False,False,False,88.8,25.0,[],1.0
70bed1d9-6c2b-4146-b5e7-904418bd9adf,1.0,acme-mining,site-01,fleet_telemetry,ACME-S01-TRUCK-011,haul_truck,2026-09-01T20:18:33.253Z,8,-16.550905,-71.548939,0.9,29.3,Dump-A,cycle-acme-s01-truck-011-00002,returning,0.0,240.0,337795.72,62.7,True,False,3828.89,107967.28,False,False,False,87.9,24.4,[],1.0
72ea0f72-7eee-464a-b12d-3fe9519869b5,1.0,acme-mining,site-01,fleet_telemetry,ACME-S01-TRUCK-012,haul_truck,2026-09-01T20:18:33.253Z,8,-16.662825,-71.599913,33.2,39.2,Dump-A,cycle-acme-s01-truck-012-00002,returning,0.0,240.0,234192.14,31.3,True,False,5449.61,648448.91,False,False,False,86.9,24.9,[],1.0
5bd4ac1d-ed57-4d5e-abbf-17c1a41e22c5,1.0,acme-mining,site-01,fleet_telemetry,ACME-S01-TRUCK-013,haul_truck,2026-09-01T20:18:33.253Z,8,-16.630209,-71.528983,280.3,40.6,Dump-A,cycle-acme-s01-truck-013-00002,returning,0.0,240.0,272191.48,57.7,True,False,13443.88,262403.6,False,False,False,87.5,25.0,[],1.0
5dc5c1cd-f1d8-4ac2-b35f-7419604cb9ad,1.0,acme-mining,site-01,fleet_telemetry,ACME-S01-TRUCK-014,haul_truck,2026-09-01T20:18:33.253Z,8,-16.652532,-71.547914,300.9,38.8,Dump-A,cycle-acme-s01-truck-014-00002,returning,0.0,240.0,127403.65,69.8,True,False,15252.27,358291.53,False,False,False,91.5,25.1,[],1.0
187bc51f-9e19-4bdc-8061-0aa9b948160e,1.0,acme-mining,site-01,fleet_telemetry,ACME-S01-TRUCK-015,haul_truck,2026-09-01T20:18:33.253Z,8,-16.570342,-71.482847,42.8,40.7,Dump-A,cycle-acme-s01-truck-015-00002,returning,0.0,240.0,233380.5,32.4,True,False,21404.04,500036.39,False,False,False,92.5,24.7,[],1.0
de265e18-1003-4ae4-9881-e22c75a1d491,1.0,acme-mining,site-01,fleet_telemetry,ACME-S01-TRUCK-016,haul_truck,2026-09-01T20:18:33.253Z,8,-16.585573,-71.617389,20.4,52.7,Dump-A,cycle-acme-s01-truck-016-00002,returning,0.0,240.0,247327.34,79.5,True,False,4040.2,500382.02,False,False,True,94.3,24.8,[],1.0
6b43ee69-a1bb-49d8-a6ca-a3cefac887b9,1.0,acme-mining,site-01,fleet_telemetry,ACME-S01-TRUCK-017,haul_truck,2026-09-01T20:18:33.253Z,8,-16.632115,-71.578964,195.1,38.3,Dump-A,cycle-acme-s01-truck-017-00002,returning,0.0,240.0,443541.97,81.4,True,False,3171.61,248678.08,False,False,False,94.0,24.7,[],1.0
de5100d2-ea55-4f73-87d1-a5cf30d8d047,1.0,acme-mining,site-01,fleet_telemetry,ACME-S01-TRUCK-018,haul_truck,2026-09-01T20:18:33.253Z,8,-16.547859,-71.596959,116.2,25.0,Dump-A,cycle-acme-s01-truck-018-00002,returning,0.0,240.0,40454.07,78.2,True,False,2615.86,326174.17,False,False,False,90.5,24.2,[],1.0
43dbc850-abdd-4bd1-86a8-9f82823393df,1.0,acme-mining,site-01,fleet_telemetry,ACME-S01-TRUCK-019,haul_truck,2026-09-01T20:18:33.253Z,8,-16.52182,-71.496664,27.9,35.3,Dump-A,cycle-acme-s01-truck-019-00002,returning,0.0,240.0,276901.89,92.5,True,False,4300.7,352434.66,False,False,False,91.9,24.9,[],1.0
6972d75e-2c69-4071-94dc-9e86951016bf,1.0,acme-mining,site-01,fleet_telemetry,ACME-S01-TRUCK-020,haul_truck,2026-09-01T20:18:33.253Z,8,-16.598175,-71.577818,166.6,39.6,Dump-A,cycle-acme-s01-truck-020-00002,returning,0.0,240.0,174305.59,87.9,True,False,9258.65,443163.01,False,False,False,93.5,23.9,[],1.0
38bb15aa-329a-4ed1-b67d-5f00e97b5404,1.0,acme-mining,site-01,fleet_telemetry,ACME-S01-TRUCK-021,haul_truck,2026-09-01T20:18:33.253Z,8,-16.569431,-71.580877,183.5,34.5,Dump-A,cycle-acme-s01-truck-021-00002,returning,0.0,240.0,106896.22,29.9,True,False,13272.16,164972.47,False,False,False,89.0,24.7,[],1.0
45c71a5b-22d0-444d-8fd2-df944a0abd9f,1.0,acme-mining,site-01,fleet_telemetry,ACME-S01-TRUCK-022,haul_truck,2026-09-01T20:18:33.253Z,8,-16.649193,-71.467818,198.1,36.8,Dump-A,cycle-acme-s01-truck-022-00002,returning,0.0,240.0,304350.79,39.9,True,False,2302.19,169943.17,False,False,False,91.1,24.4,[],1.0
a0aaad26-3136-40dc-a9f1-e437bf975049,1.0,acme-mining,site-01,fleet_telemetry,ACME-S01-TRUCK-023,haul_truck,2026-09-01T20:18:33.253Z,8,-16.564975,-71.560817,85.6,52.7,Dump-A,cycle-acme-s01-truck-023-00002,returning,0.0,240.0,189106.95,31.6,True,False,5951.55,317973.16,False,False,True,86.8,24.4,[],1.0
611f6e3f-c59e-4d7e-8edb-52f99feb634f,1.0,acme-mining,site-01,fleet_telemetry,ACME-S01-TRUCK-024,haul_truck,2026-09-01T20:18:33.253Z,8,-16.616102,-71.479622,305.8,26.0,Dump-A,cycle-acme-s01-truck-024-00002,returning,0.0,240.0,53304.43,53.1,True,False,15075.34,640024.26,False,False,False,86.3,24.8,[],1.0
7ef336e1-65e5-4241-8ac7-2edfce1deee0,1.0,acme-mining,site-01,fleet_telemetry,ACME-S01-TRUCK-025,haul_truck,2026-09-01T20:18:33.253Z,8,-16.530466,-71.605425,194.4,33.8,Dump-A,cycle-acme-s01-truck-025-00002,returning,0.0,240.0,90735.3,57.3,True,False,12169.27,108315.05,False,False,False,92.5,24.7,[],1.0
8b7f52f2-af07-43c1-b189-6a545964fef3,1.0,acme-mining,site-01,fleet_telemetry,ACME-S01-TRUCK-026,haul_truck,2026-09-01T20:18:33.253Z,8,-16.655505,-71.496893,9.6,39.3,Dump-A,cycle-acme-s01-truck-026-00002,returning,0.0,240.0,247859.26,26.0,True,False,2875.68,430851.46,False,False,False,94.2,25.0,[],1.0
019b05f0-660f-461a-8a0e-c894b409f162,1.0,acme-mining,site-01,fleet_telemetry,ACME-S01-TRUCK-027,haul_truck,2026-09-01T20:18:33.253Z,8,-16.609752,-71.459829,314.2,24.1,Dump-A,cycle-acme-s01-truck-027-00002,returning,0.0,240.0,186458.3,29.1,True,False,11095.6,154660.98,False,False,False,92.0,23.9,[],1.0
40ee2056-4a98-476c-9b57-e47a351f390e,1.0,acme-mining,site-01,fleet_telemetry,ACME-S01-TRUCK-028,haul_truck,2026-09-01T20:18:33.253Z,8,-16.56451,-71.539637,199.1,34.6,Dump-A,cycle-acme-s01-truck-028-00002,returning,0.0,240.0,331422.91,79.8,True,False,6847.29,458852.86,False,False,False,87.4,25.1,[],1.0
4cd22989-3bba-4047-8b80-b66aaf8961fc,1.0,acme-mining,site-01,fleet_telemetry,ACME-S01-TRUCK-029,haul_truck,2026-09-01T20:18:33.253Z,8,-16.661252,-71.524013,109.3,28.0,Dump-A,cycle-acme-s01-truck-029-00002,returning,0.0,240.0,248566.46,77.3,True,False,21336.65,384883.78,False,False,False,90.4,25.1,[],1.0
85f9a317-da04-44ba-96b2-9c9973bd9a08,1.0,acme-mining,site-01,fleet_telemetry,ACME-S01-TRUCK-030,haul_truck,2026-09-01T20:18:33.253Z,8,-16.575182,-71.509465,183.9,40.6,Dump-A,cycle-acme-s01-truck-030-00002,returning,0.0,240.0,45249.61,38.0,True,False,4137.58,625290.93,False,False,False,89.3,24.4,[],1.0
0d7c2b97-a603-4294-b9cb-96d82030620a,1.0,acme-mining,site-01,fleet_telemetry,ACME-S01-TRUCK-031,haul_truck,2026-09-01T20:18:33.253Z,8,-16.657288,-71.512314,248.5,33.3,Dump-A,cycle-acme-s01-truck-031-00002,returning,0.0,240.0,264724.95,27.7,True,False,20761.85,378895.71,False,False,False,89.4,23.8,[],1.0
4f170eee-2bc9-42fa-84f4-f0d403a18638,1.0,acme-mining,site-01,fleet_telemetry,ACME-S01-TRUCK-032,haul_truck,2026-09-01T20:18:33.253Z,8,-16.607104,-71.510047,323.5,32.8,Dump-A,cycle-acme-s01-truck-032-00002,returning,0.0,240.0,325124.96,41.7,True,False,20615.78,148683.5,False,False,False,94.1,24.1,[],1.0
e7eb90d0-7e33-48c0-be72-d3fcd06b3b8a,1.0,acme-mining,site-01,fleet_telemetry,ACME-S01-TRUCK-033,haul_truck,2026-09-01T20:18:33.253Z,8,-16.580325,-71.601478,243.3,29.8,Dump-A,cycle-acme-s01-truck-033-00002,returning,0.0,240.0,14099.37,68.4,True,False,20495.2,609512.82,False,False,False,89.2,23.8,[],1.0
32acb2e3-52b9-4a8c-b04b-7f4e0f0b8dc1,1.0,acme-mining,site-01,fleet_telemetry,ACME-S01-TRUCK-034,haul_truck,2026-09-01T20:18:33.253Z,8,-16.611296,-71.592241,80.1,26.3,Dump-A,cycle-acme-s01-truck-034-00002,returning,0.0,240.0,397580.8,86.5,True,False,6422.26,607953.58,False,False,False,94.8,24.2,[],1.0
5baf6371-081c-4ec1-a26f-7d9410d1fd7f,1.0,acme-mining,site-01,fleet_telemetry,ACME-S01-TRUCK-035,haul_truck,2026-09-01T20:18:33.253Z,8,-16.539685,-71.569556,37.7,38.8,Dump-A,cycle-acme-s01-truck-035-00002,returning,0.0,240.0,297750.15,25.5,True,False,13767.58,641957.03,False,False,False,91.4,23.9,[],1.0
77f1e7e5-f026-440b-b567-13f7b14be1f3,1.0,acme-mining,site-01,fleet_telemetry,ACME-S01-TRUCK-036,haul_truck,2026-09-01T20:18:33.253Z,8,-16.625266,-71.583815,270.8,25.2,Dump-A,cycle-acme-s01-truck-036-00002,returning,0.0,240.0,336663.91,35.8,True,False,6406.69,580519.23,False,False,False,93.0,25.1,[],1.0
87574a7b-092b-4f49-80d8-f70e4633daf6,1.0,acme-mining,site-01,fleet_telemetry,ACME-S01-TRUCK-037,haul_truck,2026-09-01T20:18:33.253Z,8,-16.568936,-71.484771,159.8,41.6,Dump-A,cycle-acme-s01-truck-037-00002,returning,0.0,240.0,409590.55,28.5,True,False,11514.68,178206.61,False,False,False,91.4,24.3,[],1.0
1ecc5862-88f3-4eae-89a5-7922bf522f3a,1.0,acme-mining,site-01,fleet_telemetry,ACME-S01-TRUCK-038,haul_truck,2026-09-01T20:18:33.253Z,8,-16.582156,-71.549039,209.7,37.5,Dump-A,cycle-acme-s01-truck-038-00002,returning,0.0,240.0,125260.88,76.8,True,False,17147.74,421381.63,False,False,False,93.4,24.4,[],1.0
15cce515-e911-4702-a17e-532322dfb10b,1.0,acme-mining,site-01,fleet_telemetry,ACME-S01-TRUCK-039,haul_truck,2026-09-01T20:18:33.253Z,8,-16.611301,-71.529111,229.9,39.7,Dump-A,cycle-acme-s01-truck-039-00002,returning,0.0,240.0,75584.45,27.5,True,False,20835.09,455342.56,False,False,False,87.4,24.2,[],1.0
41a515f9-0861-49cb-94f8-3c3a5031d87a,1.0,acme-mining,site-01,fleet_telemetry,ACME-S01-TRUCK-040,haul_truck,2026-09-01T20:18:33.253Z,8,-16.526597,-71.583909,170.2,38.0,Dump-A,cycle-acme-s01-truck-040-00002,returning,0.0,240.0,360294.38,85.2,True,False,7335.09,586358.55,False,False,False,90.1,24.9,[],1.0
83f81534-48f8-4265-9c0e-818991c90c79,1.0,acme-mining,site-01,fleet_telemetry,ACME-S01-TRUCK-041,haul_truck,2026-09-01T20:18:33.253Z,8,-16.550488,-71.46935,153.8,24.4,Dump-A,cycle-acme-s01-truck-041-00002,returning,0.0,240.0,394874.17,93.1,True,False,8298.0,372726.78,False,False,False,93.3,24.2,[],1.0
b196cae5-c6ce-4cc0-91ea-c42e9260499f,1.0,acme-mining,site-01,fleet_telemetry,ACME-S01-TRUCK-042,haul_truck,2026-09-01T20:18:33.253Z,8,-16.552498,-71.564341,272.9,24.4,Dump-A,cycle-acme-s01-truck-042-00002,returning,0.0,240.0,397823.7,26.7,True,False,21495.58,530786.36,False,False,False,90.8,24.5,[],1.0
69d0e12e-5617-4e04-93e0-68f8704c0b1e,1.0,acme-mining,site-01,fleet_telemetry,ACME-S01-TRUCK-043,haul_truck,2026-09-01T20:18:33.253Z,8,-16.533033,-71.581892,330.0,27.7,Dump-A,cycle-acme-s01-truck-043-00002,returning,0.0,240.0,57562.64,86.0,True,False,6456.29,516046.13,False,False,False,90.5,24.6,[],1.0
b555f963-4d2a-49a9-bb63-aa2aa06dbc63,1.0,acme-mining,site-01,fleet_telemetry,ACME-S01-TRUCK-044,haul_truck,2026-09-01T20:18:33.253Z,8,-16.564795,-71.553776,201.4,36.7,Dump-A,cycle-acme-s01-truck-044-00002,returning,0.0,240.0,393382.7,40.6,True,False,8212.77,536938.13,False,False,False,89.9,24.8,[],1.0
1a9fdc0e-ab6b-4bba-95f0-3d1aee18c3b7,1.0,acme-mining,site-01,fleet_telemetry,ACME-S01-TRUCK-045,haul_truck,2026-09-01T20:18:33.253Z,8,-16.513415,-71.531711,253.8,36.8,Dump-A,cycle-acme-s01-truck-045-00002,returning,0.0,240.0,292252.53,52.9,True,False,21298.06,195848.95,False,False,False,89.7,24.2,[],1.0
8e9a4290-a818-47d4-a802-e507a1c57c3e,1.0,acme-mining,site-01,fleet_telemetry,ACME-S01-TRUCK-046,haul_truck,2026-09-01T20:18:33.253Z,8,-16.66426,-71.522033,357.3,26.9,Dump-A,cycle-acme-s01-truck-046-00002,returning,0.0,240.0,265460.05,93.8,True,False,19393.23,184565.76,False,False,False,89.8,24.3,[],1.0
090e8f34-c65c-4bcf-b2ca-88af72093a4c,1.0,acme-mining,site-01,fleet_telemetry,ACME-S01-TRUCK-047,haul_truck,2026-09-01T20:18:33.253Z,8,-16.639979,-71.610421,140.0,33.9,Dump-A,cycle-acme-s01-truck-047-00002,returning,0.0,240.0,60884.71,87.9,True,False,10051.56,640068.76,False,False,False,90.3,25.1,[],1.0
38d761d3-b28c-46d2-a054-6411e7c51493,1.0,acme-mining,site-01,fleet_telemetry,ACME-S01-TRUCK-048,haul_truck,2026-09-01T20:18:33.253Z,8,-16.563063,-71.559234,139.9,40.4,Dump-A,cycle-acme-s01-truck-048-00002,returning,0.0,240.0,326549.77,76.9,True,False,20422.2,359224.93,False,False,False,93.1,24.8,[],1.0
bedf9c4f-3e7c-4e91-873c-273ee8f1671e,1.0,acme-mining,site-01,fleet_telemetry,ACME-S01-TRUCK-049,haul_truck,2026-09-01T20:18:33.253Z,8,-16.589242,-71.51084,225.7,30.2,Dump-A,cycle-acme-s01-truck-049-00002,returning,0.0,240.0,64835.71,88.0,True,False,14010.91,437934.31,False,False,False,86.8,24.2,[],1.0
4c624075-a620-49dd-81b9-97322eabbde2,1.0,acme-mining,site-01,fleet_telemetry,ACME-S01-TRUCK-050,haul_truck,2026-09-01T20:18:33.253Z,8,-16.550712,-71.589651,4.7,40.8,Dump-A,cycle-acme-s01-truck-050-00002,returning,0.0,240.0,302569.52,51.5,True,False,12553.56,140859.46,False,False,False,86.0,24.0,[],1.0
abdd8ecc-a290-4515-b608-be4ab8e52e51,1.0,acme-mining,site-01,fleet_telemetry,ACME-S01-TRUCK-051,haul_truck,2026-09-01T20:18:33.253Z,8,-16.577595,-71.512716,300.2,27.0,Dump-A,cycle-acme-s01-truck-051-00002,returning,0.0,240.0,136242.6,55.0,True,False,12416.28,20256.0,False,False,False,86.7,24.2,[],1.0
a2606246-5f74-4179-a97f-0b3b3a67aecd,1.0,acme-mining,site-01,fleet_telemetry,ACME-S01-TRUCK-052,haul_truck,2026-09-01T20:18:33.253Z,8,-16.552627,-71.512058,139.1,42.0,Dump-A,cycle-acme-s01-truck-052-00002,returning,0.0,240.0,359244.14,92.1,True,False,15123.31,342039.84,False,False,False,92.7,25.0,[],1.0
ee8fd6de-745b-4650-b600-3d90c42d22e9,1.0,acme-mining,site-01,fleet_telemetry,ACME-S01-TRUCK-053,haul_truck,2026-09-01T20:18:33.253Z,8,-16.541368,-71.593923,103.6,36.7,Dump-A,cycle-acme-s01-truck-053-00002,returning,0.0,240.0,113342.75,46.7,True,False,2779.82,619760.0,False,False,False,94.1,24.8,[],1.0
f0d4b726-e15e-4c10-bd16-daa31c67d7ae,1.0,acme-mining,site-01,fleet_telemetry,ACME-S01-TRUCK-054,haul_truck,2026-09-01T20:18:33.253Z,8,-16.578277,-71.502524,229.2,26.3,Dump-A,cycle-acme-s01-truck-054-00002,returning,0.0,240.0,210383.68,87.0,True,False,13759.02,504148.48,False,False,False,88.9,24.1,[],1.0
9dffcb50-0479-4a3f-8eda-34f5a70ebc27,1.0,acme-mining,site-01,fleet_telemetry,ACME-S01-TRUCK-055,haul_truck,2026-09-01T20:18:33.253Z,8,-16.547162,-71.600421,125.2,27.6,Dump-A,cycle-acme-s01-truck-055-00002,returning,0.0,240.0,12440.29,77.5,True,False,5972.48,433316.72,False,False,False,94.5,25.1,[],1.0
f49122d9-9f6c-4f22-94bd-0ba33f2c9a7e,1.0,acme-mining,site-01,fleet_telemetry,ACME-S01-TRUCK-056,haul_truck,2026-09-01T20:18:33.253Z,8,-16.523597,-71.598062,200.8,24.5,Dump-A,cycle-acme-s01-truck-056-00002,returning,0.0,240.0,214402.52,64.0,True,False,17847.14,458424.61,False,False,False,87.9,24.1,[],1.0
c04d09a3-6475-4543-aa6d-8bc017327d45,1.0,acme-mining,site-01,fleet_telemetry,ACME-S01-TRUCK-057,haul_truck,2026-09-01T20:18:33.253Z,8,-16.527761,-71.519456,156.7,30.8,Dump-A,cycle-acme-s01-truck-057-00002,returning,0.0,240.0,271999.59,91.5,True,False,14952.66,642372.43,False,False,False,90.2,23.9,[],1.0
598e6a5e-2b92-4cfc-99f3-38ab3b33d59c,1.0,acme-mining,site-01,fleet_telemetry,ACME-S01-TRUCK-058,haul_truck,2026-09-01T20:18:33.253Z,8,-16.532515,-71.545502,342.0,26.5,Dump-A,cycle-acme-s01-truck-058-00002,returning,0.0,240.0,206202.56,36.1,True,False,9846.92,591318.67,False,False,False,87.7,23.8,[],1.0
2f6f7032-8b04-4de2-ae63-1900416e2d37,1.0,acme-mining,site-01,fleet_telemetry,ACME-S01-TRUCK-059,haul_truck,2026-09-01T20:18:33.253Z,8,-16.658011,-71.57174,220.9,38.3,Dump-A,cycle-acme-s01-truck-059-00002,returning,0.0,240.0,285769.88,44.2,True,False,17035.26,348419.07,False,False,False,88.2,24.6,[],1.0
e5ea0e8b-db26-46ac-aeaa-077655ce49e9,1.0,acme-mining,site-01,fleet_telemetry,ACME-S01-TRUCK-060,haul_truck,2026-09-01T20:18:33.253Z,8,-16.645962,-71.583226,320.7,25.3,Dump-A,cycle-acme-s01-truck-060-00002,returning,0.0,240.0,76366.06,51.8,True,False,19732.18,70764.1,False,False,False,91.5,24.5,[],1.0
4d789c3d-2a9f-4e14-949e-de8f58d8742d,1.0,acme-mining,site-01,fleet_telemetry,ACME-S01-TRUCK-061,haul_truck,2026-09-01T20:18:33.253Z,8,-16.525629,-71.524055,109.6,56.2,Dump-A,cycle-acme-s01-truck-061-00002,returning,0.0,240.0,101007.7,54.4,True,False,12303.37,281938.0,False,False,True,87.5,24.9,[],1.0
332f2de8-3e06-4c5f-9be2-7bc24d8e78ee,1.0,acme-mining,site-01,fleet_telemetry,ACME-S01-TRUCK-062,haul_truck,2026-09-01T20:18:33.253Z,8,-16.533854,-71.464962,126.1,26.2,Dump-A,cycle-acme-s01-truck-062-00002,returning,0.0,240.0,164774.44,77.7,True,False,8864.09,23714.72,False,False,False,93.8,24.4,[],1.0
6524c017-3a1f-47c3-aa7d-fc039a985433,1.0,acme-mining,site-01,fleet_telemetry,ACME-S01-TRUCK-063,haul_truck,2026-09-01T20:18:33.253Z,8,-16.592649,-71.555285,135.6,39.3,Dump-A,cycle-acme-s01-truck-063-00002,returning,0.0,240.0,224821.54,44.1,True,False,17757.22,585621.33,False,False,False,94.7,23.9,[],1.0
e17b7f17-aac4-4a3e-b458-38023ff3e87a,1.0,acme-mining,site-01,fleet_telemetry,ACME-S01-TRUCK-064,haul_truck,2026-09-01T20:18:33.253Z,8,-16.584929,-71.472404,210.4,33.9,Dump-A,cycle-acme-s01-truck-064-00002,returning,0.0,240.0,414598.88,93.6,True,False,16152.66,549518.76,False,False,False,86.7,24.9,[],1.0
b818f76e-ff0b-403d-8299-521df7fd4cda,1.0,acme-mining,site-01,fleet_telemetry,ACME-S01-TRUCK-065,haul_truck,2026-09-01T20:18:33.253Z,8,-16.628746,-71.565118,272.8,37.2,Dump-A,cycle-acme-s01-truck-065-00002,returning,0.0,240.0,391415.16,37.7,True,False,2579.7,290026.25,False,False,False,89.6,24.7,[],1.0
ddb5588f-3d02-4c7b-9b47-6aa907d8c503,1.0,acme-mining,site-01,fleet_telemetry,ACME-S01-TRUCK-066,haul_truck,2026-09-01T20:18:33.253Z,8,-16.630041,-71.60436,218.8,32.7,Dump-A,cycle-acme-s01-truck-066-00002,returning,0.0,240.0,340884.89,83.2,True,False,16938.08,258849.71,False,False,False,86.9,23.8,[],1.0
15279d44-1faa-43d5-b741-85c848b5f241,1.0,acme-mining,site-01,fleet_telemetry,ACME-S01-TRUCK-067,haul_truck,2026-09-01T20:18:33.253Z,8,-16.517193,-71.611043,64.4,40.7,Dump-A,cycle-acme-s01-truck-067-00002,returning,0.0,240.0,108658.32,29.8,True,False,1904.23,619709.59,False,False,False,86.0,24.9,[],1.0
d891419a-8ab1-419b-9410-6d410207be01,1.0,acme-mining,site-01,fleet_telemetry,ACME-S01-TRUCK-068,haul_truck,2026-09-01T20:18:33.253Z,8,-16.56328,-71.527249,97.6,30.2,Dump-A,cycle-acme-s01-truck-068-00002,returning,0.0,240.0,77048.8,33.8,True,False,5026.46,32839.6,False,False,False,93.8,24.2,[],1.0
12723aad-0f41-4807-b52e-a7fb57f64ac9,1.0,acme-mining,site-01,fleet_telemetry,ACME-S01-TRUCK-069,haul_truck,2026-09-01T20:18:33.253Z,8,-16.652069,-71.486454,192.9,36.3,Dump-A,cycle-acme-s01-truck-069-00002,returning,0.0,240.0,277189.46,77.3,True,False,17058.25,125707.36,False,False,False,91.3,24.6,[],1.0
ef210767-c816-438e-93d3-d9f0491fa3eb,1.0,acme-mining,site-01,fleet_telemetry,ACME-S01-TRUCK-070,haul_truck,2026-09-01T20:18:33.253Z,8,-16.610312,-71.466853,99.3,29.4,Dump-A,cycle-acme-s01-truck-070-00002,returning,0.0,240.0,263351.13,88.5,True,False,13068.13,605199.1,False,False,False,95.3,24.8,[],1.0
93f3e99e-4362-41a7-97b1-99e4aeeb6f71,1.0,acme-mining,site-01,fleet_telemetry,ACME-S01-TRUCK-071,haul_truck,2026-09-01T20:18:33.253Z,8,-16.534326,-71.521425,128.7,36.5,Dump-A,cycle-acme-s01-truck-071-00002,returning,0.0,240.0,54837.14,79.0,True,False,15441.04,415162.88,False,False,False,88.0,24.0,[],1.0
87ed36b6-4524-45de-a007-b2ea80a8c990,1.0,acme-mining,site-01,fleet_telemetry,ACME-S01-TRUCK-072,haul_truck,2026-09-01T20:18:33.253Z,8,-16.589419,-71.562878,76.9,36.5,Dump-A,cycle-acme-s01-truck-072-00002,returning,0.0,240.0,198486.89,50.9,True,False,17391.88,238738.57,False,False,False,94.2,24.0,[],1.0
06032f18-2785-428b-867a-9344ec1a299e,1.0,acme-mining,site-01,fleet_telemetry,ACME-S01-TRUCK-073,haul_truck,2026-09-01T20:18:33.253Z,8,-16.55725,-71.547843,234.2,36.4,Dump-A,cycle-acme-s01-truck-073-00002,returning,0.0,240.0,289658.01,83.0,True,False,3037.44,625296.37,False,False,False,90.4,24.4,[],1.0
492a0dd9-0dd1-498f-864d-fd18448d60a9,1.0,acme-mining,site-01,fleet_telemetry,ACME-S01-TRUCK-074,haul_truck,2026-09-01T20:18:33.253Z,8,-16.538277,-71.522715,36.0,33.2,Dump-A,cycle-acme-s01-truck-074-00002,returning,0.0,240.0,350842.8,57.5,True,False,13857.35,599359.34,False,False,False,86.5,24.8,[],1.0
90d53649-39b2-4dc5-95c1-dd18cb2d622a,1.0,acme-mining,site-01,fleet_telemetry,ACME-S01-TRUCK-075,haul_truck,2026-09-01T20:18:33.253Z,8,-16.596053,-71.519894,337.7,32.6,Dump-A,cycle-acme-s01-truck-075-00002,returning,0.0,240.0,397918.29,42.0,True,False,18411.51,74597.82,False,False,False,89.2,24.2,[],1.0
2009273e-121e-483a-aec1-269fca267232,1.0,acme-mining,site-01,fleet_telemetry,ACME-S01-TRUCK-076,haul_truck,2026-09-01T20:18:33.253Z,8,-16.629065,-71.572742,174.9,31.8,Dump-A,cycle-acme-s01-truck-076-00002,returning,0.0,240.0,224522.54,49.8,True,False,11279.31,224759.13,False,False,False,94.0,24.6,[],1.0
57660a96-17ab-4f8f-b8bc-bb41a5cf59ee,1.0,acme-mining,site-01,fleet_telemetry,ACME-S01-TRUCK-077,haul_truck,2026-09-01T20:18:33.253Z,8,-16.605339,-71.528673,152.3,33.9,Dump-A,cycle-acme-s01-truck-077-00002,returning,0.0,240.0,94065.39,41.8,True,False,12582.78,345475.38,False,False,False,91.2,24.0,[],1.0
6b162def-ae7e-4a97-a179-772e0884dcfd,1.0,acme-mining,site-01,fleet_telemetry,ACME-S01-TRUCK-078,haul_truck,2026-09-01T20:18:33.253Z,8,-16.634965,-71.506794,51.4,37.7,Dump-A,cycle-acme-s01-truck-078-00002,returning,0.0,240.0,358891.03,31.5,True,False,14493.15,329217.64,False,False,False,94.4,24.4,[],1.0
4c816b1d-4a15-49d0-a9d5-d7248f81d4bc,1.0,acme-mining,site-01,fleet_telemetry,ACME-S01-TRUCK-079,haul_truck,2026-09-01T20:18:33.253Z,8,-16.582314,-71.561196,94.8,34.4,Dump-A,cycle-acme-s01-truck-079-00002,returning,0.0,240.0,161253.82,94.7,True,False,8623.24,368688.14,False,False,False,89.7,24.8,[],1.0
0622c304-1726-45cc-83fc-7ef7ea88320d,1.0,acme-mining,site-01,fleet_telemetry,ACME-S01-TRUCK-080,haul_truck,2026-09-01T20:18:33.253Z,8,-16.58467,-71.495578,180.7,27.5,Dump-A,cycle-acme-s01-truck-080-00002,returning,0.0,240.0,94737.66,33.3,True,False,6129.77,96013.39,False,False,False,87.9,25.0,[],1.0
6e84e724-27d3-4a84-b5ad-a94be9fde7d9,1.0,acme-mining,site-02,fleet_telemetry,ACME-S02-TRUCK-001,haul_truck,2026-09-01T20:18:33.253Z,8,-16.537068,-71.488512,305.3,34.4,Dump-A,cycle-acme-s02-truck-001-00002,returning,0.0,240.0,319615.92,60.0,True,False,4524.74,259530.86,False,False,False,86.2,24.7,[],1.0
7b2eac7d-7cdb-470a-a421-4daa7046ec94,1.0,acme-mining,site-02,fleet_telemetry,ACME-S02-TRUCK-002,haul_truck,2026-09-01T20:18:33.253Z,8,-16.60173,-71.552816,150.2,40.6,Dump-A,cycle-acme-s02-truck-002-00002,returning,0.0,240.0,44260.12,46.9,True,False,10047.87,309645.37,False,False,False,94.3,24.4,[],1.0
b670c086-859c-4c13-bcdb-bef50c47297c,1.0,acme-mining,site-02,fleet_telemetry,ACME-S02-TRUCK-003,haul_truck,2026-09-01T20:18:33.253Z,8,-16.571484,-71.484351,223.4,26.1,Dump-A,cycle-acme-s02-truck-003-00002,returning,0.0,240.0,152898.57,81.0,True,False,3241.69,33139.81,False,False,False,86.7,23.9,[],1.0
eb31e86b-4e80-47c8-a11b-7d45d461675e,1.0,acme-mining,site-02,fleet_telemetry,ACME-S02-TRUCK-004,haul_truck,2026-09-01T20:18:33.253Z,8,-16.657803,-71.478242,267.3,29.3,Dump-A,cycle-acme-s02-truck-004-00002,returning,0.0,240.0,201698.24,53.0,True,False,10058.3,86693.96,False,False,False,91.0,24.3,[],1.0
47dd96e9-2cb5-483b-aaa1-f4cf47d2e8ff,1.0,acme-mining,site-02,fleet_telemetry,ACME-S02-TRUCK-005,haul_truck,2026-09-01T20:18:33.253Z,8,-16.58883,-71.472583,153.1,34.0,Dump-A,cycle-acme-s02-truck-005-00002,returning,0.0,240.0,234613.21,32.9,True,False,7861.07,125923.79,False,False,False,88.0,24.8,[],1.0
cf3dc9f4-c00f-413c-a2ed-a5897e71ed3a,1.0,acme-mining,site-02,fleet_telemetry,ACME-S02-TRUCK-006,haul_truck,2026-09-01T20:18:33.253Z,8,-16.548787,-71.51262,73.9,34.2,Dump-A,cycle-acme-s02-truck-006-00002,returning,0.0,240.0,96800.16,67.1,True,False,5808.91,112260.04,False,False,False,91.9,24.6,[],1.0
259a7e80-9ef9-4937-a604-6608730641c8,1.0,acme-mining,site-02,fleet_telemetry,ACME-S02-TRUCK-007,haul_truck,2026-09-01T20:18:33.253Z,8,-16.529277,-71.514601,284.6,25.1,Dump-A,cycle-acme-s02-truck-007-00002,returning,0.0,240.0,264966.53,72.6,True,False,10635.82,375153.52,False,False,False,94.8,24.0,[],1.0
85bb5afe-2717-4c99-92a1-f4d660d7c336,1.0,acme-mining,site-02,fleet_telemetry,ACME-S02-TRUCK-008,haul_truck,2026-09-01T20:18:33.253Z,8,-16.599678,-71.569018,294.0,39.8,Dump-A,cycle-acme-s02-truck-008-00002,returning,0.0,240.0,76421.82,29.7,True,False,19122.04,415147.17,False,False,False,95.3,25.2,[],1.0
929a0e66-5e04-4a8a-b155-1537ae5e6b0c,1.0,acme-mining,site-02,fleet_telemetry,ACME-S02-TRUCK-009,haul_truck,2026-09-01T20:18:33.253Z,8,-16.611435,-71.571588,200.0,29.5,Dump-A,cycle-acme-s02-truck-009-00002,returning,0.0,240.0,213167.26,27.6,True,False,8261.19,66740.29,False,False,False,95.3,24.7,[],1.0
f4ee8746-a8ba-4494-8bef-1c23fa42f3bd,1.0,acme-mining,site-02,fleet_telemetry,ACME-S02-TRUCK-010,haul_truck,2026-09-01T20:18:33.253Z,8,-16.543699,-71.474162,114.1,29.2,Dump-A,cycle-acme-s02-truck-010-00002,returning,0.0,240.0,213593.7,63.8,True,False,13838.19,339452.9,False,False,False,92.3,25.1,[],1.0
0bdd7616-7bb0-4bbd-8cf4-0c35f9aeea09,1.0,acme-mining,site-02,fleet_telemetry,ACME-S02-TRUCK-011,haul_truck,2026-09-01T20:18:33.253Z,8,-16.660475,-71.600912,305.6,40.8,Dump-A,cycle-acme-s02-truck-011-00002,returning,0.0,240.0,219277.34,35.5,True,False,14618.97,222562.08,False,False,False,90.4,24.3,[],1.0
25b3fa6f-a742-4dfa-99ae-c704e4676ca5,1.0,acme-mining,site-02,fleet_telemetry,ACME-S02-TRUCK-012,haul_truck,2026-09-01T20:18:33.253Z,8,-16.557209,-71.458977,346.9,30.9,Dump-A,cycle-acme-s02-truck-012-00002,returning,0.0,240.0,294296.49,27.7,True,False,21626.59,73127.59,False,False,False,91.5,23.9,[],1.0
15a0c868-ecca-4b76-9086-83f4660af5ff,1.0,acme-mining,site-02,fleet_telemetry,ACME-S02-TRUCK-013,haul_truck,2026-09-01T20:18:33.253Z,8,-16.561738,-71.609105,281.6,35.5,Dump-A,cycle-acme-s02-truck-013-00002,returning,0.0,240.0,180463.85,79.2,True,False,8514.65,598300.36,False,False,False,89.8,25.2,[],1.0
d013d68f-46be-4f74-9b12-b8ac841d787e,1.0,acme-mining,site-02,fleet_telemetry,ACME-S02-TRUCK-014,haul_truck,2026-09-01T20:18:33.253Z,8,-16.554624,-71.512456,255.5,27.0,Dump-A,cycle-acme-s02-truck-014-00002,returning,0.0,240.0,308487.48,44.8,True,False,2197.34,79538.93,False,False,False,86.5,23.9,[],1.0
eb51d1b0-eadd-4161-a19d-d6451b16358c,1.0,acme-mining,site-02,fleet_telemetry,ACME-S02-TRUCK-015,haul_truck,2026-09-01T20:18:33.253Z,8,-16.515617,-71.505776,66.8,30.0,Dump-A,cycle-acme-s02-truck-015-00002,returning,0.0,240.0,72229.05,49.4,True,False,7867.29,387126.1,False,False,False,95.7,23.9,[],1.0
fa522fcf-9d89-4e39-8fda-fb0b12ef3e9f,1.0,acme-mining,site-02,fleet_telemetry,ACME-S02-TRUCK-016,haul_truck,2026-09-01T20:18:33.253Z,8,-16.617834,-71.597058,236.1,33.9,Dump-A,cycle-acme-s02-truck-016-00002,returning,0.0,240.0,255926.28,70.0,True,False,15827.29,73373.17,False,False,False,87.8,24.8,[],1.0
39cc76f4-3454-4085-8875-69a0b29268e1,1.0,acme-mining,site-02,fleet_telemetry,ACME-S02-TRUCK-017,haul_truck,2026-09-01T20:18:33.253Z,8,-16.621007,-71.465302,254.7,58.0,Dump-A,cycle-acme-s02-truck-017-00002,returning,0.0,240.0,233735.5,26.2,True,False,2781.21,442387.49,False,False,True,86.7,24.6,[],1.0
310f11fe-e938-49ad-bdae-0b6c88256f10,1.0,acme-mining,site-02,fleet_telemetry,ACME-S02-TRUCK-018,haul_truck,2026-09-01T20:18:33.253Z,8,-16.544293,-71.536257,140.5,34.7,Dump-A,cycle-acme-s02-truck-018-00002,returning,0.0,240.0,78176.44,45.7,True,False,4870.52,649985.48,False,False,False,89.6,24.2,[],1.0
fd7cfae5-6eea-4184-bd79-a80ca18dfe23,1.0,acme-mining,site-02,fleet_telemetry,ACME-S02-TRUCK-019,haul_truck,2026-09-01T20:18:33.253Z,8,-16.610149,-71.591561,212.6,34.3,Dump-A,cycle-acme-s02-truck-019-00002,returning,0.0,240.0,347175.91,34.1,True,False,1600.26,232161.77,False,False,False,89.7,24.7,[],1.0
b269709b-2bce-4f13-a91c-b2e88f70da38,1.0,acme-mining,site-02,fleet_telemetry,ACME-S02-TRUCK-020,haul_truck,2026-09-01T20:18:33.253Z,8,-16.515252,-71.519812,131.6,37.1,Dump-A,cycle-acme-s02-truck-020-00002,returning,0.0,240.0,170292.31,75.3,True,False,16089.09,47526.43,False,False,False,90.0,24.9,[],1.0
8747994c-5835-4ec2-a670-7a65feae75fb,1.0,acme-mining,site-02,fleet_telemetry,ACME-S02-TRUCK-021,haul_truck,2026-09-01T20:18:33.253Z,8,-16.52579,-71.586449,164.0,29.3,Dump-A,cycle-acme-s02-truck-021-00002,returning,0.0,240.0,434863.09,79.9,True,False,5760.87,170676.33,False,False,False,93.2,24.3,[],1.0
b0ca8b58-0b25-4df1-a38e-5e903aa008cf,1.0,acme-mining,site-02,fleet_telemetry,ACME-S02-TRUCK-022,haul_truck,2026-09-01T20:18:33.253Z,8,-16.586016,-71.462912,2.9,26.4,Dump-A,cycle-acme-s02-truck-022-00002,returning,0.0,240.0,133980.13,51.7,True,False,21670.13,310858.57,False,False,False,89.8,23.8,[],1.0
64ea71a8-1f40-40d0-a4c5-776c6b21e43c,1.0,acme-mining,site-02,fleet_telemetry,ACME-S02-TRUCK-023,haul_truck,2026-09-01T20:18:33.253Z,8,-16.520883,-71.503634,80.1,24.8,Dump-A,cycle-acme-s02-truck-023-00002,returning,0.0,240.0,221460.46,50.9,True,False,19307.65,52873.45,False,False,False,87.1,25.2,[],1.0
7d14937a-6f3a-4808-929c-3f767ada71ea,1.0,acme-mining,site-02,fleet_telemetry,ACME-S02-TRUCK-024,haul_truck,2026-09-01T20:18:33.253Z,8,-16.646791,-71.547535,283.4,30.8,Dump-A,cycle-acme-s02-truck-024-00002,returning,0.0,240.0,130028.74,88.3,True,False,6843.35,500763.77,False,False,False,88.6,24.5,[],1.0
e4d6d383-58a2-4c18-bbc8-63705a138274,1.0,acme-mining,site-02,fleet_telemetry,ACME-S02-TRUCK-025,haul_truck,2026-09-01T20:18:33.253Z,8,-16.607012,-71.557664,148.2,38.0,Dump-A,cycle-acme-s02-truck-025-00002,returning,0.0,240.0,419408.21,54.0,True,False,18114.12,577316.95,False,False,False,95.8,24.6,[],1.0
fb68bc9e-74e6-46d0-95b2-b40d5be7ab7d,1.0,acme-mining,site-02,fleet_telemetry,ACME-S02-TRUCK-026,haul_truck,2026-09-01T20:18:33.253Z,8,-16.566404,-71.490867,193.0,25.1,Dump-A,cycle-acme-s02-truck-026-00002,returning,0.0,240.0,419563.96,83.7,True,False,8748.16,37758.32,False,False,False,90.9,23.8,[],1.0
0eebddc6-5d15-4bdc-9794-4a14da95abae,1.0,acme-mining,site-02,fleet_telemetry,ACME-S02-TRUCK-027,haul_truck,2026-09-01T20:18:33.253Z,8,-16.595323,-71.519061,237.4,31.3,Dump-A,cycle-acme-s02-truck-027-00002,returning,0.0,240.0,375689.18,78.1,True,False,20248.81,317646.79,False,False,False,94.7,24.0,[],1.0
3c46dcf0-9dd1-4b1f-afe3-54295610b840,1.0,acme-mining,site-02,fleet_telemetry,ACME-S02-TRUCK-028,haul_truck,2026-09-01T20:18:33.253Z,8,-16.585984,-71.599732,100.0,26.6,Dump-A,cycle-acme-s02-truck-028-00002,returning,0.0,240.0,251474.43,75.9,True,False,6225.6,546026.92,False,False,False,86.1,24.3,[],1.0
3a0df4bc-b6a5-419e-bcae-641b97c04816,1.0,acme-mining,site-02,fleet_telemetry,ACME-S02-TRUCK-029,haul_truck,2026-09-01T20:18:33.253Z,8,-16.660327,-71.48362,0.5,26.8,Dump-A,cycle-acme-s02-truck-029-00002,returning,0.0,240.0,291139.33,68.5,True,False,3383.2,170217.07,False,False,False,89.0,23.9,[],1.0
718cd9bc-68db-4e0d-ba03-14eb3401d6ab,1.0,acme-mining,site-02,fleet_telemetry,ACME-S02-TRUCK-030,haul_truck,2026-09-01T20:18:33.253Z,8,-16.601726,-71.519107,320.3,37.1,Dump-A,cycle-acme-s02-truck-030-00002,returning,0.0,240.0,116453.35,35.0,True,False,1148.44,344686.9,False,False,False,88.3,23.9,[],1.0
0ed56306-4d86-40be-8f22-aae790ebbf93,1.0,acme-mining,site-02,fleet_telemetry,ACME-S02-TRUCK-031,haul_truck,2026-09-01T20:18:33.253Z,8,-16.51787,-71.530467,113.2,26.1,Dump-A,cycle-acme-s02-truck-031-00002,returning,0.0,240.0,240333.77,50.2,True,False,4771.07,440975.58,False,False,False,95.5,24.2,[],1.0
6489c3e8-861f-4b6e-8bf7-57423925ae01,1.0,acme-mining,site-02,fleet_telemetry,ACME-S02-TRUCK-032,haul_truck,2026-09-01T20:18:33.253Z,8,-16.513432,-71.576895,47.2,38.0,Dump-A,cycle-acme-s02-truck-032-00002,returning,0.0,240.0,216860.0,69.4,True,False,12548.03,265986.04,False,False,False,91.3,25.0,[],1.0
10b04832-9893-4378-b629-f3b6f124c471,1.0,acme-mining,site-02,fleet_telemetry,ACME-S02-TRUCK-033,haul_truck,2026-09-01T20:18:33.253Z,8,-16.552771,-71.564277,344.2,38.2,Dump-A,cycle-acme-s02-truck-033-00002,returning,0.0,240.0,286433.63,79.0,True,False,8109.82,481753.05,False,False,False,92.6,24.6,[],1.0
018c4894-7cd0-4aae-9dcb-3387581927cc,1.0,acme-mining,site-02,fleet_telemetry,ACME-S02-TRUCK-034,haul_truck,2026-09-01T20:18:33.253Z,8,-16.513467,-71.540969,6.2,24.7,Dump-A,cycle-acme-s02-truck-034-00002,returning,0.0,240.0,375369.38,72.9,True,False,7977.21,424961.41,False,False,False,95.3,23.9,[],1.0
0787a60b-f4e4-43db-913c-0eda31585d63,1.0,acme-mining,site-02,fleet_telemetry,ACME-S02-TRUCK-035,haul_truck,2026-09-01T20:18:33.253Z,8,-16.663387,-71.585598,87.3,40.1,Dump-A,cycle-acme-s02-truck-035-00002,returning,0.0,240.0,211379.58,45.5,True,False,2137.74,509000.19,False,False,False,95.4,23.9,[],1.0
c97b5125-2be2-4303-a6e2-2d8426d86e7c,1.0,acme-mining,site-02,fleet_telemetry,ACME-S02-TRUCK-036,haul_truck,2026-09-01T20:18:33.253Z,8,-16.549885,-71.586955,334.6,30.0,Dump-A,cycle-acme-s02-truck-036-00002,returning,0.0,240.0,248934.07,42.7,True,False,11726.14,643147.49,False,False,False,95.1,24.2,[],1.0
76f15a91-f6af-4cb5-a9ba-9541ff44b66e,1.0,acme-mining,site-02,fleet_telemetry,ACME-S02-TRUCK-037,haul_truck,2026-09-01T20:18:33.253Z,8,-16.528086,-71.498565,198.2,32.5,Dump-A,cycle-acme-s02-truck-037-00002,returning,0.0,240.0,64769.57,50.7,True,False,19154.93,229112.75,False,False,False,92.3,24.0,[],1.0
7e78e490-c7e2-496e-8555-6e774000cdca,1.0,acme-mining,site-02,fleet_telemetry,ACME-S02-TRUCK-038,haul_truck,2026-09-01T20:18:33.253Z,8,-16.542786,-71.574859,272.1,35.5,Dump-A,cycle-acme-s02-truck-038-00002,returning,0.0,240.0,314510.7,50.7,True,False,7987.59,137695.01,False,False,False,89.9,24.5,[],1.0
018ebe78-0da4-4529-a333-3ab3f8a0f1b3,1.0,acme-mining,site-02,fleet_telemetry,ACME-S02-TRUCK-039,haul_truck,2026-09-01T20:18:33.253Z,8,-16.618948,-71.604667,200.9,40.4,Dump-A,cycle-acme-s02-truck-039-00002,returning,0.0,240.0,371830.73,63.1,True,False,2473.26,399545.77,False,False,False,88.3,24.9,[],1.0
35553a5f-5136-44ea-90bd-d8fa052658c4,1.0,acme-mining,site-02,fleet_telemetry,ACME-S02-TRUCK-040,haul_truck,2026-09-01T20:18:33.253Z,8,-16.598829,-71.501194,160.0,36.0,Dump-A,cycle-acme-s02-truck-040-00002,returning,0.0,240.0,83324.27,56.0,True,False,10253.43,472127.81,False,False,False,95.0,25.1,[],1.0
400a1458-5b00-4455-83c3-84f86893602c,1.0,acme-mining,site-02,fleet_telemetry,ACME-S02-TRUCK-041,haul_truck,2026-09-01T20:18:33.253Z,8,-16.568423,-71.559344,119.5,40.3,Dump-A,cycle-acme-s02-truck-041-00002,returning,0.0,240.0,427078.49,30.2,True,False,6620.58,637417.39,False,False,False,89.2,24.3,[],1.0
b604cc3f-5210-42f8-97d9-643f273cff69,1.0,acme-mining,site-02,fleet_telemetry,ACME-S02-TRUCK-042,haul_truck,2026-09-01T20:18:33.253Z,8,-16.664879,-71.60673,7.5,30.2,Dump-A,cycle-acme-s02-truck-042-00002,returning,0.0,240.0,277332.64,79.6,True,False,20999.15,109951.26,False,False,False,93.0,24.9,[],1.0
bab3aa59-6a72-4a5c-971c-558f1b798af9,1.0,acme-mining,site-02,fleet_telemetry,ACME-S02-TRUCK-043,haul_truck,2026-09-01T20:18:33.253Z,8,-16.598407,-71.558135,203.9,27.4,Dump-A,cycle-acme-s02-truck-043-00002,returning,0.0,240.0,24250.11,35.7,True,False,8477.6,618164.44,False,False,False,95.6,23.9,[],1.0
0c9e661a-f62e-4bcc-bac6-981063eaa708,1.0,acme-mining,site-02,fleet_telemetry,ACME-S02-TRUCK-044,haul_truck,2026-09-01T20:18:33.253Z,8,-16.630418,-71.599364,135.8,29.4,Dump-A,cycle-acme-s02-truck-044-00002,returning,0.0,240.0,185135.55,70.4,True,False,12967.15,353559.94,False,False,False,90.3,24.8,[],1.0
6621d849-ff05-43d0-8d18-f65404f471de,1.0,acme-mining,site-02,fleet_telemetry,ACME-S02-TRUCK-045,haul_truck,2026-09-01T20:18:33.253Z,8,-16.557777,-71.583181,159.8,31.0,Dump-A,cycle-acme-s02-truck-045-00002,returning,0.0,240.0,61815.4,79.2,True,False,11776.21,595531.96,False,False,False,88.7,23.9,[],1.0
47864984-c2eb-433d-997f-58b27587f97e,1.0,acme-mining,site-02,fleet_telemetry,ACME-S02-TRUCK-046,haul_truck,2026-09-01T20:18:33.253Z,8,-16.55625,-71.45791,201.6,31.2,Dump-A,cycle-acme-s02-truck-046-00002,returning,0.0,240.0,42583.46,37.0,True,False,5043.79,105509.09,False,False,False,90.2,24.2,[],1.0
f37b8076-02f6-457b-89e2-fc3aef502ba7,1.0,acme-mining,site-02,fleet_telemetry,ACME-S02-TRUCK-047,haul_truck,2026-09-01T20:18:33.253Z,8,-16.622431,-71.592303,70.0,40.2,Dump-A,cycle-acme-s02-truck-047-00002,returning,0.0,240.0,251999.31,45.3,True,False,14958.21,467010.7,False,False,False,91.1,24.8,[],1.0
a883b2e6-6765-4b1e-aed0-de6d3a836a60,1.0,acme-mining,site-02,fleet_telemetry,ACME-S02-TRUCK-048,haul_truck,2026-09-01T20:18:33.253Z,8,-16.648166,-71.491023,165.5,35.1,Dump-A,cycle-acme-s02-truck-048-00002,returning,0.0,240.0,63400.05,39.0,True,False,17626.37,340516.32,False,False,False,88.7,25.0,[],1.0
dcc249d6-093f-4997-9f1f-fbd00f22a5ef,1.0,acme-mining,site-02,fleet_telemetry,ACME-S02-TRUCK-049,haul_truck,2026-09-01T20:18:33.253Z,8,-16.528903,-71.606966,243.0,39.5,Dump-A,cycle-acme-s02-truck-049-00002,returning,0.0,240.0,442525.83,34.0,True,False,12932.29,314465.9,False,False,False,91.3,24.1,[],1.0
e2c74f43-0cef-4ebd-a1e0-6c0523f50c2e,1.0,acme-mining,site-02,fleet_telemetry,ACME-S02-TRUCK-050,haul_truck,2026-09-01T20:18:33.253Z,8,-16.51482,-71.5147,98.6,26.5,Dump-A,cycle-acme-s02-truck-050-00002,returning,0.0,240.0,372269.9,30.1,True,False,11944.76,504573.84,False,False,False,93.7,24.4,[],1.0
8522e306-16c5-4d9d-9df2-29cfb812c8fe,1.0,acme-mining,site-02,fleet_telemetry,ACME-S02-TRUCK-051,haul_truck,2026-09-01T20:18:33.253Z,8,-16.64128,-71.462898,216.1,26.3,Dump-A,cycle-acme-s02-truck-051-00002,returning,0.0,240.0,353316.26,69.7,True,False,8103.72,573115.06,False,False,False,94.7,24.3,[],1.0
be28d3e2-75ce-4230-bd92-f8dd32168ac4,1.0,acme-mining,site-02,fleet_telemetry,ACME-S02-TRUCK-052,haul_truck,2026-09-01T20:18:33.253Z,8,-16.520796,-71.581444,62.7,30.1,Dump-A,cycle-acme-s02-truck-052-00002,returning,0.0,240.0,143815.37,36.3,True,False,18425.5,346404.5,False,False,False,86.3,24.5,[],1.0
063e908e-e8e5-4e61-835d-33d60ccd4d07,1.0,acme-mining,site-02,fleet_telemetry,ACME-S02-TRUCK-053,haul_truck,2026-09-01T20:18:33.253Z,8,-16.582261,-71.59749,76.6,54.1,Dump-A,cycle-acme-s02-truck-053-00002,returning,0.0,240.0,120266.9,69.4,True,False,19772.44,552938.43,False,False,True,96.0,24.7,[],1.0
2d4cded1-a9c7-4da5-9c5f-c17453bdcca5,1.0,acme-mining,site-02,fleet_telemetry,ACME-S02-TRUCK-054,haul_truck,2026-09-01T20:18:33.253Z,8,-16.643019,-71.517615,305.3,35.2,Dump-A,cycle-acme-s02-truck-054-00002,returning,0.0,240.0,270396.28,65.6,True,False,2780.69,423822.26,False,False,False,95.3,24.3,[],1.0
0bd16c02-d6c3-46b7-9ad9-bc2c0c300703,1.0,acme-mining,site-02,fleet_telemetry,ACME-S02-TRUCK-055,haul_truck,2026-09-01T20:18:33.253Z,8,-16.663139,-71.514879,328.1,33.7,Dump-A,cycle-acme-s02-truck-055-00002,returning,0.0,240.0,373104.52,26.9,True,False,18661.65,375079.6,False,False,False,88.8,24.0,[],1.0
8715c4d7-f1bb-4512-a69f-e497af43551b,1.0,acme-mining,site-02,fleet_telemetry,ACME-S02-TRUCK-056,haul_truck,2026-09-01T20:18:33.253Z,8,-16.570032,-71.57116,56.8,31.8,Dump-A,cycle-acme-s02-truck-056-00002,returning,0.0,240.0,291156.69,59.8,True,False,17059.54,282449.88,False,False,False,86.9,24.5,[],1.0
11ab4b27-b41f-4ca3-9ce0-8670d84fb25d,1.0,acme-mining,site-02,fleet_telemetry,ACME-S02-TRUCK-057,haul_truck,2026-09-01T20:18:33.253Z,8,-16.560216,-71.592233,167.0,41.1,Dump-A,cycle-acme-s02-truck-057-00002,returning,0.0,240.0,188681.28,56.7,True,False,5991.42,528630.26,False,False,False,86.9,25.1,[],1.0
4e78f40b-ae44-426a-9883-a7e8eb0f3faf,1.0,acme-mining,site-02,fleet_telemetry,ACME-S02-TRUCK-058,haul_truck,2026-09-01T20:18:33.253Z,8,-16.552945,-71.479771,137.6,27.2,Dump-A,cycle-acme-s02-truck-058-00002,returning,0.0,240.0,147536.87,75.2,True,False,5125.3,402196.13,False,False,False,95.0,24.1,[],1.0
67d05db3-04d4-40ee-860b-fd45276bc8b4,1.0,acme-mining,site-02,fleet_telemetry,ACME-S02-TRUCK-059,haul_truck,2026-09-01T20:18:33.253Z,8,-16.650795,-71.545541,270.5,39.5,Dump-A,cycle-acme-s02-truck-059-00002,returning,0.0,240.0,56721.5,41.9,True,False,16926.11,344437.7,False,False,False,94.2,25.2,[],1.0
1e00c56a-32ee-4e3f-9c76-0686dd67b851,1.0,acme-mining,site-02,fleet_telemetry,ACME-S02-TRUCK-060,haul_truck,2026-09-01T20:18:33.253Z,8,-16.531974,-71.591981,337.4,26.2,Dump-A,cycle-acme-s02-truck-060-00002,returning,0.0,240.0,280766.64,42.3,True,False,6952.51,262014.58,False,False,False,91.3,24.3,[],1.0
0dda5780-bb9e-413c-b56a-f1122f349ce1,1.0,acme-mining,site-02,fleet_telemetry,ACME-S02-TRUCK-061,haul_truck,2026-09-01T20:18:33.253Z,8,-16.595708,-71.476896,87.6,52.0,Dump-A,cycle-acme-s02-truck-061-00002,returning,0.0,240.0,80111.23,94.7,True,False,16087.93,139595.68,False,False,True,88.4,24.3,[],1.0
8465a5c5-0a71-408d-a356-46874aef32b2,1.0,acme-mining,site-02,fleet_telemetry,ACME-S02-TRUCK-062,haul_truck,2026-09-01T20:18:33.253Z,8,-16.613943,-71.609452,7.8,28.1,Dump-A,cycle-acme-s02-truck-062-00002,returning,0.0,240.0,435342.68,40.0,True,False,20838.95,338430.2,False,False,False,86.6,24.8,[],1.0
7137e7e3-24c3-4d7f-af90-cfbaf316ab84,1.0,acme-mining,site-02,fleet_telemetry,ACME-S02-TRUCK-063,haul_truck,2026-09-01T20:18:33.253Z,8,-16.628074,-71.558976,257.5,35.7,Dump-A,cycle-acme-s02-truck-063-00002,returning,0.0,240.0,57299.28,34.3,True,False,6857.88,25151.97,False,False,False,89.4,24.7,[],1.0
ebe57b28-c785-4e9e-a235-8938adc29fa8,1.0,acme-mining,site-02,fleet_telemetry,ACME-S02-TRUCK-064,haul_truck,2026-09-01T20:18:33.253Z,8,-16.658618,-71.536827,0.9,36.6,Dump-A,cycle-acme-s02-truck-064-00002,returning,0.0,240.0,95648.9,63.7,True,False,9292.34,379277.62,False,False,False,92.0,24.4,[],1.0
7b4834b0-51ee-4348-9576-95e6da490c1c,1.0,acme-mining,site-02,fleet_telemetry,ACME-S02-TRUCK-065,haul_truck,2026-09-01T20:18:33.253Z,8,-16.654939,-71.557787,123.9,42.0,Dump-A,cycle-acme-s02-truck-065-00002,returning,0.0,240.0,278859.55,34.0,True,False,18296.61,412642.4,False,False,False,93.9,24.9,[],1.0
7889251d-c228-4135-bef0-2c91371d80c5,1.0,acme-mining,site-02,fleet_telemetry,ACME-S02-TRUCK-066,haul_truck,2026-09-01T20:18:33.253Z,8,-16.590403,-71.610279,167.5,27.9,Dump-A,cycle-acme-s02-truck-066-00002,returning,0.0,240.0,97586.03,60.6,True,False,20705.72,495628.21,False,False,False,92.3,24.9,[],1.0
5344765b-4f2b-4ec9-9a31-d44943dedd88,1.0,acme-mining,site-02,fleet_telemetry,ACME-S02-TRUCK-067,haul_truck,2026-09-01T20:18:33.253Z,8,-16.648053,-71.468503,88.2,37.8,Dump-A,cycle-acme-s02-truck-067-00002,returning,0.0,240.0,75534.46,87.5,True,False,17844.09,347179.83,False,False,False,88.9,23.8,[],1.0
621cadfa-33ff-4964-8e80-8f79eac7c137,1.0,acme-mining,site-02,fleet_telemetry,ACME-S02-TRUCK-068,haul_truck,2026-09-01T20:18:33.253Z,8,-16.537874,-71.532332,251.7,37.3,Dump-A,cycle-acme-s02-truck-068-00002,returning,0.0,240.0,141663.68,48.5,True,False,21801.06,485771.39,False,False,False,92.8,23.9,[],1.0
ef6a9eb5-7861-40bd-9e18-a5a270287ede,1.0,acme-mining,site-02,fleet_telemetry,ACME-S02-TRUCK-069,haul_truck,2026-09-01T20:18:33.253Z,8,-16.603733,-71.568259,122.4,25.4,Dump-A,cycle-acme-s02-truck-069-00002,returning,0.0,240.0,155745.99,32.6,True,False,10867.73,30481.46,False,False,False,93.1,24.3,[],1.0
7d9efb47-5043-4519-a6f8-956975fbfba4,1.0,acme-mining,site-02,fleet_telemetry,ACME-S02-TRUCK-070,haul_truck,2026-09-01T20:18:33.253Z,8,-16.577841,-71.581129,207.1,35.9,Dump-A,cycle-acme-s02-truck-070-00002,returning,0.0,240.0,298460.59,93.0,True,False,13454.49,187284.35,False,False,False,86.3,24.6,[],1.0
e73d1ec8-bdbe-4981-bc37-b45de00c75fe,1.0,acme-mining,site-02,fleet_telemetry,ACME-S02-TRUCK-071,haul_truck,2026-09-01T20:18:33.253Z,8,-16.646737,-71.508622,286.9,38.8,Dump-A,cycle-acme-s02-truck-071-00002,returning,0.0,240.0,282684.32,83.8,True,False,4414.87,416286.09,False,False,False,92.6,24.7,[],1.0
597d743b-3dc4-48d2-b884-268a9f1223a0,1.0,acme-mining,site-02,fleet_telemetry,ACME-S02-TRUCK-072,haul_truck,2026-09-01T20:18:33.253Z,8,-16.637771,-71.537197,244.6,26.8,Dump-A,cycle-acme-s02-truck-072-00002,returning,0.0,240.0,194263.9,53.9,True,False,4844.64,297854.46,False,False,False,92.3,24.4,[],1.0
b112affb-06a8-4b47-8221-69ff9235b027,1.0,acme-mining,site-02,fleet_telemetry,ACME-S02-TRUCK-073,haul_truck,2026-09-01T20:18:33.253Z,8,-16.637228,-71.565488,54.4,31.0,Dump-A,cycle-acme-s02-truck-073-00002,returning,0.0,240.0,37404.33,34.6,True,False,19303.75,483577.65,False,False,False,88.5,24.8,[],1.0
805a1ba3-8ce2-4516-9968-7bea1a366b98,1.0,acme-mining,site-02,fleet_telemetry,ACME-S02-TRUCK-074,haul_truck,2026-09-01T20:18:33.253Z,8,-16.583012,-71.509353,228.8,26.2,Dump-A,cycle-acme-s02-truck-074-00002,returning,0.0,240.0,212252.52,62.3,True,False,8788.7,622712.04,False,False,False,89.8,24.8,[],1.0
22a9db90-0788-4f4c-8cb8-ced369b63be3,1.0,acme-mining,site-02,fleet_telemetry,ACME-S02-TRUCK-075,haul_truck,2026-09-01T20:18:33.253Z,8,-16.634434,-71.461805,304.4,35.6,Dump-A,cycle-acme-s02-truck-075-00002,returning,0.0,240.0,118468.99,64.0,True,False,13733.63,141126.62,False,False,False,86.8,24.6,[],1.0
e7548d5b-753e-46f2-bbd7-d515614f0a22,1.0,acme-mining,site-02,fleet_telemetry,ACME-S02-TRUCK-076,haul_truck,2026-09-01T20:18:33.253Z,8,-16.580741,-71.467978,88.4,61.3,Dump-A,cycle-acme-s02-truck-076-00002,returning,0.0,240.0,225161.92,58.5,True,False,15743.91,454851.35,False,False,True,93.7,24.9,[],1.0
581fe8ca-4ef4-41f9-90f5-4272503e7a55,1.0,acme-mining,site-02,fleet_telemetry,ACME-S02-TRUCK-077,haul_truck,2026-09-01T20:18:33.253Z,8,-16.539402,-71.464754,51.5,34.2,Dump-A,cycle-acme-s02-truck-077-00002,returning,0.0,240.0,177066.01,93.6,True,False,3383.74,446272.2,False,False,False,86.7,24.4,[],1.0
77464921-2498-424c-ba68-4a1cdd016776,1.0,acme-mining,site-02,fleet_telemetry,ACME-S02-TRUCK-078,haul_truck,2026-09-01T20:18:33.253Z,8,-16.565441,-71.497927,349.4,34.8,Dump-A,cycle-acme-s02-truck-078-00002,returning,0.0,240.0,44773.52,89.6,True,False,1691.82,621847.81,False,False,False,88.1,24.9,[],1.0
80cb3c2b-d7c9-4661-9c42-8e3baa741acc,1.0,acme-mining,site-02,fleet_telemetry,ACME-S02-TRUCK-079,haul_truck,2026-09-01T20:18:33.253Z,8,-16.551877,-71.57918,178.8,33.6,Dump-A,cycle-acme-s02-truck-079-00002,returning,0.0,240.0,129514.01,32.6,True,False,6548.02,374071.54,False,False,False,94.0,24.3,[],1.0
334c6ccf-f337-4e40-a02b-f45c8f389d36,1.0,acme-mining,site-02,fleet_telemetry,ACME-S02-TRUCK-080,haul_truck,2026-09-01T20:18:33.253Z,8,-16.594771,-71.508472,33.9,25.3,Dump-A,cycle-acme-s02-truck-080-00002,returning,0.0,240.0,54087.67,48.1,True,False,5584.25,166687.23,False,False,False,87.4,24.9,[],1.0
f368b416-30c2-47e7-9c00-5cb446b73f14,1.0,beta-minerals,north-site,fleet_telemetry,BETA-NORTH-TRUCK-001,haul_truck,2026-09-01T20:18:33.253Z,8,-16.562048,-71.591184,73.6,60.6,Dump-A,cycle-beta-north-truck-001-00002,returning,0.0,240.0,383639.77,70.3,True,False,17975.95,92503.96,False,False,True,91.2,25.1,[],1.0
781e56fd-ef63-4f6f-9c45-d503d91c356c,1.0,beta-minerals,north-site,fleet_telemetry,BETA-NORTH-TRUCK-002,haul_truck,2026-09-01T20:18:33.253Z,8,-16.596492,-71.489847,79.9,32.3,Dump-A,cycle-beta-north-truck-002-00002,returning,0.0,240.0,155636.02,54.8,True,False,11739.08,367703.69,False,False,False,94.1,24.2,[],1.0
bb46779c-0292-4505-84f7-8dffa9b3e060,1.0,beta-minerals,north-site,fleet_telemetry,BETA-NORTH-TRUCK-003,haul_truck,2026-09-01T20:18:33.253Z,8,-16.6388,-71.522753,186.4,35.5,Dump-A,cycle-beta-north-truck-003-00002,returning,0.0,240.0,22845.17,67.9,True,False,14378.16,292244.89,False,False,False,87.3,25.1,[],1.0
b752815d-0c65-4ec2-ad88-990f6670d52c,1.0,beta-minerals,north-site,fleet_telemetry,BETA-NORTH-TRUCK-004,haul_truck,2026-09-01T20:18:33.253Z,8,-16.654131,-71.47799,338.8,31.7,Dump-A,cycle-beta-north-truck-004-00002,returning,0.0,240.0,365841.67,29.3,True,False,5162.64,493965.24,False,False,False,94.2,23.8,[],1.0
117532a6-47c3-478e-8542-8951651c7db0,1.0,beta-minerals,north-site,fleet_telemetry,BETA-NORTH-TRUCK-005,haul_truck,2026-09-01T20:18:33.253Z,8,-16.515863,-71.567377,164.4,40.5,Dump-A,cycle-beta-north-truck-005-00002,returning,0.0,240.0,305109.2,59.2,True,False,4977.99,91791.83,False,False,False,86.1,25.0,[],1.0
77010b67-8a20-4c90-9f01-fa595b1b91ee,1.0,beta-minerals,north-site,fleet_telemetry,BETA-NORTH-TRUCK-006,haul_truck,2026-09-01T20:18:33.253Z,8,-16.540225,-71.504507,164.1,34.0,Dump-A,cycle-beta-north-truck-006-00002,returning,0.0,240.0,382028.4,68.2,True,False,13244.51,239192.72,False,False,False,90.8,24.8,[],1.0
a97af581-f9ea-4df1-b9fc-20c1d73f78f9,1.0,beta-minerals,north-site,fleet_telemetry,BETA-NORTH-TRUCK-007,haul_truck,2026-09-01T20:18:33.253Z,8,-16.641102,-71.506564,249.5,37.6,Dump-A,cycle-beta-north-truck-007-00002,returning,0.0,240.0,61859.69,46.3,True,False,2596.75,104387.3,False,False,False,89.2,24.5,[],1.0
e4bbf079-dc8f-4c42-a9cb-7f856b595c3a,1.0,beta-minerals,north-site,fleet_telemetry,BETA-NORTH-TRUCK-008,haul_truck,2026-09-01T20:18:33.253Z,8,-16.584453,-71.470438,326.6,33.1,Dump-A,cycle-beta-north-truck-008-00002,returning,0.0,240.0,196137.63,59.0,True,False,13444.24,382128.02,False,False,False,86.1,24.0,[],1.0
916829dc-53b1-419d-8cc6-8aa40d8adfec,1.0,beta-minerals,north-site,fleet_telemetry,BETA-NORTH-TRUCK-009,haul_truck,2026-09-01T20:18:33.253Z,8,-16.598245,-71.608955,104.5,24.9,Dump-A,cycle-beta-north-truck-009-00002,returning,0.0,240.0,71731.04,47.0,True,False,12564.16,328474.67,False,False,False,89.0,24.1,[],1.0
9f800e97-d540-41d5-8e63-f215470d646c,1.0,beta-minerals,north-site,fleet_telemetry,BETA-NORTH-TRUCK-010,haul_truck,2026-09-01T20:18:33.253Z,8,-16.565906,-71.552005,238.3,36.2,Dump-A,cycle-beta-north-truck-010-00002,returning,0.0,240.0,178936.0,64.3,True,False,11073.72,142931.16,False,False,False,94.2,25.2,[],1.0
60d0c86d-7d5b-454c-84a4-29c3d7f3fd89,1.0,beta-minerals,north-site,fleet_telemetry,BETA-NORTH-TRUCK-011,haul_truck,2026-09-01T20:18:33.253Z,8,-16.623603,-71.573557,43.3,25.7,Dump-A,cycle-beta-north-truck-011-00002,returning,0.0,240.0,23579.28,78.2,True,False,11160.44,72082.67,False,False,False,90.3,24.6,[],1.0
202a572f-f3b7-431e-887a-78e9cd4a5aca,1.0,beta-minerals,north-site,fleet_telemetry,BETA-NORTH-TRUCK-012,haul_truck,2026-09-01T20:18:33.253Z,8,-16.588656,-71.525838,143.5,35.4,Dump-A,cycle-beta-north-truck-012-00002,returning,0.0,240.0,349921.53,59.6,True,False,17351.7,376359.96,False,False,False,89.5,24.9,[],1.0
65190246-a745-4d43-815b-fbe2cb17a2dc,1.0,beta-minerals,north-site,fleet_telemetry,BETA-NORTH-TRUCK-013,haul_truck,2026-09-01T20:18:33.253Z,8,-16.555338,-71.530056,103.5,57.7,Dump-A,cycle-beta-north-truck-013-00002,returning,0.0,240.0,371949.37,27.9,True,False,18253.61,251123.13,False,False,True,88.3,24.2,[],1.0
af000a2c-3e45-4119-a4e6-ec6d0aadd5a2,1.0,beta-minerals,north-site,fleet_telemetry,BETA-NORTH-TRUCK-014,haul_truck,2026-09-01T20:18:33.253Z,8,-16.665238,-71.575432,340.1,24.3,Dump-A,cycle-beta-north-truck-014-00002,returning,0.0,240.0,118914.48,86.2,True,False,16402.97,431813.39,False,False,False,94.4,25.2,[],1.0
ca4ac8e5-7ab8-4d0c-88db-4e96dc8c25cb,1.0,beta-minerals,north-site,fleet_telemetry,BETA-NORTH-TRUCK-015,haul_truck,2026-09-01T20:18:33.253Z,8,-16.540744,-71.523438,250.0,30.8,Dump-A,cycle-beta-north-truck-015-00002,returning,0.0,240.0,351278.49,41.5,True,False,10108.29,646193.54,False,False,False,88.0,24.0,[],1.0
fa559186-1b44-4cf4-909a-f587c882a65b,1.0,beta-minerals,north-site,fleet_telemetry,BETA-NORTH-TRUCK-016,haul_truck,2026-09-01T20:18:33.253Z,8,-16.660915,-71.561349,165.1,25.6,Dump-A,cycle-beta-north-truck-016-00002,returning,0.0,240.0,100913.22,39.4,True,False,4318.82,107718.19,False,False,False,93.0,24.3,[],1.0
3d42a95f-ebaa-45a9-b12c-38b6dff5ccf1,1.0,beta-minerals,north-site,fleet_telemetry,BETA-NORTH-TRUCK-017,haul_truck,2026-09-01T20:18:33.253Z,8,-16.518037,-71.535214,283.8,29.1,Dump-A,cycle-beta-north-truck-017-00002,returning,0.0,240.0,138759.83,65.0,True,False,4369.61,636770.29,False,False,False,89.3,24.6,[],1.0
cf6719bb-5f4c-447d-a7b9-7b632ac399a0,1.0,beta-minerals,north-site,fleet_telemetry,BETA-NORTH-TRUCK-018,haul_truck,2026-09-01T20:18:33.253Z,8,-16.626059,-71.512511,142.9,25.5,Dump-A,cycle-beta-north-truck-018-00002,returning,0.0,240.0,191102.9,29.1,True,False,3674.5,492559.46,False,False,False,86.4,25.0,[],1.0
49b35cb8-633a-458c-ade2-e66b34939278,1.0,beta-minerals,north-site,fleet_telemetry,BETA-NORTH-TRUCK-019,haul_truck,2026-09-01T20:18:33.253Z,8,-16.562197,-71.539221,75.2,56.5,Dump-A,cycle-beta-north-truck-019-00002,returning,0.0,240.0,374532.56,78.3,True,False,6093.17,468179.03,False,False,True,91.7,24.2,[],1.0
005d6f4a-49df-4eb4-bee4-093c5a531602,1.0,beta-minerals,north-site,fleet_telemetry,BETA-NORTH-TRUCK-020,haul_truck,2026-09-01T20:18:33.253Z,8,-16.547401,-71.553049,79.4,32.4,Dump-A,cycle-beta-north-truck-020-00002,returning,0.0,240.0,43227.73,80.6,True,False,14109.64,256358.76,False,False,False,94.5,24.2,[],1.0
fec2b75a-9db3-4242-84d1-e8e233885f1f,1.0,beta-minerals,north-site,fleet_telemetry,BETA-NORTH-TRUCK-021,haul_truck,2026-09-01T20:18:33.253Z,8,-16.53482,-71.602625,102.1,33.0,Dump-A,cycle-beta-north-truck-021-00002,returning,0.0,240.0,266061.01,85.8,True,False,10439.56,327468.22,False,False,False,87.9,24.4,[],1.0
1a63c8af-b278-45e9-a355-923b4f481111,1.0,beta-minerals,north-site,fleet_telemetry,BETA-NORTH-TRUCK-022,haul_truck,2026-09-01T20:18:33.253Z,8,-16.53845,-71.53835,332.6,34.3,Dump-A,cycle-beta-north-truck-022-00002,returning,0.0,240.0,184995.55,92.7,True,False,18822.26,521277.29,False,False,False,93.1,25.2,[],1.0
b1fc86df-149e-4d6b-805a-3373fa69d132,1.0,beta-minerals,north-site,fleet_telemetry,BETA-NORTH-TRUCK-023,haul_truck,2026-09-01T20:18:33.253Z,8,-16.615428,-71.508257,74.7,31.0,Dump-A,cycle-beta-north-truck-023-00002,returning,0.0,240.0,259103.1,58.9,True,False,7960.42,384098.37,False,False,False,86.2,25.1,[],1.0
a753feeb-8cb7-4160-b82e-a9b210bfd467,1.0,beta-minerals,north-site,fleet_telemetry,BETA-NORTH-TRUCK-024,haul_truck,2026-09-01T20:18:33.253Z,8,-16.645092,-71.544452,280.2,41.1,Dump-A,cycle-beta-north-truck-024-00002,returning,0.0,240.0,17164.36,90.0,True,False,14075.02,547122.57,False,False,False,89.6,24.0,[],1.0
c476051b-9a70-4408-a7dd-3482355a4d15,1.0,beta-minerals,north-site,fleet_telemetry,BETA-NORTH-TRUCK-025,haul_truck,2026-09-01T20:18:33.253Z,8,-16.644965,-71.468279,259.3,31.1,Dump-A,cycle-beta-north-truck-025-00002,returning,0.0,240.0,68042.33,70.5,True,False,5089.16,453813.06,False,False,False,87.7,24.7,[],1.0
2898868f-e21f-4a81-85b3-b758ee2048eb,1.0,beta-minerals,north-site,fleet_telemetry,BETA-NORTH-TRUCK-026,haul_truck,2026-09-01T20:18:33.253Z,8,-16.606947,-71.568609,196.5,51.4,Dump-A,cycle-beta-north-truck-026-00002,returning,0.0,240.0,407672.68,36.5,True,False,6108.26,254261.78,False,False,True,87.4,24.7,[],1.0
933b516b-86c7-4488-bbd0-d9ce8bc282ba,1.0,beta-minerals,north-site,fleet_telemetry,BETA-NORTH-TRUCK-027,haul_truck,2026-09-01T20:18:33.253Z,8,-16.657927,-71.522558,8.7,25.6,Dump-A,cycle-beta-north-truck-027-00002,returning,0.0,240.0,51881.38,39.9,True,False,9899.71,77455.68,False,False,False,86.9,24.9,[],1.0
92dc237d-218b-45d8-b814-9dcb5ae38f86,1.0,beta-minerals,north-site,fleet_telemetry,BETA-NORTH-TRUCK-028,haul_truck,2026-09-01T20:18:33.253Z,8,-16.602807,-71.596358,73.0,29.0,Dump-A,cycle-beta-north-truck-028-00002,returning,0.0,240.0,369528.54,94.1,True,False,996.89,458226.35,False,False,False,95.5,23.9,[],1.0
4b3ffd35-0c8a-4671-a0c0-368f9b1e05db,1.0,beta-minerals,north-site,fleet_telemetry,BETA-NORTH-TRUCK-029,haul_truck,2026-09-01T20:18:33.253Z,8,-16.622507,-71.556275,235.9,35.6,Dump-A,cycle-beta-north-truck-029-00002,returning,0.0,240.0,55409.24,50.7,True,False,2693.83,527753.0,False,False,False,90.2,24.1,[],1.0
bd19cc16-fbf0-48ea-ac6b-ddb78d11256b,1.0,beta-minerals,north-site,fleet_telemetry,BETA-NORTH-TRUCK-030,haul_truck,2026-09-01T20:18:33.253Z,8,-16.572727,-71.591204,21.0,34.8,Dump-A,cycle-beta-north-truck-030-00002,returning,0.0,240.0,40101.67,64.4,True,False,14401.43,446596.53,False,False,False,86.9,24.8,[],1.0
8e7654ca-4e9a-4419-b279-b568f9ec3999,1.0,beta-minerals,north-site,fleet_telemetry,BETA-NORTH-TRUCK-031,haul_truck,2026-09-01T20:18:33.253Z,8,-16.532783,-71.603624,187.5,34.6,Dump-A,cycle-beta-north-truck-031-00002,returning,0.0,240.0,191152.92,73.0,True,False,14115.31,115365.88,False,False,False,91.5,24.8,[],1.0
f336e44b-ea62-4396-9247-40ece8dfcc7d,1.0,beta-minerals,north-site,fleet_telemetry,BETA-NORTH-TRUCK-032,haul_truck,2026-09-01T20:18:33.253Z,8,-16.648034,-71.573166,231.7,38.6,Dump-A,cycle-beta-north-truck-032-00002,returning,0.0,240.0,433830.0,47.0,True,False,13298.98,261940.31,False,False,False,87.7,25.1,[],1.0
35781812-f8be-4b9f-a168-ce474d775403,1.0,beta-minerals,north-site,fleet_telemetry,BETA-NORTH-TRUCK-033,haul_truck,2026-09-01T20:18:33.253Z,8,-16.666111,-71.48195,272.1,30.0,Dump-A,cycle-beta-north-truck-033-00002,returning,0.0,240.0,135365.72,90.8,True,False,13541.19,474343.36,False,False,False,95.4,24.7,[],1.0
49dd900b-d1e3-4676-92ea-f0ad75e686b3,1.0,beta-minerals,north-site,fleet_telemetry,BETA-NORTH-TRUCK-034,haul_truck,2026-09-01T20:18:33.253Z,8,-16.661692,-71.473874,159.6,24.9,Dump-A,cycle-beta-north-truck-034-00002,returning,0.0,240.0,339051.77,45.6,True,False,11776.29,340999.4,False,False,False,88.2,24.4,[],1.0
45ba3c38-d838-4f6d-87d5-7b05e84d9ca0,1.0,beta-minerals,north-site,fleet_telemetry,BETA-NORTH-TRUCK-035,haul_truck,2026-09-01T20:18:33.253Z,8,-16.528213,-71.61558,283.9,28.4,Dump-A,cycle-beta-north-truck-035-00002,returning,0.0,240.0,290756.79,29.9,True,False,8980.79,171881.69,False,False,False,86.2,23.9,[],1.0
8f152799-eb97-45af-8fb0-f4c664826c7a,1.0,beta-minerals,north-site,fleet_telemetry,BETA-NORTH-TRUCK-036,haul_truck,2026-09-01T20:18:33.253Z,8,-16.56116,-71.495487,311.4,41.7,Dump-A,cycle-beta-north-truck-036-00002,returning,0.0,240.0,260087.94,50.5,True,False,3598.05,562313.0,False,False,False,94.5,24.6,[],1.0
9cd124a2-2d27-420a-9d0f-beef72f3f772,1.0,beta-minerals,north-site,fleet_telemetry,BETA-NORTH-TRUCK-037,haul_truck,2026-09-01T20:18:33.253Z,8,-16.660703,-71.491233,313.8,38.0,Dump-A,cycle-beta-north-truck-037-00002,returning,0.0,240.0,125362.09,27.7,True,False,1153.83,62545.69,False,False,False,94.5,25.1,[],1.0
41be372b-b068-4cbf-9406-fc18bc9546ef,1.0,beta-minerals,north-site,fleet_telemetry,BETA-NORTH-TRUCK-038,haul_truck,2026-09-01T20:18:33.253Z,8,-16.584385,-71.593116,245.0,28.0,Dump-A,cycle-beta-north-truck-038-00002,returning,0.0,240.0,187002.63,69.8,True,False,17062.74,286852.58,False,False,False,95.8,25.1,[],1.0
ec7573a6-41d4-4be6-9fe4-a9189bfa6e6d,1.0,beta-minerals,north-site,fleet_telemetry,BETA-NORTH-TRUCK-039,haul_truck,2026-09-01T20:18:33.253Z,8,-16.607906,-71.515991,73.0,36.1,Dump-A,cycle-beta-north-truck-039-00002,returning,0.0,240.0,365547.0,62.5,True,False,11639.67,148014.6,False,False,False,91.0,24.4,[],1.0
162b692e-4556-44c1-bec2-03bfcc596a33,1.0,beta-minerals,north-site,fleet_telemetry,BETA-NORTH-TRUCK-040,haul_truck,2026-09-01T20:18:33.253Z,8,-16.631313,-71.469549,111.0,33.1,Dump-A,cycle-beta-north-truck-040-00002,returning,0.0,240.0,429508.88,41.7,True,False,7375.6,295616.4,False,False,False,87.2,24.7,[],1.0
43174802-8f98-4881-b6e4-7abb5288926b,1.0,beta-minerals,north-site,fleet_telemetry,BETA-NORTH-TRUCK-041,haul_truck,2026-09-01T20:18:33.253Z,8,-16.557106,-71.505236,272.6,34.9,Dump-A,cycle-beta-north-truck-041-00002,returning,0.0,240.0,335890.17,33.3,True,False,7356.96,487267.08,False,False,False,92.5,23.9,[],1.0
ec948a1a-f277-4718-bb40-b64753becab8,1.0,beta-minerals,north-site,fleet_telemetry,BETA-NORTH-TRUCK-042,haul_truck,2026-09-01T20:18:33.253Z,8,-16.65009,-71.492548,143.3,38.6,Dump-A,cycle-beta-north-truck-042-00002,returning,0.0,240.0,327137.39,36.6,True,False,11887.72,513282.06,False,False,False,91.0,25.1,[],1.0
b12ba13b-42c5-446d-980b-06be9e739a64,1.0,beta-minerals,north-site,fleet_telemetry,BETA-NORTH-TRUCK-043,haul_truck,2026-09-01T20:18:33.253Z,8,-16.660135,-71.50352,196.1,35.8,Dump-A,cycle-beta-north-truck-043-00002,returning,0.0,240.0,365128.02,44.0,True,False,17154.33,38494.63,False,False,False,88.4,25.1,[],1.0
e256c01b-7deb-40ae-aa13-1a537a6ff4c4,1.0,beta-minerals,north-site,fleet_telemetry,BETA-NORTH-TRUCK-044,haul_truck,2026-09-01T20:18:33.253Z,8,-16.643668,-71.592304,165.5,59.0,Dump-A,cycle-beta-north-truck-044-00002,returning,0.0,240.0,34393.78,85.1,True,False,11318.34,341792.8,False,False,True,92.4,24.4,[],1.0
fafb2f16-b7c1-4206-9877-711722ea765e,1.0,beta-minerals,north-site,fleet_telemetry,BETA-NORTH-TRUCK-045,haul_truck,2026-09-01T20:18:33.253Z,8,-16.53301,-71.615555,185.3,34.7,Dump-A,cycle-beta-north-truck-045-00002,returning,0.0,240.0,335943.75,25.1,True,False,15091.36,92660.4,False,False,False,94.3,24.6,[],1.0
db54f14a-c525-4e85-a9bc-034e3bb76c38,1.0,beta-minerals,north-site,fleet_telemetry,BETA-NORTH-TRUCK-046,haul_truck,2026-09-01T20:18:33.253Z,8,-16.581971,-71.471252,116.9,36.4,Dump-A,cycle-beta-north-truck-046-00002,returning,0.0,240.0,419711.0,85.0,True,False,8919.18,114553.53,False,False,False,95.9,24.1,[],1.0
86f4c688-5449-4321-858b-dbb8ec4219cc,1.0,beta-minerals,north-site,fleet_telemetry,BETA-NORTH-TRUCK-047,haul_truck,2026-09-01T20:18:33.253Z,8,-16.53822,-71.526061,166.9,40.5,Dump-A,cycle-beta-north-truck-047-00002,returning,0.0,240.0,412976.66,47.3,True,False,5559.74,176406.0,False,False,False,92.1,24.6,[],1.0
832a4bd6-27d7-4bc6-88ed-304c73d01e2d,1.0,beta-minerals,north-site,fleet_telemetry,BETA-NORTH-TRUCK-048,haul_truck,2026-09-01T20:18:33.253Z,8,-16.659363,-71.543086,171.5,28.4,Dump-A,cycle-beta-north-truck-048-00002,returning,0.0,240.0,441822.67,91.7,True,False,4602.11,526733.13,False,False,False,89.4,24.5,[],1.0
7ae434af-d974-4e2c-b307-7b3e08fe4859,1.0,beta-minerals,north-site,fleet_telemetry,BETA-NORTH-TRUCK-049,haul_truck,2026-09-01T20:18:33.253Z,8,-16.580174,-71.568857,301.8,31.8,Dump-A,cycle-beta-north-truck-049-00002,returning,0.0,240.0,13507.0,39.0,True,False,7738.79,368447.76,False,False,False,86.2,25.1,[],1.0
a637a02a-eac8-4a8d-8d53-add7f61e91c7,1.0,beta-minerals,north-site,fleet_telemetry,BETA-NORTH-TRUCK-050,haul_truck,2026-09-01T20:18:33.253Z,8,-16.553236,-71.530079,255.7,30.6,Dump-A,cycle-beta-north-truck-050-00002,returning,0.0,240.0,449026.9,79.3,True,False,8607.41,632270.56,False,False,False,86.7,25.1,[],1.0
617b3a28-098a-4606-b8e7-163316dc6015,1.0,beta-minerals,north-site,fleet_telemetry,BETA-NORTH-TRUCK-051,haul_truck,2026-09-01T20:18:33.253Z,8,-16.536055,-71.477097,198.5,26.2,Dump-A,cycle-beta-north-truck-051-00002,returning,0.0,240.0,112519.57,49.2,True,False,935.22,278322.93,False,False,False,89.3,24.1,[],1.0
8ea23e5c-e98d-493d-b96e-899298175fb1,1.0,beta-minerals,north-site,fleet_telemetry,BETA-NORTH-TRUCK-052,haul_truck,2026-09-01T20:18:33.253Z,8,-16.637592,-71.460159,142.7,25.3,Dump-A,cycle-beta-north-truck-052-00002,returning,0.0,240.0,334756.94,46.5,True,False,16889.31,257053.3,False,False,False,89.5,24.9,[],1.0
59ea8ed8-1911-4506-b39f-b2fd84e11c2b,1.0,beta-minerals,north-site,fleet_telemetry,BETA-NORTH-TRUCK-053,haul_truck,2026-09-01T20:18:33.253Z,8,-16.633362,-71.482184,154.2,33.6,Dump-A,cycle-beta-north-truck-053-00002,returning,0.0,240.0,133123.69,28.0,True,False,21418.27,109695.47,False,False,False,89.1,23.9,[],1.0
cc3c2b40-570d-4896-b31c-d917c0334100,1.0,beta-minerals,north-site,fleet_telemetry,BETA-NORTH-TRUCK-054,haul_truck,2026-09-01T20:18:33.253Z,8,-16.568426,-71.554402,213.9,35.7,Dump-A,cycle-beta-north-truck-054-00002,returning,0.0,240.0,265539.64,60.3,True,False,10519.32,491176.8,False,False,False,88.6,24.7,[],1.0
9baa8d2e-f1ac-4ce4-a02a-536d20c43198,1.0,beta-minerals,north-site,fleet_telemetry,BETA-NORTH-TRUCK-055,haul_truck,2026-09-01T20:18:33.253Z,8,-16.620009,-71.489363,357.2,33.4,Dump-A,cycle-beta-north-truck-055-00002,returning,0.0,240.0,114180.13,43.2,True,False,10021.65,627457.71,False,False,False,92.4,24.7,[],1.0
88635287-e71f-4efe-ab7b-9e1def716970,1.0,beta-minerals,north-site,fleet_telemetry,BETA-NORTH-TRUCK-056,haul_truck,2026-09-01T20:18:33.253Z,8,-16.54558,-71.523953,315.7,35.6,Dump-A,cycle-beta-north-truck-056-00002,returning,0.0,240.0,42863.04,39.1,True,False,7542.83,191332.39,False,False,False,87.0,24.3,[],1.0
e49cc3da-7602-4061-9e73-094c5a9265cb,1.0,beta-minerals,north-site,fleet_telemetry,BETA-NORTH-TRUCK-057,haul_truck,2026-09-01T20:18:33.253Z,8,-16.547167,-71.545176,61.5,24.2,Dump-A,cycle-beta-north-truck-057-00002,returning,0.0,240.0,63124.73,50.0,True,False,10330.83,217841.13,False,False,False,90.9,24.9,[],1.0
a0a7a90f-be78-4efa-8474-3134ba80679c,1.0,beta-minerals,north-site,fleet_telemetry,BETA-NORTH-TRUCK-058,haul_truck,2026-09-01T20:18:33.253Z,8,-16.573896,-71.583132,81.7,24.4,Dump-A,cycle-beta-north-truck-058-00002,returning,0.0,240.0,143855.16,74.3,True,False,2716.93,528786.21,False,False,False,87.8,24.1,[],1.0
ec4397a9-5eb2-4566-8566-d7b633157f71,1.0,beta-minerals,north-site,fleet_telemetry,BETA-NORTH-TRUCK-059,haul_truck,2026-09-01T20:18:33.253Z,8,-16.56205,-71.575903,15.1,34.9,Dump-A,cycle-beta-north-truck-059-00002,returning,0.0,240.0,166527.38,60.9,True,False,2733.72,176378.04,False,False,False,87.7,24.9,[],1.0
ad7f8eea-eb49-4c72-86be-4288fe0d59fb,1.0,beta-minerals,north-site,fleet_telemetry,BETA-NORTH-TRUCK-060,haul_truck,2026-09-01T20:18:33.253Z,8,-16.655197,-71.601202,325.6,33.0,Dump-A,cycle-beta-north-truck-060-00002,returning,0.0,240.0,254620.22,63.5,True,False,20984.46,558399.02,False,False,False,93.9,24.7,[],1.0
f70c8f64-170c-4857-bded-0581fc3d7b60,1.0,beta-minerals,north-site,fleet_telemetry,BETA-NORTH-TRUCK-061,haul_truck,2026-09-01T20:18:33.253Z,8,-16.538609,-71.557932,340.2,31.6,Dump-A,cycle-beta-north-truck-061-00002,returning,0.0,240.0,442330.15,34.1,True,False,1053.5,543134.76,False,False,False,88.4,24.8,[],1.0
e48aa935-b7e3-4c3d-b70a-47281106fc9a,1.0,beta-minerals,north-site,fleet_telemetry,BETA-NORTH-TRUCK-062,haul_truck,2026-09-01T20:18:33.253Z,8,-16.660082,-71.473047,231.1,59.9,Dump-A,cycle-beta-north-truck-062-00002,returning,0.0,240.0,367609.29,26.5,True,False,13145.28,183057.25,False,False,True,86.9,24.2,[],1.0
5a2ac0f1-deed-4c4b-8a41-eaea87bb8317,1.0,beta-minerals,north-site,fleet_telemetry,BETA-NORTH-TRUCK-063,haul_truck,2026-09-01T20:18:33.253Z,8,-16.519649,-71.609342,326.9,31.0,Dump-A,cycle-beta-north-truck-063-00002,returning,0.0,240.0,365910.94,33.5,True,False,2749.96,553783.71,False,False,False,92.8,24.2,[],1.0
47419e15-aa04-4f8b-9301-d90ab2b8356b,1.0,beta-minerals,north-site,fleet_telemetry,BETA-NORTH-TRUCK-064,haul_truck,2026-09-01T20:18:33.253Z,8,-16.642782,-71.583178,91.1,37.0,Dump-A,cycle-beta-north-truck-064-00002,returning,0.0,240.0,22972.78,72.8,True,False,18219.74,268849.37,False,False,False,92.5,24.3,[],1.0
1c8a6056-8998-41ee-a5ce-efe765909bb8,1.0,beta-minerals,north-site,fleet_telemetry,BETA-NORTH-TRUCK-065,haul_truck,2026-09-01T20:18:33.253Z,8,-16.56684,-71.537623,351.0,28.6,Dump-A,cycle-beta-north-truck-065-00002,returning,0.0,240.0,280207.46,68.1,True,False,10255.45,113637.94,False,False,False,95.0,24.7,[],1.0
8a418792-3e5d-4887-8ec2-4416c5504c4e,1.0,beta-minerals,north-site,fleet_telemetry,BETA-NORTH-TRUCK-066,haul_truck,2026-09-01T20:18:33.253Z,8,-16.528865,-71.533344,182.4,31.5,Dump-A,cycle-beta-north-truck-066-00002,returning,0.0,240.0,70384.41,38.9,True,False,2092.77,196259.05,False,False,False,94.7,24.9,[],1.0
1f4b3e8f-cbd2-4ec0-9248-4f0cd5a70e70,1.0,beta-minerals,north-site,fleet_telemetry,BETA-NORTH-TRUCK-067,haul_truck,2026-09-01T20:18:33.253Z,8,-16.583281,-71.539961,340.0,34.1,Dump-A,cycle-beta-north-truck-067-00002,returning,0.0,240.0,354043.5,50.1,True,False,17650.75,643324.49,False,False,False,92.5,24.7,[],1.0
c63e74dd-2659-4225-b65e-409f8d3a1c52,1.0,beta-minerals,north-site,fleet_telemetry,BETA-NORTH-TRUCK-068,haul_truck,2026-09-01T20:18:33.253Z,8,-16.665732,-71.487804,186.3,39.4,Dump-A,cycle-beta-north-truck-068-00002,returning,0.0,240.0,21468.27,66.8,True,False,7618.02,190374.68,False,False,False,94.3,24.1,[],1.0
821ff61a-8d66-45b0-badd-9f5b6593abd1,1.0,beta-minerals,north-site,fleet_telemetry,BETA-NORTH-TRUCK-069,haul_truck,2026-09-01T20:18:33.253Z,8,-16.654395,-71.512456,332.7,24.5,Dump-A,cycle-beta-north-truck-069-00002,returning,0.0,240.0,449827.1,93.1,True,False,12023.98,503110.72,False,False,False,90.7,25.1,[],1.0
45980c0c-e370-4b5d-a3e9-30b7e2a84e7e,1.0,beta-minerals,north-site,fleet_telemetry,BETA-NORTH-TRUCK-070,haul_truck,2026-09-01T20:18:33.253Z,8,-16.608235,-71.467864,201.9,29.2,Dump-A,cycle-beta-north-truck-070-00002,returning,0.0,240.0,263305.09,93.7,True,False,16997.87,617115.74,False,False,False,94.0,24.7,[],1.0
8e0d18ba-b0b5-40e1-adf4-f9810ffd0393,1.0,beta-minerals,north-site,fleet_telemetry,BETA-NORTH-TRUCK-071,haul_truck,2026-09-01T20:18:33.253Z,8,-16.524149,-71.61301,248.5,35.7,Dump-A,cycle-beta-north-truck-071-00002,returning,0.0,240.0,364733.07,73.8,True,False,4533.34,393287.48,False,False,False,96.0,25.0,[],1.0
240746ef-8f8c-4bd1-9245-2294f7ff6ffd,1.0,beta-minerals,north-site,fleet_telemetry,BETA-NORTH-TRUCK-072,haul_truck,2026-09-01T20:18:33.253Z,8,-16.529346,-71.538709,259.4,59.0,Dump-A,cycle-beta-north-truck-072-00002,returning,0.0,240.0,92823.38,94.1,True,False,12748.47,374758.83,False,False,True,89.6,24.6,[],1.0
cd998894-a1c8-423f-813a-5b6121ca6113,1.0,beta-minerals,north-site,fleet_telemetry,BETA-NORTH-TRUCK-073,haul_truck,2026-09-01T20:18:33.253Z,8,-16.593944,-71.564395,70.9,33.6,Dump-A,cycle-beta-north-truck-073-00002,returning,0.0,240.0,274732.19,26.3,True,False,1604.84,55386.01,False,False,False,86.5,24.0,[],1.0
f8d9cdcf-67d0-437c-b76c-ed77e0827b50,1.0,beta-minerals,north-site,fleet_telemetry,BETA-NORTH-TRUCK-074,haul_truck,2026-09-01T20:18:33.253Z,8,-16.660898,-71.593838,81.8,41.7,Dump-A,cycle-beta-north-truck-074-00002,returning,0.0,240.0,363067.32,85.7,True,False,8024.1,131799.92,False,False,False,90.7,24.8,[],1.0
e927eae1-4551-475b-999a-d6977b98502e,1.0,beta-minerals,north-site,fleet_telemetry,BETA-NORTH-TRUCK-075,haul_truck,2026-09-01T20:18:33.253Z,8,-16.610609,-71.466801,124.3,40.3,Dump-A,cycle-beta-north-truck-075-00002,returning,0.0,240.0,388695.13,92.2,True,False,17216.58,553283.15,False,False,False,93.9,24.7,[],1.0
7170c8c1-484c-4f65-bc88-d276ab767172,1.0,beta-minerals,north-site,fleet_telemetry,BETA-NORTH-TRUCK-076,haul_truck,2026-09-01T20:18:33.253Z,8,-16.600455,-71.515274,201.2,36.3,Dump-A,cycle-beta-north-truck-076-00002,returning,0.0,240.0,439379.26,76.2,True,False,7935.11,223240.21,False,False,False,87.4,24.3,[],1.0
3f21c311-5e5c-4bcc-a43a-e3dd1816b0eb,1.0,beta-minerals,north-site,fleet_telemetry,BETA-NORTH-TRUCK-077,haul_truck,2026-09-01T20:18:33.253Z,8,-16.544499,-71.581818,123.6,30.4,Dump-A,cycle-beta-north-truck-077-00002,returning,0.0,240.0,315167.14,90.0,True,False,4493.11,630308.21,False,False,False,89.0,24.7,[],1.0
f5012fab-f5e9-4077-adcf-c097da4e5227,1.0,beta-minerals,north-site,fleet_telemetry,BETA-NORTH-TRUCK-078,haul_truck,2026-09-01T20:18:33.253Z,8,-16.670099,-71.505179,327.1,41.3,Dump-A,cycle-beta-north-truck-078-00002,returning,0.0,240.0,139588.16,37.4,True,False,8821.75,482417.03,False,False,False,86.6,24.6,[],1.0
bd626468-66b0-4be4-a84a-ac387a693de0,1.0,beta-minerals,north-site,fleet_telemetry,BETA-NORTH-TRUCK-079,haul_truck,2026-09-01T20:18:33.253Z,8,-16.635083,-71.527008,223.3,37.9,Dump-A,cycle-beta-north-truck-079-00002,returning,0.0,240.0,415257.38,92.7,True,False,1486.53,399505.04,False,False,False,93.5,25.0,[],1.0
69dd8a6c-a397-41d5-adf9-0452f28de463,1.0,beta-minerals,north-site,fleet_telemetry,BETA-NORTH-TRUCK-080,haul_truck,2026-09-01T20:18:33.253Z,8,-16.568608,-71.463403,86.0,30.0,Dump-A,cycle-beta-north-truck-080-00002,returning,0.0,240.0,162597.02,47.3,True,False,7820.78,69018.36,False,False,False,87.1,24.3,[],1.0
7af19d26-207e-4222-9aa0-e37d7c4b7048,1.0,acme-mining,site-01,fleet_telemetry,ACME-S01-TRUCK-001,haul_truck,2026-09-01T20:18:38.253Z,9,-16.552549,-71.509197,3.4,0.9,Pit-A,cycle-acme-s01-truck-001-00003,loading,227.9,240.0,131013.49,40.6,True,True,14355.86,35756.97,False,False,False,94.9,23.9,[],1.0
7e68ce44-eea5-4bee-8796-0942f03c28b4,1.0,acme-mining,site-01,fleet_telemetry,ACME-S01-TRUCK-002,haul_truck,2026-09-01T20:18:38.253Z,9,-16.574099,-71.527681,112.8,0.3,Pit-A,cycle-acme-s01-truck-002-00003,loading,226.2,240.0,51226.49,41.2,True,True,13318.45,40023.28,False,False,False,94.7,25.0,[],1.0
01204df8-4701-426b-a5f3-5b76891a4a45,1.0,acme-mining,site-01,fleet_telemetry,ACME-S01-TRUCK-003,haul_truck,2026-09-01T20:18:38.253Z,9,-16.548975,-71.591936,165.9,0.1,Pit-A,cycle-acme-s01-truck-003-00003,loading,225.9,240.0,132404.5,85.8,True,True,9693.83,303001.9,False,False,False,87.7,25.1,[],1.0
1daa5b61-76cf-4039-9c4f-9dbbffb6016d,1.0,acme-mining,site-01,fleet_telemetry,ACME-S01-TRUCK-004,haul_truck,2026-09-01T20:18:38.253Z,9,-16.654915,-71.481936,149.1,1.2,Pit-A,cycle-acme-s01-truck-004-00003,loading,218.1,240.0,158102.19,31.4,True,True,4096.18,623044.42,False,False,False,94.7,24.4,[],1.0
0b4a4784-f907-453c-b14d-a39632e340f5,1.0,acme-mining,site-01,fleet_telemetry,ACME-S01-TRUCK-005,haul_truck,2026-09-01T20:18:38.253Z,9,-16.582084,-71.484813,25.6,0.5,Pit-A,cycle-acme-s01-truck-005-00003,loading,221.9,240.0,438171.52,51.4,True,True,16270.33,357823.89,False,False,False,91.6,24.6,[],1.0
3bbcdee9-71a8-4812-84ee-52b463d6d1f1,1.0,acme-mining,site-01,fleet_telemetry,ACME-S01-TRUCK-006,haul_truck,2026-09-01T20:18:38.253Z,9,-16.624073,-71.604669,209.0,1.3,Pit-A,cycle-acme-s01-truck-006-00003,loading,224.3,240.0,30163.31,40.9,True,True,13039.88,463880.45,False,False,False,91.9,24.6,[],1.0
e49b49ff-94fb-4c1e-8535-70e6ca897f36,1.0,acme-mining,site-01,fleet_telemetry,ACME-S01-TRUCK-007,haul_truck,2026-09-01T20:18:38.253Z,9,-16.613518,-71.510266,274.8,0.6,Pit-A,cycle-acme-s01-truck-007-00003,loading,218.0,240.0,377009.17,36.3,True,True,8858.69,305648.67,False,False,False,86.5,24.7,[],1.0
c7222dfe-a7ab-4e31-841f-71f9d9febf9d,1.0,acme-mining,site-01,fleet_telemetry,ACME-S01-TRUCK-008,haul_truck,2026-09-01T20:18:38.253Z,9,-16.609699,-71.459186,286.2,0.0,Pit-A,cycle-acme-s01-truck-008-00003,loading,227.9,240.0,330816.38,36.4,True,True,13713.59,127817.52,False,False,False,89.5,24.8,[],1.0
6456ef5d-5861-42f7-b07e-e752d77e6f36,1.0,acme-mining,site-01,fleet_telemetry,ACME-S01-TRUCK-009,haul_truck,2026-09-01T20:18:38.253Z,9,-16.538934,-71.488679,331.4,0.2,Pit-A,cycle-acme-s01-truck-009-00003,loading,227.8,240.0,348058.56,28.9,True,True,5455.85,224298.29,False,False,False,87.9,24.9,[],1.0
edf9a1a9-b9eb-4d1e-aa97-14f574543ef4,1.0,acme-mining,site-01,fleet_telemetry,ACME-S01-TRUCK-010,haul_truck,2026-09-01T20:18:38.253Z,9,-16.565542,-71.554154,208.2,0.4,Pit-A,cycle-acme-s01-truck-010-00003,loading,226.3,240.0,395602.34,47.0,True,True,5272.85,614033.32,False,False,False,89.3,24.9,[],1.0
5b6e3533-015d-44d4-97f3-cba92172d4de,1.0,acme-mining,site-01,fleet_telemetry,ACME-S01-TRUCK-011,haul_truck,2026-09-01T20:18:38.253Z,9,-16.550905,-71.548939,242.1,0.1,Pit-A,cycle-acme-s01-truck-011-00003,loading,226.0,240.0,337795.74,62.7,True,True,3828.89,107967.28,False,False,False,88.4,24.6,[],1.0
1b156fcf-5a3e-480d-93c1-b80cc46e3ba3,1.0,acme-mining,site-01,fleet_telemetry,ACME-S01-TRUCK-012,haul_truck,2026-09-01T20:18:38.253Z,9,-16.662825,-71.599913,123.0,1.1,Pit-A,cycle-acme-s01-truck-012-00003,loading,225.3,240.0,234192.16,31.3,True,True,5449.61,648448.91,False,False,False,91.0,24.4,[],1.0
8b473325-84a3-45f8-8477-343ff7a16d7b,1.0,acme-mining,site-01,fleet_telemetry,ACME-S01-TRUCK-013,haul_truck,2026-09-01T20:18:38.253Z,9,-16.630209,-71.528983,197.3,1.5,Pit-A,cycle-acme-s01-truck-013-00003,loading,224.2,240.0,272191.49,57.7,True,True,13443.88,262403.6,False,False,False,95.2,25.0,[],1.0
274e18b1-ade1-4bf3-821f-5f81f1480376,1.0,acme-mining,site-01,fleet_telemetry,ACME-S01-TRUCK-014,haul_truck,2026-09-01T20:18:38.253Z,9,-16.652532,-71.547914,227.5,0.2,Pit-A,cycle-acme-s01-truck-014-00003,loading,228.0,240.0,127403.67,69.8,True,True,15252.27,358291.53,False,False,False,88.2,24.0,[],1.0
51be0b57-a9e0-49de-b146-95df9e35b279,1.0,acme-mining,site-01,fleet_telemetry,ACME-S01-TRUCK-015,haul_truck,2026-09-01T20:18:38.253Z,9,-16.570342,-71.482847,98.0,0.5,Pit-A,cycle-acme-s01-truck-015-00003,loading,220.1,240.0,233380.52,32.4,True,True,21404.04,500036.39,False,False,False,90.4,25.0,[],1.0
be8db4da-df1c-4345-be38-348976f60618,1.0,acme-mining,site-01,fleet_telemetry,ACME-S01-TRUCK-016,haul_truck,2026-09-01T20:18:38.253Z,9,-16.585573,-71.617389,226.5,1.1,Pit-A,cycle-acme-s01-truck-016-00003,loading,222.7,240.0,247327.36,79.5,True,True,4040.2,500382.02,False,False,False,94.8,25.0,[],1.0
33f56abb-77d6-4c9a-bbcc-07f02b90b834,1.0,acme-mining,site-01,fleet_telemetry,ACME-S01-TRUCK-017,haul_truck,2026-09-01T20:18:38.253Z,9,-16.632115,-71.578964,323.2,1.4,Pit-A,cycle-acme-s01-truck-017-00003,loading,226.0,240.0,443541.99,81.4,True,True,3171.61,248678.08,False,False,False,94.7,25.1,[],1.0
25cdc134-389a-4d90-b353-0be545d14178,1.0,acme-mining,site-01,fleet_telemetry,ACME-S01-TRUCK-018,haul_truck,2026-09-01T20:18:38.253Z,9,-16.547859,-71.596959,291.9,0.2,Pit-A,cycle-acme-s01-truck-018-00003,loading,218.2,240.0,40454.09,78.2,True,True,2615.87,326174.17,False,False,False,87.9,24.0,[],1.0
56637c50-4884-4796-9839-2e94433b7a05,1.0,acme-mining,site-01,fleet_telemetry,ACME-S01-TRUCK-019,haul_truck,2026-09-01T20:18:38.253Z,9,-16.52182,-71.496664,35.2,0.8,Pit-A,cycle-acme-s01-truck-019-00003,loading,223.2,240.0,276901.91,92.5,True,True,4300.7,352434.66,False,False,False,89.6,24.1,[],1.0
631178b4-97ff-4593-93d4-38471effd568,1.0,acme-mining,site-01,fleet_telemetry,ACME-S01-TRUCK-020,haul_truck,2026-09-01T20:18:38.253Z,9,-16.598175,-71.577818,78.3,1.2,Pit-A,cycle-acme-s01-truck-020-00003,loading,218.8,240.0,174305.61,87.9,True,True,9258.65,443163.01,False,False,False,89.1,23.9,[],1.0
ba6df2b8-775f-412b-be5e-9026b402fc0e,1.0,acme-mining,site-01,fleet_telemetry,ACME-S01-TRUCK-021,haul_truck,2026-09-01T20:18:38.253Z,9,-16.569431,-71.580877,187.6,0.4,Pit-A,cycle-acme-s01-truck-021-00003,loading,225.6,240.0,106896.24,29.9,True,True,13272.16,164972.47,False,False,False,92.0,24.8,[],1.0
0c92feee-d8f2-44e3-8dfb-bca1f9c0b472,1.0,acme-mining,site-01,fleet_telemetry,ACME-S01-TRUCK-022,haul_truck,2026-09-01T20:18:38.253Z,9,-16.649193,-71.467818,238.1,1.2,Pit-A,cycle-acme-s01-truck-022-00003,loading,223.8,240.0,304350.81,39.9,True,True,2302.19,169943.17,False,False,False,90.3,24.3,[],1.0
55ddc078-a04d-44cb-b14b-5e04090604ad,1.0,acme-mining,site-01,fleet_telemetry,ACME-S01-TRUCK-023,haul_truck,2026-09-01T20:18:38.253Z,9,-16.564975,-71.560817,262.5,1.2,Pit-A,cycle-acme-s01-truck-023-00003,loading,217.6,240.0,189106.97,31.6,True,True,5951.55,317973.16,False,False,False,88.8,24.6,[],1.0
2e2aece8-800d-4e4f-af51-bd53b6faeecd,1.0,acme-mining,site-01,fleet_telemetry,ACME-S01-TRUCK-024,haul_truck,2026-09-01T20:18:38.253Z,9,-16.616102,-71.479622,174.0,1.1,Pit-A,cycle-acme-s01-truck-024-00003,loading,218.1,240.0,53304.45,53.1,True,True,15075.34,640024.26,False,False,False,87.1,24.9,[],1.0
0a74a8b8-4de1-41a7-bd5e-c20924f6bac5,1.0,acme-mining,site-01,fleet_telemetry,ACME-S01-TRUCK-025,haul_truck,2026-09-01T20:18:38.253Z,9,-16.530466,-71.605425,144.1,0.3,Pit-A,cycle-acme-s01-truck-025-00003,loading,225.1,240.0,90735.32,57.3,True,True,12169.27,108315.05,False,False,False,86.9,23.9,[],1.0
bc00499d-0a4f-4d83-a7c2-a03d0e1b2f03,1.0,acme-mining,site-01,fleet_telemetry,ACME-S01-TRUCK-026,haul_truck,2026-09-01T20:18:38.253Z,9,-16.655505,-71.496893,154.3,1.3,Pit-A,cycle-acme-s01-truck-026-00003,loading,223.5,240.0,247859.28,26.0,True,True,2875.68,430851.46,False,False,False,87.9,23.8,[],1.0
028c3434-4c00-4742-a614-43c1c5e98e7c,1.0,acme-mining,site-01,fleet_telemetry,ACME-S01-TRUCK-027,haul_truck,2026-09-01T20:18:38.253Z,9,-16.609752,-71.459829,350.8,1.0,Pit-A,cycle-acme-s01-truck-027-00003,loading,223.9,240.0,186458.31,29.1,True,True,11095.6,154660.98,False,False,False,93.1,24.8,[],1.0
ef61a54a-6837-475a-941b-a3bfe8e96f78,1.0,acme-mining,site-01,fleet_telemetry,ACME-S01-TRUCK-028,haul_truck,2026-09-01T20:18:38.253Z,9,-16.56451,-71.539637,306.3,0.3,Pit-A,cycle-acme-s01-truck-028-00003,loading,218.1,240.0,331422.93,79.8,True,True,6847.3,458852.86,False,False,False,87.7,24.2,[],1.0
0b77d0b3-cf97-44cc-8910-6c280702bb92,1.0,acme-mining,site-01,fleet_telemetry,ACME-S01-TRUCK-029,haul_truck,2026-09-01T20:18:38.253Z,9,-16.661252,-71.524013,291.8,1.0,Pit-A,cycle-acme-s01-truck-029-00003,loading,225.5,240.0,248566.47,77.3,True,True,21336.65,384883.79,False,False,False,93.2,23.9,[],1.0
d22429ea-5c41-4604-9877-b92d2d9e95e1,1.0,acme-mining,site-01,fleet_telemetry,ACME-S01-TRUCK-030,haul_truck,2026-09-01T20:18:38.253Z,9,-16.575182,-71.509465,111.0,1.0,Pit-A,cycle-acme-s01-truck-030-00003,loading,224.8,240.0,45249.63,38.0,True,True,4137.59,625290.93,False,False,False,90.3,23.8,[],1.0
ce5bf710-c5a0-46bd-91db-a34dbc537e5c,1.0,acme-mining,site-01,fleet_telemetry,ACME-S01-TRUCK-031,haul_truck,2026-09-01T20:18:38.253Z,9,-16.657288,-71.512314,60.5,1.3,Pit-A,cycle-acme-s01-truck-031-00003,loading,225.5,240.0,264724.97,27.7,True,True,20761.85,378895.71,False,False,False,88.9,24.9,[],1.0
d672cef9-ea01-4e94-8bc5-ab5b1212097c,1.0,acme-mining,site-01,fleet_telemetry,ACME-S01-TRUCK-032,haul_truck,2026-09-01T20:18:38.253Z,9,-16.607104,-71.510047,11.1,0.8,Pit-A,cycle-acme-s01-truck-032-00003,loading,217.9,240.0,325124.98,41.7,True,True,20615.79,148683.5,False,False,False,95.9,24.8,[],1.0
a14f7b21-0df4-4763-bf07-48c99d30c3e5,1.0,acme-mining,site-01,fleet_telemetry,ACME-S01-TRUCK-033,haul_truck,2026-09-01T20:18:38.253Z,9,-16.580325,-71.601478,110.7,0.4,Pit-A,cycle-acme-s01-truck-033-00003,loading,220.4,240.0,14099.39,68.4,True,True,20495.2,609512.82,False,False,False,93.0,24.4,[],1.0
7567472b-226a-4018-826f-ae01f342d16d,1.0,acme-mining,site-01,fleet_telemetry,ACME-S01-TRUCK-034,haul_truck,2026-09-01T20:18:38.253Z,9,-16.611296,-71.592241,153.2,1.1,Pit-A,cycle-acme-s01-truck-034-00003,loading,217.4,240.0,397580.82,86.5,True,True,6422.26,607953.59,False,False,False,93.4,23.9,[],1.0
e5eed68e-6d65-41fc-9b1f-3d61d65d2f01,1.0,acme-mining,site-01,fleet_telemetry,ACME-S01-TRUCK-035,haul_truck,2026-09-01T20:18:38.253Z,9,-16.539685,-71.569556,102.6,0.5,Pit-A,cycle-acme-s01-truck-035-00003,loading,216.1,240.0,297750.17,25.5,True,True,13767.58,641957.03,False,False,False,94.0,24.2,[],1.0
c0c99480-32d0-4076-8524-dff4a68eb7f0,1.0,acme-mining,site-01,fleet_telemetry,ACME-S01-TRUCK-036,haul_truck,2026-09-01T20:18:38.253Z,9,-16.625266,-71.583815,69.3,0.5,Pit-A,cycle-acme-s01-truck-036-00003,loading,223.4,240.0,336663.93,35.8,True,True,6406.69,580519.23,False,False,False,86.6,23.9,[],1.0
a3edafe5-5d8e-42ff-a7ee-5ae5951dd698,1.0,acme-mining,site-01,fleet_telemetry,ACME-S01-TRUCK-037,haul_truck,2026-09-01T20:18:38.253Z,9,-16.568936,-71.484771,33.6,0.5,Pit-A,cycle-acme-s01-truck-037-00003,loading,219.6,240.0,409590.57,28.5,True,True,11514.68,178206.61,False,False,False,89.2,24.7,[],1.0
74c24ac4-2bf4-4730-a0a0-8275b32f2ad2,1.0,acme-mining,site-01,fleet_telemetry,ACME-S01-TRUCK-038,haul_truck,2026-09-01T20:18:38.253Z,9,-16.582156,-71.549039,240.2,0.1,Pit-A,cycle-acme-s01-truck-038-00003,loading,218.1,240.0,125260.9,76.8,True,True,17147.74,421381.63,False,False,False,94.6,25.0,[],1.0
9c63a038-3f9d-47de-9ce9-cd910b60f31d,1.0,acme-mining,site-01,fleet_telemetry,ACME-S01-TRUCK-039,haul_truck,2026-09-01T20:18:38.253Z,9,-16.611301,-71.529111,96.2,0.1,Pit-A,cycle-acme-s01-truck-039-00003,loading,219.8,240.0,75584.47,27.5,True,True,20835.09,455342.56,False,False,False,89.2,24.8,[],1.0
d2f3a32c-8a65-448d-9ca2-0eacaba47661,1.0,acme-mining,site-01,fleet_telemetry,ACME-S01-TRUCK-040,haul_truck,2026-09-01T20:18:38.253Z,9,-16.526597,-71.583909,172.9,0.9,Pit-A,cycle-acme-s01-truck-040-00003,loading,223.6,240.0,360294.4,85.2,True,True,7335.09,586358.55,False,False,False,87.7,24.8,[],1.0
59321723-4530-4836-974e-e7339c73612e,1.0,acme-mining,site-01,fleet_telemetry,ACME-S01-TRUCK-041,haul_truck,2026-09-01T20:18:38.253Z,9,-16.550488,-71.46935,279.1,0.6,Pit-A,cycle-acme-s01-truck-041-00003,loading,228.0,240.0,394874.18,93.1,True,True,8298.0,372726.78,False,False,False,92.0,24.6,[],1.0
17a00e57-85fc-48e4-9bfb-448ed63f77c8,1.0,acme-mining,site-01,fleet_telemetry,ACME-S01-TRUCK-042,haul_truck,2026-09-01T20:18:38.253Z,9,-16.552498,-71.564341,300.4,0.4,Pit-A,cycle-acme-s01-truck-042-00003,loading,217.1,240.0,397823.72,26.7,True,True,21495.58,530786.36,False,False,False,88.5,24.7,[],1.0
9f7093e5-0d0e-4b2f-a1f4-40c3f05aba62,1.0,acme-mining,site-01,fleet_telemetry,ACME-S01-TRUCK-043,haul_truck,2026-09-01T20:18:38.253Z,9,-16.533033,-71.581892,223.5,0.8,Pit-A,cycle-acme-s01-truck-043-00003,loading,223.3,240.0,57562.66,86.0,True,True,6456.29,516046.14,False,False,False,86.2,24.1,[],1.0
b11dd809-4470-4e7e-947e-97f6d82de5e4,1.0,acme-mining,site-01,fleet_telemetry,ACME-S01-TRUCK-044,haul_truck,2026-09-01T20:18:38.253Z,9,-16.564795,-71.553776,105.8,1.2,Pit-A,cycle-acme-s01-truck-044-00003,loading,223.8,240.0,393382.72,40.6,True,True,8212.77,536938.13,False,False,False,94.6,24.3,[],1.0
1f8822e1-14a3-4216-a58b-5671edb8d80e,1.0,acme-mining,site-01,fleet_telemetry,ACME-S01-TRUCK-045,haul_truck,2026-09-01T20:18:38.253Z,9,-16.513415,-71.531711,72.5,1.0,Pit-A,cycle-acme-s01-truck-045-00003,loading,218.3,240.0,292252.55,52.9,True,True,21298.06,195848.95,False,False,False,90.1,24.2,[],1.0
98caf109-a06b-4a01-9d0c-6d560d8a7e17,1.0,acme-mining,site-01,fleet_telemetry,ACME-S01-TRUCK-046,haul_truck,2026-09-01T20:18:38.253Z,9,-16.66426,-71.522033,170.1,0.8,Pit-A,cycle-acme-s01-truck-046-00003,loading,227.4,240.0,265460.07,93.8,True,True,19393.23,184565.76,False,False,False,88.6,23.9,[],1.0
1827e75c-5b31-4bc4-9339-10e752bfe06a,1.0,acme-mining,site-01,fleet_telemetry,ACME-S01-TRUCK-047,haul_truck,2026-09-01T20:18:38.253Z,9,-16.639979,-71.610421,263.3,1.4,Pit-A,cycle-acme-s01-truck-047-00003,loading,221.2,240.0,60884.73,87.9,True,True,10051.56,640068.77,False,False,False,92.1,24.5,[],1.0
6e1716db-2cfa-4f60-9bc4-47490a14445c,1.0,acme-mining,site-01,fleet_telemetry,ACME-S01-TRUCK-048,haul_truck,2026-09-01T20:18:38.253Z,9,-16.563063,-71.559234,261.8,1.2,Pit-A,cycle-acme-s01-truck-048-00003,loading,219.5,240.0,326549.79,76.9,True,True,20422.21,359224.94,False,False,False,88.8,24.0,[],1.0
b12b99c2-d97d-4da5-a8e7-95be9a63ce65,1.0,acme-mining,site-01,fleet_telemetry,ACME-S01-TRUCK-049,haul_truck,2026-09-01T20:18:38.253Z,9,-16.589242,-71.51084,161.9,1.4,Pit-A,cycle-acme-s01-truck-049-00003,loading,222.7,240.0,64835.73,88.0,True,True,14010.91,437934.31,False,False,False,89.4,24.1,[],1.0
4d044636-4d48-4f18-8454-114e343ee441,1.0,acme-mining,site-01,fleet_telemetry,ACME-S01-TRUCK-050,haul_truck,2026-09-01T20:18:38.253Z,9,-16.550712,-71.589651,201.3,1.2,Pit-A,cycle-acme-s01-truck-050-00003,loading,226.3,240.0,302569.54,51.5,True,True,12553.56,140859.46,False,False,False,112.8,25.1,"[""ENG_OVERHEAT""]",0.72
4ae83ce7-ba2a-4f42-9698-bf8ad201ea98,1.0,acme-mining,site-01,fleet_telemetry,ACME-S01-TRUCK-051,haul_truck,2026-09-01T20:18:38.253Z,9,-16.577595,-71.512716,354.7,0.8,Pit-A,cycle-acme-s01-truck-051-00003,loading,220.5,240.0,136242.62,55.0,True,True,12416.28,20256.0,False,False,False,88.7,24.5,[],1.0
5e216cb2-be2b-4fb2-8283-788d1a65e8d7,1.0,acme-mining,site-01,fleet_telemetry,ACME-S01-TRUCK-052,haul_truck,2026-09-01T20:18:38.253Z,9,-16.552627,-71.512058,345.6,0.9,Pit-A,cycle-acme-s01-truck-052-00003,loading,222.8,240.0,359244.16,92.1,True,True,15123.31,342039.84,False,False,False,111.4,24.2,"[""ENG_OVERHEAT""]",0.72
8bfd7ab2-6d03-488d-81d9-397032691fa2,1.0,acme-mining,site-01,fleet_telemetry,ACME-S01-TRUCK-053,haul_truck,2026-09-01T20:18:38.253Z,9,-16.541368,-71.593923,118.1,0.3,Pit-A,cycle-acme-s01-truck-053-00003,loading,226.1,240.0,113342.77,46.7,True,True,2779.82,619760.0,False,False,False,90.7,24.2,[],1.0
b1cd6311-00c1-4e92-9dda-0f8d5524a83d,1.0,acme-mining,site-01,fleet_telemetry,ACME-S01-TRUCK-054,haul_truck,2026-09-01T20:18:38.253Z,9,-16.578277,-71.502524,213.0,0.2,Pit-A,cycle-acme-s01-truck-054-00003,loading,218.4,240.0,210383.7,87.0,True,True,13759.02,504148.48,False,False,False,86.4,24.6,[],1.0
680ffca2-ac0e-4852-bcf2-08357b2b871c,1.0,acme-mining,site-01,fleet_telemetry,ACME-S01-TRUCK-055,haul_truck,2026-09-01T20:18:38.253Z,9,-16.547162,-71.600421,98.9,0.4,Pit-A,cycle-acme-s01-truck-055-00003,loading,227.4,240.0,12440.31,77.5,True,True,5972.48,433316.72,False,False,False,88.1,24.2,[],1.0
f15d5d7b-99a0-42e3-9a71-8958e1d4bc36,1.0,acme-mining,site-01,fleet_telemetry,ACME-S01-TRUCK-056,haul_truck,2026-09-01T20:18:38.253Z,9,-16.523597,-71.598062,156.1,1.1,Pit-A,cycle-acme-s01-truck-056-00003,loading,224.0,240.0,214402.54,64.0,True,True,17847.14,458424.61,False,False,False,91.2,24.4,[],1.0
2bce5a8a-b56a-49f3-84cf-a92c06f90a56,1.0,acme-mining,site-01,fleet_telemetry,ACME-S01-TRUCK-057,haul_truck,2026-09-01T20:18:38.253Z,9,-16.527761,-71.519456,38.3,0.8,Pit-A,cycle-acme-s01-truck-057-00003,loading,221.5,240.0,271999.61,91.5,True,True,14952.66,642372.43,False,False,False,90.1,24.8,[],1.0
6f7a548c-e6e4-43ec-a11f-291e32166c3b,1.0,acme-mining,site-01,fleet_telemetry,ACME-S01-TRUCK-058,haul_truck,2026-09-01T20:18:38.253Z,9,-16.532515,-71.545502,30.6,1.3,Pit-A,cycle-acme-s01-truck-058-00003,loading,226.4,240.0,206202.58,36.1,True,True,9846.92,591318.67,False,False,False,111.3,24.2,"[""ENG_OVERHEAT""]",0.72
5ca3336e-84c2-4ff9-9612-720768e2c666,1.0,acme-mining,site-01,fleet_telemetry,ACME-S01-TRUCK-059,haul_truck,2026-09-01T20:18:38.253Z,9,-16.658011,-71.57174,287.4,0.7,Pit-A,cycle-acme-s01-truck-059-00003,loading,216.3,240.0,285769.9,44.2,True,True,17035.26,348419.07,False,False,False,93.6,24.2,[],1.0
2a60332a-dddc-452b-ad84-c86a2ea06d72,1.0,acme-mining,site-01,fleet_telemetry,ACME-S01-TRUCK-060,haul_truck,2026-09-01T20:18:38.253Z,9,-16.645962,-71.583226,141.1,1.4,Pit-A,cycle-acme-s01-truck-060-00003,loading,227.3,240.0,76366.08,51.8,True,True,19732.18,70764.1,False,False,False,87.0,25.0,[],1.0
4d3f5a8d-f019-4697-a55f-ef6ac41e2df3,1.0,acme-mining,site-01,fleet_telemetry,ACME-S01-TRUCK-061,haul_truck,2026-09-01T20:18:38.253Z,9,-16.525629,-71.524055,195.4,0.6,Pit-A,cycle-acme-s01-truck-061-00003,loading,216.0,240.0,101007.72,54.4,True,True,12303.37,281938.0,False,False,False,89.4,24.5,[],1.0
fe78ccf6-438f-4003-97c2-04cf48c81b74,1.0,acme-mining,site-01,fleet_telemetry,ACME-S01-TRUCK-062,haul_truck,2026-09-01T20:18:38.253Z,9,-16.533854,-71.464962,93.8,1.4,Pit-A,cycle-acme-s01-truck-062-00003,loading,220.6,240.0,164774.46,77.7,True,True,8864.09,23714.73,False,False,False,92.6,25.0,[],1.0
ef899588-8fc7-4758-8110-ba052a5084f6,1.0,acme-mining,site-01,fleet_telemetry,ACME-S01-TRUCK-063,haul_truck,2026-09-01T20:18:38.253Z,9,-16.592649,-71.555285,132.4,1.0,Pit-A,cycle-acme-s01-truck-063-00003,loading,224.3,240.0,224821.56,44.1,True,True,17757.22,585621.33,False,False,False,95.7,25.0,[],1.0
15243f8b-be9e-47a4-a9d2-b8cab162a624,1.0,acme-mining,site-01,fleet_telemetry,ACME-S01-TRUCK-064,haul_truck,2026-09-01T20:18:38.253Z,9,-16.584929,-71.472404,357.1,1.5,Pit-A,cycle-acme-s01-truck-064-00003,loading,219.9,240.0,414598.9,93.6,True,True,16152.66,549518.76,False,False,False,94.8,24.2,[],1.0
7b95b047-f28f-44f5-a5e8-41674704c6a0,1.0,acme-mining,site-01,fleet_telemetry,ACME-S01-TRUCK-065,haul_truck,2026-09-01T20:18:38.253Z,9,-16.628746,-71.565118,207.5,1.1,Pit-A,cycle-acme-s01-truck-065-00003,loading,220.0,240.0,391415.18,37.7,True,True,2579.7,290026.25,False,False,False,113.7,25.1,"[""ENG_OVERHEAT""]",0.72
b3d74ff4-4e34-4fff-bf0d-852c7f4a7705,1.0,acme-mining,site-01,fleet_telemetry,ACME-S01-TRUCK-066,haul_truck,2026-09-01T20:18:38.253Z,9,-16.630041,-71.60436,324.3,0.7,Pit-A,cycle-acme-s01-truck-066-00003,loading,217.6,240.0,340884.91,83.2,True,True,16938.08,258849.71,False,False,False,93.1,25.1,[],1.0
32e5cfda-9b58-4f69-9bb0-97be24555580,1.0,acme-mining,site-01,fleet_telemetry,ACME-S01-TRUCK-067,haul_truck,2026-09-01T20:18:38.253Z,9,-16.517193,-71.611043,211.6,1.2,Pit-A,cycle-acme-s01-truck-067-00003,loading,221.7,240.0,108658.34,29.8,True,True,1904.23,619709.59,False,False,False,93.0,25.1,[],1.0
d977f11c-1e5e-4252-abce-8c5abb3fa210,1.0,acme-mining,site-01,fleet_telemetry,ACME-S01-TRUCK-068,haul_truck,2026-09-01T20:18:38.253Z,9,-16.56328,-71.527249,118.9,1.2,Pit-A,cycle-acme-s01-truck-068-00003,loading,227.5,240.0,77048.82,33.8,True,True,5026.46,32839.6,False,False,False,94.4,25.2,[],1.0
1d11d293-4c80-4408-b526-31382784b61e,1.0,acme-mining,site-01,fleet_telemetry,ACME-S01-TRUCK-069,haul_truck,2026-09-01T20:18:38.253Z,9,-16.652069,-71.486454,176.5,1.0,Pit-A,cycle-acme-s01-truck-069-00003,loading,219.9,240.0,277189.48,77.3,True,True,17058.25,125707.36,False,False,False,93.1,24.8,[],1.0
faa12463-7c53-480f-9fe8-d6a81fc884b5,1.0,acme-mining,site-01,fleet_telemetry,ACME-S01-TRUCK-070,haul_truck,2026-09-01T20:18:38.253Z,9,-16.610312,-71.466853,25.7,1.1,Pit-A,cycle-acme-s01-truck-070-00003,loading,219.6,240.0,263351.15,88.5,True,True,13068.13,605199.1,False,False,False,95.9,24.4,[],1.0
b457c14f-2931-4d7c-9d58-2067f644a485,1.0,acme-mining,site-01,fleet_telemetry,ACME-S01-TRUCK-071,haul_truck,2026-09-01T20:18:38.253Z,9,-16.534326,-71.521425,269.4,1.1,Pit-A,cycle-acme-s01-truck-071-00003,loading,219.5,240.0,54837.16,79.0,True,True,15441.04,415162.89,False,False,False,88.4,25.0,[],1.0
b6aadc63-a20b-408c-8b90-342adcad3939,1.0,acme-mining,site-01,fleet_telemetry,ACME-S01-TRUCK-072,haul_truck,2026-09-01T20:18:38.253Z,9,-16.589419,-71.562878,79.4,1.3,Pit-A,cycle-acme-s01-truck-072-00003,loading,218.4,240.0,198486.91,50.9,True,True,17391.88,238738.58,False,False,False,91.1,24.8,[],1.0
6044b7ef-5852-4976-b397-089ea4d5b284,1.0,acme-mining,site-01,fleet_telemetry,ACME-S01-TRUCK-073,haul_truck,2026-09-01T20:18:38.253Z,9,-16.55725,-71.547843,197.7,0.1,Pit-A,cycle-acme-s01-truck-073-00003,loading,226.2,240.0,289658.03,83.0,True,True,3037.44,625296.37,False,False,False,87.4,24.3,[],1.0
990ba763-ef04-4bb2-88ab-d9366db7a1d0,1.0,acme-mining,site-01,fleet_telemetry,ACME-S01-TRUCK-074,haul_truck,2026-09-01T20:18:38.253Z,9,-16.538277,-71.522715,273.2,0.5,Pit-A,cycle-acme-s01-truck-074-00003,loading,223.3,240.0,350842.82,57.5,True,True,13857.35,599359.34,False,False,False,88.1,24.7,[],1.0
fd1be029-94f0-4241-b908-ff0f3eeb5960,1.0,acme-mining,site-01,fleet_telemetry,ACME-S01-TRUCK-075,haul_truck,2026-09-01T20:18:38.253Z,9,-16.596053,-71.519894,176.3,0.8,Pit-A,cycle-acme-s01-truck-075-00003,loading,226.9,240.0,397918.31,42.0,True,True,18411.51,74597.82,False,False,False,95.0,24.3,[],1.0
dddb0c70-1aa5-4a6e-ab2e-b970f2e68b3e,1.0,acme-mining,site-01,fleet_telemetry,ACME-S01-TRUCK-076,haul_truck,2026-09-01T20:18:38.253Z,9,-16.629065,-71.572742,149.3,0.6,Pit-A,cycle-acme-s01-truck-076-00003,loading,226.7,240.0,224522.56,49.8,True,True,11279.31,224759.14,False,False,False,89.9,23.9,[],1.0
b6092b30-6a80-46af-b148-71fd0f5fdc4c,1.0,acme-mining,site-01,fleet_telemetry,ACME-S01-TRUCK-077,haul_truck,2026-09-01T20:18:38.253Z,9,-16.605339,-71.528673,76.0,0.3,Pit-A,cycle-acme-s01-truck-077-00003,loading,219.0,240.0,94065.41,41.8,True,True,12582.78,345475.38,False,False,False,92.8,24.6,[],1.0
fb6256cd-6003-4747-8dac-8e519be92d7a,1.0,acme-mining,site-01,fleet_telemetry,ACME-S01-TRUCK-078,haul_truck,2026-09-01T20:18:38.253Z,9,-16.634965,-71.506794,88.0,0.6,Pit-A,cycle-acme-s01-truck-078-00003,loading,220.5,240.0,358891.05,31.5,True,True,14493.15,329217.64,False,False,False,93.4,23.9,[],1.0
556fee90-2e8e-43d5-82d3-022fb0fbba84,1.0,acme-mining,site-01,fleet_telemetry,ACME-S01-TRUCK-079,haul_truck,2026-09-01T20:18:38.253Z,9,-16.582314,-71.561196,244.6,0.1,Pit-A,cycle-acme-s01-truck-079-00003,loading,218.4,240.0,161253.84,94.7,True,True,8623.25,368688.14,False,False,False,89.7,23.9,[],1.0
b0286a91-c30e-4b60-8c6a-0957f75b8a58,1.0,acme-mining,site-01,fleet_telemetry,ACME-S01-TRUCK-080,haul_truck,2026-09-01T20:18:38.253Z,9,-16.58467,-71.495578,301.7,1.1,Pit-A,cycle-acme-s01-truck-080-00003,loading,216.6,240.0,94737.68,33.3,True,True,6129.77,96013.39,False,False,False,94.8,25.0,[],1.0
fa41b2ce-cb77-435b-95b6-cfd7f2b1297a,1.0,acme-mining,site-02,fleet_telemetry,ACME-S02-TRUCK-001,haul_truck,2026-09-01T20:18:38.253Z,9,-16.537068,-71.488512,241.8,1.2,Pit-A,cycle-acme-s02-truck-001-00003,loading,221.4,240.0,319615.94,60.0,True,True,4524.74,259530.86,False,False,False,91.3,23.9,[],1.0
4f1f9a63-53fa-4f52-9392-28cca20cfc57,1.0,acme-mining,site-02,fleet_telemetry,ACME-S02-TRUCK-002,haul_truck,2026-09-01T20:18:38.253Z,9,-16.60173,-71.552816,197.6,0.1,Pit-A,cycle-acme-s02-truck-002-00003,loading,224.9,240.0,44260.14,46.9,True,True,10047.87,309645.37,False,False,False,89.6,24.7,[],1.0
9e0f6d32-fd42-47ae-8919-8e569847d9c8,1.0,acme-mining,site-02,fleet_telemetry,ACME-S02-TRUCK-003,haul_truck,2026-09-01T20:18:38.253Z,9,-16.571484,-71.484351,85.4,0.5,Pit-A,cycle-acme-s02-truck-003-00003,loading,224.9,240.0,152898.59,81.0,True,True,3241.69,33139.81,False,False,False,93.1,24.9,[],1.0
752d7e38-4b07-4322-be0d-cde7eb37c0c4,1.0,acme-mining,site-02,fleet_telemetry,ACME-S02-TRUCK-004,haul_truck,2026-09-01T20:18:38.253Z,9,-16.657803,-71.478242,350.5,0.5,Pit-A,cycle-acme-s02-truck-004-00003,loading,217.4,240.0,201698.26,53.0,True,True,10058.3,86693.96,False,False,False,91.6,24.6,[],1.0
fe0f08f8-0dd7-44f0-ab46-670098a5ceed,1.0,acme-mining,site-02,fleet_telemetry,ACME-S02-TRUCK-005,haul_truck,2026-09-01T20:18:38.253Z,9,-16.58883,-71.472583,96.1,0.1,Pit-A,cycle-acme-s02-truck-005-00003,loading,223.4,240.0,234613.23,32.9,True,True,7861.07,125923.79,False,False,False,95.0,24.0,[],1.0
4ba2b885-b7b7-48da-b977-38c25013cff2,1.0,acme-mining,site-02,fleet_telemetry,ACME-S02-TRUCK-006,haul_truck,2026-09-01T20:18:38.253Z,9,-16.548787,-71.51262,289.2,0.6,Pit-A,cycle-acme-s02-truck-006-00003,loading,227.2,240.0,96800.18,67.1,True,True,5808.91,112260.04,False,False,False,95.2,23.8,[],1.0
16f02ee7-a040-4eb1-b298-da6dac014eac,1.0,acme-mining,site-02,fleet_telemetry,ACME-S02-TRUCK-007,haul_truck,2026-09-01T20:18:38.253Z,9,-16.529277,-71.514601,137.0,1.5,Pit-A,cycle-acme-s02-truck-007-00003,loading,225.0,240.0,264966.55,72.6,True,True,10635.82,375153.52,False,False,False,95.8,24.7,[],1.0
a01ff08a-d6a9-4c7a-b9cb-de587e44d9e9,1.0,acme-mining,site-02,fleet_telemetry,ACME-S02-TRUCK-008,haul_truck,2026-09-01T20:18:38.253Z,9,-16.599678,-71.569018,261.5,0.0,Pit-A,cycle-acme-s02-truck-008-00003,loading,226.7,240.0,76421.84,29.7,True,True,19122.05,415147.17,False,False,False,94.5,24.7,[],1.0
d9a32a07-4da6-447e-ae77-9775c2a8a302,1.0,acme-mining,site-02,fleet_telemetry,ACME-S02-TRUCK-009,haul_truck,2026-09-01T20:18:38.253Z,9,-16.611435,-71.571588,192.7,0.2,Pit-A,cycle-acme-s02-truck-009-00003,loading,225.6,240.0,213167.28,27.6,True,True,8261.19,66740.29,False,False,False,87.2,24.4,[],1.0
3611a4b9-4547-4236-b404-ef8bf7cd017a,1.0,acme-mining,site-02,fleet_telemetry,ACME-S02-TRUCK-010,haul_truck,2026-09-01T20:18:38.253Z,9,-16.543699,-71.474162,179.7,0.8,Pit-A,cycle-acme-s02-truck-010-00003,loading,224.2,240.0,213593.72,63.8,True,True,13838.19,339452.9,False,False,False,92.3,25.1,[],1.0
3c32adc7-529e-40dd-b59f-2e7cad9b1c64,1.0,acme-mining,site-02,fleet_telemetry,ACME-S02-TRUCK-011,haul_truck,2026-09-01T20:18:38.253Z,9,-16.660475,-71.600912,280.4,0.6,Pit-A,cycle-acme-s02-truck-011-00003,loading,220.6,240.0,219277.36,35.5,True,True,14618.97,222562.08,False,False,False,92.2,25.1,[],1.0
18b221f5-f214-4312-b1b4-7033720344a5,1.0,acme-mining,site-02,fleet_telemetry,ACME-S02-TRUCK-012,haul_truck,2026-09-01T20:18:38.253Z,9,-16.557209,-71.458977,335.6,0.0,Pit-A,cycle-acme-s02-truck-012-00003,loading,219.3,240.0,294296.51,27.7,True,True,21626.59,73127.59,False,False,False,91.7,23.9,[],1.0
475ac503-ec3c-4534-9791-1839529b73c4,1.0,acme-mining,site-02,fleet_telemetry,ACME-S02-TRUCK-013,haul_truck,2026-09-01T20:18:38.253Z,9,-16.561738,-71.609105,228.2,0.0,Pit-A,cycle-acme-s02-truck-013-00003,loading,218.8,240.0,180463.87,79.2,True,True,8514.65,598300.36,False,False,False,92.6,25.1,[],1.0
38140098-5ab7-41ea-a4c6-3685396504b1,1.0,acme-mining,site-02,fleet_telemetry,ACME-S02-TRUCK-014,haul_truck,2026-09-01T20:18:38.253Z,9,-16.554624,-71.512456,225.8,1.4,Pit-A,cycle-acme-s02-truck-014-00003,loading,217.6,240.0,308487.5,44.8,True,True,2197.34,79538.93,False,False,False,87.3,23.9,[],1.0
ccb579ec-cbc4-428c-99bf-3ebb0bea67a5,1.0,acme-mining,site-02,fleet_telemetry,ACME-S02-TRUCK-015,haul_truck,2026-09-01T20:18:38.253Z,9,-16.515617,-71.505776,166.7,0.3,Pit-A,cycle-acme-s02-truck-015-00003,loading,216.6,240.0,72229.07,49.4,True,True,7867.29,387126.1,False,False,False,92.5,25.0,[],1.0
9c820c69-ef43-4360-a2c8-6b7e4eb2e844,1.0,acme-mining,site-02,fleet_telemetry,ACME-S02-TRUCK-016,haul_truck,2026-09-01T20:18:38.253Z,9,-16.617834,-71.597058,68.9,0.8,Pit-A,cycle-acme-s02-truck-016-00003,loading,224.8,240.0,255926.3,70.0,True,True,15827.29,73373.17,False,False,False,88.5,24.4,[],1.0
6e532b61-bab4-4d87-8186-4249476715c5,1.0,acme-mining,site-02,fleet_telemetry,ACME-S02-TRUCK-017,haul_truck,2026-09-01T20:18:38.253Z,9,-16.621007,-71.465302,324.3,0.2,Pit-A,cycle-acme-s02-truck-017-00003,loading,217.1,240.0,233735.52,26.2,True,True,2781.22,442387.49,False,False,False,89.3,24.9,[],1.0
3cd8fe3d-0471-46a6-a7a8-29695936f52f,1.0,acme-mining,site-02,fleet_telemetry,ACME-S02-TRUCK-018,haul_truck,2026-09-01T20:18:38.253Z,9,-16.544293,-71.536257,8.3,0.5,Pit-A,cycle-acme-s02-truck-018-00003,loading,226.6,240.0,78176.46,45.7,True,True,4870.52,649985.49,False,False,False,94.0,25.1,[],1.0
f5b3c751-c6f4-4cf3-8d56-9a04c18d6286,1.0,acme-mining,site-02,fleet_telemetry,ACME-S02-TRUCK-019,haul_truck,2026-09-01T20:18:38.253Z,9,-16.610149,-71.591561,15.8,1.4,Pit-A,cycle-acme-s02-truck-019-00003,loading,220.8,240.0,347175.93,34.1,True,True,1600.26,232161.77,False,False,False,94.1,24.6,[],1.0
976b1442-591d-43ea-923e-58391cdaad47,1.0,acme-mining,site-02,fleet_telemetry,ACME-S02-TRUCK-020,haul_truck,2026-09-01T20:18:38.253Z,9,-16.515252,-71.519812,281.9,0.3,Pit-A,cycle-acme-s02-truck-020-00003,loading,218.2,240.0,170292.33,75.3,True,True,16089.09,47526.43,False,False,False,86.1,25.0,[],1.0
eb06d67c-1617-491c-8c07-a21fffddd664,1.0,acme-mining,site-02,fleet_telemetry,ACME-S02-TRUCK-021,haul_truck,2026-09-01T20:18:38.253Z,9,-16.52579,-71.586449,352.6,1.3,Pit-A,cycle-acme-s02-truck-021-00003,loading,227.5,240.0,434863.11,79.9,True,True,5760.87,170676.33,False,False,False,90.0,25.2,[],1.0
4da1053f-2610-4d93-be91-a8e9eaec28ad,1.0,acme-mining,site-02,fleet_telemetry,ACME-S02-TRUCK-022,haul_truck,2026-09-01T20:18:38.253Z,9,-16.586016,-71.462912,180.9,0.1,Pit-A,cycle-acme-s02-truck-022-00003,loading,219.1,240.0,133980.15,51.7,True,True,21670.14,310858.57,False,False,False,86.8,24.8,[],1.0
e963d42d-a0ed-402e-8f72-2b9b216dff7f,1.0,acme-mining,site-02,fleet_telemetry,ACME-S02-TRUCK-023,haul_truck,2026-09-01T20:18:38.253Z,9,-16.520883,-71.503634,12.7,0.8,Pit-A,cycle-acme-s02-truck-023-00003,loading,227.6,240.0,221460.47,50.9,True,True,19307.65,52873.45,False,False,False,88.6,25.1,[],1.0
06c30be8-a1bd-41a8-85ba-22ec26272881,1.0,acme-mining,site-02,fleet_telemetry,ACME-S02-TRUCK-024,haul_truck,2026-09-01T20:18:38.253Z,9,-16.646791,-71.547535,185.3,0.5,Pit-A,cycle-acme-s02-truck-024-00003,loading,221.2,240.0,130028.76,88.3,True,True,6843.35,500763.77,False,False,False,87.3,24.5,[],1.0
5b033ee0-8ae1-4619-9b4d-40071f56fcec,1.0,acme-mining,site-02,fleet_telemetry,ACME-S02-TRUCK-025,haul_truck,2026-09-01T20:18:38.253Z,9,-16.607012,-71.557664,153.2,0.8,Pit-A,cycle-acme-s02-truck-025-00003,loading,224.7,240.0,419408.23,54.0,True,True,18114.12,577316.95,False,False,False,89.8,25.2,[],1.0
bd97e797-b2c0-471c-a5d3-66a9c2e428be,1.0,acme-mining,site-02,fleet_telemetry,ACME-S02-TRUCK-026,haul_truck,2026-09-01T20:18:38.253Z,9,-16.566404,-71.490867,237.2,1.5,Pit-A,cycle-acme-s02-truck-026-00003,loading,218.9,240.0,419563.98,83.7,True,True,8748.16,37758.33,False,False,False,88.1,23.9,[],1.0
61e70174-fb84-4dee-8851-0fb14c3c85e8,1.0,acme-mining,site-02,fleet_telemetry,ACME-S02-TRUCK-027,haul_truck,2026-09-01T20:18:38.253Z,9,-16.595323,-71.519061,318.4,1.0,Pit-A,cycle-acme-s02-truck-027-00003,loading,217.7,240.0,375689.2,78.1,True,True,20248.81,317646.79,False,False,False,91.9,25.2,[],1.0
8235139c-7491-46bb-bf70-30dd3e054808,1.0,acme-mining,site-02,fleet_telemetry,ACME-S02-TRUCK-028,haul_truck,2026-09-01T20:18:38.253Z,9,-16.585984,-71.599732,100.6,1.2,Pit-A,cycle-acme-s02-truck-028-00003,loading,222.7,240.0,251474.45,75.9,True,True,6225.6,546026.93,False,False,False,86.1,25.0,[],1.0
b2ef3fae-ff41-47dd-8a5c-1039f4069cbe,1.0,acme-mining,site-02,fleet_telemetry,ACME-S02-TRUCK-029,haul_truck,2026-09-01T20:18:38.253Z,9,-16.660327,-71.48362,207.8,0.4,Pit-A,cycle-acme-s02-truck-029-00003,loading,226.8,240.0,291139.35,68.5,True,True,3383.2,170217.07,False,False,False,86.8,23.8,[],1.0
ac3bf968-47f1-497c-b048-9cb088d17ac3,1.0,acme-mining,site-02,fleet_telemetry,ACME-S02-TRUCK-030,haul_truck,2026-09-01T20:18:38.253Z,9,-16.601726,-71.519107,92.3,0.8,Pit-A,cycle-acme-s02-truck-030-00003,loading,217.5,240.0,116453.37,35.0,True,True,1148.44,344686.91,False,False,False,93.2,25.2,[],1.0
da4d7b32-ec73-40b3-ba91-f14514e0f991,1.0,acme-mining,site-02,fleet_telemetry,ACME-S02-TRUCK-031,haul_truck,2026-09-01T20:18:38.253Z,9,-16.51787,-71.530467,60.6,0.9,Pit-A,cycle-acme-s02-truck-031-00003,loading,219.9,240.0,240333.79,50.2,True,True,4771.07,440975.58,False,False,False,88.5,24.8,[],1.0
e29a1283-d416-4527-a3b7-3bc1b7aeef59,1.0,acme-mining,site-02,fleet_telemetry,ACME-S02-TRUCK-032,haul_truck,2026-09-01T20:18:38.253Z,9,-16.513432,-71.576895,165.4,0.4,Pit-A,cycle-acme-s02-truck-032-00003,loading,224.5,240.0,216860.02,69.4,True,True,12548.03,265986.04,False,False,False,87.2,24.6,[],1.0
e14ec843-78fd-44ef-952a-b68ad383810f,1.0,acme-mining,site-02,fleet_telemetry,ACME-S02-TRUCK-033,haul_truck,2026-09-01T20:18:38.253Z,9,-16.552771,-71.564277,86.1,0.1,Pit-A,cycle-acme-s02-truck-033-00003,loading,219.7,240.0,286433.65,79.0,True,True,8109.83,481753.05,False,False,False,87.3,24.3,[],1.0
5f14e90f-a1f4-4c14-b7ca-12cb760cdcc2,1.0,acme-mining,site-02,fleet_telemetry,ACME-S02-TRUCK-034,haul_truck,2026-09-01T20:18:38.253Z,9,-16.513467,-71.540969,295.1,0.1,Pit-A,cycle-acme-s02-truck-034-00003,loading,221.7,240.0,375369.4,72.9,True,True,7977.21,424961.41,False,False,False,92.4,24.3,[],1.0
4e0ee9f6-9c03-43b4-b8b8-0ab3612bb5c6,1.0,acme-mining,site-02,fleet_telemetry,ACME-S02-TRUCK-035,haul_truck,2026-09-01T20:18:38.253Z,9,-16.663387,-71.585598,200.3,0.3,Pit-A,cycle-acme-s02-truck-035-00003,loading,220.7,240.0,211379.6,45.5,True,True,2137.74,509000.19,False,False,False,86.1,25.0,[],1.0
bdb51d2e-2b08-4a0e-8ad0-874a76860215,1.0,acme-mining,site-02,fleet_telemetry,ACME-S02-TRUCK-036,haul_truck,2026-09-01T20:18:38.253Z,9,-16.549885,-71.586955,149.0,1.1,Pit-A,cycle-acme-s02-truck-036-00003,loading,223.5,240.0,248934.09,42.7,True,True,11726.14,643147.5,False,False,False,93.5,24.9,[],1.0
104fbb41-6d89-4919-bd47-ba7615b70087,1.0,acme-mining,site-02,fleet_telemetry,ACME-S02-TRUCK-037,haul_truck,2026-09-01T20:18:38.253Z,9,-16.528086,-71.498565,278.7,0.6,Pit-A,cycle-acme-s02-truck-037-00003,loading,223.1,240.0,64769.59,50.7,True,True,19154.94,229112.75,False,False,False,87.7,25.1,[],1.0
e5677c6d-9409-4288-a3b8-5514f5a22096,1.0,acme-mining,site-02,fleet_telemetry,ACME-S02-TRUCK-038,haul_truck,2026-09-01T20:18:38.253Z,9,-16.542786,-71.574859,59.3,0.8,Pit-A,cycle-acme-s02-truck-038-00003,loading,226.6,240.0,314510.72,50.7,True,True,7987.59,137695.01,False,False,False,91.3,24.6,[],1.0
1e608ba2-6fad-473e-bfc9-29f843b81982,1.0,acme-mining,site-02,fleet_telemetry,ACME-S02-TRUCK-039,haul_truck,2026-09-01T20:18:38.253Z,9,-16.618948,-71.604667,134.4,0.0,Pit-A,cycle-acme-s02-truck-039-00003,loading,222.3,240.0,371830.75,63.1,True,True,2473.27,399545.77,False,False,False,87.5,23.9,[],1.0
de6019a7-15ee-41bb-bc94-8e923a4236e8,1.0,acme-mining,site-02,fleet_telemetry,ACME-S02-TRUCK-040,haul_truck,2026-09-01T20:18:38.253Z,9,-16.598829,-71.501194,245.3,1.3,Pit-A,cycle-acme-s02-truck-040-00003,loading,221.1,240.0,83324.29,56.0,True,True,10253.43,472127.82,False,False,False,93.3,25.0,[],1.0
630eff93-081f-4a88-87e6-e58599d72314,1.0,acme-mining,site-02,fleet_telemetry,ACME-S02-TRUCK-041,haul_truck,2026-09-01T20:18:38.253Z,9,-16.568423,-71.559344,341.6,0.7,Pit-A,cycle-acme-s02-truck-041-00003,loading,221.9,240.0,427078.51,30.2,True,True,6620.59,637417.39,False,False,False,86.2,24.2,[],1.0
bf7c54b8-3ca1-4d01-ada8-cb350159e2c4,1.0,acme-mining,site-02,fleet_telemetry,ACME-S02-TRUCK-042,haul_truck,2026-09-01T20:18:38.253Z,9,-16.664879,-71.60673,206.8,1.2,Pit-A,cycle-acme-s02-truck-042-00003,loading,227.7,240.0,277332.66,79.6,True,True,20999.15,109951.26,False,False,False,93.3,25.0,[],1.0
50a5e2c2-b373-4388-9b49-ec20cbaa2c14,1.0,acme-mining,site-02,fleet_telemetry,ACME-S02-TRUCK-043,haul_truck,2026-09-01T20:18:38.253Z,9,-16.598407,-71.558135,29.2,0.7,Pit-A,cycle-acme-s02-truck-043-00003,loading,218.8,240.0,24250.13,35.7,True,True,8477.6,618164.44,False,False,False,92.4,24.5,[],1.0
b30749ad-a6d4-4017-91c1-c59fd99af341,1.0,acme-mining,site-02,fleet_telemetry,ACME-S02-TRUCK-044,haul_truck,2026-09-01T20:18:38.253Z,9,-16.630418,-71.599364,57.1,1.3,Pit-A,cycle-acme-s02-truck-044-00003,loading,224.5,240.0,185135.57,70.4,True,True,12967.15,353559.94,False,False,False,92.0,24.5,[],1.0
f355b83d-45e8-4eb5-a9f3-d94f838e0801,1.0,acme-mining,site-02,fleet_telemetry,ACME-S02-TRUCK-045,haul_truck,2026-09-01T20:18:38.253Z,9,-16.557777,-71.583181,31.3,0.9,Pit-A,cycle-acme-s02-truck-045-00003,loading,224.5,240.0,61815.42,79.2,True,True,11776.21,595531.96,False,False,False,95.7,24.8,[],1.0
85873b52-6421-4de3-a8f8-5684c62b6eac,1.0,acme-mining,site-02,fleet_telemetry,ACME-S02-TRUCK-046,haul_truck,2026-09-01T20:18:38.253Z,9,-16.55625,-71.45791,353.7,1.1,Pit-A,cycle-acme-s02-truck-046-00003,loading,222.3,240.0,42583.48,37.0,True,True,5043.79,105509.09,False,False,False,92.8,24.0,[],1.0
6dc26e0d-86ff-4672-880d-28ce6d849635,1.0,acme-mining,site-02,fleet_telemetry,ACME-S02-TRUCK-047,haul_truck,2026-09-01T20:18:38.253Z,9,-16.622431,-71.592303,284.3,0.7,Pit-A,cycle-acme-s02-truck-047-00003,loading,226.1,240.0,251999.33,45.3,True,True,14958.22,467010.7,False,False,False,92.5,24.7,[],1.0
8c2cf0dc-c126-49ad-871e-502ad0eb469c,1.0,acme-mining,site-02,fleet_telemetry,ACME-S02-TRUCK-048,haul_truck,2026-09-01T20:18:38.253Z,9,-16.648166,-71.491023,283.3,0.6,Pit-A,cycle-acme-s02-truck-048-00003,loading,219.2,240.0,63400.07,39.0,True,True,17626.38,340516.32,False,False,False,90.1,23.9,[],1.0
9dab12db-d058-42e9-b503-811c49ea4de1,1.0,acme-mining,site-02,fleet_telemetry,ACME-S02-TRUCK-049,haul_truck,2026-09-01T20:18:38.253Z,9,-16.528903,-71.606966,145.1,0.5,Pit-A,cycle-acme-s02-truck-049-00003,loading,219.7,240.0,442525.85,34.0,True,True,12932.29,314465.9,False,False,False,87.1,24.5,[],1.0
2456ad27-8b7d-423e-86b2-1e2f2914f03b,1.0,acme-mining,site-02,fleet_telemetry,ACME-S02-TRUCK-050,haul_truck,2026-09-01T20:18:38.253Z,9,-16.51482,-71.5147,203.6,0.6,Pit-A,cycle-acme-s02-truck-050-00003,loading,216.1,240.0,372269.92,30.1,True,True,11944.76,504573.84,False,False,False,94.1,24.1,[],1.0
9a0178fb-6fe2-4652-bc96-a56b1e734c30,1.0,acme-mining,site-02,fleet_telemetry,ACME-S02-TRUCK-051,haul_truck,2026-09-01T20:18:38.253Z,9,-16.64128,-71.462898,282.3,1.1,Pit-A,cycle-acme-s02-truck-051-00003,loading,216.7,240.0,353316.27,69.7,True,True,8103.73,573115.06,False,False,False,87.1,25.0,[],1.0
034d0085-1eaa-41e8-a255-f1f9a8054089,1.0,acme-mining,site-02,fleet_telemetry,ACME-S02-TRUCK-052,haul_truck,2026-09-01T20:18:38.253Z,9,-16.520796,-71.581444,55.9,0.1,Pit-A,cycle-acme-s02-truck-052-00003,loading,222.9,240.0,143815.38,36.3,True,True,18425.5,346404.5,False,False,False,92.5,25.1,[],1.0
045f3fa2-1df2-4993-acf5-15ecc2cd9ba5,1.0,acme-mining,site-02,fleet_telemetry,ACME-S02-TRUCK-053,haul_truck,2026-09-01T20:18:38.253Z,9,-16.582261,-71.59749,77.4,0.2,Pit-A,cycle-acme-s02-truck-053-00003,loading,225.1,240.0,120266.92,69.4,True,True,19772.44,552938.43,False,False,False,93.9,24.9,[],1.0
3a01ec4b-d128-440a-8c55-d3efbe249eec,1.0,acme-mining,site-02,fleet_telemetry,ACME-S02-TRUCK-054,haul_truck,2026-09-01T20:18:38.253Z,9,-16.643019,-71.517615,226.2,0.9,Pit-A,cycle-acme-s02-truck-054-00003,loading,220.9,240.0,270396.3,65.6,True,True,2780.69,423822.26,False,False,False,86.5,24.9,[],1.0
5acfcde5-9dd8-4c44-a90b-be74f6243ef9,1.0,acme-mining,site-02,fleet_telemetry,ACME-S02-TRUCK-055,haul_truck,2026-09-01T20:18:38.253Z,9,-16.663139,-71.514879,314.6,0.7,Pit-A,cycle-acme-s02-truck-055-00003,loading,227.5,240.0,373104.54,26.9,True,True,18661.65,375079.6,False,False,False,94.0,25.2,[],1.0
850d37e2-c6d5-4d9f-8139-edf0feb42d57,1.0,acme-mining,site-02,fleet_telemetry,ACME-S02-TRUCK-056,haul_truck,2026-09-01T20:18:38.253Z,9,-16.570032,-71.57116,1.8,0.4,Pit-A,cycle-acme-s02-truck-056-00003,loading,218.4,240.0,291156.71,59.8,True,True,17059.54,282449.88,False,False,False,89.0,25.0,[],1.0
11c27fe4-9e5b-465a-ac17-728e03f4319b,1.0,acme-mining,site-02,fleet_telemetry,ACME-S02-TRUCK-057,haul_truck,2026-09-01T20:18:38.253Z,9,-16.560216,-71.592233,317.1,0.5,Pit-A,cycle-acme-s02-truck-057-00003,loading,225.0,240.0,188681.3,56.7,True,True,5991.42,528630.26,False,False,False,89.7,24.4,[],1.0
d1c8a2eb-e781-421a-951b-219631d9a795,1.0,acme-mining,site-02,fleet_telemetry,ACME-S02-TRUCK-058,haul_truck,2026-09-01T20:18:38.253Z,9,-16.552945,-71.479771,98.1,1.5,Pit-A,cycle-acme-s02-truck-058-00003,loading,227.1,240.0,147536.89,75.2,True,True,5125.3,402196.13,False,False,False,89.3,25.0,[],1.0
f9ad62b1-4e09-4b3f-ba84-37df6df70ab2,1.0,acme-mining,site-02,fleet_telemetry,ACME-S02-TRUCK-059,haul_truck,2026-09-01T20:18:38.253Z,9,-16.650795,-71.545541,320.5,0.5,Pit-A,cycle-acme-s02-truck-059-00003,loading,226.7,240.0,56721.52,41.9,True,True,16926.11,344437.7,False,False,False,86.4,24.5,[],1.0
d50ed891-4943-438f-aa8d-ad01bb6fd435,1.0,acme-mining,site-02,fleet_telemetry,ACME-S02-TRUCK-060,haul_truck,2026-09-01T20:18:38.253Z,9,-16.531974,-71.591981,49.6,0.4,Pit-A,cycle-acme-s02-truck-060-00003,loading,227.9,240.0,280766.66,42.3,True,True,6952.51,262014.59,False,False,False,92.3,24.0,[],1.0
76d83672-3006-4ab5-96e8-92f8ea0f4872,1.0,acme-mining,site-02,fleet_telemetry,ACME-S02-TRUCK-061,haul_truck,2026-09-01T20:18:38.253Z,9,-16.595708,-71.476896,285.5,0.9,Pit-A,cycle-acme-s02-truck-061-00003,loading,220.7,240.0,80111.25,94.7,True,True,16087.94,139595.69,False,False,False,93.0,24.7,[],1.0
002be9ba-73e5-4f11-b623-34c13381e27e,1.0,acme-mining,site-02,fleet_telemetry,ACME-S02-TRUCK-062,haul_truck,2026-09-01T20:18:38.253Z,9,-16.613943,-71.609452,353.2,0.1,Pit-A,cycle-acme-s02-truck-062-00003,loading,217.8,240.0,435342.7,40.0,True,True,20838.95,338430.2,False,False,False,91.3,24.4,[],1.0
a45eab98-c4a5-412e-9577-74224357f6e7,1.0,acme-mining,site-02,fleet_telemetry,ACME-S02-TRUCK-063,haul_truck,2026-09-01T20:18:38.253Z,9,-16.628074,-71.558976,265.6,1.1,Pit-A,cycle-acme-s02-truck-063-00003,loading,217.8,240.0,57299.3,34.3,True,True,6857.88,25151.97,False,False,False,91.0,24.0,[],1.0
be7c893d-48cb-4bcd-957a-27d4bd42912e,1.0,acme-mining,site-02,fleet_telemetry,ACME-S02-TRUCK-064,haul_truck,2026-09-01T20:18:38.253Z,9,-16.658618,-71.536827,318.9,0.1,Pit-A,cycle-acme-s02-truck-064-00003,loading,220.3,240.0,95648.92,63.7,True,True,9292.34,379277.62,False,False,False,89.2,24.9,[],1.0
cd7db37b-c2f7-4e57-b5e5-0edc11bb374b,1.0,acme-mining,site-02,fleet_telemetry,ACME-S02-TRUCK-065,haul_truck,2026-09-01T20:18:38.253Z,9,-16.654939,-71.557787,178.9,1.3,Pit-A,cycle-acme-s02-truck-065-00003,loading,219.0,240.0,278859.57,34.0,True,True,18296.61,412642.4,False,False,False,86.2,24.3,[],1.0
35e4fed9-6d7d-4331-9a66-6f56cf97b785,1.0,acme-mining,site-02,fleet_telemetry,ACME-S02-TRUCK-066,haul_truck,2026-09-01T20:18:38.253Z,9,-16.590403,-71.610279,150.0,0.5,Pit-A,cycle-acme-s02-truck-066-00003,loading,227.0,240.0,97586.05,60.6,True,True,20705.72,495628.21,False,False,False,89.9,24.1,[],1.0
1f4f048d-07e6-4a7b-b871-ae4f71b35c16,1.0,acme-mining,site-02,fleet_telemetry,ACME-S02-TRUCK-067,haul_truck,2026-09-01T20:18:38.253Z,9,-16.648053,-71.468503,269.3,0.9,Pit-A,cycle-acme-s02-truck-067-00003,loading,223.7,240.0,75534.48,87.5,True,True,17844.09,347179.83,False,False,False,88.7,23.8,[],1.0
77e0264b-46db-4df6-a51c-e0af5a97010b,1.0,acme-mining,site-02,fleet_telemetry,ACME-S02-TRUCK-068,haul_truck,2026-09-01T20:18:38.253Z,9,-16.537874,-71.532332,123.6,0.8,Pit-A,cycle-acme-s02-truck-068-00003,loading,216.3,240.0,141663.7,48.5,True,True,21801.07,485771.39,False,False,False,90.8,24.7,[],1.0
11911263-2e85-42ea-a7ba-eaf374377a65,1.0,acme-mining,site-02,fleet_telemetry,ACME-S02-TRUCK-069,haul_truck,2026-09-01T20:18:38.253Z,9,-16.603733,-71.568259,23.3,1.3,Pit-A,cycle-acme-s02-truck-069-00003,loading,227.3,240.0,155746.01,32.6,True,True,10867.74,30481.46,False,False,False,92.1,24.5,[],1.0
5f62d6e2-691f-4db9-9377-a0853b36a487,1.0,acme-mining,site-02,fleet_telemetry,ACME-S02-TRUCK-070,haul_truck,2026-09-01T20:18:38.253Z,9,-16.577841,-71.581129,34.5,0.6,Pit-A,cycle-acme-s02-truck-070-00003,loading,224.1,240.0,298460.61,93.0,True,True,13454.5,187284.35,False,False,False,88.8,24.2,[],1.0
d0dd7f64-9fc3-4a13-8ee8-2de587e3b76e,1.0,acme-mining,site-02,fleet_telemetry,ACME-S02-TRUCK-071,haul_truck,2026-09-01T20:18:38.253Z,9,-16.646737,-71.508622,99.2,1.2,Pit-A,cycle-acme-s02-truck-071-00003,loading,224.1,240.0,282684.34,83.8,True,True,4414.87,416286.09,False,False,False,90.3,24.6,[],1.0
a58750a7-4fe0-415d-83f6-6e97c550a19f,1.0,acme-mining,site-02,fleet_telemetry,ACME-S02-TRUCK-072,haul_truck,2026-09-01T20:18:38.253Z,9,-16.637771,-71.537197,121.1,0.8,Pit-A,cycle-acme-s02-truck-072-00003,loading,218.9,240.0,194263.92,53.9,True,True,4844.64,297854.46,False,False,False,93.8,24.6,[],1.0
9fbe67a1-b4f5-4cff-aa75-60e1dbaf1b8f,1.0,acme-mining,site-02,fleet_telemetry,ACME-S02-TRUCK-073,haul_truck,2026-09-01T20:18:38.253Z,9,-16.637228,-71.565488,209.6,0.4,Pit-A,cycle-acme-s02-truck-073-00003,loading,220.2,240.0,37404.35,34.6,True,True,19303.75,483577.65,False,False,False,93.8,23.9,[],1.0
2363c47b-5a38-4882-bb26-b28e031c1bdf,1.0,acme-mining,site-02,fleet_telemetry,ACME-S02-TRUCK-074,haul_truck,2026-09-01T20:18:38.253Z,9,-16.583012,-71.509353,285.7,0.0,Pit-A,cycle-acme-s02-truck-074-00003,loading,224.7,240.0,212252.54,62.3,True,True,8788.7,622712.04,False,False,False,88.6,24.1,[],1.0
f9933c56-dc21-436f-9b8b-060ffc3c5790,1.0,acme-mining,site-02,fleet_telemetry,ACME-S02-TRUCK-075,haul_truck,2026-09-01T20:18:38.253Z,9,-16.634434,-71.461805,236.5,1.3,Pit-A,cycle-acme-s02-truck-075-00003,loading,225.2,240.0,118469.01,64.0,True,True,13733.64,141126.62,False,False,False,91.4,23.9,[],1.0
5a419159-bd5e-4f96-85a1-cf50eebf9206,1.0,acme-mining,site-02,fleet_telemetry,ACME-S02-TRUCK-076,haul_truck,2026-09-01T20:18:38.253Z,9,-16.580741,-71.467978,1.0,1.3,Pit-A,cycle-acme-s02-truck-076-00003,loading,218.1,240.0,225161.94,58.5,True,True,15743.91,454851.35,False,False,False,87.4,24.6,[],1.0
346cf88c-ab67-4a62-8d1e-3316e5e90f34,1.0,acme-mining,site-02,fleet_telemetry,ACME-S02-TRUCK-077,haul_truck,2026-09-01T20:18:38.253Z,9,-16.539402,-71.464754,341.7,1.2,Pit-A,cycle-acme-s02-truck-077-00003,loading,216.6,240.0,177066.03,93.6,True,True,3383.74,446272.2,False,False,False,90.0,24.1,[],1.0
0f1864a7-127e-488e-91f7-f1d9834149d0,1.0,acme-mining,site-02,fleet_telemetry,ACME-S02-TRUCK-078,haul_truck,2026-09-01T20:18:38.253Z,9,-16.565441,-71.497927,45.0,1.3,Pit-A,cycle-acme-s02-truck-078-00003,loading,220.3,240.0,44773.54,89.6,True,True,1691.82,621847.81,False,False,False,90.6,23.9,[],1.0
68ed2702-bfbc-4177-ad20-587539ddd4ef,1.0,acme-mining,site-02,fleet_telemetry,ACME-S02-TRUCK-079,haul_truck,2026-09-01T20:18:38.253Z,9,-16.551877,-71.57918,163.7,0.1,Pit-A,cycle-acme-s02-truck-079-00003,loading,220.0,240.0,129514.03,32.6,True,True,6548.03,374071.54,False,False,False,88.5,24.1,[],1.0
9bfff5d3-3d47-4e1f-8fb1-def1894b4fa6,1.0,acme-mining,site-02,fleet_telemetry,ACME-S02-TRUCK-080,haul_truck,2026-09-01T20:18:38.253Z,9,-16.594771,-71.508472,321.9,0.4,Pit-A,cycle-acme-s02-truck-080-00003,loading,218.9,240.0,54087.69,48.1,True,True,5584.25,166687.23,False,False,False,86.7,24.2,[],1.0
faf264b3-e561-451e-a7bc-9224fd2bbef8,1.0,beta-minerals,north-site,fleet_telemetry,BETA-NORTH-TRUCK-001,haul_truck,2026-09-01T20:18:38.253Z,9,-16.562048,-71.591184,211.9,1.2,Pit-A,cycle-beta-north-truck-001-00003,loading,221.2,240.0,383639.79,70.3,True,True,17975.95,92503.96,False,False,False,89.0,23.9,[],1.0
cc9043d7-a04a-46c9-9e20-1130dee965bd,1.0,beta-minerals,north-site,fleet_telemetry,BETA-NORTH-TRUCK-002,haul_truck,2026-09-01T20:18:38.253Z,9,-16.596492,-71.489847,245.4,0.1,Pit-A,cycle-beta-north-truck-002-00003,loading,224.2,240.0,155636.03,54.8,True,True,11739.08,367703.69,False,False,False,88.3,24.3,[],1.0
e04cf017-b7c7-43d0-8cdb-faef45967812,1.0,beta-minerals,north-site,fleet_telemetry,BETA-NORTH-TRUCK-003,haul_truck,2026-09-01T20:18:38.253Z,9,-16.6388,-71.522753,258.9,1.4,Pit-A,cycle-beta-north-truck-003-00003,loading,222.8,240.0,22845.19,67.9,True,True,14378.16,292244.89,False,False,False,95.7,24.9,[],1.0
23cd150f-6f38-47eb-8987-ae36a2c4d502,1.0,beta-minerals,north-site,fleet_telemetry,BETA-NORTH-TRUCK-004,haul_truck,2026-09-01T20:18:38.253Z,9,-16.654131,-71.47799,359.2,1.0,Pit-A,cycle-beta-north-truck-004-00003,loading,217.6,240.0,365841.69,29.3,True,True,5162.64,493965.24,False,False,False,94.1,24.8,[],1.0
a3009f32-1f8c-459c-917d-958ecaae9e0e,1.0,beta-minerals,north-site,fleet_telemetry,BETA-NORTH-TRUCK-005,haul_truck,2026-09-01T20:18:38.253Z,9,-16.515863,-71.567377,310.7,0.9,Pit-A,cycle-beta-north-truck-005-00003,loading,217.5,240.0,305109.21,59.2,True,True,4977.99,91791.83,False,False,False,86.7,24.6,[],1.0
5592affa-5fa9-4e9a-8cc3-b89418c23c9c,1.0,beta-minerals,north-site,fleet_telemetry,BETA-NORTH-TRUCK-006,haul_truck,2026-09-01T20:18:38.253Z,9,-16.540225,-71.504507,167.2,0.1,Pit-A,cycle-beta-north-truck-006-00003,loading,222.5,240.0,382028.42,68.2,True,True,13244.51,239192.72,False,False,False,91.8,23.8,[],1.0
cbe02876-2670-4890-b200-661554078b3a,1.0,beta-minerals,north-site,fleet_telemetry,BETA-NORTH-TRUCK-007,haul_truck,2026-09-01T20:18:38.253Z,9,-16.641102,-71.506564,215.4,0.4,Pit-A,cycle-beta-north-truck-007-00003,loading,220.0,240.0,61859.71,46.3,True,True,2596.75,104387.3,False,False,False,88.5,24.7,[],1.0
75a6b2fa-1931-4703-bfc5-b3e27b63d995,1.0,beta-minerals,north-site,fleet_telemetry,BETA-NORTH-TRUCK-008,haul_truck,2026-09-01T20:18:38.253Z,9,-16.584453,-71.470438,144.5,0.6,Pit-A,cycle-beta-north-truck-008-00003,loading,226.5,240.0,196137.65,59.0,True,True,13444.24,382128.02,False,False,False,95.5,23.8,[],1.0
f0edf7b3-d505-4769-b469-9e684e46f691,1.0,beta-minerals,north-site,fleet_telemetry,BETA-NORTH-TRUCK-009,haul_truck,2026-09-01T20:18:38.253Z,9,-16.598245,-71.608955,198.1,0.3,Pit-A,cycle-beta-north-truck-009-00003,loading,224.8,240.0,71731.06,47.0,True,True,12564.16,328474.67,False,False,False,93.6,24.5,[],1.0
524af75a-e258-4644-9520-f8363481cd8d,1.0,beta-minerals,north-site,fleet_telemetry,BETA-NORTH-TRUCK-010,haul_truck,2026-09-01T20:18:38.253Z,9,-16.565906,-71.552005,334.0,0.6,Pit-A,cycle-beta-north-truck-010-00003,loading,216.1,240.0,178936.02,64.3,True,True,11073.72,142931.16,False,False,False,94.6,24.1,[],1.0
0c0be7f8-b48e-4639-9b82-ed9d21d6d1b6,1.0,beta-minerals,north-site,fleet_telemetry,BETA-NORTH-TRUCK-011,haul_truck,2026-09-01T20:18:38.253Z,9,-16.623603,-71.573557,107.3,1.2,Pit-A,cycle-beta-north-truck-011-00003,loading,218.8,240.0,23579.3,78.2,True,True,11160.44,72082.67,False,False,False,91.0,24.8,[],1.0
965b4498-6d39-40e4-bce8-5b0779c1cfa6,1.0,beta-minerals,north-site,fleet_telemetry,BETA-NORTH-TRUCK-012,haul_truck,2026-09-01T20:18:38.253Z,9,-16.588656,-71.525838,318.7,0.9,Pit-A,cycle-beta-north-truck-012-00003,loading,220.9,240.0,349921.55,59.6,True,True,17351.7,376359.96,False,False,False,90.5,24.3,[],1.0
164ad6b3-7b94-4ced-acd7-2c4c0f8b0438,1.0,beta-minerals,north-site,fleet_telemetry,BETA-NORTH-TRUCK-013,haul_truck,2026-09-01T20:18:38.253Z,9,-16.555338,-71.530056,78.3,0.1,Pit-A,cycle-beta-north-truck-013-00003,loading,227.0,240.0,371949.39,27.9,True,True,18253.61,251123.13,False,False,False,89.8,24.8,[],1.0
079dfc7f-253e-48a5-9a70-61a820b6ad04,1.0,beta-minerals,north-site,fleet_telemetry,BETA-NORTH-TRUCK-014,haul_truck,2026-09-01T20:18:38.253Z,9,-16.665238,-71.575432,290.7,0.5,Pit-A,cycle-beta-north-truck-014-00003,loading,218.0,240.0,118914.5,86.2,True,True,16402.97,431813.39,False,False,False,106.4,23.9,"[""ENG_OVERHEAT""]",0.72
98287dee-504a-4cdc-aa2e-986bc193ae8e,1.0,beta-minerals,north-site,fleet_telemetry,BETA-NORTH-TRUCK-015,haul_truck,2026-09-01T20:18:38.253Z,9,-16.540744,-71.523438,184.7,1.4,Pit-A,cycle-beta-north-truck-015-00003,loading,217.0,240.0,351278.51,41.5,True,True,10108.29,646193.54,False,False,False,89.3,24.7,[],1.0
4c351168-01d4-41d3-ab7b-dcdeeaf2f7a4,1.0,beta-minerals,north-site,fleet_telemetry,BETA-NORTH-TRUCK-016,haul_truck,2026-09-01T20:18:38.253Z,9,-16.660915,-71.561349,290.8,1.1,Pit-A,cycle-beta-north-truck-016-00003,loading,216.1,240.0,100913.23,39.4,True,True,4318.82,107718.2,False,False,False,88.2,25.0,[],1.0
a1767622-d334-4bc0-9daa-14f6357407c7,1.0,beta-minerals,north-site,fleet_telemetry,BETA-NORTH-TRUCK-017,haul_truck,2026-09-01T20:18:38.253Z,9,-16.518037,-71.535214,251.7,0.7,Pit-A,cycle-beta-north-truck-017-00003,loading,221.9,240.0,138759.85,65.0,True,True,4369.61,636770.29,False,False,False,94.6,24.1,[],1.0
a8b95ca1-3697-40f3-a215-90e82a615492,1.0,beta-minerals,north-site,fleet_telemetry,BETA-NORTH-TRUCK-018,haul_truck,2026-09-01T20:18:38.253Z,9,-16.626059,-71.512511,109.2,0.5,Pit-A,cycle-beta-north-truck-018-00003,loading,226.9,240.0,191102.92,29.1,True,True,3674.5,492559.46,False,False,False,94.9,24.0,[],1.0
5e6d2d72-2e2b-4586-8d55-38fe4cd9ced5,1.0,beta-minerals,north-site,fleet_telemetry,BETA-NORTH-TRUCK-019,haul_truck,2026-09-01T20:18:38.253Z,9,-16.562197,-71.539221,141.1,1.4,Pit-A,cycle-beta-north-truck-019-00003,loading,216.1,240.0,374532.58,78.3,True,True,6093.17,468179.03,False,False,False,86.9,24.6,[],1.0
dc97824b-c0aa-4853-835f-2f0ff29b9f88,1.0,beta-minerals,north-site,fleet_telemetry,BETA-NORTH-TRUCK-020,haul_truck,2026-09-01T20:18:38.253Z,9,-16.547401,-71.553049,86.0,0.3,Pit-A,cycle-beta-north-truck-020-00003,loading,222.7,240.0,43227.75,80.6,True,True,14109.64,256358.76,False,False,False,89.2,24.3,[],1.0
1809fed6-87c7-42f2-aaef-dd123def9b80,1.0,beta-minerals,north-site,fleet_telemetry,BETA-NORTH-TRUCK-021,haul_truck,2026-09-01T20:18:38.253Z,9,-16.53482,-71.602625,164.7,0.4,Pit-A,cycle-beta-north-truck-021-00003,loading,221.4,240.0,266061.03,85.8,True,True,10439.56,327468.22,False,False,False,94.3,25.0,[],1.0
73ed7388-af20-4a1a-b749-6595ea765ec0,1.0,beta-minerals,north-site,fleet_telemetry,BETA-NORTH-TRUCK-022,haul_truck,2026-09-01T20:18:38.253Z,9,-16.53845,-71.53835,116.8,0.7,Pit-A,cycle-beta-north-truck-022-00003,loading,220.7,240.0,184995.57,92.7,True,True,18822.26,521277.29,False,False,False,88.2,25.1,[],1.0
b65d000b-ded3-483d-8fc0-21baf07ebef7,1.0,beta-minerals,north-site,fleet_telemetry,BETA-NORTH-TRUCK-023,haul_truck,2026-09-01T20:18:38.253Z,9,-16.615428,-71.508257,228.5,1.3,Pit-A,cycle-beta-north-truck-023-00003,loading,225.6,240.0,259103.11,58.9,True,True,7960.42,384098.37,False,False,False,90.6,25.0,[],1.0
86ea46a3-5c77-4ef4-b561-1863ff0ae5ed,1.0,beta-minerals,north-site,fleet_telemetry,BETA-NORTH-TRUCK-024,haul_truck,2026-09-01T20:18:38.253Z,9,-16.645092,-71.544452,81.9,1.3,Pit-A,cycle-beta-north-truck-024-00003,loading,221.7,240.0,17164.38,90.0,True,True,14075.02,547122.57,False,False,False,88.4,24.0,[],1.0
6b19fcf6-728e-409c-9a19-d631b956f5cd,1.0,beta-minerals,north-site,fleet_telemetry,BETA-NORTH-TRUCK-025,haul_truck,2026-09-01T20:18:38.253Z,9,-16.644965,-71.468279,120.0,0.9,Pit-A,cycle-beta-north-truck-025-00003,loading,225.9,240.0,68042.34,70.5,True,True,5089.16,453813.06,False,False,False,93.3,24.9,[],1.0
b78cb443-3a53-4db6-9108-07fd1f5b9c7a,1.0,beta-minerals,north-site,fleet_telemetry,BETA-NORTH-TRUCK-026,haul_truck,2026-09-01T20:18:38.253Z,9,-16.606947,-71.568609,280.5,0.7,Pit-A,cycle-beta-north-truck-026-00003,loading,227.9,240.0,407672.7,36.5,True,True,6108.27,254261.78,False,False,False,89.4,24.2,[],1.0
bf649c7a-556a-4c30-8efc-ae6579469355,1.0,beta-minerals,north-site,fleet_telemetry,BETA-NORTH-TRUCK-027,haul_truck,2026-09-01T20:18:38.253Z,9,-16.657927,-71.522558,314.3,0.4,Pit-A,cycle-beta-north-truck-027-00003,loading,216.5,240.0,51881.4,39.9,True,True,9899.71,77455.68,False,False,False,89.0,24.4,[],1.0
1280b6eb-b2f3-48ef-a945-0e29918a4910,1.0,beta-minerals,north-site,fleet_telemetry,BETA-NORTH-TRUCK-028,haul_truck,2026-09-01T20:18:38.253Z,9,-16.602807,-71.596358,139.3,1.2,Pit-A,cycle-beta-north-truck-028-00003,loading,222.5,240.0,369528.56,94.1,True,True,996.9,458226.36,False,False,False,95.9,25.0,[],1.0
523c5394-826e-4765-ab1f-1b1311e9051d,1.0,beta-minerals,north-site,fleet_telemetry,BETA-NORTH-TRUCK-029,haul_truck,2026-09-01T20:18:38.253Z,9,-16.622507,-71.556275,305.5,1.3,Pit-A,cycle-beta-north-truck-029-00003,loading,216.6,240.0,55409.26,50.7,True,True,2693.83,527753.0,False,False,False,91.9,25.0,[],1.0
a9ea0ca4-40d4-4d61-a5cc-8b6b28020b3d,1.0,beta-minerals,north-site,fleet_telemetry,BETA-NORTH-TRUCK-030,haul_truck,2026-09-01T20:18:38.253Z,9,-16.572727,-71.591204,148.8,0.5,Pit-A,cycle-beta-north-truck-030-00003,loading,226.7,240.0,40101.69,64.4,True,True,14401.43,446596.53,False,False,False,94.0,24.0,[],1.0
868eaed3-95f3-4c8a-b9a2-9e35a8474c15,1.0,beta-minerals,north-site,fleet_telemetry,BETA-NORTH-TRUCK-031,haul_truck,2026-09-01T20:18:38.253Z,9,-16.532783,-71.603624,110.4,0.2,Pit-A,cycle-beta-north-truck-031-00003,loading,227.9,240.0,191152.94,73.0,True,True,14115.31,115365.88,False,False,False,90.7,24.4,[],1.0
1490c762-c9d8-4697-87de-6a485135a1b4,1.0,beta-minerals,north-site,fleet_telemetry,BETA-NORTH-TRUCK-032,haul_truck,2026-09-01T20:18:38.253Z,9,-16.648034,-71.573166,184.2,0.4,Pit-A,cycle-beta-north-truck-032-00003,loading,221.0,240.0,433830.02,47.0,True,True,13298.98,261940.31,False,False,False,90.6,24.9,[],1.0
0b9b991e-f256-42ff-a3c5-de5dc59cf17f,1.0,beta-minerals,north-site,fleet_telemetry,BETA-NORTH-TRUCK-033,haul_truck,2026-09-01T20:18:38.253Z,9,-16.666111,-71.48195,121.6,0.2,Pit-A,cycle-beta-north-truck-033-00003,loading,222.9,240.0,135365.74,90.8,True,True,13541.19,474343.36,False,False,False,89.0,25.1,[],1.0
f9642e5a-ac83-4ccd-a198-c63b288729db,1.0,beta-minerals,north-site,fleet_telemetry,BETA-NORTH-TRUCK-034,haul_truck,2026-09-01T20:18:38.253Z,9,-16.661692,-71.473874,92.8,1.0,Pit-A,cycle-beta-north-truck-034-00003,loading,223.0,240.0,339051.79,45.6,True,True,11776.29,340999.4,False,False,False,92.1,24.8,[],1.0
b809cbf5-90d1-4dae-af96-e5c647a6f0b3,1.0,beta-minerals,north-site,fleet_telemetry,BETA-NORTH-TRUCK-035,haul_truck,2026-09-01T20:18:38.253Z,9,-16.528213,-71.61558,136.4,0.8,Pit-A,cycle-beta-north-truck-035-00003,loading,221.0,240.0,290756.81,29.9,True,True,8980.79,171881.69,False,False,False,94.4,24.6,[],1.0
a0a3f7c3-580e-41a4-a799-7be6393da2a4,1.0,beta-minerals,north-site,fleet_telemetry,BETA-NORTH-TRUCK-036,haul_truck,2026-09-01T20:18:38.253Z,9,-16.56116,-71.495487,146.7,0.9,Pit-A,cycle-beta-north-truck-036-00003,loading,227.4,240.0,260087.96,50.5,True,True,3598.05,562313.0,False,False,False,93.2,24.1,[],1.0
24988129-429e-4086-9502-e3429f662e44,1.0,beta-minerals,north-site,fleet_telemetry,BETA-NORTH-TRUCK-037,haul_truck,2026-09-01T20:18:38.253Z,9,-16.660703,-71.491233,276.2,0.2,Pit-A,cycle-beta-north-truck-037-00003,loading,222.6,240.0,125362.11,27.7,True,True,1153.83,62545.69,False,False,False,86.3,24.4,[],1.0
87c5eaff-1e2d-4740-a844-66a3dbe05608,1.0,beta-minerals,north-site,fleet_telemetry,BETA-NORTH-TRUCK-038,haul_truck,2026-09-01T20:18:38.253Z,9,-16.584385,-71.593116,272.4,0.7,Pit-A,cycle-beta-north-truck-038-00003,loading,223.2,240.0,187002.65,69.8,True,True,17062.74,286852.58,False,False,False,90.7,24.1,[],1.0
44bea183-bbef-46aa-bf74-d79a5532ff3b,1.0,beta-minerals,north-site,fleet_telemetry,BETA-NORTH-TRUCK-039,haul_truck,2026-09-01T20:18:38.253Z,9,-16.607906,-71.515991,168.6,0.8,Pit-A,cycle-beta-north-truck-039-00003,loading,217.7,240.0,365547.02,62.5,True,True,11639.67,148014.6,False,False,False,88.2,24.1,[],1.0
36f594f2-bf19-40c7-a637-6130c8687a1a,1.0,beta-minerals,north-site,fleet_telemetry,BETA-NORTH-TRUCK-040,haul_truck,2026-09-01T20:18:38.253Z,9,-16.631313,-71.469549,30.7,1.1,Pit-A,cycle-beta-north-truck-040-00003,loading,221.3,240.0,429508.9,41.7,True,True,7375.61,295616.4,False,False,False,92.7,25.1,[],1.0
96f1cc98-45c1-4c89-b607-373ab8d0a959,1.0,beta-minerals,north-site,fleet_telemetry,BETA-NORTH-TRUCK-041,haul_truck,2026-09-01T20:18:38.253Z,9,-16.557106,-71.505236,151.0,1.1,Pit-A,cycle-beta-north-truck-041-00003,loading,217.5,240.0,335890.19,33.3,True,True,7356.96,487267.08,False,False,False,91.5,24.1,[],1.0
3dc91dbe-454b-42ba-b87c-610f0a5f66fd,1.0,beta-minerals,north-site,fleet_telemetry,BETA-NORTH-TRUCK-042,haul_truck,2026-09-01T20:18:38.253Z,9,-16.65009,-71.492548,60.4,1.2,Pit-A,cycle-beta-north-truck-042-00003,loading,227.6,240.0,327137.41,36.6,True,True,11887.73,513282.06,False,False,False,92.5,24.1,[],1.0
78272194-83b6-43a5-a6db-7be4c717fbb3,1.0,beta-minerals,north-site,fleet_telemetry,BETA-NORTH-TRUCK-043,haul_truck,2026-09-01T20:18:38.253Z,9,-16.660135,-71.50352,51.5,0.3,Pit-A,cycle-beta-north-truck-043-00003,loading,225.3,240.0,365128.04,44.0,True,True,17154.33,38494.63,False,False,False,86.5,24.7,[],1.0
bca21473-1d0b-464d-8468-269f1f430cf1,1.0,beta-minerals,north-site,fleet_telemetry,BETA-NORTH-TRUCK-044,haul_truck,2026-09-01T20:18:38.253Z,9,-16.643668,-71.592304,293.1,1.4,Pit-A,cycle-beta-north-truck-044-00003,loading,220.5,240.0,34393.79,85.1,True,True,11318.34,341792.8,False,False,False,93.9,25.0,[],1.0
daca8664-225f-452b-943d-c38f7c5e1068,1.0,beta-minerals,north-site,fleet_telemetry,BETA-NORTH-TRUCK-045,haul_truck,2026-09-01T20:18:38.253Z,9,-16.53301,-71.615555,93.1,1.3,Pit-A,cycle-beta-north-truck-045-00003,loading,220.5,240.0,335943.77,25.1,True,True,15091.37,92660.4,False,False,False,95.8,24.1,[],1.0
8e9aacba-56d8-48c9-a5c1-a8cee2554d32,1.0,beta-minerals,north-site,fleet_telemetry,BETA-NORTH-TRUCK-046,haul_truck,2026-09-01T20:18:38.253Z,9,-16.581971,-71.471252,122.7,1.4,Pit-A,cycle-beta-north-truck-046-00003,loading,220.1,240.0,419711.02,85.0,True,True,8919.18,114553.53,False,False,False,87.3,24.6,[],1.0
43e47fb6-2dff-4af6-865c-06a493802443,1.0,beta-minerals,north-site,fleet_telemetry,BETA-NORTH-TRUCK-047,haul_truck,2026-09-01T20:18:38.253Z,9,-16.53822,-71.526061,182.1,0.6,Pit-A,cycle-beta-north-truck-047-00003,loading,223.2,240.0,412976.68,47.3,True,True,5559.74,176406.01,False,False,False,86.9,24.1,[],1.0
c73fa981-e0bf-461d-8111-d60ffedd1de3,1.0,beta-minerals,north-site,fleet_telemetry,BETA-NORTH-TRUCK-048,haul_truck,2026-09-01T20:18:38.253Z,9,-16.659363,-71.543086,191.1,1.1,Pit-A,cycle-beta-north-truck-048-00003,loading,225.4,240.0,441822.69,91.7,True,True,4602.11,526733.13,False,False,False,108.4,25.0,"[""ENG_OVERHEAT""]",0.72
4bc85958-6374-4be1-a5a1-8a91d2a17c46,1.0,beta-minerals,north-site,fleet_telemetry,BETA-NORTH-TRUCK-049,haul_truck,2026-09-01T20:18:38.253Z,9,-16.580174,-71.568857,38.4,0.5,Pit-A,cycle-beta-north-truck-049-00003,loading,225.4,240.0,13507.02,39.0,True,True,7738.79,368447.76,False,False,False,89.4,25.1,[],1.0
ded0487e-589c-4ff5-a95e-b7f62eefefa7,1.0,beta-minerals,north-site,fleet_telemetry,BETA-NORTH-TRUCK-050,haul_truck,2026-09-01T20:18:38.253Z,9,-16.553236,-71.530079,60.0,0.9,Pit-A,cycle-beta-north-truck-050-00003,loading,222.2,240.0,449026.92,79.3,True,True,8607.41,632270.56,False,False,False,86.1,24.3,[],1.0
ff82ef4b-1392-42be-8ac9-11102a037a84,1.0,beta-minerals,north-site,fleet_telemetry,BETA-NORTH-TRUCK-051,haul_truck,2026-09-01T20:18:38.253Z,9,-16.536055,-71.477097,350.7,0.5,Pit-A,cycle-beta-north-truck-051-00003,loading,225.6,240.0,112519.59,49.2,True,True,935.22,278322.93,False,False,False,89.2,24.4,[],1.0
ec8a03c8-836e-4d16-8826-4cf9d74e76ce,1.0,beta-minerals,north-site,fleet_telemetry,BETA-NORTH-TRUCK-052,haul_truck,2026-09-01T20:18:38.253Z,9,-16.637592,-71.460159,172.6,1.5,Pit-A,cycle-beta-north-truck-052-00003,loading,220.4,240.0,334756.96,46.5,True,True,16889.31,257053.3,False,False,False,94.0,25.0,[],1.0
1f69884f-9691-4f5d-b4c0-3edb008b09e3,1.0,beta-minerals,north-site,fleet_telemetry,BETA-NORTH-TRUCK-053,haul_truck,2026-09-01T20:18:38.253Z,9,-16.633362,-71.482184,142.8,1.4,Pit-A,cycle-beta-north-truck-053-00003,loading,223.7,240.0,133123.71,28.0,True,True,21418.27,109695.47,False,False,False,90.5,24.8,[],1.0
5a11e49c-20a5-4bc6-8dfa-9e93b7eef1dc,1.0,beta-minerals,north-site,fleet_telemetry,BETA-NORTH-TRUCK-054,haul_truck,2026-09-01T20:18:38.253Z,9,-16.568426,-71.554402,89.7,0.1,Pit-A,cycle-beta-north-truck-054-00003,loading,227.4,240.0,265539.66,60.3,True,True,10519.32,491176.8,False,False,False,87.7,23.9,[],1.0
d0d8cdd2-df3a-4d03-b344-e4e36f0aebc9,1.0,beta-minerals,north-site,fleet_telemetry,BETA-NORTH-TRUCK-055,haul_truck,2026-09-01T20:18:38.253Z,9,-16.620009,-71.489363,325.2,0.7,Pit-A,cycle-beta-north-truck-055-00003,loading,217.1,240.0,114180.15,43.2,True,True,10021.65,627457.71,False,False,False,95.7,24.6,[],1.0
de6fcd54-f7d6-4c68-aa7c-08ab063d6370,1.0,beta-minerals,north-site,fleet_telemetry,BETA-NORTH-TRUCK-056,haul_truck,2026-09-01T20:18:38.253Z,9,-16.54558,-71.523953,238.2,1.4,Pit-A,cycle-beta-north-truck-056-00003,loading,227.4,240.0,42863.06,39.1,True,True,7542.84,191332.39,False,False,False,93.8,24.6,[],1.0
543c1f19-310c-4010-984b-5d5f6825e6eb,1.0,beta-minerals,north-site,fleet_telemetry,BETA-NORTH-TRUCK-057,haul_truck,2026-09-01T20:18:38.253Z,9,-16.547167,-71.545176,186.9,0.7,Pit-A,cycle-beta-north-truck-057-00003,loading,221.8,240.0,63124.75,50.0,True,True,10330.83,217841.13,False,False,False,95.2,24.1,[],1.0
848aff9c-1fd4-4e33-ae95-71b3c4f5be88,1.0,beta-minerals,north-site,fleet_telemetry,BETA-NORTH-TRUCK-058,haul_truck,2026-09-01T20:18:38.253Z,9,-16.573896,-71.583132,204.2,1.2,Pit-A,cycle-beta-north-truck-058-00003,loading,225.6,240.0,143855.18,74.3,True,True,2716.94,528786.21,False,False,False,94.1,24.9,[],1.0
cd624ac7-cc98-4029-872f-76b3bc4e74ce,1.0,beta-minerals,north-site,fleet_telemetry,BETA-NORTH-TRUCK-059,haul_truck,2026-09-01T20:18:38.253Z,9,-16.56205,-71.575903,141.2,0.3,Pit-A,cycle-beta-north-truck-059-00003,loading,221.7,240.0,166527.4,60.9,True,True,2733.73,176378.04,False,False,False,92.7,24.2,[],1.0
0afec66f-e6e9-427b-b805-0d84abf8525a,1.0,beta-minerals,north-site,fleet_telemetry,BETA-NORTH-TRUCK-060,haul_truck,2026-09-01T20:18:38.253Z,9,-16.655197,-71.601202,182.3,0.6,Pit-A,cycle-beta-north-truck-060-00003,loading,225.1,240.0,254620.24,63.5,True,True,20984.46,558399.02,False,False,False,91.4,24.5,[],1.0
dcc3e2ba-a9f0-4991-99a4-5bf3ae9b891e,1.0,beta-minerals,north-site,fleet_telemetry,BETA-NORTH-TRUCK-061,haul_truck,2026-09-01T20:18:38.253Z,9,-16.538609,-71.557932,112.4,0.0,Pit-A,cycle-beta-north-truck-061-00003,loading,216.5,240.0,442330.17,34.1,True,True,1053.5,543134.76,False,False,False,91.3,24.8,[],1.0
2464483e-19e0-4fcf-ae99-0266d7add754,1.0,beta-minerals,north-site,fleet_telemetry,BETA-NORTH-TRUCK-062,haul_truck,2026-09-01T20:18:38.253Z,9,-16.660082,-71.473047,1.3,0.2,Pit-A,cycle-beta-north-truck-062-00003,loading,224.2,240.0,367609.31,26.5,True,True,13145.28,183057.25,False,False,False,111.9,24.8,"[""ENG_OVERHEAT""]",0.72
8e45805c-7b95-4f68-b101-1ace69d3821f,1.0,beta-minerals,north-site,fleet_telemetry,BETA-NORTH-TRUCK-063,haul_truck,2026-09-01T20:18:38.253Z,9,-16.519649,-71.609342,99.1,0.7,Pit-A,cycle-beta-north-truck-063-00003,loading,227.4,240.0,365910.96,33.5,True,True,2749.96,553783.71,False,False,False,86.7,24.5,[],1.0
68d97372-3df7-444c-b09e-f595eee0ecbd,1.0,beta-minerals,north-site,fleet_telemetry,BETA-NORTH-TRUCK-064,haul_truck,2026-09-01T20:18:38.253Z,9,-16.642782,-71.583178,96.8,0.2,Pit-A,cycle-beta-north-truck-064-00003,loading,216.8,240.0,22972.8,72.8,True,True,18219.74,268849.37,False,False,False,94.7,24.4,[],1.0
8d5d9c08-696e-4008-a457-82e2f602cdd7,1.0,beta-minerals,north-site,fleet_telemetry,BETA-NORTH-TRUCK-065,haul_truck,2026-09-01T20:18:38.253Z,9,-16.56684,-71.537623,127.9,1.3,Pit-A,cycle-beta-north-truck-065-00003,loading,224.9,240.0,280207.48,68.1,True,True,10255.45,113637.95,False,False,False,93.8,24.4,[],1.0
510d2608-9929-4794-b8f8-13796d9595bd,1.0,beta-minerals,north-site,fleet_telemetry,BETA-NORTH-TRUCK-066,haul_truck,2026-09-01T20:18:38.253Z,9,-16.528865,-71.533344,82.7,1.0,Pit-A,cycle-beta-north-truck-066-00003,loading,219.3,240.0,70384.43,38.9,True,True,2092.77,196259.05,False,False,False,94.3,24.8,[],1.0
b5cfe323-291e-4058-8844-c223cc6c044a,1.0,beta-minerals,north-site,fleet_telemetry,BETA-NORTH-TRUCK-067,haul_truck,2026-09-01T20:18:38.253Z,9,-16.583281,-71.539961,195.4,0.1,Pit-A,cycle-beta-north-truck-067-00003,loading,225.2,240.0,354043.52,50.1,True,True,17650.75,643324.49,False,False,False,88.9,25.1,[],1.0
186da565-c7d2-4cab-92d3-03b0f0c89bef,1.0,beta-minerals,north-site,fleet_telemetry,BETA-NORTH-TRUCK-068,haul_truck,2026-09-01T20:18:38.253Z,9,-16.665732,-71.487804,324.7,0.3,Pit-A,cycle-beta-north-truck-068-00003,loading,227.6,240.0,21468.29,66.7,True,True,7618.03,190374.68,False,False,False,110.4,24.8,"[""ENG_OVERHEAT""]",0.72
c7faef56-574b-42a8-87b9-99ec2e882d2e,1.0,beta-minerals,north-site,fleet_telemetry,BETA-NORTH-TRUCK-069,haul_truck,2026-09-01T20:18:38.253Z,9,-16.654395,-71.512456,286.3,0.3,Pit-A,cycle-beta-north-truck-069-00003,loading,223.7,240.0,449827.11,93.1,True,True,12023.98,503110.72,False,False,False,90.3,25.0,[],1.0
4f3b663f-8009-4307-a5ae-1ea63dbedbdf,1.0,beta-minerals,north-site,fleet_telemetry,BETA-NORTH-TRUCK-070,haul_truck,2026-09-01T20:18:38.253Z,9,-16.608235,-71.467864,174.7,0.5,Pit-A,cycle-beta-north-truck-070-00003,loading,217.8,240.0,263305.11,93.7,True,True,16997.87,617115.74,False,False,False,87.3,24.2,[],1.0
6798eb06-7255-4671-a182-4a3b27e304c6,1.0,beta-minerals,north-site,fleet_telemetry,BETA-NORTH-TRUCK-071,haul_truck,2026-09-01T20:18:38.253Z,9,-16.524149,-71.61301,165.7,1.0,Pit-A,cycle-beta-north-truck-071-00003,loading,224.4,240.0,364733.09,73.8,True,True,4533.34,393287.48,False,False,False,92.2,23.9,[],1.0
3cd738e6-34c0-4b17-b4f0-2170f5080fac,1.0,beta-minerals,north-site,fleet_telemetry,BETA-NORTH-TRUCK-072,haul_truck,2026-09-01T20:18:38.253Z,9,-16.529346,-71.538709,304.8,0.1,Pit-A,cycle-beta-north-truck-072-00003,loading,221.2,240.0,92823.4,94.1,True,True,12748.47,374758.83,False,False,False,92.1,24.5,[],1.0
d12aa773-cacd-44b7-8219-a8532756f478,1.0,beta-minerals,north-site,fleet_telemetry,BETA-NORTH-TRUCK-073,haul_truck,2026-09-01T20:18:38.253Z,9,-16.593944,-71.564395,16.6,0.2,Pit-A,cycle-beta-north-truck-073-00003,loading,220.2,240.0,274732.21,26.3,True,True,1604.84,55386.01,False,False,False,91.7,25.0,[],1.0
6b815aff-aa5a-4cc1-8404-234fd80f91c9,1.0,beta-minerals,north-site,fleet_telemetry,BETA-NORTH-TRUCK-074,haul_truck,2026-09-01T20:18:38.253Z,9,-16.660898,-71.593838,253.7,0.2,Pit-A,cycle-beta-north-truck-074-00003,loading,220.2,240.0,363067.34,85.7,True,True,8024.1,131799.92,False,False,False,88.4,25.2,[],1.0
f11de311-7087-4521-9277-5ed31de81c92,1.0,beta-minerals,north-site,fleet_telemetry,BETA-NORTH-TRUCK-075,haul_truck,2026-09-01T20:18:38.253Z,9,-16.610609,-71.466801,171.5,0.7,Pit-A,cycle-beta-north-truck-075-00003,loading,219.2,240.0,388695.15,92.2,True,True,17216.58,553283.15,False,False,False,107.8,24.3,"[""ENG_OVERHEAT""]",0.72
3eeec196-1a04-455f-ac5b-a413b88c69ad,1.0,beta-minerals,north-site,fleet_telemetry,BETA-NORTH-TRUCK-076,haul_truck,2026-09-01T20:18:38.253Z,9,-16.600455,-71.515274,227.3,0.2,Pit-A,cycle-beta-north-truck-076-00003,loading,220.1,240.0,439379.28,76.2,True,True,7935.11,223240.21,False,False,False,95.6,24.3,[],1.0
29ccda17-9cdf-44c7-be4b-c497cb78fb83,1.0,beta-minerals,north-site,fleet_telemetry,BETA-NORTH-TRUCK-077,haul_truck,2026-09-01T20:18:38.253Z,9,-16.544499,-71.581818,217.5,0.5,Pit-A,cycle-beta-north-truck-077-00003,loading,221.2,240.0,315167.16,90.0,True,True,4493.11,630308.21,False,False,False,88.1,24.4,[],1.0
76dee806-35e0-4965-a05d-e1aa4e32cc0f,1.0,beta-minerals,north-site,fleet_telemetry,BETA-NORTH-TRUCK-078,haul_truck,2026-09-01T20:18:38.253Z,9,-16.670099,-71.505179,120.3,0.4,Pit-A,cycle-beta-north-truck-078-00003,loading,216.2,240.0,139588.18,37.4,True,True,8821.76,482417.03,False,False,False,93.9,25.1,[],1.0
f4656fcb-5447-46d8-ae82-dba9d278695d,1.0,beta-minerals,north-site,fleet_telemetry,BETA-NORTH-TRUCK-079,haul_truck,2026-09-01T20:18:38.253Z,9,-16.635083,-71.527008,329.2,0.5,Pit-A,cycle-beta-north-truck-079-00003,loading,227.9,240.0,415257.4,92.7,True,True,1486.53,399505.04,False,False,False,95.6,24.2,[],1.0
beeceee0-a5cd-4ea7-ba34-f5f2be697a20,1.0,beta-minerals,north-site,fleet_telemetry,BETA-NORTH-TRUCK-080,haul_truck,2026-09-01T20:18:38.253Z,9,-16.568608,-71.463403,46.9,1.2,Pit-A,cycle-beta-north-truck-080-00003,loading,223.0,240.0,162597.04,47.3,True,True,7820.78,69018.36,False,False,False,87.6,24.6,[],1.0
80645960-ec2e-473e-92f4-cf022c6338c7,1.0,acme-mining,site-01,fleet_telemetry,ACME-S01-TRUCK-001,haul_truck,2026-09-01T20:18:43.253Z,10,-16.552532,-71.509183,227.1,24.7,Pit-A,cycle-acme-s01-truck-001-00003,hauling,222.8,240.0,131013.61,40.6,True,False,14355.86,35757.01,False,False,False,91.0,24.1,[],1.0
dc84be9d-3426-4327-9e3f-a951b6e70cbc,1.0,acme-mining,site-01,fleet_telemetry,ACME-S01-TRUCK-002,haul_truck,2026-09-01T20:18:43.253Z,10,-16.574104,-71.527686,277.8,33.2,Pit-A,cycle-acme-s01-truck-002-00003,hauling,216.2,240.0,51226.61,41.2,True,False,13318.46,40023.32,False,False,False,94.0,24.1,[],1.0
45e3abc2-0a06-4d11-9889-321d904fe2d7,1.0,acme-mining,site-01,fleet_telemetry,ACME-S01-TRUCK-003,haul_truck,2026-09-01T20:18:43.253Z,10,-16.548994,-71.591933,221.4,28.0,Pit-A,cycle-acme-s01-truck-003-00003,hauling,219.5,240.0,132404.62,85.8,True,False,9693.83,303001.94,False,False,False,89.1,24.7,[],1.0
50234b12-09a6-411c-b904-c2251e75e9a1,1.0,acme-mining,site-01,fleet_telemetry,ACME-S01-TRUCK-004,haul_truck,2026-09-01T20:18:43.253Z,10,-16.654906,-71.481952,231.7,58.6,Pit-A,cycle-acme-s01-truck-004-00003,hauling,227.9,240.0,158102.31,31.4,True,False,4096.18,623044.5,False,False,True,91.7,24.2,[],1.0
25a1c8de-f6fa-493f-9aec-90cf755cea7c,1.0,acme-mining,site-01,fleet_telemetry,ACME-S01-TRUCK-005,haul_truck,2026-09-01T20:18:43.253Z,10,-16.582098,-71.484808,187.8,28.9,Pit-A,cycle-acme-s01-truck-005-00003,hauling,224.3,240.0,438171.64,51.4,True,False,16270.33,357823.93,False,False,False,89.6,24.9,[],1.0
f49dcc3a-b270-4f5e-90aa-4bfa002e7041,1.0,acme-mining,site-01,fleet_telemetry,ACME-S01-TRUCK-006,haul_truck,2026-09-01T20:18:43.253Z,10,-16.624075,-71.604676,45.8,26.8,Pit-A,cycle-acme-s01-truck-006-00003,hauling,220.9,240.0,30163.44,40.9,True,False,13039.88,463880.49,False,False,False,86.0,23.9,[],1.0
58220e37-3f45-483e-baf7-50c298933073,1.0,acme-mining,site-01,fleet_telemetry,ACME-S01-TRUCK-007,haul_truck,2026-09-01T20:18:43.253Z,10,-16.613536,-71.510271,351.1,28.0,Pit-A,cycle-acme-s01-truck-007-00003,hauling,221.6,240.0,377009.3,36.3,True,False,8858.69,305648.71,False,False,False,94.5,23.9,[],1.0
a8d6ba27-d3d0-4f4f-8ecf-234585bc2ea5,1.0,acme-mining,site-01,fleet_telemetry,ACME-S01-TRUCK-008,haul_truck,2026-09-01T20:18:43.253Z,10,-16.609698,-71.459177,185.9,30.5,Pit-A,cycle-acme-s01-truck-008-00003,hauling,225.9,240.0,330816.5,36.4,True,False,13713.59,127817.57,False,False,False,87.0,24.7,[],1.0
c328c9cf-4de6-4e00-8391-1ccf5af37d76,1.0,acme-mining,site-01,fleet_telemetry,ACME-S01-TRUCK-009,haul_truck,2026-09-01T20:18:43.253Z,10,-16.538918,-71.488685,255.4,37.9,Pit-A,cycle-acme-s01-truck-009-00003,hauling,221.0,240.0,348058.68,28.9,True,False,5455.86,224298.35,False,False,False,90.3,24.9,[],1.0
b7d14f94-3d28-40f2-a081-dc2d01e747fb,1.0,acme-mining,site-01,fleet_telemetry,ACME-S01-TRUCK-010,haul_truck,2026-09-01T20:18:43.253Z,10,-16.565557,-71.554153,228.5,39.3,Pit-A,cycle-acme-s01-truck-010-00003,hauling,219.5,240.0,395602.46,47.0,True,False,5272.85,614033.37,False,False,False,88.8,23.8,[],1.0
695f5425-9007-428f-8117-337cdf771006,1.0,acme-mining,site-01,fleet_telemetry,ACME-S01-TRUCK-011,haul_truck,2026-09-01T20:18:43.253Z,10,-16.550908,-71.548946,298.4,34.0,Pit-A,cycle-acme-s01-truck-011-00003,hauling,221.7,240.0,337795.86,62.7,True,False,3828.89,107967.32,False,False,False,92.1,24.9,[],1.0
bd82ecc9-64bd-4adc-9343-48fb7b888555,1.0,acme-mining,site-01,fleet_telemetry,ACME-S01-TRUCK-012,haul_truck,2026-09-01T20:18:43.253Z,10,-16.662833,-71.599932,249.8,39.4,Pit-A,cycle-acme-s01-truck-012-00003,hauling,217.9,240.0,234192.28,31.3,True,False,5449.61,648448.97,False,False,False,95.8,24.0,[],1.0
c704ba13-dd1f-426d-8368-5c1f811e2197,1.0,acme-mining,site-01,fleet_telemetry,ACME-S01-TRUCK-013,haul_truck,2026-09-01T20:18:43.253Z,10,-16.630221,-71.529,27.6,33.7,Pit-A,cycle-acme-s01-truck-013-00003,hauling,226.4,240.0,272191.62,57.7,True,False,13443.89,262403.65,False,False,False,88.3,24.3,[],1.0
b3ec317a-019f-4a1b-a88b-4d38fdca396f,1.0,acme-mining,site-01,fleet_telemetry,ACME-S01-TRUCK-014,haul_truck,2026-09-01T20:18:43.253Z,10,-16.652519,-71.54793,136.9,28.1,Pit-A,cycle-acme-s01-truck-014-00003,hauling,222.4,240.0,127403.79,69.8,True,False,15252.27,358291.57,False,False,False,93.0,24.3,[],1.0
9b40b000-9a35-4a3e-927e-0e401fb18c21,1.0,acme-mining,site-01,fleet_telemetry,ACME-S01-TRUCK-015,haul_truck,2026-09-01T20:18:43.253Z,10,-16.570351,-71.482862,147.1,34.6,Pit-A,cycle-acme-s01-truck-015-00003,hauling,225.1,240.0,233380.65,32.4,True,False,21404.04,500036.44,False,False,False,92.7,24.3,[],1.0
9d5093a2-880d-4392-b88e-cb2df1316cbc,1.0,acme-mining,site-01,fleet_telemetry,ACME-S01-TRUCK-016,haul_truck,2026-09-01T20:18:43.253Z,10,-16.585561,-71.617405,44.7,24.4,Pit-A,cycle-acme-s01-truck-016-00003,hauling,222.0,240.0,247327.48,79.4,True,False,4040.21,500382.06,False,False,False,94.3,23.9,[],1.0
b307399f-24e1-478c-89b5-b98076534dc7,1.0,acme-mining,site-01,fleet_telemetry,ACME-S01-TRUCK-017,haul_truck,2026-09-01T20:18:43.253Z,10,-16.63213,-71.578971,243.5,34.4,Pit-A,cycle-acme-s01-truck-017-00003,hauling,227.4,240.0,443542.12,81.4,True,False,3171.61,248678.13,False,False,False,95.6,24.0,[],1.0
d4ec4a11-3244-479c-ba82-ef185fae3d73,1.0,acme-mining,site-01,fleet_telemetry,ACME-S01-TRUCK-018,haul_truck,2026-09-01T20:18:43.253Z,10,-16.547856,-71.596952,16.3,29.5,Pit-A,cycle-acme-s01-truck-018-00003,hauling,218.5,240.0,40454.22,78.2,True,False,2615.87,326174.21,False,False,False,86.6,24.2,[],1.0
cfea4e54-30be-4ed3-9576-45c8daafa99e,1.0,acme-mining,site-01,fleet_telemetry,ACME-S01-TRUCK-019,haul_truck,2026-09-01T20:18:43.253Z,10,-16.521838,-71.49668,202.4,29.1,Pit-A,cycle-acme-s01-truck-019-00003,hauling,227.3,240.0,276902.03,92.4,True,False,4300.71,352434.7,False,False,False,96.0,23.9,[],1.0
f22bfdbd-bb77-401a-9ddc-7727d57df592,1.0,acme-mining,site-01,fleet_telemetry,ACME-S01-TRUCK-020,haul_truck,2026-09-01T20:18:43.253Z,10,-16.598158,-71.57781,41.7,24.2,Pit-A,cycle-acme-s01-truck-020-00003,hauling,218.8,240.0,174305.73,87.9,True,False,9258.65,443163.04,False,False,False,89.1,25.0,[],1.0
e4e69180-0c60-443e-abb0-7a35d4a9d47c,1.0,acme-mining,site-01,fleet_telemetry,ACME-S01-TRUCK-021,haul_truck,2026-09-01T20:18:43.253Z,10,-16.569433,-71.580877,98.9,36.0,Pit-A,cycle-acme-s01-truck-021-00003,hauling,221.0,240.0,106896.36,29.9,True,False,13272.16,164972.52,False,False,False,91.7,23.9,[],1.0
8931d033-08c7-4271-a693-5ee77321cd8f,1.0,acme-mining,site-01,fleet_telemetry,ACME-S01-TRUCK-022,haul_truck,2026-09-01T20:18:43.253Z,10,-16.649209,-71.467812,24.9,42.0,Pit-A,cycle-acme-s01-truck-022-00003,hauling,222.0,240.0,304350.93,39.9,True,False,2302.19,169943.23,False,False,False,91.3,24.1,[],1.0
6eedb91c-eb84-45db-9061-f4c58b693b61,1.0,acme-mining,site-01,fleet_telemetry,ACME-S01-TRUCK-023,haul_truck,2026-09-01T20:18:43.253Z,10,-16.564964,-71.560822,275.2,28.7,Pit-A,cycle-acme-s01-truck-023-00003,hauling,219.8,240.0,189107.09,31.5,True,False,5951.56,317973.2,False,False,False,87.3,24.4,[],1.0
8cce5145-206d-4f83-afa6-8f10e3c1e517,1.0,acme-mining,site-01,fleet_telemetry,ACME-S01-TRUCK-024,haul_truck,2026-09-01T20:18:43.253Z,10,-16.616111,-71.47964,77.3,35.9,Pit-A,cycle-acme-s01-truck-024-00003,hauling,224.7,240.0,53304.57,53.1,True,False,15075.34,640024.31,False,False,False,86.3,25.2,[],1.0
060b3772-c3bd-424c-bfc7-212942c873c0,1.0,acme-mining,site-01,fleet_telemetry,ACME-S01-TRUCK-025,haul_truck,2026-09-01T20:18:43.253Z,10,-16.530461,-71.60542,217.5,32.1,Pit-A,cycle-acme-s01-truck-025-00003,hauling,227.6,240.0,90735.44,57.3,True,False,12169.27,108315.1,False,False,False,90.5,24.1,[],1.0
8bd39e21-5c6b-4843-bda4-7c4743d2e189,1.0,acme-mining,site-01,fleet_telemetry,ACME-S01-TRUCK-026,haul_truck,2026-09-01T20:18:43.253Z,10,-16.65551,-71.496874,293.6,35.0,Pit-A,cycle-acme-s01-truck-026-00003,hauling,223.4,240.0,247859.4,26.0,True,False,2875.68,430851.51,False,False,False,86.9,24.4,[],1.0
deb4fe0f-e97e-4513-be16-19ba34e3194f,1.0,acme-mining,site-01,fleet_telemetry,ACME-S01-TRUCK-027,haul_truck,2026-09-01T20:18:43.253Z,10,-16.609763,-71.459832,338.4,55.2,Pit-A,cycle-acme-s01-truck-027-00003,hauling,225.7,240.0,186458.44,29.0,True,False,11095.61,154661.06,False,False,True,89.5,24.8,[],1.0
676e3fe8-e094-4c31-84e9-b0a273313017,1.0,acme-mining,site-01,fleet_telemetry,ACME-S01-TRUCK-028,haul_truck,2026-09-01T20:18:43.253Z,10,-16.564493,-71.539641,29.2,34.0,Pit-A,cycle-acme-s01-truck-028-00003,hauling,217.1,240.0,331423.05,79.8,True,False,6847.3,458852.91,False,False,False,94.4,25.2,[],1.0
53fb5cba-ddcb-479b-9ebf-987f1b296983,1.0,acme-mining,site-01,fleet_telemetry,ACME-S01-TRUCK-029,haul_truck,2026-09-01T20:18:43.253Z,10,-16.66126,-71.524002,13.5,34.8,Pit-A,cycle-acme-s01-truck-029-00003,hauling,218.0,240.0,248566.6,77.3,True,False,21336.65,384883.83,False,False,False,88.3,25.1,[],1.0
c9e12310-cafa-4833-9e0d-8ca8dd949609,1.0,acme-mining,site-01,fleet_telemetry,ACME-S01-TRUCK-030,haul_truck,2026-09-01T20:18:43.253Z,10,-16.57519,-71.509464,202.1,24.4,Pit-A,cycle-acme-s01-truck-030-00003,hauling,221.6,240.0,45249.75,37.9,True,False,4137.59,625290.97,False,False,False,89.0,24.9,[],1.0
1054e7c1-dc1a-42dc-bbda-fc44ff4ad56a,1.0,acme-mining,site-01,fleet_telemetry,ACME-S01-TRUCK-031,haul_truck,2026-09-01T20:18:43.253Z,10,-16.657284,-71.512314,323.3,35.5,Pit-A,cycle-acme-s01-truck-031-00003,hauling,222.2,240.0,264725.09,27.7,True,False,20761.85,378895.76,False,False,False,90.7,24.1,[],1.0
f1b5001e-29f9-440e-8fb2-176c9a010028,1.0,acme-mining,site-01,fleet_telemetry,ACME-S01-TRUCK-032,haul_truck,2026-09-01T20:18:43.253Z,10,-16.607088,-71.510036,175.0,51.6,Pit-A,cycle-acme-s01-truck-032-00003,hauling,216.0,240.0,325125.1,41.6,True,False,20615.79,148683.57,False,False,True,86.7,25.1,[],1.0
7d85411c-6c32-42c2-b744-d708e5a2b7f3,1.0,acme-mining,site-01,fleet_telemetry,ACME-S01-TRUCK-033,haul_truck,2026-09-01T20:18:43.253Z,10,-16.580333,-71.601462,293.6,39.5,Pit-A,cycle-acme-s01-truck-033-00003,hauling,223.1,240.0,14099.51,68.4,True,False,20495.2,609512.88,False,False,False,94.1,25.1,[],1.0
86f8035b-8c16-4a01-9fdf-e96d666cd305,1.0,acme-mining,site-01,fleet_telemetry,ACME-S01-TRUCK-034,haul_truck,2026-09-01T20:18:43.253Z,10,-16.611278,-71.592258,152.3,32.0,Pit-A,cycle-acme-s01-truck-034-00003,hauling,217.3,240.0,397580.94,86.5,True,False,6422.26,607953.63,False,False,False,93.0,23.9,[],1.0
48669c50-169e-4a9d-b62e-675e8e958e7d,1.0,acme-mining,site-01,fleet_telemetry,ACME-S01-TRUCK-035,haul_truck,2026-09-01T20:18:43.253Z,10,-16.539698,-71.569573,349.7,24.7,Pit-A,cycle-acme-s01-truck-035-00003,hauling,219.4,240.0,297750.29,25.5,True,False,13767.58,641957.06,False,False,False,86.9,24.3,[],1.0
3d45d1b2-4a2d-4bda-b4a2-bce1d4069072,1.0,acme-mining,site-01,fleet_telemetry,ACME-S01-TRUCK-036,haul_truck,2026-09-01T20:18:43.253Z,10,-16.625274,-71.583826,238.8,39.3,Pit-A,cycle-acme-s01-truck-036-00003,hauling,224.0,240.0,336664.05,35.8,True,False,6406.69,580519.29,False,False,False,91.2,24.8,[],1.0
2a29a4c5-5d5c-46e0-92d3-d09ce7adb31d,1.0,acme-mining,site-01,fleet_telemetry,ACME-S01-TRUCK-037,haul_truck,2026-09-01T20:18:43.253Z,10,-16.568941,-71.484784,279.3,41.7,Pit-A,cycle-acme-s01-truck-037-00003,hauling,222.8,240.0,409590.69,28.5,True,False,11514.69,178206.67,False,False,False,87.1,23.8,[],1.0
6b182954-fbbc-4c98-b1ec-59d8d3443b5d,1.0,acme-mining,site-01,fleet_telemetry,ACME-S01-TRUCK-038,haul_truck,2026-09-01T20:18:43.253Z,10,-16.582166,-71.549059,222.1,27.8,Pit-A,cycle-acme-s01-truck-038-00003,hauling,227.2,240.0,125261.02,76.8,True,False,17147.74,421381.67,False,False,False,86.6,24.9,[],1.0
9e19eb26-1941-4da8-a3b8-3d48d2b0f26e,1.0,acme-mining,site-01,fleet_telemetry,ACME-S01-TRUCK-039,haul_truck,2026-09-01T20:18:43.253Z,10,-16.611305,-71.529117,344.5,34.5,Pit-A,cycle-acme-s01-truck-039-00003,hauling,224.6,240.0,75584.59,27.5,True,False,20835.09,455342.6,False,False,False,93.2,24.7,[],1.0
99e2ad78-9970-4ae9-88fe-b6535eded992,1.0,acme-mining,site-01,fleet_telemetry,ACME-S01-TRUCK-040,haul_truck,2026-09-01T20:18:43.253Z,10,-16.526613,-71.583911,274.7,35.7,Pit-A,cycle-acme-s01-truck-040-00003,hauling,227.5,240.0,360294.52,85.2,True,False,7335.09,586358.6,False,False,False,94.7,24.8,[],1.0
881e234e-3081-4616-89cd-ac5e4cd7abac,1.0,acme-mining,site-01,fleet_telemetry,ACME-S01-TRUCK-041,haul_truck,2026-09-01T20:18:43.253Z,10,-16.55048,-71.469364,292.2,26.8,Pit-A,cycle-acme-s01-truck-041-00003,hauling,227.0,240.0,394874.31,93.1,True,False,8298.0,372726.82,False,False,False,93.9,25.0,[],1.0
3928f16f-1d46-43a4-b5a5-63ca581c7283,1.0,acme-mining,site-01,fleet_telemetry,ACME-S01-TRUCK-042,haul_truck,2026-09-01T20:18:43.253Z,10,-16.552505,-71.564334,172.5,39.2,Pit-A,cycle-acme-s01-truck-042-00003,hauling,226.0,240.0,397823.84,26.7,True,False,21495.58,530786.41,False,False,False,87.5,24.9,[],1.0
d1d1c71d-78a2-4663-851d-96dbd9956dee,1.0,acme-mining,site-01,fleet_telemetry,ACME-S01-TRUCK-043,haul_truck,2026-09-01T20:18:43.253Z,10,-16.533042,-71.581909,207.5,34.0,Pit-A,cycle-acme-s01-truck-043-00003,hauling,227.1,240.0,57562.78,86.0,True,False,6456.29,516046.18,False,False,False,88.4,24.9,[],1.0
61adc006-7f92-4b47-ac04-7bc1a0c06f59,1.0,acme-mining,site-01,fleet_telemetry,ACME-S01-TRUCK-044,haul_truck,2026-09-01T20:18:43.253Z,10,-16.56479,-71.553778,130.9,40.1,Pit-A,cycle-acme-s01-truck-044-00003,hauling,216.4,240.0,393382.84,40.5,True,False,8212.77,536938.18,False,False,False,86.1,24.7,[],1.0
7fe57a60-14ae-403a-a703-1898f5253d71,1.0,acme-mining,site-01,fleet_telemetry,ACME-S01-TRUCK-045,haul_truck,2026-09-01T20:18:43.253Z,10,-16.513422,-71.531706,139.9,32.6,Pit-A,cycle-acme-s01-truck-045-00003,hauling,217.4,240.0,292252.67,52.9,True,False,21298.06,195849.0,False,False,False,93.2,24.3,[],1.0
e185ad8b-f2a9-43d1-a181-37e2974decf1,1.0,acme-mining,site-01,fleet_telemetry,ACME-S01-TRUCK-046,haul_truck,2026-09-01T20:18:43.253Z,10,-16.664257,-71.522046,141.5,31.1,Pit-A,cycle-acme-s01-truck-046-00003,hauling,226.5,240.0,265460.19,93.8,True,False,19393.23,184565.8,False,False,False,93.5,24.4,[],1.0
5610013b-9fc1-47b1-9a2a-433bc29bcc3f,1.0,acme-mining,site-01,fleet_telemetry,ACME-S01-TRUCK-047,haul_truck,2026-09-01T20:18:43.253Z,10,-16.639975,-71.610441,226.2,38.8,Pit-A,cycle-acme-s01-truck-047-00003,hauling,227.3,240.0,60884.85,87.9,True,False,10051.56,640068.82,False,False,False,92.6,24.3,[],1.0
cc21f388-48e3-4a56-b5c9-b1ed437fa372,1.0,acme-mining,site-01,fleet_telemetry,ACME-S01-TRUCK-048,haul_truck,2026-09-01T20:18:43.253Z,10,-16.563074,-71.559225,250.4,32.7,Pit-A,cycle-acme-s01-truck-048-00003,hauling,219.0,240.0,326549.91,76.9,True,False,20422.21,359224.98,False,False,False,87.3,25.2,[],1.0
0c443141-a4b4-429f-b37e-104c7195be4b,1.0,acme-mining,site-01,fleet_telemetry,ACME-S01-TRUCK-049,haul_truck,2026-09-01T20:18:43.253Z,10,-16.589246,-71.51083,45.4,37.0,Pit-A,cycle-acme-s01-truck-049-00003,hauling,227.6,240.0,64835.85,87.9,True,False,14010.91,437934.36,False,False,False,89.6,25.0,[],1.0
58b3340f-520b-4359-b1fa-d6cdc6767fbd,1.0,acme-mining,site-01,fleet_telemetry,ACME-S01-TRUCK-050,haul_truck,2026-09-01T20:18:43.253Z,10,-16.550707,-71.589664,240.0,35.7,Pit-A,cycle-acme-s01-truck-050-00003,hauling,227.8,240.0,302569.66,51.5,True,False,12553.56,140859.51,False,False,False,86.1,24.9,[],1.0
5ddd2d8d-442a-4a0b-b169-333f3af507ef,1.0,acme-mining,site-01,fleet_telemetry,ACME-S01-TRUCK-051,haul_truck,2026-09-01T20:18:43.253Z,10,-16.577585,-71.512734,149.5,38.3,Pit-A,cycle-acme-s01-truck-051-00003,hauling,225.8,240.0,136242.74,55.0,True,False,12416.28,20256.05,False,False,False,90.2,25.0,[],1.0
af369104-c9d0-4f49-84f2-f85a3ccba78e,1.0,acme-mining,site-01,fleet_telemetry,ACME-S01-TRUCK-052,haul_truck,2026-09-01T20:18:43.253Z,10,-16.552615,-71.512039,29.5,32.3,Pit-A,cycle-acme-s01-truck-052-00003,hauling,225.0,240.0,359244.28,92.1,True,False,15123.31,342039.89,False,False,False,92.3,25.1,[],1.0
539a7781-489f-4c26-b0a8-ac351283031b,1.0,acme-mining,site-01,fleet_telemetry,ACME-S01-TRUCK-053,haul_truck,2026-09-01T20:18:43.253Z,10,-16.541365,-71.593938,109.0,58.4,Pit-A,cycle-acme-s01-truck-053-00003,hauling,225.2,240.0,113342.89,46.7,True,False,2779.82,619760.08,False,False,True,91.3,25.2,[],1.0
5a025276-eea4-4012-9389-fa4dbcb89a3e,1.0,acme-mining,site-01,fleet_telemetry,ACME-S01-TRUCK-054,haul_truck,2026-09-01T20:18:43.253Z,10,-16.578266,-71.502516,201.8,39.0,Pit-A,cycle-acme-s01-truck-054-00003,hauling,226.7,240.0,210383.82,87.0,True,False,13759.02,504148.53,False,False,False,93.1,24.4,[],1.0
1a17acd0-4bdc-441f-8f5d-dd8c6770e904,1.0,acme-mining,site-01,fleet_telemetry,ACME-S01-TRUCK-055,haul_truck,2026-09-01T20:18:43.253Z,10,-16.547173,-71.600439,177.7,26.3,Pit-A,cycle-acme-s01-truck-055-00003,hauling,224.0,240.0,12440.43,77.5,True,False,5972.48,433316.76,False,False,False,91.3,25.0,[],1.0
5397db06-0b48-4254-8b50-ac331ce5230d,1.0,acme-mining,site-01,fleet_telemetry,ACME-S01-TRUCK-056,haul_truck,2026-09-01T20:18:43.253Z,10,-16.523607,-71.598042,348.9,41.6,Pit-A,cycle-acme-s01-truck-056-00003,hauling,226.3,240.0,214402.66,64.0,True,False,17847.14,458424.67,False,False,False,95.4,24.8,[],1.0
bc3fe302-d96c-45cb-9577-ef3ff5e2289c,1.0,acme-mining,site-01,fleet_telemetry,ACME-S01-TRUCK-057,haul_truck,2026-09-01T20:18:43.253Z,10,-16.527742,-71.519445,50.3,25.3,Pit-A,cycle-acme-s01-truck-057-00003,hauling,222.4,240.0,271999.73,91.4,True,False,14952.66,642372.47,False,False,False,87.4,24.4,[],1.0
1a86331f-4612-4021-addf-ae5dc81bdf42,1.0,acme-mining,site-01,fleet_telemetry,ACME-S01-TRUCK-058,haul_truck,2026-09-01T20:18:43.253Z,10,-16.532496,-71.545489,229.6,37.5,Pit-A,cycle-acme-s01-truck-058-00003,hauling,217.5,240.0,206202.7,36.1,True,False,9846.92,591318.73,False,False,False,89.8,24.7,[],1.0
70b02196-5938-4887-a20e-11a45dd8498e,1.0,acme-mining,site-01,fleet_telemetry,ACME-S01-TRUCK-059,haul_truck,2026-09-01T20:18:43.253Z,10,-16.658025,-71.571743,157.0,36.9,Pit-A,cycle-acme-s01-truck-059-00003,hauling,225.2,240.0,285770.02,44.2,True,False,17035.26,348419.12,False,False,False,92.9,24.1,[],1.0
00f01959-f5b9-4839-aa67-8368dc537c4a,1.0,acme-mining,site-01,fleet_telemetry,ACME-S01-TRUCK-060,haul_truck,2026-09-01T20:18:43.253Z,10,-16.645957,-71.583222,98.6,33.1,Pit-A,cycle-acme-s01-truck-060-00003,hauling,221.0,240.0,76366.2,51.8,True,False,19732.18,70764.14,False,False,False,90.6,25.0,[],1.0
388a6ef4-94a1-44dd-8cf4-a495b37fc6c2,1.0,acme-mining,site-01,fleet_telemetry,ACME-S01-TRUCK-061,haul_truck,2026-09-01T20:18:43.253Z,10,-16.525623,-71.524047,351.8,26.7,Pit-A,cycle-acme-s01-truck-061-00003,hauling,224.8,240.0,101007.84,54.4,True,False,12303.37,281938.03,False,False,False,92.6,24.0,[],1.0
7b4faac8-1074-42b4-9646-5160225384c0,1.0,acme-mining,site-01,fleet_telemetry,ACME-S01-TRUCK-062,haul_truck,2026-09-01T20:18:43.253Z,10,-16.533839,-71.46495,62.9,40.2,Pit-A,cycle-acme-s01-truck-062-00003,hauling,225.7,240.0,164774.58,77.7,True,False,8864.09,23714.78,False,False,False,95.1,25.0,[],1.0
d2eb258f-60d1-4924-831b-038f765ff34b,1.0,acme-mining,site-01,fleet_telemetry,ACME-S01-TRUCK-063,haul_truck,2026-09-01T20:18:43.253Z,10,-16.592645,-71.555281,337.0,28.3,Pit-A,cycle-acme-s01-truck-063-00003,hauling,219.9,240.0,224821.68,44.0,True,False,17757.22,585621.37,False,False,False,94.6,24.2,[],1.0
0990bf22-cc0e-4b1a-99d0-81fb87a00122,1.0,acme-mining,site-01,fleet_telemetry,ACME-S01-TRUCK-064,haul_truck,2026-09-01T20:18:43.253Z,10,-16.584939,-71.472412,89.4,40.3,Pit-A,cycle-acme-s01-truck-064-00003,hauling,222.2,240.0,414599.02,93.6,True,False,16152.66,549518.81,False,False,False,93.6,25.1,[],1.0
5ed490fe-f5ee-458b-b38f-c4f8a55d2a48,1.0,acme-mining,site-01,fleet_telemetry,ACME-S01-TRUCK-065,haul_truck,2026-09-01T20:18:43.253Z,10,-16.628737,-71.565121,41.8,35.3,Pit-A,cycle-acme-s01-truck-065-00003,hauling,217.4,240.0,391415.3,37.7,True,False,2579.7,290026.3,False,False,False,95.7,24.2,[],1.0
b6bf6596-e8be-4f51-9fcb-ad1a7600ebe3,1.0,acme-mining,site-01,fleet_telemetry,ACME-S01-TRUCK-066,haul_truck,2026-09-01T20:18:43.253Z,10,-16.630044,-71.604379,202.2,41.5,Pit-A,cycle-acme-s01-truck-066-00003,hauling,224.5,240.0,340885.03,83.2,True,False,16938.08,258849.77,False,False,False,86.2,24.5,[],1.0
fb838baf-9a73-4e0d-9f7b-9179c61e7a21,1.0,acme-mining,site-01,fleet_telemetry,ACME-S01-TRUCK-067,haul_truck,2026-09-01T20:18:43.253Z,10,-16.517199,-71.611036,230.4,39.1,Pit-A,cycle-acme-s01-truck-067-00003,hauling,225.4,240.0,108658.46,29.7,True,False,1904.23,619709.64,False,False,False,86.6,24.3,[],1.0
b7eaa528-b13c-455a-9ff2-b8425e3aa095,1.0,acme-mining,site-01,fleet_telemetry,ACME-S01-TRUCK-068,haul_truck,2026-09-01T20:18:43.253Z,10,-16.563279,-71.527232,207.7,40.0,Pit-A,cycle-acme-s01-truck-068-00003,hauling,216.6,240.0,77048.94,33.8,True,False,5026.46,32839.66,False,False,False,95.2,24.8,[],1.0
9dbefef7-43ee-4064-98d2-da584a8c55e6,1.0,acme-mining,site-01,fleet_telemetry,ACME-S01-TRUCK-069,haul_truck,2026-09-01T20:18:43.253Z,10,-16.652051,-71.486436,64.3,24.3,Pit-A,cycle-acme-s01-truck-069-00003,hauling,221.6,240.0,277189.61,77.3,True,False,17058.25,125707.4,False,False,False,87.2,24.8,[],1.0
458f9c6e-5d5c-49b5-9c48-64aa369d9d14,1.0,acme-mining,site-01,fleet_telemetry,ACME-S01-TRUCK-070,haul_truck,2026-09-01T20:18:43.253Z,10,-16.610323,-71.466865,286.6,31.1,Pit-A,cycle-acme-s01-truck-070-00003,hauling,222.1,240.0,263351.27,88.5,True,False,13068.13,605199.14,False,False,False,86.7,24.0,[],1.0
fac89630-90cb-4ad0-8d53-34e7455f0e38,1.0,acme-mining,site-01,fleet_telemetry,ACME-S01-TRUCK-071,haul_truck,2026-09-01T20:18:43.253Z,10,-16.534322,-71.521407,163.9,29.8,Pit-A,cycle-acme-s01-truck-071-00003,hauling,221.6,240.0,54837.28,79.0,True,False,15441.04,415162.93,False,False,False,88.3,25.1,[],1.0
bc1aa037-72c0-4f14-b454-a35acf04fa3a,1.0,acme-mining,site-01,fleet_telemetry,ACME-S01-TRUCK-072,haul_truck,2026-09-01T20:18:43.253Z,10,-16.589424,-71.562878,24.3,34.3,Pit-A,cycle-acme-s01-truck-072-00003,hauling,222.9,240.0,198487.03,50.9,True,False,17391.88,238738.62,False,False,False,93.6,25.1,[],1.0
4ee5748c-ef17-44e0-b15e-efe26df37b4e,1.0,acme-mining,site-01,fleet_telemetry,ACME-S01-TRUCK-073,haul_truck,2026-09-01T20:18:43.253Z,10,-16.557252,-71.547835,77.9,38.7,Pit-A,cycle-acme-s01-truck-073-00003,hauling,216.9,240.0,289658.16,83.0,True,False,3037.44,625296.43,False,False,False,90.8,24.3,[],1.0
aae8b360-fb8c-4861-8452-e55ad16db1f8,1.0,acme-mining,site-01,fleet_telemetry,ACME-S01-TRUCK-074,haul_truck,2026-09-01T20:18:43.253Z,10,-16.53828,-71.522696,310.5,58.8,Pit-A,cycle-acme-s01-truck-074-00003,hauling,220.7,240.0,350842.95,57.5,True,False,13857.36,599359.42,False,False,True,92.5,23.9,[],1.0
c1416699-9aab-4867-b9c8-fba4090340c2,1.0,acme-mining,site-01,fleet_telemetry,ACME-S01-TRUCK-075,haul_truck,2026-09-01T20:18:43.253Z,10,-16.596061,-71.51988,5.2,26.9,Pit-A,cycle-acme-s01-truck-075-00003,hauling,218.5,240.0,397918.43,42.0,True,False,18411.51,74597.86,False,False,False,86.3,23.9,[],1.0
c642645d-b72e-4870-9dd4-c8e662999eff,1.0,acme-mining,site-01,fleet_telemetry,ACME-S01-TRUCK-076,haul_truck,2026-09-01T20:18:43.253Z,10,-16.629055,-71.572742,226.1,31.2,Pit-A,cycle-acme-s01-truck-076-00003,hauling,217.8,240.0,224522.68,49.8,True,False,11279.31,224759.18,False,False,False,95.6,25.2,[],1.0
a2a651aa-df81-41cb-8093-a487a546434c,1.0,acme-mining,site-01,fleet_telemetry,ACME-S01-TRUCK-077,haul_truck,2026-09-01T20:18:43.253Z,10,-16.60535,-71.528656,14.1,34.1,Pit-A,cycle-acme-s01-truck-077-00003,hauling,226.4,240.0,94065.53,41.8,True,False,12582.78,345475.43,False,False,False,94.0,24.5,[],1.0
818a4985-8947-4fd7-9968-69a3e9940d72,1.0,acme-mining,site-01,fleet_telemetry,ACME-S01-TRUCK-078,haul_truck,2026-09-01T20:18:43.253Z,10,-16.634981,-71.506788,127.1,36.9,Pit-A,cycle-acme-s01-truck-078-00003,hauling,218.8,240.0,358891.17,31.5,True,False,14493.16,329217.69,False,False,False,90.3,25.1,[],1.0
772aee8b-7f84-4544-a3d1-9630b2f4aec8,1.0,acme-mining,site-01,fleet_telemetry,ACME-S01-TRUCK-079,haul_truck,2026-09-01T20:18:43.253Z,10,-16.582334,-71.561211,8.1,33.8,Pit-A,cycle-acme-s01-truck-079-00003,hauling,216.8,240.0,161253.96,94.7,True,False,8623.25,368688.18,False,False,False,90.5,24.2,[],1.0
bf342f36-2f2b-4ea1-9003-4739aa442ab3,1.0,acme-mining,site-01,fleet_telemetry,ACME-S01-TRUCK-080,haul_truck,2026-09-01T20:18:43.253Z,10,-16.584663,-71.49558,251.3,33.8,Pit-A,cycle-acme-s01-truck-080-00003,hauling,224.6,240.0,94737.8,33.3,True,False,6129.77,96013.44,False,False,False,90.9,24.9,[],1.0
65e4b8b1-19ef-4fda-ad6a-dc7033afd56c,1.0,acme-mining,site-02,fleet_telemetry,ACME-S02-TRUCK-001,haul_truck,2026-09-01T20:18:43.253Z,10,-16.537062,-71.488521,204.4,37.9,Pit-A,cycle-acme-s02-truck-001-00003,hauling,221.4,240.0,319616.06,60.0,True,False,4524.74,259530.91,False,False,False,89.5,24.8,[],1.0
b647a985-3d70-4b5c-b718-7a94dba73168,1.0,acme-mining,site-02,fleet_telemetry,ACME-S02-TRUCK-002,haul_truck,2026-09-01T20:18:43.253Z,10,-16.60174,-71.552822,331.4,24.6,Pit-A,cycle-acme-s02-truck-002-00003,hauling,223.8,240.0,44260.26,46.9,True,False,10047.87,309645.41,False,False,False,91.2,24.5,[],1.0
6bbcf2b8-3434-4ffe-8aaa-b6a17fc5af55,1.0,acme-mining,site-02,fleet_telemetry,ACME-S02-TRUCK-003,haul_truck,2026-09-01T20:18:43.253Z,10,-16.571469,-71.484342,281.7,41.2,Pit-A,cycle-acme-s02-truck-003-00003,hauling,221.5,240.0,152898.71,81.0,True,False,3241.69,33139.87,False,False,False,92.1,25.2,[],1.0
b8d42db6-6755-4a68-8972-da996124c7c8,1.0,acme-mining,site-02,fleet_telemetry,ACME-S02-TRUCK-004,haul_truck,2026-09-01T20:18:43.253Z,10,-16.657805,-71.478231,149.9,30.5,Pit-A,cycle-acme-s02-truck-004-00003,hauling,227.1,240.0,201698.38,53.0,True,False,10058.3,86694.0,False,False,False,91.0,25.2,[],1.0
93cd1e76-cd4d-4a28-9010-041dfc02157c,1.0,acme-mining,site-02,fleet_telemetry,ACME-S02-TRUCK-005,haul_truck,2026-09-01T20:18:43.253Z,10,-16.588829,-71.472563,14.0,33.9,Pit-A,cycle-acme-s02-truck-005-00003,hauling,218.6,240.0,234613.35,32.9,True,False,7861.07,125923.83,False,False,False,89.1,25.0,[],1.0
06731a2a-d187-4006-84a7-0444d2bec282,1.0,acme-mining,site-02,fleet_telemetry,ACME-S02-TRUCK-006,haul_truck,2026-09-01T20:18:43.253Z,10,-16.548789,-71.512613,167.6,36.5,Pit-A,cycle-acme-s02-truck-006-00003,hauling,225.7,240.0,96800.3,67.1,True,False,5808.91,112260.09,False,False,False,94.4,24.3,[],1.0
b1903375-9a6f-4265-8e5c-841851c8c3b9,1.0,acme-mining,site-02,fleet_telemetry,ACME-S02-TRUCK-007,haul_truck,2026-09-01T20:18:43.253Z,10,-16.529263,-71.514609,177.0,39.8,Pit-A,cycle-acme-s02-truck-007-00003,hauling,216.3,240.0,264966.67,72.6,True,False,10635.82,375153.58,False,False,False,92.3,24.5,[],1.0
0b0a89a9-f1de-4b1b-911b-185a9dbf97dd,1.0,acme-mining,site-02,fleet_telemetry,ACME-S02-TRUCK-008,haul_truck,2026-09-01T20:18:43.253Z,10,-16.599691,-71.569009,85.0,31.0,Pit-A,cycle-acme-s02-truck-008-00003,hauling,222.0,240.0,76421.96,29.7,True,False,19122.05,415147.21,False,False,False,88.8,24.1,[],1.0
19e0e78f-3099-421d-9c85-ea4d20341c4e,1.0,acme-mining,site-02,fleet_telemetry,ACME-S02-TRUCK-009,haul_truck,2026-09-01T20:18:43.253Z,10,-16.61145,-71.571586,67.4,34.5,Pit-A,cycle-acme-s02-truck-009-00003,hauling,224.2,240.0,213167.4,27.6,True,False,8261.19,66740.33,False,False,False,86.4,23.9,[],1.0
95421452-d1e1-4123-a490-7fcb5ed4db23,1.0,acme-mining,site-02,fleet_telemetry,ACME-S02-TRUCK-010,haul_truck,2026-09-01T20:18:43.253Z,10,-16.543686,-71.474149,85.6,42.0,Pit-A,cycle-acme-s02-truck-010-00003,hauling,219.8,240.0,213593.84,63.7,True,False,13838.19,339452.96,False,False,False,87.6,24.8,[],1.0
700470b3-a022-46a6-a39a-abf3a7289335,1.0,acme-mining,site-02,fleet_telemetry,ACME-S02-TRUCK-011,haul_truck,2026-09-01T20:18:43.253Z,10,-16.660483,-71.600914,67.8,36.8,Pit-A,cycle-acme-s02-truck-011-00003,hauling,219.1,240.0,219277.48,35.5,True,False,14618.97,222562.13,False,False,False,92.9,25.2,[],1.0
69836934-7187-4c8c-be81-178296514b62,1.0,acme-mining,site-02,fleet_telemetry,ACME-S02-TRUCK-012,haul_truck,2026-09-01T20:18:43.253Z,10,-16.557226,-71.45898,210.6,28.4,Pit-A,cycle-acme-s02-truck-012-00003,hauling,223.3,240.0,294296.63,27.7,True,False,21626.59,73127.63,False,False,False,94.9,24.8,[],1.0
8a944b99-ecd5-405d-8514-4fe85935fb4f,1.0,acme-mining,site-02,fleet_telemetry,ACME-S02-TRUCK-013,haul_truck,2026-09-01T20:18:43.253Z,10,-16.561739,-71.609086,14.7,29.7,Pit-A,cycle-acme-s02-truck-013-00003,hauling,227.0,240.0,180463.99,79.2,True,False,8514.65,598300.4,False,False,False,87.5,24.0,[],1.0
bb9c8705-3b88-4459-a041-01f7024ead87,1.0,acme-mining,site-02,fleet_telemetry,ACME-S02-TRUCK-014,haul_truck,2026-09-01T20:18:43.253Z,10,-16.554605,-71.512465,98.6,28.5,Pit-A,cycle-acme-s02-truck-014-00003,hauling,227.2,240.0,308487.62,44.8,True,False,2197.35,79538.97,False,False,False,89.6,24.5,[],1.0
186db217-dd82-4ced-aaaa-751a74200df0,1.0,acme-mining,site-02,fleet_telemetry,ACME-S02-TRUCK-015,haul_truck,2026-09-01T20:18:43.253Z,10,-16.515633,-71.505773,344.3,31.0,Pit-A,cycle-acme-s02-truck-015-00003,hauling,227.1,240.0,72229.2,49.4,True,False,7867.29,387126.15,False,False,False,92.0,24.0,[],1.0
fdc4a61f-6a7c-4186-8369-342ffae1999d,1.0,acme-mining,site-02,fleet_telemetry,ACME-S02-TRUCK-016,haul_truck,2026-09-01T20:18:43.253Z,10,-16.617854,-71.597061,37.2,36.2,Pit-A,cycle-acme-s02-truck-016-00003,hauling,216.4,240.0,255926.42,70.0,True,False,15827.29,73373.23,False,False,False,93.3,24.0,[],1.0
644fcb86-9eaa-4555-a0cd-e03e426ac4fb,1.0,acme-mining,site-02,fleet_telemetry,ACME-S02-TRUCK-017,haul_truck,2026-09-01T20:18:43.253Z,10,-16.621005,-71.465312,139.0,39.6,Pit-A,cycle-acme-s02-truck-017-00003,hauling,224.5,240.0,233735.64,26.2,True,False,2781.22,442387.55,False,False,False,86.3,24.2,[],1.0
cef8e499-c93a-4700-b311-2e27000a764d,1.0,acme-mining,site-02,fleet_telemetry,ACME-S02-TRUCK-018,haul_truck,2026-09-01T20:18:43.253Z,10,-16.544286,-71.536239,338.2,34.0,Pit-A,cycle-acme-s02-truck-018-00003,hauling,220.5,240.0,78176.58,45.6,True,False,4870.52,649985.53,False,False,False,89.2,24.6,[],1.0
26833311-dc0b-494e-b132-13ad06361aee,1.0,acme-mining,site-02,fleet_telemetry,ACME-S02-TRUCK-019,haul_truck,2026-09-01T20:18:43.253Z,10,-16.610161,-71.591567,276.5,24.9,Pit-A,cycle-acme-s02-truck-019-00003,hauling,216.1,240.0,347176.05,34.1,True,False,1600.26,232161.81,False,False,False,91.0,24.6,[],1.0
90628659-fbce-4acb-bc6d-8aa29a194cde,1.0,acme-mining,site-02,fleet_telemetry,ACME-S02-TRUCK-020,haul_truck,2026-09-01T20:18:43.253Z,10,-16.515263,-71.519806,69.0,36.1,Pit-A,cycle-acme-s02-truck-020-00003,hauling,221.9,240.0,170292.45,75.3,True,False,16089.09,47526.48,False,False,False,94.6,24.8,[],1.0
0936f452-fd89-4cb4-a128-2aa8f42e97b9,1.0,acme-mining,site-02,fleet_telemetry,ACME-S02-TRUCK-021,haul_truck,2026-09-01T20:18:43.253Z,10,-16.525793,-71.586468,87.9,25.1,Pit-A,cycle-acme-s02-truck-021-00003,hauling,218.1,240.0,434863.23,79.8,True,False,5760.88,170676.37,False,False,False,93.4,24.6,[],1.0
a7638a88-184a-41a5-ad5b-267b5251f479,1.0,acme-mining,site-02,fleet_telemetry,ACME-S02-TRUCK-022,haul_truck,2026-09-01T20:18:43.253Z,10,-16.586002,-71.462894,6.3,37.0,Pit-A,cycle-acme-s02-truck-022-00003,hauling,221.1,240.0,133980.27,51.7,True,False,21670.14,310858.62,False,False,False,95.3,25.1,[],1.0
6242428c-85c7-4aa3-96f0-f35fc20dc92b,1.0,acme-mining,site-02,fleet_telemetry,ACME-S02-TRUCK-023,haul_truck,2026-09-01T20:18:43.253Z,10,-16.520885,-71.503616,164.8,27.3,Pit-A,cycle-acme-s02-truck-023-00003,hauling,224.1,240.0,221460.6,50.9,True,False,19307.65,52873.49,False,False,False,90.0,24.6,[],1.0
350a52bf-cd51-4a5a-858c-c44ac7d72a97,1.0,acme-mining,site-02,fleet_telemetry,ACME-S02-TRUCK-024,haul_truck,2026-09-01T20:18:43.253Z,10,-16.646793,-71.547518,38.8,31.8,Pit-A,cycle-acme-s02-truck-024-00003,hauling,216.8,240.0,130028.88,88.3,True,False,6843.35,500763.82,False,False,False,89.4,23.9,[],1.0
45d83f8e-f1cd-4813-b25f-c795b4719376,1.0,acme-mining,site-02,fleet_telemetry,ACME-S02-TRUCK-025,haul_truck,2026-09-01T20:18:43.253Z,10,-16.607022,-71.55766,321.8,27.7,Pit-A,cycle-acme-s02-truck-025-00003,hauling,221.5,240.0,419408.36,54.0,True,False,18114.12,577316.99,False,False,False,92.0,25.1,[],1.0
f6338164-9745-4d52-b6b4-4fac3aa880a1,1.0,acme-mining,site-02,fleet_telemetry,ACME-S02-TRUCK-026,haul_truck,2026-09-01T20:18:43.253Z,10,-16.566402,-71.49088,83.2,30.9,Pit-A,cycle-acme-s02-truck-026-00003,hauling,218.9,240.0,419564.11,83.7,True,False,8748.16,37758.37,False,False,False,92.9,24.8,[],1.0
3e39a91a-666b-4603-8c9e-004e74b8c599,1.0,acme-mining,site-02,fleet_telemetry,ACME-S02-TRUCK-027,haul_truck,2026-09-01T20:18:43.253Z,10,-16.595319,-71.519058,52.8,39.4,Pit-A,cycle-acme-s02-truck-027-00003,hauling,220.5,240.0,375689.32,78.1,True,False,20248.81,317646.85,False,False,False,92.5,23.8,[],1.0
0817d9b2-762e-4de6-9670-28900eeb4ddd,1.0,acme-mining,site-02,fleet_telemetry,ACME-S02-TRUCK-028,haul_truck,2026-09-01T20:18:43.253Z,10,-16.585997,-71.599735,45.3,51.9,Pit-A,cycle-acme-s02-truck-028-00003,hauling,226.4,240.0,251474.58,75.8,True,False,6225.6,546027.0,False,False,True,95.0,24.0,[],1.0
6cfdfdc2-4041-4c4e-9153-5db1ac746d7c,1.0,acme-mining,site-02,fleet_telemetry,ACME-S02-TRUCK-029,haul_truck,2026-09-01T20:18:43.253Z,10,-16.660317,-71.483632,223.3,28.2,Pit-A,cycle-acme-s02-truck-029-00003,hauling,225.4,240.0,291139.47,68.5,True,False,3383.2,170217.11,False,False,False,89.2,24.3,[],1.0
d1797ede-1dec-49c4-8a95-806bccfd5ec5,1.0,acme-mining,site-02,fleet_telemetry,ACME-S02-TRUCK-030,haul_truck,2026-09-01T20:18:43.253Z,10,-16.601728,-71.51912,144.0,37.2,Pit-A,cycle-acme-s02-truck-030-00003,hauling,222.6,240.0,116453.49,35.0,True,False,1148.44,344686.96,False,False,False,87.5,24.0,[],1.0
abf0d316-e77d-45b5-be24-d29f3aa0e127,1.0,acme-mining,site-02,fleet_telemetry,ACME-S02-TRUCK-031,haul_truck,2026-09-01T20:18:43.253Z,10,-16.517862,-71.530457,60.3,36.5,Pit-A,cycle-acme-s02-truck-031-00003,hauling,227.5,240.0,240333.91,50.2,True,False,4771.07,440975.63,False,False,False,95.8,25.2,[],1.0
110fbd7e-56dc-4ea5-a5c8-b9f54ed52bdd,1.0,acme-mining,site-02,fleet_telemetry,ACME-S02-TRUCK-032,haul_truck,2026-09-01T20:18:43.253Z,10,-16.513441,-71.576886,49.4,34.0,Pit-A,cycle-acme-s02-truck-032-00003,hauling,220.4,240.0,216860.14,69.4,True,False,12548.04,265986.09,False,False,False,91.8,25.0,[],1.0
d5715a11-eb1c-4d24-93f7-c048f3dce579,1.0,acme-mining,site-02,fleet_telemetry,ACME-S02-TRUCK-033,haul_truck,2026-09-01T20:18:43.253Z,10,-16.552758,-71.564265,342.2,57.2,Pit-A,cycle-acme-s02-truck-033-00003,hauling,223.8,240.0,286433.77,78.9,True,False,8109.83,481753.13,False,False,True,94.9,24.4,[],1.0
1179ce66-1028-44bd-9711-e6d98293ddac,1.0,acme-mining,site-02,fleet_telemetry,ACME-S02-TRUCK-034,haul_truck,2026-09-01T20:18:43.253Z,10,-16.513454,-71.540976,198.0,36.5,Pit-A,cycle-acme-s02-truck-034-00003,hauling,220.3,240.0,375369.52,72.9,True,False,7977.22,424961.46,False,False,False,88.2,24.8,[],1.0
c1263545-d12b-4f8c-96ec-a1f4d37a5569,1.0,acme-mining,site-02,fleet_telemetry,ACME-S02-TRUCK-035,haul_truck,2026-09-01T20:18:43.253Z,10,-16.663386,-71.585617,218.1,32.4,Pit-A,cycle-acme-s02-truck-035-00003,hauling,216.0,240.0,211379.72,45.5,True,False,2137.75,509000.23,False,False,False,93.0,24.4,[],1.0
f1cc4b42-75f4-4db3-b9c6-43a089cabd31,1.0,acme-mining,site-02,fleet_telemetry,ACME-S02-TRUCK-036,haul_truck,2026-09-01T20:18:43.253Z,10,-16.54987,-71.586935,185.0,32.6,Pit-A,cycle-acme-s02-truck-036-00003,hauling,217.0,240.0,248934.22,42.7,True,False,11726.15,643147.54,False,False,False,95.0,24.6,[],1.0
741bdad7-5cd8-4e85-9d0a-9911791a8e91,1.0,acme-mining,site-02,fleet_telemetry,ACME-S02-TRUCK-037,haul_truck,2026-09-01T20:18:43.253Z,10,-16.528093,-71.498569,184.5,41.2,Pit-A,cycle-acme-s02-truck-037-00003,hauling,216.7,240.0,64769.71,50.7,True,False,19154.94,229112.81,False,False,False,92.0,25.2,[],1.0
4f0dcb25-fa3e-458f-8167-9d17bce42274,1.0,acme-mining,site-02,fleet_telemetry,ACME-S02-TRUCK-038,haul_truck,2026-09-01T20:18:43.253Z,10,-16.542803,-71.574853,9.7,40.1,Pit-A,cycle-acme-s02-truck-038-00003,hauling,220.5,240.0,314510.84,50.7,True,False,7987.59,137695.07,False,False,False,87.2,24.3,[],1.0
b17acbae-81d9-4939-8629-b3a6e22b82c2,1.0,acme-mining,site-02,fleet_telemetry,ACME-S02-TRUCK-039,haul_truck,2026-09-01T20:18:43.253Z,10,-16.618947,-71.60467,143.2,39.6,Pit-A,cycle-acme-s02-truck-039-00003,hauling,220.0,240.0,371830.87,63.1,True,False,2473.27,399545.82,False,False,False,93.3,24.5,[],1.0
de3471b7-c4db-4944-bbd0-b134fffac870,1.0,acme-mining,site-02,fleet_telemetry,ACME-S02-TRUCK-040,haul_truck,2026-09-01T20:18:43.253Z,10,-16.598815,-71.501189,348.9,38.3,Pit-A,cycle-acme-s02-truck-040-00003,hauling,220.5,240.0,83324.41,56.0,True,False,10253.43,472127.87,False,False,False,96.0,24.6,[],1.0
1cef6afb-538d-4283-afae-dd0686423155,1.0,acme-mining,site-02,fleet_telemetry,ACME-S02-TRUCK-041,haul_truck,2026-09-01T20:18:43.253Z,10,-16.568425,-71.559343,273.9,30.6,Pit-A,cycle-acme-s02-truck-041-00003,hauling,226.8,240.0,427078.63,30.2,True,False,6620.59,637417.43,False,False,False,94.8,25.2,[],1.0
a03af6d6-1c2c-4fd4-a99b-18ccdf38fdb1,1.0,acme-mining,site-02,fleet_telemetry,ACME-S02-TRUCK-042,haul_truck,2026-09-01T20:18:43.253Z,10,-16.66489,-71.606735,143.6,26.4,Pit-A,cycle-acme-s02-truck-042-00003,hauling,224.2,240.0,277332.79,79.6,True,False,20999.15,109951.3,False,False,False,86.8,23.8,[],1.0
3a29ffb9-602c-48c0-a9fa-03232771d3c5,1.0,acme-mining,site-02,fleet_telemetry,ACME-S02-TRUCK-043,haul_truck,2026-09-01T20:18:43.253Z,10,-16.598403,-71.558128,1.0,34.4,Pit-A,cycle-acme-s02-truck-043-00003,hauling,222.7,240.0,24250.25,35.7,True,False,8477.61,618164.49,False,False,False,91.2,24.8,[],1.0
f1cd9b77-1e0b-45aa-b633-6ba462def498,1.0,acme-mining,site-02,fleet_telemetry,ACME-S02-TRUCK-044,haul_truck,2026-09-01T20:18:43.253Z,10,-16.630407,-71.599356,132.1,32.5,Pit-A,cycle-acme-s02-truck-044-00003,hauling,221.8,240.0,185135.69,70.4,True,False,12967.16,353559.98,False,False,False,95.0,23.9,[],1.0
7ed2253e-9882-46f0-aed3-0c48d854d430,1.0,acme-mining,site-02,fleet_telemetry,ACME-S02-TRUCK-045,haul_truck,2026-09-01T20:18:43.253Z,10,-16.557759,-71.583182,81.0,32.4,Pit-A,cycle-acme-s02-truck-045-00003,hauling,219.4,240.0,61815.55,79.2,True,False,11776.21,595532.0,False,False,False,88.8,25.2,[],1.0
f5d4711d-ac76-45bc-a72c-4df7ed162000,1.0,acme-mining,site-02,fleet_telemetry,ACME-S02-TRUCK-046,haul_truck,2026-09-01T20:18:43.253Z,10,-16.556246,-71.457912,148.4,34.4,Pit-A,cycle-acme-s02-truck-046-00003,hauling,217.8,240.0,42583.61,37.0,True,False,5043.79,105509.14,False,False,False,95.1,24.7,[],1.0
c6b0dd06-8fd3-4706-8d8b-c5f43d38245f,1.0,acme-mining,site-02,fleet_telemetry,ACME-S02-TRUCK-047,haul_truck,2026-09-01T20:18:43.253Z,10,-16.62245,-71.59229,168.8,29.9,Pit-A,cycle-acme-s02-truck-047-00003,hauling,227.1,240.0,251999.45,45.3,True,False,14958.22,467010.74,False,False,False,86.5,24.9,[],1.0
ec396cc0-52af-4749-824c-684776e611b6,1.0,acme-mining,site-02,fleet_telemetry,ACME-S02-TRUCK-048,haul_truck,2026-09-01T20:18:43.253Z,10,-16.648185,-71.491036,239.4,32.9,Pit-A,cycle-acme-s02-truck-048-00003,hauling,220.5,240.0,63400.19,39.0,True,False,17626.38,340516.36,False,False,False,87.5,24.6,[],1.0
2d3a22e6-8dfb-466f-a21a-3759c195b5d2,1.0,acme-mining,site-02,fleet_telemetry,ACME-S02-TRUCK-049,haul_truck,2026-09-01T20:18:43.253Z,10,-16.528897,-71.606958,4.3,26.9,Pit-A,cycle-acme-s02-truck-049-00003,hauling,223.4,240.0,442525.97,34.0,True,False,12932.29,314465.94,False,False,False,86.3,24.7,[],1.0
d95b5f48-08ca-4e1c-9023-7eb0eca3c962,1.0,acme-mining,site-02,fleet_telemetry,ACME-S02-TRUCK-050,haul_truck,2026-09-01T20:18:43.253Z,10,-16.514825,-71.514695,165.8,35.2,Pit-A,cycle-acme-s02-truck-050-00003,hauling,223.2,240.0,372270.04,30.1,True,False,11944.76,504573.89,False,False,False,88.7,24.8,[],1.0
7782e239-30cf-4152-b8bb-8e4a0024dead,1.0,acme-mining,site-02,fleet_telemetry,ACME-S02-TRUCK-051,haul_truck,2026-09-01T20:18:43.253Z,10,-16.641275,-71.462883,269.4,35.9,Pit-A,cycle-acme-s02-truck-051-00003,hauling,221.1,240.0,353316.4,69.7,True,False,8103.73,573115.11,False,False,False,92.0,24.4,[],1.0
7d44306e-1e47-4216-993a-bae350bdd7bc,1.0,acme-mining,site-02,fleet_telemetry,ACME-S02-TRUCK-052,haul_truck,2026-09-01T20:18:43.253Z,10,-16.520809,-71.581458,274.8,29.6,Pit-A,cycle-acme-s02-truck-052-00003,hauling,224.0,240.0,143815.51,36.3,True,False,18425.5,346404.55,False,False,False,92.8,24.2,[],1.0
c7e1886f-0159-4f70-8a45-0db3628cf66c,1.0,acme-mining,site-02,fleet_telemetry,ACME-S02-TRUCK-053,haul_truck,2026-09-01T20:18:43.253Z,10,-16.582278,-71.597499,158.6,35.7,Pit-A,cycle-acme-s02-truck-053-00003,hauling,220.2,240.0,120267.04,69.4,True,False,19772.44,552938.48,False,False,False,93.2,23.9,[],1.0
ce5d8a31-9d0d-47fd-b511-7519caf9d111,1.0,acme-mining,site-02,fleet_telemetry,ACME-S02-TRUCK-054,haul_truck,2026-09-01T20:18:43.253Z,10,-16.643024,-71.517599,337.4,38.3,Pit-A,cycle-acme-s02-truck-054-00003,hauling,227.9,240.0,270396.42,65.6,True,False,2780.7,423822.32,False,False,False,88.4,25.2,[],1.0
cb6ff4c1-04f7-4d2f-9def-89930f2c3223,1.0,acme-mining,site-02,fleet_telemetry,ACME-S02-TRUCK-055,haul_truck,2026-09-01T20:18:43.253Z,10,-16.663128,-71.514867,281.9,37.8,Pit-A,cycle-acme-s02-truck-055-00003,hauling,220.7,240.0,373104.67,26.9,True,False,18661.65,375079.65,False,False,False,91.7,24.7,[],1.0
b6b660cf-2846-4fd8-9e8b-7be16537979f,1.0,acme-mining,site-02,fleet_telemetry,ACME-S02-TRUCK-056,haul_truck,2026-09-01T20:18:43.253Z,10,-16.570025,-71.571165,115.3,30.8,Pit-A,cycle-acme-s02-truck-056-00003,hauling,227.0,240.0,291156.83,59.8,True,False,17059.54,282449.92,False,False,False,94.4,24.5,[],1.0
b69269bc-f244-454f-befe-2b5c7af82406,1.0,acme-mining,site-02,fleet_telemetry,ACME-S02-TRUCK-057,haul_truck,2026-09-01T20:18:43.253Z,10,-16.560224,-71.592227,221.5,25.6,Pit-A,cycle-acme-s02-truck-057-00003,hauling,225.6,240.0,188681.42,56.7,True,False,5991.43,528630.3,False,False,False,91.2,24.3,[],1.0
ef033cfa-9b57-4dc4-b2f5-4d02a508ac2e,1.0,acme-mining,site-02,fleet_telemetry,ACME-S02-TRUCK-058,haul_truck,2026-09-01T20:18:43.253Z,10,-16.552941,-71.479789,286.8,33.2,Pit-A,cycle-acme-s02-truck-058-00003,hauling,216.7,240.0,147537.01,75.2,True,False,5125.3,402196.18,False,False,False,95.6,24.5,[],1.0
1d36d42a-a814-4ef0-9e27-926566d29c35,1.0,acme-mining,site-02,fleet_telemetry,ACME-S02-TRUCK-059,haul_truck,2026-09-01T20:18:43.253Z,10,-16.650788,-71.545544,222.1,27.1,Pit-A,cycle-acme-s02-truck-059-00003,hauling,219.2,240.0,56721.64,41.9,True,False,16926.11,344437.74,False,False,False,86.3,24.6,[],1.0
230fe775-7b92-4f8b-85dc-f56b3f2d9f3f,1.0,acme-mining,site-02,fleet_telemetry,ACME-S02-TRUCK-060,haul_truck,2026-09-01T20:18:43.253Z,10,-16.531964,-71.591989,39.3,27.8,Pit-A,cycle-acme-s02-truck-060-00003,hauling,227.7,240.0,280766.78,42.3,True,False,6952.51,262014.62,False,False,False,93.4,25.1,[],1.0
93cb3ee7-4b0a-46ac-9182-a3e4898a47d6,1.0,acme-mining,site-02,fleet_telemetry,ACME-S02-TRUCK-061,haul_truck,2026-09-01T20:18:43.253Z,10,-16.595692,-71.476895,346.3,25.6,Pit-A,cycle-acme-s02-truck-061-00003,hauling,225.6,240.0,80111.37,94.7,True,False,16087.94,139595.72,False,False,False,94.6,24.2,[],1.0
d976b4c7-644b-4685-8de5-e4a0a6b7c401,1.0,acme-mining,site-02,fleet_telemetry,ACME-S02-TRUCK-062,haul_truck,2026-09-01T20:18:43.253Z,10,-16.613939,-71.609445,294.6,36.2,Pit-A,cycle-acme-s02-truck-062-00003,hauling,224.7,240.0,435342.83,40.0,True,False,20838.95,338430.25,False,False,False,92.0,23.9,[],1.0
289b740a-07da-4652-a0db-31695c38b89a,1.0,acme-mining,site-02,fleet_telemetry,ACME-S02-TRUCK-063,haul_truck,2026-09-01T20:18:43.253Z,10,-16.62809,-71.558969,260.3,30.4,Pit-A,cycle-acme-s02-truck-063-00003,hauling,216.6,240.0,57299.43,34.3,True,False,6857.88,25152.01,False,False,False,92.6,24.1,[],1.0
23a2a269-4054-40b3-ab54-d5d416aec968,1.0,acme-mining,site-02,fleet_telemetry,ACME-S02-TRUCK-064,haul_truck,2026-09-01T20:18:43.253Z,10,-16.658616,-71.536812,236.3,28.9,Pit-A,cycle-acme-s02-truck-064-00003,hauling,216.5,240.0,95649.04,63.7,True,False,9292.34,379277.66,False,False,False,87.6,24.4,[],1.0
d26d532f-dc02-49ae-bee1-72eff90023a6,1.0,acme-mining,site-02,fleet_telemetry,ACME-S02-TRUCK-065,haul_truck,2026-09-01T20:18:43.253Z,10,-16.654921,-71.557781,119.4,26.8,Pit-A,cycle-acme-s02-truck-065-00003,hauling,217.6,240.0,278859.69,33.9,True,False,18296.61,412642.44,False,False,False,89.3,24.6,[],1.0
1f3d88f0-27ce-4066-8a32-e6f412946203,1.0,acme-mining,site-02,fleet_telemetry,ACME-S02-TRUCK-066,haul_truck,2026-09-01T20:18:43.253Z,10,-16.590388,-71.610262,36.7,27.0,Pit-A,cycle-acme-s02-truck-066-00003,hauling,227.1,240.0,97586.18,60.6,True,False,20705.72,495628.25,False,False,False,91.5,24.7,[],1.0
cf0e2715-f2eb-404d-ab47-91d9f1023cc7,1.0,acme-mining,site-02,fleet_telemetry,ACME-S02-TRUCK-067,haul_truck,2026-09-01T20:18:43.253Z,10,-16.648041,-71.468504,194.3,41.4,Pit-A,cycle-acme-s02-truck-067-00003,hauling,224.2,240.0,75534.6,87.5,True,False,17844.09,347179.89,False,False,False,92.1,24.4,[],1.0
a86468d2-c562-4e9d-a25b-cd0c8ad83300,1.0,acme-mining,site-02,fleet_telemetry,ACME-S02-TRUCK-068,haul_truck,2026-09-01T20:18:43.253Z,10,-16.537871,-71.532314,197.1,31.0,Pit-A,cycle-acme-s02-truck-068-00003,hauling,227.5,240.0,141663.82,48.5,True,False,21801.07,485771.44,False,False,False,90.8,24.2,[],1.0
8169f8c6-9412-4fd3-9291-1202cc416d3e,1.0,acme-mining,site-02,fleet_telemetry,ACME-S02-TRUCK-069,haul_truck,2026-09-01T20:18:43.253Z,10,-16.603746,-71.568268,120.9,32.5,Pit-A,cycle-acme-s02-truck-069-00003,hauling,216.9,240.0,155746.13,32.6,True,False,10867.74,30481.5,False,False,False,87.8,23.9,[],1.0
79cc504b-3e0c-48d8-8f94-e8214cc078b3,1.0,acme-mining,site-02,fleet_telemetry,ACME-S02-TRUCK-070,haul_truck,2026-09-01T20:18:43.253Z,10,-16.577836,-71.581113,301.9,28.9,Pit-A,cycle-acme-s02-truck-070-00003,hauling,221.1,240.0,298460.74,93.0,True,False,13454.5,187284.39,False,False,False,94.6,24.7,[],1.0
e11d0d78-286d-4fd8-b0e3-4871d347617a,1.0,acme-mining,site-02,fleet_telemetry,ACME-S02-TRUCK-071,haul_truck,2026-09-01T20:18:43.253Z,10,-16.646739,-71.508603,119.0,33.1,Pit-A,cycle-acme-s02-truck-071-00003,hauling,222.3,240.0,282684.46,83.8,True,False,4414.87,416286.14,False,False,False,95.4,24.2,[],1.0
f1647a7a-39af-448d-8f54-5f9e1dc37ba6,1.0,acme-mining,site-02,fleet_telemetry,ACME-S02-TRUCK-072,haul_truck,2026-09-01T20:18:43.253Z,10,-16.637761,-71.537178,330.4,33.2,Pit-A,cycle-acme-s02-truck-072-00003,hauling,218.8,240.0,194264.04,53.8,True,False,4844.64,297854.51,False,False,False,86.0,25.1,[],1.0
31bf3bff-de38-4459-b230-61c1ea18ee77,1.0,acme-mining,site-02,fleet_telemetry,ACME-S02-TRUCK-073,haul_truck,2026-09-01T20:18:43.253Z,10,-16.637208,-71.565468,1.2,26.5,Pit-A,cycle-acme-s02-truck-073-00003,hauling,221.0,240.0,37404.47,34.6,True,False,19303.75,483577.69,False,False,False,94.9,24.3,[],1.0
af19a1ee-acb4-448c-bea8-7975ca08ff38,1.0,acme-mining,site-02,fleet_telemetry,ACME-S02-TRUCK-074,haul_truck,2026-09-01T20:18:43.253Z,10,-16.583014,-71.509347,75.1,34.8,Pit-A,cycle-acme-s02-truck-074-00003,hauling,216.8,240.0,212252.66,62.3,True,False,8788.7,622712.09,False,False,False,93.0,24.3,[],1.0
7b24a21d-0132-4498-bb1a-12191b15fd9e,1.0,acme-mining,site-02,fleet_telemetry,ACME-S02-TRUCK-075,haul_truck,2026-09-01T20:18:43.253Z,10,-16.63445,-71.461791,283.5,28.5,Pit-A,cycle-acme-s02-truck-075-00003,hauling,226.1,240.0,118469.13,64.0,True,False,13733.64,141126.66,False,False,False,91.3,24.5,[],1.0
98ef4b94-c926-4de0-aac1-58a2be9cf8e9,1.0,acme-mining,site-02,fleet_telemetry,ACME-S02-TRUCK-076,haul_truck,2026-09-01T20:18:43.253Z,10,-16.580734,-71.467981,129.6,28.4,Pit-A,cycle-acme-s02-truck-076-00003,hauling,227.1,240.0,225162.06,58.5,True,False,15743.91,454851.39,False,False,False,86.7,24.6,[],1.0
4b89c54f-0b94-4821-b7c5-3c1091b33550,1.0,acme-mining,site-02,fleet_telemetry,ACME-S02-TRUCK-077,haul_truck,2026-09-01T20:18:43.253Z,10,-16.539394,-71.464765,292.0,31.2,Pit-A,cycle-acme-s02-truck-077-00003,hauling,226.8,240.0,177066.15,93.6,True,False,3383.74,446272.24,False,False,False,95.7,23.8,[],1.0
ef1513c1-45c3-4e83-8e89-325f8af8e1d6,1.0,acme-mining,site-02,fleet_telemetry,ACME-S02-TRUCK-078,haul_truck,2026-09-01T20:18:43.253Z,10,-16.565441,-71.497913,12.6,31.5,Pit-A,cycle-acme-s02-truck-078-00003,hauling,227.6,240.0,44773.66,89.6,True,False,1691.82,621847.85,False,False,False,87.0,24.8,[],1.0
b4458bbf-f629-4cc7-9def-14457bb95a87,1.0,acme-mining,site-02,fleet_telemetry,ACME-S02-TRUCK-079,haul_truck,2026-09-01T20:18:43.253Z,10,-16.551888,-71.579198,63.4,32.1,Pit-A,cycle-acme-s02-truck-079-00003,hauling,226.0,240.0,129514.15,32.6,True,False,6548.03,374071.58,False,False,False,95.6,25.0,[],1.0
d457585b-a54c-43cb-87fa-430d6bbae1b4,1.0,acme-mining,site-02,fleet_telemetry,ACME-S02-TRUCK-080,haul_truck,2026-09-01T20:18:43.253Z,10,-16.594772,-71.50847,107.3,35.7,Pit-A,cycle-acme-s02-truck-080-00003,hauling,223.6,240.0,54087.81,48.1,True,False,5584.25,166687.28,False,False,False,87.6,25.0,[],1.0
8f2efde3-e0b4-45a0-9817-b10d02bd2c0b,1.0,beta-minerals,north-site,fleet_telemetry,BETA-NORTH-TRUCK-001,haul_truck,2026-09-01T20:18:43.253Z,10,-16.562056,-71.591192,14.5,39.0,Pit-A,cycle-beta-north-truck-001-00003,hauling,217.8,240.0,383639.91,70.3,True,False,17975.96,92504.01,False,False,False,94.0,24.9,[],1.0
902bbb2f-6cd0-43a0-93ef-1c06bb3c6549,1.0,beta-minerals,north-site,fleet_telemetry,BETA-NORTH-TRUCK-002,haul_truck,2026-09-01T20:18:43.253Z,10,-16.596481,-71.489832,263.0,26.4,Pit-A,cycle-beta-north-truck-002-00003,hauling,221.6,240.0,155636.16,54.8,True,False,11739.08,367703.73,False,False,False,86.3,24.6,[],1.0
9f765177-aa91-4bc8-955f-d484d1da0f09,1.0,beta-minerals,north-site,fleet_telemetry,BETA-NORTH-TRUCK-003,haul_truck,2026-09-01T20:18:43.253Z,10,-16.638787,-71.522758,337.3,29.4,Pit-A,cycle-beta-north-truck-003-00003,hauling,226.3,240.0,22845.31,67.9,True,False,14378.17,292244.94,False,False,False,87.7,24.9,[],1.0
142efec6-8149-4b2a-aa65-688751520b70,1.0,beta-minerals,north-site,fleet_telemetry,BETA-NORTH-TRUCK-004,haul_truck,2026-09-01T20:18:43.253Z,10,-16.654111,-71.47801,359.4,37.3,Pit-A,cycle-beta-north-truck-004-00003,hauling,224.4,240.0,365841.82,29.3,True,False,5162.64,493965.29,False,False,False,91.8,24.4,[],1.0
a1d176b1-ffa8-4fb0-af30-dd17433dc07d,1.0,beta-minerals,north-site,fleet_telemetry,BETA-NORTH-TRUCK-005,haul_truck,2026-09-01T20:18:43.253Z,10,-16.515852,-71.567374,31.9,29.2,Pit-A,cycle-beta-north-truck-005-00003,hauling,217.1,240.0,305109.34,59.2,True,False,4977.99,91791.87,False,False,False,94.0,24.6,[],1.0
e6da09c6-c68e-4184-96cd-3bd1ccf723d0,1.0,beta-minerals,north-site,fleet_telemetry,BETA-NORTH-TRUCK-006,haul_truck,2026-09-01T20:18:43.253Z,10,-16.540219,-71.504512,22.0,24.7,Pit-A,cycle-beta-north-truck-006-00003,hauling,222.9,240.0,382028.54,68.2,True,False,13244.51,239192.76,False,False,False,91.8,23.8,[],1.0
acedca87-80b9-4e5b-9880-d1c47e41bf8f,1.0,beta-minerals,north-site,fleet_telemetry,BETA-NORTH-TRUCK-007,haul_truck,2026-09-01T20:18:43.253Z,10,-16.641085,-71.50658,325.4,40.7,Pit-A,cycle-beta-north-truck-007-00003,hauling,225.6,240.0,61859.84,46.3,True,False,2596.76,104387.36,False,False,False,92.6,24.3,[],1.0
3c941d7f-e1ba-4def-86de-62cb6f6f4d9f,1.0,beta-minerals,north-site,fleet_telemetry,BETA-NORTH-TRUCK-008,haul_truck,2026-09-01T20:18:43.253Z,10,-16.584437,-71.470455,287.9,31.3,Pit-A,cycle-beta-north-truck-008-00003,hauling,227.6,240.0,196137.77,59.0,True,False,13444.24,382128.07,False,False,False,87.1,24.8,[],1.0
050c796f-1b15-4caf-85cf-ab7665b1a982,1.0,beta-minerals,north-site,fleet_telemetry,BETA-NORTH-TRUCK-009,haul_truck,2026-09-01T20:18:43.253Z,10,-16.598233,-71.608947,216.2,37.1,Pit-A,cycle-beta-north-truck-009-00003,hauling,221.7,240.0,71731.18,47.0,True,False,12564.16,328474.72,False,False,False,88.0,24.8,[],1.0
b78e22b5-1f0a-4ce3-8470-ae16b0caf8fb,1.0,beta-minerals,north-site,fleet_telemetry,BETA-NORTH-TRUCK-010,haul_truck,2026-09-01T20:18:43.253Z,10,-16.565907,-71.552003,104.5,31.8,Pit-A,cycle-beta-north-truck-010-00003,hauling,217.0,240.0,178936.15,64.3,True,False,11073.72,142931.2,False,False,False,90.9,24.0,[],1.0
cc8511a9-fb3c-4975-a83c-cd96f71fb979,1.0,beta-minerals,north-site,fleet_telemetry,BETA-NORTH-TRUCK-011,haul_truck,2026-09-01T20:18:43.253Z,10,-16.623592,-71.573552,180.9,37.8,Pit-A,cycle-beta-north-truck-011-00003,hauling,226.6,240.0,23579.42,78.2,True,False,11160.44,72082.73,False,False,False,93.1,25.2,[],1.0
b1604a45-3e6b-44ce-af78-e5096a4df358,1.0,beta-minerals,north-site,fleet_telemetry,BETA-NORTH-TRUCK-012,haul_truck,2026-09-01T20:18:43.253Z,10,-16.588641,-71.525835,216.8,24.7,Pit-A,cycle-beta-north-truck-012-00003,hauling,218.0,240.0,349921.67,59.6,True,False,17351.71,376360.0,False,False,False,91.3,24.6,[],1.0
96ff19b4-7d9e-46e8-bcdf-2ea543ef2691,1.0,beta-minerals,north-site,fleet_telemetry,BETA-NORTH-TRUCK-013,haul_truck,2026-09-01T20:18:43.253Z,10,-16.555335,-71.530049,67.8,35.6,Pit-A,cycle-beta-north-truck-013-00003,hauling,219.6,240.0,371949.52,27.9,True,False,18253.61,251123.18,False,False,False,89.6,25.0,[],1.0
f978d8e9-9ae9-4202-803b-d59759049fc8,1.0,beta-minerals,north-site,fleet_telemetry,BETA-NORTH-TRUCK-014,haul_truck,2026-09-01T20:18:43.253Z,10,-16.665235,-71.575431,115.5,25.9,Pit-A,cycle-beta-north-truck-014-00003,hauling,216.8,240.0,118914.62,86.2,True,False,16402.97,431813.42,False,False,False,88.2,25.1,[],1.0
70f74f10-807b-4f5e-92f1-3e8638709354,1.0,beta-minerals,north-site,fleet_telemetry,BETA-NORTH-TRUCK-015,haul_truck,2026-09-01T20:18:43.253Z,10,-16.54076,-71.52342,310.4,37.1,Pit-A,cycle-beta-north-truck-015-00003,hauling,218.8,240.0,351278.63,41.5,True,False,10108.3,646193.59,False,False,False,90.3,24.4,[],1.0
079e0375-ea60-42cc-9996-5221aa81311b,1.0,beta-minerals,north-site,fleet_telemetry,BETA-NORTH-TRUCK-016,haul_truck,2026-09-01T20:18:43.253Z,10,-16.660898,-71.561334,30.6,25.0,Pit-A,cycle-beta-north-truck-016-00003,hauling,227.9,240.0,100913.36,39.4,True,False,4318.82,107718.23,False,False,False,95.1,25.0,[],1.0
d2fcb130-5e9b-4686-9595-5bc00a7a4ba2,1.0,beta-minerals,north-site,fleet_telemetry,BETA-NORTH-TRUCK-017,haul_truck,2026-09-01T20:18:43.253Z,10,-16.518035,-71.535209,172.4,27.9,Pit-A,cycle-beta-north-truck-017-00003,hauling,226.7,240.0,138759.98,65.0,True,False,4369.61,636770.33,False,False,False,93.9,23.9,[],1.0
f0956442-d9a2-4cf8-93ba-d099ba971af7,1.0,beta-minerals,north-site,fleet_telemetry,BETA-NORTH-TRUCK-018,haul_truck,2026-09-01T20:18:43.253Z,10,-16.626071,-71.512525,98.0,53.6,Pit-A,cycle-beta-north-truck-018-00003,hauling,225.2,240.0,191103.05,29.1,True,False,3674.5,492559.53,False,False,True,95.9,24.9,[],1.0
96f4832d-ba6f-44fe-a0fb-24d598f2dfe4,1.0,beta-minerals,north-site,fleet_telemetry,BETA-NORTH-TRUCK-019,haul_truck,2026-09-01T20:18:43.253Z,10,-16.562179,-71.539238,140.7,34.7,Pit-A,cycle-beta-north-truck-019-00003,hauling,226.7,240.0,374532.7,78.2,True,False,6093.17,468179.08,False,False,False,90.7,23.9,[],1.0
fc046c29-505c-4035-80d2-af3a4ac0ea0e,1.0,beta-minerals,north-site,fleet_telemetry,BETA-NORTH-TRUCK-020,haul_truck,2026-09-01T20:18:43.253Z,10,-16.547391,-71.553063,54.7,36.9,Pit-A,cycle-beta-north-truck-020-00003,hauling,224.5,240.0,43227.87,80.6,True,False,14109.65,256358.81,False,False,False,92.5,23.9,[],1.0
121a4261-7dea-4e69-b167-666363346027,1.0,beta-minerals,north-site,fleet_telemetry,BETA-NORTH-TRUCK-021,haul_truck,2026-09-01T20:18:43.253Z,10,-16.534836,-71.602644,231.2,30.8,Pit-A,cycle-beta-north-truck-021-00003,hauling,218.4,240.0,266061.15,85.8,True,False,10439.56,327468.26,False,False,False,91.0,24.8,[],1.0
3bde80ea-b8ac-42e7-8681-caf588f3127e,1.0,beta-minerals,north-site,fleet_telemetry,BETA-NORTH-TRUCK-022,haul_truck,2026-09-01T20:18:43.253Z,10,-16.538443,-71.538331,248.3,25.7,Pit-A,cycle-beta-north-truck-022-00003,hauling,216.7,240.0,184995.69,92.7,True,False,18822.27,521277.33,False,False,False,93.7,24.4,[],1.0
b3507012-e4d0-41a6-8d06-e0d35e67d0c6,1.0,beta-minerals,north-site,fleet_telemetry,BETA-NORTH-TRUCK-023,haul_truck,2026-09-01T20:18:43.253Z,10,-16.615414,-71.508252,152.8,53.1,Pit-A,cycle-beta-north-truck-023-00003,hauling,226.3,240.0,259103.24,58.9,True,False,7960.42,384098.45,False,False,True,88.1,25.0,[],1.0
1bc2f0a7-8844-413a-aa56-f24f363225e5,1.0,beta-minerals,north-site,fleet_telemetry,BETA-NORTH-TRUCK-024,haul_truck,2026-09-01T20:18:43.253Z,10,-16.645088,-71.544455,142.8,24.4,Pit-A,cycle-beta-north-truck-024-00003,hauling,223.2,240.0,17164.5,90.0,True,False,14075.02,547122.6,False,False,False,94.4,24.8,[],1.0
7dc0f3a8-d3b6-4d74-9601-c6c86ef997ad,1.0,beta-minerals,north-site,fleet_telemetry,BETA-NORTH-TRUCK-025,haul_truck,2026-09-01T20:18:43.253Z,10,-16.644945,-71.468289,177.5,28.4,Pit-A,cycle-beta-north-truck-025-00003,hauling,224.3,240.0,68042.47,70.4,True,False,5089.16,453813.1,False,False,False,86.6,24.8,[],1.0
e24c7f07-7fc5-430a-a68a-2eee53865fc6,1.0,beta-minerals,north-site,fleet_telemetry,BETA-NORTH-TRUCK-026,haul_truck,2026-09-01T20:18:43.253Z,10,-16.606936,-71.568605,236.1,29.7,Pit-A,cycle-beta-north-truck-026-00003,hauling,226.4,240.0,407672.83,36.5,True,False,6108.27,254261.82,False,False,False,86.7,24.6,[],1.0
8920c050-e5af-45b3-93b3-e4a95f89684a,1.0,beta-minerals,north-site,fleet_telemetry,BETA-NORTH-TRUCK-027,haul_truck,2026-09-01T20:18:43.253Z,10,-16.657935,-71.522544,320.1,27.6,Pit-A,cycle-beta-north-truck-027-00003,hauling,225.6,240.0,51881.53,39.9,True,False,9899.71,77455.72,False,False,False,90.1,24.9,[],1.0
77cbe65d-2cf4-45cc-8abd-ff588088cf78,1.0,beta-minerals,north-site,fleet_telemetry,BETA-NORTH-TRUCK-028,haul_truck,2026-09-01T20:18:43.253Z,10,-16.602806,-71.596357,61.6,29.3,Pit-A,cycle-beta-north-truck-028-00003,hauling,218.3,240.0,369528.68,94.1,True,False,996.9,458226.4,False,False,False,94.8,24.5,[],1.0
5eb5c64c-e730-4c4f-adae-4cd9b1842c10,1.0,beta-minerals,north-site,fleet_telemetry,BETA-NORTH-TRUCK-029,haul_truck,2026-09-01T20:18:43.253Z,10,-16.62252,-71.556274,301.8,57.4,Pit-A,cycle-beta-north-truck-029-00003,hauling,226.7,240.0,55409.38,50.7,True,False,2693.83,527753.08,False,False,True,95.1,24.0,[],1.0
58b03d33-1546-4c7b-93b0-968e6b830be1,1.0,beta-minerals,north-site,fleet_telemetry,BETA-NORTH-TRUCK-030,haul_truck,2026-09-01T20:18:43.253Z,10,-16.572717,-71.59121,223.2,30.7,Pit-A,cycle-beta-north-truck-030-00003,hauling,228.0,240.0,40101.82,64.4,True,False,14401.43,446596.57,False,False,False,87.1,24.0,[],1.0
24278bf2-164c-4eb9-90ad-70ec63ff9cfa,1.0,beta-minerals,north-site,fleet_telemetry,BETA-NORTH-TRUCK-031,haul_truck,2026-09-01T20:18:43.253Z,10,-16.532802,-71.603636,280.1,34.4,Pit-A,cycle-beta-north-truck-031-00003,hauling,219.7,240.0,191153.06,73.0,True,False,14115.31,115365.93,False,False,False,94.6,24.1,[],1.0
481d4a5c-96b3-4835-b59f-ee95a54db1c4,1.0,beta-minerals,north-site,fleet_telemetry,BETA-NORTH-TRUCK-032,haul_truck,2026-09-01T20:18:43.253Z,10,-16.648046,-71.573157,302.7,32.9,Pit-A,cycle-beta-north-truck-032-00003,hauling,218.3,240.0,433830.14,47.0,True,False,13298.98,261940.35,False,False,False,94.8,24.1,[],1.0
03c8d8e5-9070-4fce-b44e-29af6e256bbc,1.0,beta-minerals,north-site,fleet_telemetry,BETA-NORTH-TRUCK-033,haul_truck,2026-09-01T20:18:43.253Z,10,-16.66613,-71.481943,186.7,41.2,Pit-A,cycle-beta-north-truck-033-00003,hauling,220.9,240.0,135365.86,90.8,True,False,13541.19,474343.42,False,False,False,90.4,24.4,[],1.0
458f5714-8ad1-4a27-9c63-8a5f1367f958,1.0,beta-minerals,north-site,fleet_telemetry,BETA-NORTH-TRUCK-034,haul_truck,2026-09-01T20:18:43.253Z,10,-16.661695,-71.473875,83.1,40.2,Pit-A,cycle-beta-north-truck-034-00003,hauling,224.5,240.0,339051.91,45.6,True,False,11776.3,340999.45,False,False,False,87.0,24.9,[],1.0
ebd6edfe-40ac-4316-8262-caac59c38baa,1.0,beta-minerals,north-site,fleet_telemetry,BETA-NORTH-TRUCK-035,haul_truck,2026-09-01T20:18:43.253Z,10,-16.528229,-71.615587,173.0,26.3,Pit-A,cycle-beta-north-truck-035-00003,hauling,226.7,240.0,290756.93,29.9,True,False,8980.79,171881.73,False,False,False,91.8,23.9,[],1.0
1848b277-309f-4ea7-8a79-3acc20cc5779,1.0,beta-minerals,north-site,fleet_telemetry,BETA-NORTH-TRUCK-036,haul_truck,2026-09-01T20:18:43.253Z,10,-16.56118,-71.495503,287.7,28.7,Pit-A,cycle-beta-north-truck-036-00003,hauling,225.0,240.0,260088.08,50.5,True,False,3598.05,562313.04,False,False,False,88.7,24.3,[],1.0
d2274e32-455d-4916-9707-655c4f3d6c81,1.0,beta-minerals,north-site,fleet_telemetry,BETA-NORTH-TRUCK-037,haul_truck,2026-09-01T20:18:43.253Z,10,-16.660711,-71.491244,149.0,27.2,Pit-A,cycle-beta-north-truck-037-00003,hauling,220.6,240.0,125362.23,27.7,True,False,1153.83,62545.72,False,False,False,86.7,24.3,[],1.0
ecc88dd4-504e-45ea-89f4-276bc3e9f702,1.0,beta-minerals,north-site,fleet_telemetry,BETA-NORTH-TRUCK-038,haul_truck,2026-09-01T20:18:43.253Z,10,-16.584403,-71.593128,218.7,25.8,Pit-A,cycle-beta-north-truck-038-00003,hauling,220.5,240.0,187002.77,69.8,True,False,17062.75,286852.62,False,False,False,86.9,24.4,[],1.0
3f2faef7-0ec4-4556-8b74-ec23ab1506e6,1.0,beta-minerals,north-site,fleet_telemetry,BETA-NORTH-TRUCK-039,haul_truck,2026-09-01T20:18:43.253Z,10,-16.607912,-71.515983,327.4,37.5,Pit-A,cycle-beta-north-truck-039-00003,hauling,219.2,240.0,365547.14,62.5,True,False,11639.67,148014.65,False,False,False,95.7,24.0,[],1.0
17c34346-0575-46be-a6c8-bc4da73c7c4c,1.0,beta-minerals,north-site,fleet_telemetry,BETA-NORTH-TRUCK-040,haul_truck,2026-09-01T20:18:43.253Z,10,-16.631317,-71.469539,349.4,31.2,Pit-A,cycle-beta-north-truck-040-00003,hauling,227.1,240.0,429509.02,41.6,True,False,7375.61,295616.44,False,False,False,95.4,25.2,[],1.0
6e40daa8-2bf1-45d8-a585-3c6c8b8f97db,1.0,beta-minerals,north-site,fleet_telemetry,BETA-NORTH-TRUCK-041,haul_truck,2026-09-01T20:18:43.253Z,10,-16.557115,-71.505255,98.1,33.0,Pit-A,cycle-beta-north-truck-041-00003,hauling,219.5,240.0,335890.31,33.3,True,False,7356.96,487267.13,False,False,False,94.0,24.8,[],1.0
4c846c2a-0fdd-4fc8-a916-54cad21da192,1.0,beta-minerals,north-site,fleet_telemetry,BETA-NORTH-TRUCK-042,haul_truck,2026-09-01T20:18:43.253Z,10,-16.650087,-71.492541,83.1,29.1,Pit-A,cycle-beta-north-truck-042-00003,hauling,225.5,240.0,327137.54,36.6,True,False,11887.73,513282.1,False,False,False,86.3,23.8,[],1.0
7e24d7cd-9912-43f1-a602-720d20b16840,1.0,beta-minerals,north-site,fleet_telemetry,BETA-NORTH-TRUCK-043,haul_truck,2026-09-01T20:18:43.253Z,10,-16.660139,-71.503501,344.2,25.6,Pit-A,cycle-beta-north-truck-043-00003,hauling,217.8,240.0,365128.16,44.0,True,False,17154.34,38494.67,False,False,False,93.8,25.2,[],1.0
6c79cd24-8a05-4c4e-af90-0e4348d217cb,1.0,beta-minerals,north-site,fleet_telemetry,BETA-NORTH-TRUCK-044,haul_truck,2026-09-01T20:18:43.253Z,10,-16.643652,-71.592296,261.6,30.8,Pit-A,cycle-beta-north-truck-044-00003,hauling,224.3,240.0,34393.92,85.1,True,False,11318.34,341792.84,False,False,False,92.5,24.9,[],1.0
f6720756-ad47-4e9c-b932-c4e517548c82,1.0,beta-minerals,north-site,fleet_telemetry,BETA-NORTH-TRUCK-045,haul_truck,2026-09-01T20:18:43.253Z,10,-16.533014,-71.615553,314.8,37.4,Pit-A,cycle-beta-north-truck-045-00003,hauling,222.4,240.0,335943.89,25.1,True,False,15091.37,92660.45,False,False,False,92.6,25.1,[],1.0
97ca9e3d-369b-4861-804b-a7720f392956,1.0,beta-minerals,north-site,fleet_telemetry,BETA-NORTH-TRUCK-046,haul_truck,2026-09-01T20:18:43.253Z,10,-16.581973,-71.471233,281.0,29.8,Pit-A,cycle-beta-north-truck-046-00003,hauling,223.0,240.0,419711.14,85.0,True,False,8919.18,114553.58,False,False,False,88.6,24.6,[],1.0
0b5cd888-fb21-4033-ac31-42c422ca6ddb,1.0,beta-minerals,north-site,fleet_telemetry,BETA-NORTH-TRUCK-047,haul_truck,2026-09-01T20:18:43.253Z,10,-16.538203,-71.52608,289.2,25.5,Pit-A,cycle-beta-north-truck-047-00003,hauling,217.4,240.0,412976.8,47.3,True,False,5559.74,176406.04,False,False,False,87.9,24.9,[],1.0
0e8d3d3b-a2d4-47d4-956b-de8fac573d5d,1.0,beta-minerals,north-site,fleet_telemetry,BETA-NORTH-TRUCK-048,haul_truck,2026-09-01T20:18:43.253Z,10,-16.659345,-71.543097,202.3,39.4,Pit-A,cycle-beta-north-truck-048-00003,hauling,225.8,240.0,441822.81,91.7,True,False,4602.11,526733.18,False,False,False,92.3,24.1,[],1.0
30292757-b4ac-4311-92e3-1215466b2d81,1.0,beta-minerals,north-site,fleet_telemetry,BETA-NORTH-TRUCK-049,haul_truck,2026-09-01T20:18:43.253Z,10,-16.580175,-71.568877,334.0,37.4,Pit-A,cycle-beta-north-truck-049-00003,hauling,221.0,240.0,13507.14,39.0,True,False,7738.79,368447.81,False,False,False,94.1,24.3,[],1.0
efdde2b5-a789-4749-bc0d-27cc100c5e3f,1.0,beta-minerals,north-site,fleet_telemetry,BETA-NORTH-TRUCK-050,haul_truck,2026-09-01T20:18:43.253Z,10,-16.553228,-71.530087,91.8,35.9,Pit-A,cycle-beta-north-truck-050-00003,hauling,218.2,240.0,449027.04,79.3,True,False,8607.41,632270.61,False,False,False,95.5,24.7,[],1.0
4d295558-3d71-448b-96ff-7bc781915d77,1.0,beta-minerals,north-site,fleet_telemetry,BETA-NORTH-TRUCK-051,haul_truck,2026-09-01T20:18:43.253Z,10,-16.536064,-71.477084,171.3,31.0,Pit-A,cycle-beta-north-truck-051-00003,hauling,227.8,240.0,112519.71,49.2,True,False,935.23,278322.97,False,False,False,93.5,24.8,[],1.0
6824d817-143c-47cf-bb9e-aace634d026a,1.0,beta-minerals,north-site,fleet_telemetry,BETA-NORTH-TRUCK-052,haul_truck,2026-09-01T20:18:43.253Z,10,-16.637607,-71.460166,40.4,41.4,Pit-A,cycle-beta-north-truck-052-00003,hauling,222.0,240.0,334757.08,46.5,True,False,16889.31,257053.36,False,False,False,95.7,25.2,[],1.0
4e897671-b7c8-4c39-96bc-91b1c7162983,1.0,beta-minerals,north-site,fleet_telemetry,BETA-NORTH-TRUCK-053,haul_truck,2026-09-01T20:18:43.253Z,10,-16.633345,-71.48217,97.5,37.4,Pit-A,cycle-beta-north-truck-053-00003,hauling,223.8,240.0,133123.83,28.0,True,False,21418.27,109695.52,False,False,False,90.5,24.4,[],1.0
e4f8761a-5eef-4c07-a838-a723d1aad841,1.0,beta-minerals,north-site,fleet_telemetry,BETA-NORTH-TRUCK-054,haul_truck,2026-09-01T20:18:43.253Z,10,-16.568416,-71.554399,293.7,35.9,Pit-A,cycle-beta-north-truck-054-00003,hauling,218.8,240.0,265539.78,60.3,True,False,10519.32,491176.85,False,False,False,92.7,24.8,[],1.0
1b3ea243-6580-41c7-8816-88e77b8f038b,1.0,beta-minerals,north-site,fleet_telemetry,BETA-NORTH-TRUCK-055,haul_truck,2026-09-01T20:18:43.253Z,10,-16.620012,-71.489346,32.8,33.9,Pit-A,cycle-beta-north-truck-055-00003,hauling,222.2,240.0,114180.27,43.2,True,False,10021.65,627457.76,False,False,False,90.9,25.1,[],1.0
0b6e15a2-e8e9-4db2-adbe-bed1e0c09cf7,1.0,beta-minerals,north-site,fleet_telemetry,BETA-NORTH-TRUCK-056,haul_truck,2026-09-01T20:18:43.253Z,10,-16.545582,-71.523954,245.8,39.3,Pit-A,cycle-beta-north-truck-056-00003,hauling,227.6,240.0,42863.18,39.1,True,False,7542.84,191332.45,False,False,False,87.0,24.7,[],1.0
9b118f4c-3b45-4ea6-9246-de75faa68268,1.0,beta-minerals,north-site,fleet_telemetry,BETA-NORTH-TRUCK-057,haul_truck,2026-09-01T20:18:43.253Z,10,-16.54717,-71.545193,97.4,35.5,Pit-A,cycle-beta-north-truck-057-00003,hauling,224.9,240.0,63124.87,50.0,True,False,10330.83,217841.18,False,False,False,86.4,25.2,[],1.0
71bf86fe-df46-4fc9-b9ca-53f73797e974,1.0,beta-minerals,north-site,fleet_telemetry,BETA-NORTH-TRUCK-058,haul_truck,2026-09-01T20:18:43.253Z,10,-16.573893,-71.583149,225.1,41.0,Pit-A,cycle-beta-north-truck-058-00003,hauling,227.1,240.0,143855.3,74.3,True,False,2716.94,528786.27,False,False,False,88.9,25.0,[],1.0
d8833b1b-6bcb-4066-bfef-9036e34253e6,1.0,beta-minerals,north-site,fleet_telemetry,BETA-NORTH-TRUCK-059,haul_truck,2026-09-01T20:18:43.253Z,10,-16.562058,-71.575909,292.8,39.3,Pit-A,cycle-beta-north-truck-059-00003,hauling,217.8,240.0,166527.52,60.9,True,False,2733.73,176378.09,False,False,False,96.0,24.6,[],1.0
ebbfc56c-e608-49f5-abc5-02bc040ca33d,1.0,beta-minerals,north-site,fleet_telemetry,BETA-NORTH-TRUCK-060,haul_truck,2026-09-01T20:18:43.253Z,10,-16.65519,-71.60119,237.0,35.5,Pit-A,cycle-beta-north-truck-060-00003,hauling,224.6,240.0,254620.36,63.4,True,False,20984.46,558399.07,False,False,False,94.6,24.6,[],1.0
ef70502d-e0a0-453c-809d-06b7539c5871,1.0,beta-minerals,north-site,fleet_telemetry,BETA-NORTH-TRUCK-061,haul_truck,2026-09-01T20:18:43.253Z,10,-16.538627,-71.557947,229.3,34.0,Pit-A,cycle-beta-north-truck-061-00003,hauling,226.6,240.0,442330.29,34.1,True,False,1053.5,543134.8,False,False,False,89.8,25.1,[],1.0
9e5ea490-a717-4335-8426-d05f993b1efc,1.0,beta-minerals,north-site,fleet_telemetry,BETA-NORTH-TRUCK-062,haul_truck,2026-09-01T20:18:43.253Z,10,-16.660089,-71.473044,23.3,32.5,Pit-A,cycle-beta-north-truck-062-00003,hauling,226.6,240.0,367609.43,26.5,True,False,13145.28,183057.3,False,False,False,93.3,24.5,[],1.0
69877bd4-d930-490a-a328-ad56b56b700a,1.0,beta-minerals,north-site,fleet_telemetry,BETA-NORTH-TRUCK-063,haul_truck,2026-09-01T20:18:43.253Z,10,-16.519668,-71.609326,335.6,41.8,Pit-A,cycle-beta-north-truck-063-00003,hauling,225.5,240.0,365911.08,33.5,True,False,2749.96,553783.77,False,False,False,88.8,25.1,[],1.0
072535e8-3470-4597-8896-40f0ce0621b5,1.0,beta-minerals,north-site,fleet_telemetry,BETA-NORTH-TRUCK-064,haul_truck,2026-09-01T20:18:43.253Z,10,-16.642797,-71.583181,92.8,32.8,Pit-A,cycle-beta-north-truck-064-00003,hauling,216.9,240.0,22972.92,72.8,True,False,18219.74,268849.42,False,False,False,95.3,24.3,[],1.0
d7b2f1a5-8e9e-4098-908f-2ddcb7ed1a3d,1.0,beta-minerals,north-site,fleet_telemetry,BETA-NORTH-TRUCK-065,haul_truck,2026-09-01T20:18:43.253Z,10,-16.56682,-71.537608,164.6,35.7,Pit-A,cycle-beta-north-truck-065-00003,hauling,218.9,240.0,280207.6,68.1,True,False,10255.46,113638.0,False,False,False,93.6,24.9,[],1.0
54580e72-e179-4ccb-a8ce-731b9eeccb92,1.0,beta-minerals,north-site,fleet_telemetry,BETA-NORTH-TRUCK-066,haul_truck,2026-09-01T20:18:43.253Z,10,-16.52885,-71.533344,241.3,27.1,Pit-A,cycle-beta-north-truck-066-00003,hauling,227.5,240.0,70384.56,38.9,True,False,2092.77,196259.08,False,False,False,94.1,25.1,[],1.0
64ce1645-3433-4e39-b0fc-b2685512492b,1.0,beta-minerals,north-site,fleet_telemetry,BETA-NORTH-TRUCK-067,haul_truck,2026-09-01T20:18:43.253Z,10,-16.583262,-71.539974,173.8,39.4,Pit-A,cycle-beta-north-truck-067-00003,hauling,222.0,240.0,354043.65,50.1,True,False,17650.75,643324.54,False,False,False,93.2,24.2,[],1.0
b624bab8-6004-404c-b7b5-e6197decb3f1,1.0,beta-minerals,north-site,fleet_telemetry,BETA-NORTH-TRUCK-068,haul_truck,2026-09-01T20:18:43.253Z,10,-16.665733,-71.487824,43.5,36.1,Pit-A,cycle-beta-north-truck-068-00003,hauling,221.6,240.0,21468.41,66.7,True,False,7618.03,190374.73,False,False,False,91.6,24.0,[],1.0
b2c52746-253f-406e-bf5c-1584ad553800,1.0,beta-minerals,north-site,fleet_telemetry,BETA-NORTH-TRUCK-069,haul_truck,2026-09-01T20:18:43.253Z,10,-16.654411,-71.512472,298.1,28.4,Pit-A,cycle-beta-north-truck-069-00003,hauling,223.8,240.0,449827.24,93.1,True,False,12023.98,503110.76,False,False,False,93.7,24.6,[],1.0
2a35dadf-1f54-44f4-a816-6bf6f132eb31,1.0,beta-minerals,north-site,fleet_telemetry,BETA-NORTH-TRUCK-070,haul_truck,2026-09-01T20:18:43.253Z,10,-16.608236,-71.467845,146.1,26.9,Pit-A,cycle-beta-north-truck-070-00003,hauling,216.7,240.0,263305.24,93.7,True,False,16997.87,617115.78,False,False,False,90.1,24.8,[],1.0
78e9aedb-b8d0-4f56-9ef5-9652a5517ce3,1.0,beta-minerals,north-site,fleet_telemetry,BETA-NORTH-TRUCK-071,haul_truck,2026-09-01T20:18:43.253Z,10,-16.524133,-71.612996,205.5,26.7,Pit-A,cycle-beta-north-truck-071-00003,hauling,222.6,240.0,364733.21,73.8,True,False,4533.34,393287.51,False,False,False,88.2,25.2,[],1.0
a7d720cd-baf1-4abb-bdc5-90986332b184,1.0,beta-minerals,north-site,fleet_telemetry,BETA-NORTH-TRUCK-072,haul_truck,2026-09-01T20:18:43.253Z,10,-16.52935,-71.538696,276.6,32.3,Pit-A,cycle-beta-north-truck-072-00003,hauling,222.4,240.0,92823.52,94.1,True,False,12748.47,374758.88,False,False,False,95.8,23.8,[],1.0
36894d63-dd53-4e31-9efb-f1e00c6ea6c9,1.0,beta-minerals,north-site,fleet_telemetry,BETA-NORTH-TRUCK-073,haul_truck,2026-09-01T20:18:43.253Z,10,-16.593934,-71.564415,354.1,24.2,Pit-A,cycle-beta-north-truck-073-00003,hauling,225.1,240.0,274732.33,26.3,True,False,1604.85,55386.04,False,False,False,91.9,24.4,[],1.0
afd911d8-13a3-467f-9802-162574df2770,1.0,beta-minerals,north-site,fleet_telemetry,BETA-NORTH-TRUCK-074,haul_truck,2026-09-01T20:18:43.253Z,10,-16.660887,-71.593837,330.8,38.6,Pit-A,cycle-beta-north-truck-074-00003,hauling,222.1,240.0,363067.46,85.7,True,False,8024.11,131799.97,False,False,False,93.3,24.8,[],1.0
0f39d49c-1611-4efa-9066-fa399ccb3e6d,1.0,beta-minerals,north-site,fleet_telemetry,BETA-NORTH-TRUCK-075,haul_truck,2026-09-01T20:18:43.253Z,10,-16.610606,-71.466814,270.8,31.8,Pit-A,cycle-beta-north-truck-075-00003,hauling,222.0,240.0,388695.27,92.2,True,False,17216.58,553283.2,False,False,False,94.4,23.8,[],1.0
14210a24-563e-43a0-aaa2-fd0234a2ba30,1.0,beta-minerals,north-site,fleet_telemetry,BETA-NORTH-TRUCK-076,haul_truck,2026-09-01T20:18:43.253Z,10,-16.600466,-71.515273,248.9,41.4,Pit-A,cycle-beta-north-truck-076-00003,hauling,223.1,240.0,439379.4,76.2,True,False,7935.11,223240.27,False,False,False,92.7,24.5,[],1.0
60997f41-5be6-469b-b82e-a3a7e89c6e1d,1.0,beta-minerals,north-site,fleet_telemetry,BETA-NORTH-TRUCK-077,haul_truck,2026-09-01T20:18:43.253Z,10,-16.544503,-71.581811,306.8,29.5,Pit-A,cycle-beta-north-truck-077-00003,hauling,223.4,240.0,315167.28,90.0,True,False,4493.11,630308.25,False,False,False,89.5,24.9,[],1.0
bbd89f84-a367-4d8e-8f0b-96af3ec8a44b,1.0,beta-minerals,north-site,fleet_telemetry,BETA-NORTH-TRUCK-078,haul_truck,2026-09-01T20:18:43.253Z,10,-16.670106,-71.505186,129.7,36.1,Pit-A,cycle-beta-north-truck-078-00003,hauling,217.6,240.0,139588.3,37.4,True,False,8821.76,482417.08,False,False,False,90.7,24.2,[],1.0
1e514877-a61a-4e39-abec-1603159450da,1.0,beta-minerals,north-site,fleet_telemetry,BETA-NORTH-TRUCK-079,haul_truck,2026-09-01T20:18:43.253Z,10,-16.635082,-71.527011,207.8,37.9,Pit-A,cycle-beta-north-truck-079-00003,hauling,223.0,240.0,415257.52,92.7,True,False,1486.53,399505.1,False,False,False,91.0,23.8,[],1.0
6057e164-a9f9-4be1-942f-be4feb003a42,1.0,beta-minerals,north-site,fleet_telemetry,BETA-NORTH-TRUCK-080,haul_truck,2026-09-01T20:18:43.253Z,10,-16.568598,-71.463393,64.6,54.4,Pit-A,cycle-beta-north-truck-080-00003,hauling,216.7,240.0,162597.16,47.3,True,False,7820.78,69018.44,False,False,True,90.4,24.7,[],1.0
ab0487e0-d721-4202-b017-3de62ea974a6,1.0,acme-mining,site-01,fleet_telemetry,ACME-S01-TRUCK-001,haul_truck,2026-09-01T20:18:48.253Z,11,-16.552532,-71.509183,306.2,1.0,Dump-A,cycle-acme-s01-truck-001-00003,dumping,0.0,240.0,131013.63,40.6,True,True,14355.86,35757.01,False,False,False,87.5,24.8,[],1.0
3cee6154-ad65-438b-b492-eca73b75db58,1.0,acme-mining,site-01,fleet_telemetry,ACME-S01-TRUCK-002,haul_truck,2026-09-01T20:18:48.253Z,11,-16.574104,-71.527686,326.5,1.1,Dump-A,cycle-acme-s01-truck-002-00003,dumping,0.0,240.0,51226.63,41.2,True,True,13318.46,40023.32,False,False,False,94.5,25.1,[],1.0
9a951472-bb44-496b-9948-80f74661a3cc,1.0,acme-mining,site-01,fleet_telemetry,ACME-S01-TRUCK-003,haul_truck,2026-09-01T20:18:48.253Z,11,-16.548994,-71.591933,330.5,1.3,Dump-A,cycle-acme-s01-truck-003-00003,dumping,0.0,240.0,132404.64,85.8,True,True,9693.84,303001.94,False,False,False,86.2,24.8,[],1.0
978a7baf-0fef-44d8-9947-eb71b6b1db95,1.0,acme-mining,site-01,fleet_telemetry,ACME-S01-TRUCK-004,haul_truck,2026-09-01T20:18:48.253Z,11,-16.654906,-71.481952,79.2,0.9,Dump-A,cycle-acme-s01-truck-004-00003,dumping,0.0,240.0,158102.33,31.4,True,True,4096.18,623044.51,False,False,False,95.6,24.9,[],1.0
5ea5f2e3-4e56-48ac-a9b7-c1f3ae7f9f97,1.0,acme-mining,site-01,fleet_telemetry,ACME-S01-TRUCK-005,haul_truck,2026-09-01T20:18:48.253Z,11,-16.582098,-71.484808,58.7,0.1,Dump-A,cycle-acme-s01-truck-005-00003,dumping,0.0,240.0,438171.66,51.4,True,True,16270.33,357823.93,False,False,False,91.8,24.0,[],1.0
23caadc0-453e-4048-9b3d-b4d6b2d5e331,1.0,acme-mining,site-01,fleet_telemetry,ACME-S01-TRUCK-006,haul_truck,2026-09-01T20:18:48.253Z,11,-16.624075,-71.604676,95.4,0.8,Dump-A,cycle-acme-s01-truck-006-00003,dumping,0.0,240.0,30163.46,40.9,True,True,13039.88,463880.49,False,False,False,93.7,24.7,[],1.0
d7f3d326-5c19-47e2-8d3f-6cecb0a6c86c,1.0,acme-mining,site-01,fleet_telemetry,ACME-S01-TRUCK-007,haul_truck,2026-09-01T20:18:48.253Z,11,-16.613536,-71.510271,243.4,1.4,Dump-A,cycle-acme-s01-truck-007-00003,dumping,0.0,240.0,377009.32,36.3,True,True,8858.69,305648.71,False,False,False,90.8,25.1,[],1.0
6daa0337-998c-45c3-8ded-d9febbd1b5c1,1.0,acme-mining,site-01,fleet_telemetry,ACME-S01-TRUCK-008,haul_truck,2026-09-01T20:18:48.253Z,11,-16.609698,-71.459177,138.7,0.7,Dump-A,cycle-acme-s01-truck-008-00003,dumping,0.0,240.0,330816.52,36.4,True,True,13713.59,127817.57,False,False,False,91.6,24.8,[],1.0
bd3e62f3-0000-4b1e-9481-b84713c5cef3,1.0,acme-mining,site-01,fleet_telemetry,ACME-S01-TRUCK-009,haul_truck,2026-09-01T20:18:48.253Z,11,-16.538918,-71.488685,330.4,0.4,Dump-A,cycle-acme-s01-truck-009-00003,dumping,0.0,240.0,348058.7,28.9,True,True,5455.86,224298.35,False,False,False,106.6,25.1,"[""ENG_OVERHEAT""]",0.72
7ea6f16c-a134-405c-b5b5-892a61fc2939,1.0,acme-mining,site-01,fleet_telemetry,ACME-S01-TRUCK-010,haul_truck,2026-09-01T20:18:48.253Z,11,-16.565557,-71.554153,47.3,0.3,Dump-A,cycle-acme-s01-truck-010-00003,dumping,0.0,240.0,395602.48,47.0,True,True,5272.85,614033.37,False,False,False,95.8,23.8,[],1.0
01d3ce6e-99c7-4d61-bdd8-c31ce8d36d03,1.0,acme-mining,site-01,fleet_telemetry,ACME-S01-TRUCK-011,haul_truck,2026-09-01T20:18:48.253Z,11,-16.550908,-71.548946,358.7,0.3,Dump-A,cycle-acme-s01-truck-011-00003,dumping,0.0,240.0,337795.88,62.7,True,True,3828.89,107967.33,False,False,False,89.9,24.3,[],1.0
61018da6-ef7e-4d81-ba77-9681e60a2d3a,1.0,acme-mining,site-01,fleet_telemetry,ACME-S01-TRUCK-012,haul_truck,2026-09-01T20:18:48.253Z,11,-16.662833,-71.599932,60.5,0.1,Dump-A,cycle-acme-s01-truck-012-00003,dumping,0.0,240.0,234192.3,31.3,True,True,5449.62,648448.97,False,False,False,92.7,24.0,[],1.0
312f98d9-73a3-46e2-b5e7-2f900fb38344,1.0,acme-mining,site-01,fleet_telemetry,ACME-S01-TRUCK-013,haul_truck,2026-09-01T20:18:48.253Z,11,-16.630221,-71.529,29.5,0.6,Dump-A,cycle-acme-s01-truck-013-00003,dumping,0.0,240.0,272191.64,57.7,True,True,13443.89,262403.65,False,False,False,86.6,24.0,[],1.0
608e7fae-5cac-4008-883d-e370c185c0b6,1.0,acme-mining,site-01,fleet_telemetry,ACME-S01-TRUCK-014,haul_truck,2026-09-01T20:18:48.253Z,11,-16.652519,-71.54793,280.7,1.1,Dump-A,cycle-acme-s01-truck-014-00003,dumping,0.0,240.0,127403.81,69.8,True,True,15252.28,358291.57,False,False,False,93.1,25.0,[],1.0
157593ab-d400-4b01-8dfc-80b0e8ece461,1.0,acme-mining,site-01,fleet_telemetry,ACME-S01-TRUCK-015,haul_truck,2026-09-01T20:18:48.253Z,11,-16.570351,-71.482862,21.3,0.9,Dump-A,cycle-acme-s01-truck-015-00003,dumping,0.0,240.0,233380.66,32.4,True,True,21404.04,500036.44,False,False,False,88.2,24.3,[],1.0
1c6d2325-da60-40e1-8cd3-ab39334b2b59,1.0,acme-mining,site-01,fleet_telemetry,ACME-S01-TRUCK-016,haul_truck,2026-09-01T20:18:48.253Z,11,-16.585561,-71.617405,209.0,0.9,Dump-A,cycle-acme-s01-truck-016-00003,dumping,0.0,240.0,247327.5,79.4,True,True,4040.21,500382.06,False,False,False,93.7,25.1,[],1.0
cbaede9e-0329-4760-adfc-f16ff38b32bb,1.0,acme-mining,site-01,fleet_telemetry,ACME-S01-TRUCK-017,haul_truck,2026-09-01T20:18:48.253Z,11,-16.63213,-71.578971,284.6,0.1,Dump-A,cycle-acme-s01-truck-017-00003,dumping,0.0,240.0,443542.13,81.4,True,True,3171.61,248678.13,False,False,False,88.2,24.9,[],1.0
9f82639c-ee07-43dd-b3f8-2e839043ef62,1.0,acme-mining,site-01,fleet_telemetry,ACME-S01-TRUCK-018,haul_truck,2026-09-01T20:18:48.253Z,11,-16.547856,-71.596952,181.7,0.5,Dump-A,cycle-acme-s01-truck-018-00003,dumping,0.0,240.0,40454.24,78.2,True,True,2615.87,326174.21,False,False,False,92.6,24.6,[],1.0
cc348d6d-5461-4053-b7a8-bff0ee73160e,1.0,acme-mining,site-01,fleet_telemetry,ACME-S01-TRUCK-019,haul_truck,2026-09-01T20:18:48.253Z,11,-16.521838,-71.49668,209.7,1.3,Dump-A,cycle-acme-s01-truck-019-00003,dumping,0.0,240.0,276902.05,92.4,True,True,4300.71,352434.7,False,False,False,86.2,24.3,[],1.0
8f3e751d-8fee-4454-9940-f0f60f0a1dd3,1.0,acme-mining,site-01,fleet_telemetry,ACME-S01-TRUCK-020,haul_truck,2026-09-01T20:18:48.253Z,11,-16.598158,-71.57781,17.4,0.2,Dump-A,cycle-acme-s01-truck-020-00003,dumping,0.0,240.0,174305.75,87.9,True,True,9258.65,443163.05,False,False,False,94.6,24.2,[],1.0
764f3e1d-ccff-4bfa-9f22-eaf71979ca1d,1.0,acme-mining,site-01,fleet_telemetry,ACME-S01-TRUCK-021,haul_truck,2026-09-01T20:18:48.253Z,11,-16.569433,-71.580877,271.6,0.0,Dump-A,cycle-acme-s01-truck-021-00003,dumping,0.0,240.0,106896.38,29.9,True,True,13272.16,164972.52,False,False,False,86.7,25.0,[],1.0
f611e5c6-681a-4fec-a6d4-c576d24c6ff2,1.0,acme-mining,site-01,fleet_telemetry,ACME-S01-TRUCK-022,haul_truck,2026-09-01T20:18:48.253Z,11,-16.649209,-71.467812,279.3,1.2,Dump-A,cycle-acme-s01-truck-022-00003,dumping,0.0,240.0,304350.95,39.9,True,True,2302.19,169943.23,False,False,False,113.1,25.1,"[""ENG_OVERHEAT""]",0.72
6b0e0f0b-26b3-4591-94ad-f6aec8053132,1.0,acme-mining,site-01,fleet_telemetry,ACME-S01-TRUCK-023,haul_truck,2026-09-01T20:18:48.253Z,11,-16.564964,-71.560822,268.9,1.3,Dump-A,cycle-acme-s01-truck-023-00003,dumping,0.0,240.0,189107.11,31.5,True,True,5951.56,317973.2,False,False,False,88.5,24.9,[],1.0
4c0cc22a-9565-453f-b8fc-2e61c588a89f,1.0,acme-mining,site-01,fleet_telemetry,ACME-S01-TRUCK-024,haul_truck,2026-09-01T20:18:48.253Z,11,-16.616111,-71.47964,249.0,1.3,Dump-A,cycle-acme-s01-truck-024-00003,dumping,0.0,240.0,53304.59,53.1,True,True,15075.34,640024.31,False,False,False,93.0,24.5,[],1.0
7dfbd130-ba1e-471e-bc33-b1a401c912ce,1.0,acme-mining,site-01,fleet_telemetry,ACME-S01-TRUCK-025,haul_truck,2026-09-01T20:18:48.253Z,11,-16.530461,-71.60542,98.3,0.2,Dump-A,cycle-acme-s01-truck-025-00003,dumping,0.0,240.0,90735.46,57.3,True,True,12169.27,108315.1,False,False,False,113.6,24.6,"[""ENG_OVERHEAT""]",0.72
06131543-9f47-456d-a6fd-ea1815bc3378,1.0,acme-mining,site-01,fleet_telemetry,ACME-S01-TRUCK-026,haul_truck,2026-09-01T20:18:48.253Z,11,-16.65551,-71.496874,295.2,0.4,Dump-A,cycle-acme-s01-truck-026-00003,dumping,0.0,240.0,247859.42,26.0,True,True,2875.68,430851.51,False,False,False,89.5,23.8,[],1.0
084577ad-5abc-439a-bc0a-02afdb9d9f78,1.0,acme-mining,site-01,fleet_telemetry,ACME-S01-TRUCK-027,haul_truck,2026-09-01T20:18:48.253Z,11,-16.609763,-71.459832,327.0,1.0,Dump-A,cycle-acme-s01-truck-027-00003,dumping,0.0,240.0,186458.46,29.0,True,True,11095.61,154661.06,False,False,False,89.3,24.5,[],1.0
101f385f-015c-4af2-b908-6554ee4724e8,1.0,acme-mining,site-01,fleet_telemetry,ACME-S01-TRUCK-028,haul_truck,2026-09-01T20:18:48.253Z,11,-16.564493,-71.539641,94.4,0.6,Dump-A,cycle-acme-s01-truck-028-00003,dumping,0.0,240.0,331423.07,79.8,True,True,6847.3,458852.91,False,False,False,95.4,24.4,[],1.0
e854dd2b-504c-4152-b780-b390f233f4ba,1.0,acme-mining,site-01,fleet_telemetry,ACME-S01-TRUCK-029,haul_truck,2026-09-01T20:18:48.253Z,11,-16.66126,-71.524002,196.6,0.9,Dump-A,cycle-acme-s01-truck-029-00003,dumping,0.0,240.0,248566.62,77.3,True,True,21336.65,384883.84,False,False,False,92.2,25.0,[],1.0
682d0c99-b8ff-4afe-b2e2-4a3df2e84049,1.0,acme-mining,site-01,fleet_telemetry,ACME-S01-TRUCK-030,haul_truck,2026-09-01T20:18:48.253Z,11,-16.57519,-71.509464,98.7,0.9,Dump-A,cycle-acme-s01-truck-030-00003,dumping,0.0,240.0,45249.77,37.9,True,True,4137.59,625290.97,False,False,False,111.5,24.2,"[""ENG_OVERHEAT""]",0.72
1a2a3ec3-45e9-47c6-8a34-9eb9ddefea99,1.0,acme-mining,site-01,fleet_telemetry,ACME-S01-TRUCK-031,haul_truck,2026-09-01T20:18:48.253Z,11,-16.657284,-71.512314,129.2,1.0,Dump-A,cycle-acme-s01-truck-031-00003,dumping,0.0,240.0,264725.11,27.7,True,True,20761.85,378895.76,False,False,False,88.9,25.1,[],1.0
85e702bb-e7b4-4d8c-86ea-fee607b19cce,1.0,acme-mining,site-01,fleet_telemetry,ACME-S01-TRUCK-032,haul_truck,2026-09-01T20:18:48.253Z,11,-16.607088,-71.510036,113.8,1.5,Dump-A,cycle-acme-s01-truck-032-00003,dumping,0.0,240.0,325125.12,41.6,True,True,20615.79,148683.57,False,False,False,90.3,24.1,[],1.0
d2b4b4f1-301f-4345-a261-f27f16d8ae72,1.0,acme-mining,site-01,fleet_telemetry,ACME-S01-TRUCK-033,haul_truck,2026-09-01T20:18:48.253Z,11,-16.580333,-71.601462,270.9,1.1,Dump-A,cycle-acme-s01-truck-033-00003,dumping,0.0,240.0,14099.53,68.4,True,True,20495.2,609512.88,False,False,False,90.5,24.6,[],1.0
f69b67af-2b0f-41fc-90ad-3668e23498de,1.0,acme-mining,site-01,fleet_telemetry,ACME-S01-TRUCK-034,haul_truck,2026-09-01T20:18:48.253Z,11,-16.611278,-71.592258,34.5,1.3,Dump-A,cycle-acme-s01-truck-034-00003,dumping,0.0,240.0,397580.96,86.5,True,True,6422.26,607953.63,False,False,False,88.0,25.1,[],1.0
44cfe2c9-6f1c-44b7-a278-ede08d896a48,1.0,acme-mining,site-01,fleet_telemetry,ACME-S01-TRUCK-035,haul_truck,2026-09-01T20:18:48.253Z,11,-16.539698,-71.569573,226.7,1.5,Dump-A,cycle-acme-s01-truck-035-00003,dumping,0.0,240.0,297750.31,25.5,True,True,13767.58,641957.07,False,False,False,91.2,24.0,[],1.0
5ef5fe20-8f99-4fe1-b549-705257b6fe4f,1.0,acme-mining,site-01,fleet_telemetry,ACME-S01-TRUCK-036,haul_truck,2026-09-01T20:18:48.253Z,11,-16.625274,-71.583826,186.7,1.5,Dump-A,cycle-acme-s01-truck-036-00003,dumping,0.0,240.0,336664.07,35.8,True,True,6406.69,580519.29,False,False,False,89.8,24.6,[],1.0
f16564e8-457c-4482-8da5-8935d32b3a81,1.0,acme-mining,site-01,fleet_telemetry,ACME-S01-TRUCK-037,haul_truck,2026-09-01T20:18:48.253Z,11,-16.568941,-71.484784,139.4,0.0,Dump-A,cycle-acme-s01-truck-037-00003,dumping,0.0,240.0,409590.71,28.5,True,True,11514.69,178206.67,False,False,False,95.6,24.7,[],1.0
b0117116-8bb9-403b-ade3-371f15cc22b4,1.0,acme-mining,site-01,fleet_telemetry,ACME-S01-TRUCK-038,haul_truck,2026-09-01T20:18:48.253Z,11,-16.582166,-71.549059,140.4,0.7,Dump-A,cycle-acme-s01-truck-038-00003,dumping,0.0,240.0,125261.04,76.8,True,True,17147.74,421381.67,False,False,False,87.2,24.0,[],1.0
71e6b8f8-c3df-4b02-8a09-75efb5c2e604,1.0,acme-mining,site-01,fleet_telemetry,ACME-S01-TRUCK-039,haul_truck,2026-09-01T20:18:48.253Z,11,-16.611305,-71.529117,68.3,1.1,Dump-A,cycle-acme-s01-truck-039-00003,dumping,0.0,240.0,75584.61,27.5,True,True,20835.1,455342.61,False,False,False,86.1,24.6,[],1.0
4cbf3f5a-b0aa-4c65-b227-cbb57a1c1851,1.0,acme-mining,site-01,fleet_telemetry,ACME-S01-TRUCK-040,haul_truck,2026-09-01T20:18:48.253Z,11,-16.526613,-71.583911,197.4,0.2,Dump-A,cycle-acme-s01-truck-040-00003,dumping,0.0,240.0,360294.54,85.2,True,True,7335.09,586358.6,False,False,False,90.0,25.1,[],1.0
f874eeff-3ea1-42e7-862c-b93e07871614,1.0,acme-mining,site-01,fleet_telemetry,ACME-S01-TRUCK-041,haul_truck,2026-09-01T20:18:48.253Z,11,-16.55048,-71.469364,16.5,1.5,Dump-A,cycle-acme-s01-truck-041-00003,dumping,0.0,240.0,394874.33,93.1,True,True,8298.0,372726.82,False,False,False,90.8,24.4,[],1.0
911de9d1-195b-4e23-8c8a-55a4d5cdc9e2,1.0,acme-mining,site-01,fleet_telemetry,ACME-S01-TRUCK-042,haul_truck,2026-09-01T20:18:48.253Z,11,-16.552505,-71.564334,295.7,0.6,Dump-A,cycle-acme-s01-truck-042-00003,dumping,0.0,240.0,397823.86,26.7,True,True,21495.58,530786.41,False,False,False,93.5,24.2,[],1.0
004579d8-022e-4ec8-ba9c-b6cffb4ec4f7,1.0,acme-mining,site-01,fleet_telemetry,ACME-S01-TRUCK-043,haul_truck,2026-09-01T20:18:48.253Z,11,-16.533042,-71.581909,179.0,0.2,Dump-A,cycle-acme-s01-truck-043-00003,dumping,0.0,240.0,57562.8,86.0,True,True,6456.3,516046.18,False,False,False,94.2,24.0,[],1.0
a6b6c2bf-e711-40a6-a76d-9a7211c921a3,1.0,acme-mining,site-01,fleet_telemetry,ACME-S01-TRUCK-044,haul_truck,2026-09-01T20:18:48.253Z,11,-16.56479,-71.553778,98.4,0.1,Dump-A,cycle-acme-s01-truck-044-00003,dumping,0.0,240.0,393382.86,40.5,True,True,8212.77,536938.18,False,False,False,89.2,25.1,[],1.0
a7eec4ef-7629-4e55-97ae-f89cdf7bc2a7,1.0,acme-mining,site-01,fleet_telemetry,ACME-S01-TRUCK-045,haul_truck,2026-09-01T20:18:48.253Z,11,-16.513422,-71.531706,299.1,0.5,Dump-A,cycle-acme-s01-truck-045-00003,dumping,0.0,240.0,292252.69,52.9,True,True,21298.06,195849.0,False,False,False,93.4,23.8,[],1.0
a7ee8fb9-28cc-46c8-bc0e-661f391686c1,1.0,acme-mining,site-01,fleet_telemetry,ACME-S01-TRUCK-046,haul_truck,2026-09-01T20:18:48.253Z,11,-16.664257,-71.522046,111.2,0.5,Dump-A,cycle-acme-s01-truck-046-00003,dumping,0.0,240.0,265460.21,93.8,True,True,19393.23,184565.8,False,False,False,94.4,24.3,[],1.0
02071ead-da44-433e-898f-65350dd22801,1.0,acme-mining,site-01,fleet_telemetry,ACME-S01-TRUCK-047,haul_truck,2026-09-01T20:18:48.253Z,11,-16.639975,-71.610441,305.6,0.1,Dump-A,cycle-acme-s01-truck-047-00003,dumping,0.0,240.0,60884.87,87.9,True,True,10051.57,640068.82,False,False,False,89.6,24.3,[],1.0
108497d7-645a-4129-bb56-0c0fc1caab8c,1.0,acme-mining,site-01,fleet_telemetry,ACME-S01-TRUCK-048,haul_truck,2026-09-01T20:18:48.253Z,11,-16.563074,-71.559225,322.9,0.2,Dump-A,cycle-acme-s01-truck-048-00003,dumping,0.0,240.0,326549.93,76.9,True,True,20422.21,359224.98,False,False,False,95.1,24.3,[],1.0
93932f3f-81e0-4390-a55a-66051d064108,1.0,acme-mining,site-01,fleet_telemetry,ACME-S01-TRUCK-049,haul_truck,2026-09-01T20:18:48.253Z,11,-16.589246,-71.51083,98.0,1.2,Dump-A,cycle-acme-s01-truck-049-00003,dumping,0.0,240.0,64835.87,87.9,True,True,14010.91,437934.36,False,False,False,87.2,25.1,[],1.0
e8ea71bf-0c2a-48c1-a4f6-a90181f95ab8,1.0,acme-mining,site-01,fleet_telemetry,ACME-S01-TRUCK-050,haul_truck,2026-09-01T20:18:48.253Z,11,-16.550707,-71.589664,82.8,0.0,Dump-A,cycle-acme-s01-truck-050-00003,dumping,0.0,240.0,302569.68,51.5,True,True,12553.56,140859.51,False,False,False,94.3,24.7,[],1.0
8f41eb93-2065-4312-a8f8-a361e81ee602,1.0,acme-mining,site-01,fleet_telemetry,ACME-S01-TRUCK-051,haul_truck,2026-09-01T20:18:48.253Z,11,-16.577585,-71.512734,44.5,0.4,Dump-A,cycle-acme-s01-truck-051-00003,dumping,0.0,240.0,136242.76,55.0,True,True,12416.28,20256.05,False,False,False,93.2,24.6,[],1.0
12738c90-2f3c-4389-8dd8-3f50c12f2a30,1.0,acme-mining,site-01,fleet_telemetry,ACME-S01-TRUCK-052,haul_truck,2026-09-01T20:18:48.253Z,11,-16.552615,-71.512039,329.8,1.3,Dump-A,cycle-acme-s01-truck-052-00003,dumping,0.0,240.0,359244.3,92.1,True,True,15123.31,342039.89,False,False,False,91.8,25.0,[],1.0
badaa735-2d1a-4108-b329-3f168b9d3fe4,1.0,acme-mining,site-01,fleet_telemetry,ACME-S01-TRUCK-053,haul_truck,2026-09-01T20:18:48.253Z,11,-16.541365,-71.593938,327.1,0.3,Dump-A,cycle-acme-s01-truck-053-00003,dumping,0.0,240.0,113342.91,46.7,True,True,2779.82,619760.08,False,False,False,94.1,24.7,[],1.0
4e836cc5-08d0-4fef-8ef5-6ea68730496e,1.0,acme-mining,site-01,fleet_telemetry,ACME-S01-TRUCK-054,haul_truck,2026-09-01T20:18:48.253Z,11,-16.578266,-71.502516,193.7,0.1,Dump-A,cycle-acme-s01-truck-054-00003,dumping,0.0,240.0,210383.84,87.0,True,True,13759.02,504148.53,False,False,False,94.1,24.9,[],1.0
d97ca89c-add6-44c1-867c-b12c8f55fed4,1.0,acme-mining,site-01,fleet_telemetry,ACME-S01-TRUCK-055,haul_truck,2026-09-01T20:18:48.253Z,11,-16.547173,-71.600439,308.8,0.8,Dump-A,cycle-acme-s01-truck-055-00003,dumping,0.0,240.0,12440.45,77.5,True,True,5972.49,433316.76,False,False,False,95.1,24.8,[],1.0
317c6eb5-56bf-4f20-8008-4ab904595303,1.0,acme-mining,site-01,fleet_telemetry,ACME-S01-TRUCK-056,haul_truck,2026-09-01T20:18:48.253Z,11,-16.523607,-71.598042,274.3,1.0,Dump-A,cycle-acme-s01-truck-056-00003,dumping,0.0,240.0,214402.68,64.0,True,True,17847.14,458424.67,False,False,False,90.8,24.0,[],1.0
bb309ca8-3583-40a9-b602-0d1bd610eb21,1.0,acme-mining,site-01,fleet_telemetry,ACME-S01-TRUCK-057,haul_truck,2026-09-01T20:18:48.253Z,11,-16.527742,-71.519445,153.7,1.3,Dump-A,cycle-acme-s01-truck-057-00003,dumping,0.0,240.0,271999.75,91.4,True,True,14952.66,642372.47,False,False,False,114.4,24.5,"[""ENG_OVERHEAT""]",0.72
201521b0-5dc2-4e60-bb55-2fc05835cd78,1.0,acme-mining,site-01,fleet_telemetry,ACME-S01-TRUCK-058,haul_truck,2026-09-01T20:18:48.253Z,11,-16.532496,-71.545489,203.6,0.3,Dump-A,cycle-acme-s01-truck-058-00003,dumping,0.0,240.0,206202.72,36.1,True,True,9846.92,591318.73,False,False,False,92.2,24.8,[],1.0
d7c7193e-50ee-46d7-b871-382cef14bcca,1.0,acme-mining,site-01,fleet_telemetry,ACME-S01-TRUCK-059,haul_truck,2026-09-01T20:18:48.253Z,11,-16.658025,-71.571743,5.6,1.1,Dump-A,cycle-acme-s01-truck-059-00003,dumping,0.0,240.0,285770.04,44.2,True,True,17035.27,348419.13,False,False,False,87.1,23.9,[],1.0
e2b5f4db-0676-4454-84b7-70dd529ac5e5,1.0,acme-mining,site-01,fleet_telemetry,ACME-S01-TRUCK-060,haul_truck,2026-09-01T20:18:48.253Z,11,-16.645957,-71.583222,58.5,1.0,Dump-A,cycle-acme-s01-truck-060-00003,dumping,0.0,240.0,76366.22,51.8,True,True,19732.18,70764.15,False,False,False,94.6,24.4,[],1.0
0ce21018-96cb-448f-9bf9-d66de5e101f0,1.0,acme-mining,site-01,fleet_telemetry,ACME-S01-TRUCK-061,haul_truck,2026-09-01T20:18:48.253Z,11,-16.525623,-71.524047,289.9,1.5,Dump-A,cycle-acme-s01-truck-061-00003,dumping,0.0,240.0,101007.86,54.3,True,True,12303.37,281938.04,False,False,False,92.2,24.9,[],1.0
6a147581-482a-4246-81f8-80f590831b2a,1.0,acme-mining,site-01,fleet_telemetry,ACME-S01-TRUCK-062,haul_truck,2026-09-01T20:18:48.253Z,11,-16.533839,-71.46495,350.0,1.0,Dump-A,cycle-acme-s01-truck-062-00003,dumping,0.0,240.0,164774.6,77.7,True,True,8864.09,23714.78,False,False,False,90.7,24.9,[],1.0
987e64c3-6d5c-49c3-bbe3-d31e536eea0e,1.0,acme-mining,site-01,fleet_telemetry,ACME-S01-TRUCK-063,haul_truck,2026-09-01T20:18:48.253Z,11,-16.592645,-71.555281,276.1,1.3,Dump-A,cycle-acme-s01-truck-063-00003,dumping,0.0,240.0,224821.7,44.0,True,True,17757.22,585621.37,False,False,False,90.2,24.2,[],1.0
d2066fee-05b7-4f7f-b819-de96183c2cb4,1.0,acme-mining,site-01,fleet_telemetry,ACME-S01-TRUCK-064,haul_truck,2026-09-01T20:18:48.253Z,11,-16.584939,-71.472412,272.5,0.8,Dump-A,cycle-acme-s01-truck-064-00003,dumping,0.0,240.0,414599.04,93.6,True,True,16152.66,549518.82,False,False,False,88.0,24.5,[],1.0
40ebe8fb-24c1-4065-a1f5-7f4d5dc6751c,1.0,acme-mining,site-01,fleet_telemetry,ACME-S01-TRUCK-065,haul_truck,2026-09-01T20:18:48.253Z,11,-16.628737,-71.565121,66.8,0.9,Dump-A,cycle-acme-s01-truck-065-00003,dumping,0.0,240.0,391415.32,37.7,True,True,2579.7,290026.3,False,False,False,89.0,24.7,[],1.0
f131335e-2fbe-4b35-95d9-f882808b5bc5,1.0,acme-mining,site-01,fleet_telemetry,ACME-S01-TRUCK-066,haul_truck,2026-09-01T20:18:48.253Z,11,-16.630044,-71.604379,349.1,0.3,Dump-A,cycle-acme-s01-truck-066-00003,dumping,0.0,240.0,340885.05,83.2,True,True,16938.09,258849.77,False,False,False,95.0,24.8,[],1.0
511b18fc-38f1-4606-a202-328811e5698c,1.0,acme-mining,site-01,fleet_telemetry,ACME-S01-TRUCK-067,haul_truck,2026-09-01T20:18:48.253Z,11,-16.517199,-71.611036,354.5,1.1,Dump-A,cycle-acme-s01-truck-067-00003,dumping,0.0,240.0,108658.48,29.7,True,True,1904.23,619709.64,False,False,False,89.3,24.2,[],1.0
e1dbd185-85f8-4387-b30a-9b31656a2260,1.0,acme-mining,site-01,fleet_telemetry,ACME-S01-TRUCK-068,haul_truck,2026-09-01T20:18:48.253Z,11,-16.563279,-71.527232,183.8,0.5,Dump-A,cycle-acme-s01-truck-068-00003,dumping,0.0,240.0,77048.96,33.8,True,True,5026.46,32839.66,False,False,False,91.3,24.5,[],1.0
bc9f4584-3999-484f-960b-910d4a697462,1.0,acme-mining,site-01,fleet_telemetry,ACME-S01-TRUCK-069,haul_truck,2026-09-01T20:18:48.253Z,11,-16.652051,-71.486436,156.6,0.0,Dump-A,cycle-acme-s01-truck-069-00003,dumping,0.0,240.0,277189.63,77.3,True,True,17058.25,125707.4,False,False,False,90.0,25.1,[],1.0
3bdec3b5-fe15-4f1a-8dbe-4f0f340254fb,1.0,acme-mining,site-01,fleet_telemetry,ACME-S01-TRUCK-070,haul_truck,2026-09-01T20:18:48.253Z,11,-16.610323,-71.466865,349.1,1.1,Dump-A,cycle-acme-s01-truck-070-00003,dumping,0.0,240.0,263351.29,88.5,True,True,13068.13,605199.14,False,False,False,91.4,24.2,[],1.0
063b7dd8-83b0-4a78-8178-66f7acacae20,1.0,acme-mining,site-01,fleet_telemetry,ACME-S01-TRUCK-071,haul_truck,2026-09-01T20:18:48.253Z,11,-16.534322,-71.521407,260.2,1.1,Dump-A,cycle-acme-s01-truck-071-00003,dumping,0.0,240.0,54837.3,79.0,True,True,15441.04,415162.93,False,False,False,90.5,24.0,[],1.0
bb02d06c-ff63-488f-b956-91b9f5ee2b7a,1.0,acme-mining,site-01,fleet_telemetry,ACME-S01-TRUCK-072,haul_truck,2026-09-01T20:18:48.253Z,11,-16.589424,-71.562878,303.0,0.9,Dump-A,cycle-acme-s01-truck-072-00003,dumping,0.0,240.0,198487.05,50.9,True,True,17391.88,238738.63,False,False,False,86.7,24.1,[],1.0
f36a8099-4289-4edf-bd70-a8b35804117f,1.0,acme-mining,site-01,fleet_telemetry,ACME-S01-TRUCK-073,haul_truck,2026-09-01T20:18:48.253Z,11,-16.557252,-71.547835,37.0,1.4,Dump-A,cycle-acme-s01-truck-073-00003,dumping,0.0,240.0,289658.17,82.9,True,True,3037.44,625296.43,False,False,False,92.0,24.9,[],1.0
ae975910-ea78-4c77-804f-0ea6f5381a5c,1.0,acme-mining,site-01,fleet_telemetry,ACME-S01-TRUCK-074,haul_truck,2026-09-01T20:18:48.253Z,11,-16.53828,-71.522696,235.7,1.1,Dump-A,cycle-acme-s01-truck-074-00003,dumping,0.0,240.0,350842.97,57.5,True,True,13857.36,599359.42,False,False,False,87.0,24.5,[],1.0
12de2a77-5309-4f14-8e11-8ed3c25e799c,1.0,acme-mining,site-01,fleet_telemetry,ACME-S01-TRUCK-075,haul_truck,2026-09-01T20:18:48.253Z,11,-16.596061,-71.51988,284.4,0.4,Dump-A,cycle-acme-s01-truck-075-00003,dumping,0.0,240.0,397918.45,42.0,True,True,18411.51,74597.86,False,False,False,86.8,24.2,[],1.0
ec7567a5-3445-49b5-8bbb-8fbd3c07eee8,1.0,acme-mining,site-01,fleet_telemetry,ACME-S01-TRUCK-076,haul_truck,2026-09-01T20:18:48.253Z,11,-16.629055,-71.572742,139.5,0.0,Dump-A,cycle-acme-s01-truck-076-00003,dumping,0.0,240.0,224522.7,49.8,True,True,11279.31,224759.18,False,False,False,86.2,24.2,[],1.0
a05f85fb-3590-4c02-9f26-442ee605d81d,1.0,acme-mining,site-01,fleet_telemetry,ACME-S01-TRUCK-077,haul_truck,2026-09-01T20:18:48.253Z,11,-16.60535,-71.528656,215.0,0.4,Dump-A,cycle-acme-s01-truck-077-00003,dumping,0.0,240.0,94065.55,41.8,True,True,12582.79,345475.43,False,False,False,93.9,25.1,[],1.0
484f4b3f-edc6-4b86-a981-f26a3bc887ab,1.0,acme-mining,site-01,fleet_telemetry,ACME-S01-TRUCK-078,haul_truck,2026-09-01T20:18:48.253Z,11,-16.634981,-71.506788,73.7,0.5,Dump-A,cycle-acme-s01-truck-078-00003,dumping,0.0,240.0,358891.19,31.5,True,True,14493.16,329217.69,False,False,False,88.7,23.9,[],1.0
33a97b06-5679-491b-b290-0f258be5b6b8,1.0,acme-mining,site-01,fleet_telemetry,ACME-S01-TRUCK-079,haul_truck,2026-09-01T20:18:48.253Z,11,-16.582334,-71.561211,44.1,1.2,Dump-A,cycle-acme-s01-truck-079-00003,dumping,0.0,240.0,161253.98,94.7,True,True,8623.25,368688.19,False,False,False,87.0,25.0,[],1.0
059c238d-1084-47ec-8306-750a4b9ba565,1.0,acme-mining,site-01,fleet_telemetry,ACME-S01-TRUCK-080,haul_truck,2026-09-01T20:18:48.253Z,11,-16.584663,-71.49558,282.7,0.3,Dump-A,cycle-acme-s01-truck-080-00003,dumping,0.0,240.0,94737.82,33.3,True,True,6129.77,96013.44,False,False,False,94.9,25.1,[],1.0
3c84368e-b531-4bef-b107-7fc8b50441e5,1.0,acme-mining,site-02,fleet_telemetry,ACME-S02-TRUCK-001,haul_truck,2026-09-01T20:18:48.253Z,11,-16.537062,-71.488521,294.3,0.6,Dump-A,cycle-acme-s02-truck-001-00003,dumping,0.0,240.0,319616.08,60.0,True,True,4524.75,259530.91,False,False,False,94.6,25.0,[],1.0
e5677458-cc55-4243-a3f8-1b9f7447e321,1.0,acme-mining,site-02,fleet_telemetry,ACME-S02-TRUCK-002,haul_truck,2026-09-01T20:18:48.253Z,11,-16.60174,-71.552822,70.0,0.4,Dump-A,cycle-acme-s02-truck-002-00003,dumping,0.0,240.0,44260.28,46.9,True,True,10047.87,309645.41,False,False,False,93.0,25.0,[],1.0
63d8f901-de55-4244-9778-7992e1f53cf0,1.0,acme-mining,site-02,fleet_telemetry,ACME-S02-TRUCK-003,haul_truck,2026-09-01T20:18:48.253Z,11,-16.571469,-71.484342,137.7,0.4,Dump-A,cycle-acme-s02-truck-003-00003,dumping,0.0,240.0,152898.73,81.0,True,True,3241.69,33139.87,False,False,False,86.5,24.0,[],1.0
c824e3e7-ddf6-4fcc-9214-e1028b2456a4,1.0,acme-mining,site-02,fleet_telemetry,ACME-S02-TRUCK-004,haul_truck,2026-09-01T20:18:48.253Z,11,-16.657805,-71.478231,288.6,0.6,Dump-A,cycle-acme-s02-truck-004-00003,dumping,0.0,240.0,201698.4,53.0,True,True,10058.31,86694.0,False,False,False,90.2,25.0,[],1.0
711dda9c-fa7f-4b06-b7db-d30fe0a3fc73,1.0,acme-mining,site-02,fleet_telemetry,ACME-S02-TRUCK-005,haul_truck,2026-09-01T20:18:48.253Z,11,-16.588829,-71.472563,264.7,0.9,Dump-A,cycle-acme-s02-truck-005-00003,dumping,0.0,240.0,234613.37,32.9,True,True,7861.07,125923.84,False,False,False,94.0,24.5,[],1.0
7c33952f-9423-40b8-8ae4-8675385ff1c6,1.0,acme-mining,site-02,fleet_telemetry,ACME-S02-TRUCK-006,haul_truck,2026-09-01T20:18:48.253Z,11,-16.548789,-71.512613,294.9,1.0,Dump-A,cycle-acme-s02-truck-006-00003,dumping,0.0,240.0,96800.32,67.1,True,True,5808.91,112260.09,False,False,False,92.2,24.7,[],1.0
7d87ca4f-683b-46a5-9cd3-642e9c541133,1.0,acme-mining,site-02,fleet_telemetry,ACME-S02-TRUCK-007,haul_truck,2026-09-01T20:18:48.253Z,11,-16.529263,-71.514609,303.0,1.5,Dump-A,cycle-acme-s02-truck-007-00003,dumping,0.0,240.0,264966.69,72.6,True,True,10635.82,375153.58,False,False,False,89.5,24.9,[],1.0
b28aaaea-fb63-4deb-8740-910ec20d3232,1.0,acme-mining,site-02,fleet_telemetry,ACME-S02-TRUCK-008,haul_truck,2026-09-01T20:18:48.253Z,11,-16.599691,-71.569009,310.8,0.4,Dump-A,cycle-acme-s02-truck-008-00003,dumping,0.0,240.0,76421.98,29.7,True,True,19122.05,415147.21,False,False,False,95.1,24.7,[],1.0
74f7c3e1-7838-413a-a2c1-552f6161b61e,1.0,acme-mining,site-02,fleet_telemetry,ACME-S02-TRUCK-009,haul_truck,2026-09-01T20:18:48.253Z,11,-16.61145,-71.571586,131.2,1.1,Dump-A,cycle-acme-s02-truck-009-00003,dumping,0.0,240.0,213167.42,27.6,True,True,8261.19,66740.34,False,False,False,86.2,24.4,[],1.0
026416ea-73f8-4c68-9ca8-f080f2636b6b,1.0,acme-mining,site-02,fleet_telemetry,ACME-S02-TRUCK-010,haul_truck,2026-09-01T20:18:48.253Z,11,-16.543686,-71.474149,98.2,0.3,Dump-A,cycle-acme-s02-truck-010-00003,dumping,0.0,240.0,213593.86,63.7,True,True,13838.19,339452.96,False,False,False,91.6,25.0,[],1.0
054360af-8c01-46b0-90ce-e5cbe81747cf,1.0,acme-mining,site-02,fleet_telemetry,ACME-S02-TRUCK-011,haul_truck,2026-09-01T20:18:48.253Z,11,-16.660483,-71.600914,230.9,0.8,Dump-A,cycle-acme-s02-truck-011-00003,dumping,0.0,240.0,219277.5,35.5,True,True,14618.97,222562.13,False,False,False,94.8,24.2,[],1.0
402a36b1-f232-4f8c-ab3c-d3622a70752c,1.0,acme-mining,site-02,fleet_telemetry,ACME-S02-TRUCK-012,haul_truck,2026-09-01T20:18:48.253Z,11,-16.557226,-71.45898,125.7,1.3,Dump-A,cycle-acme-s02-truck-012-00003,dumping,0.0,240.0,294296.65,27.7,True,True,21626.59,73127.63,False,False,False,94.0,24.6,[],1.0
8275ac67-069f-4dbf-920d-e0bb8f91dfb1,1.0,acme-mining,site-02,fleet_telemetry,ACME-S02-TRUCK-013,haul_truck,2026-09-01T20:18:48.253Z,11,-16.561739,-71.609086,2.6,1.4,Dump-A,cycle-acme-s02-truck-013-00003,dumping,0.0,240.0,180464.01,79.2,True,True,8514.65,598300.41,False,False,False,90.8,24.1,[],1.0
eca8d331-653c-43ed-97bb-3f9fc0cae79b,1.0,acme-mining,site-02,fleet_telemetry,ACME-S02-TRUCK-014,haul_truck,2026-09-01T20:18:48.253Z,11,-16.554605,-71.512465,145.0,0.3,Dump-A,cycle-acme-s02-truck-014-00003,dumping,0.0,240.0,308487.64,44.8,True,True,2197.35,79538.97,False,False,False,89.7,24.1,[],1.0
e7049bf7-7f03-4f0e-8a7a-f58a3ea89e85,1.0,acme-mining,site-02,fleet_telemetry,ACME-S02-TRUCK-015,haul_truck,2026-09-01T20:18:48.253Z,11,-16.515633,-71.505773,136.7,1.1,Dump-A,cycle-acme-s02-truck-015-00003,dumping,0.0,240.0,72229.22,49.4,True,True,7867.29,387126.15,False,False,False,90.1,25.2,[],1.0
4a828c05-d16a-4fec-b19d-421ddbaa4add,1.0,acme-mining,site-02,fleet_telemetry,ACME-S02-TRUCK-016,haul_truck,2026-09-01T20:18:48.253Z,11,-16.617854,-71.597061,281.0,0.8,Dump-A,cycle-acme-s02-truck-016-00003,dumping,0.0,240.0,255926.44,70.0,True,True,15827.3,73373.23,False,False,False,88.8,24.5,[],1.0
43627149-7c86-4799-9e2d-7f7e67bd0ddc,1.0,acme-mining,site-02,fleet_telemetry,ACME-S02-TRUCK-017,haul_truck,2026-09-01T20:18:48.253Z,11,-16.621005,-71.465312,98.9,0.7,Dump-A,cycle-acme-s02-truck-017-00003,dumping,0.0,240.0,233735.66,26.2,True,True,2781.22,442387.55,False,False,False,94.0,24.3,[],1.0
1cc06742-f091-4efb-8801-c56b2adf4c1e,1.0,acme-mining,site-02,fleet_telemetry,ACME-S02-TRUCK-018,haul_truck,2026-09-01T20:18:48.253Z,11,-16.544286,-71.536239,356.1,1.1,Dump-A,cycle-acme-s02-truck-018-00003,dumping,0.0,240.0,78176.6,45.6,True,True,4870.53,649985.53,False,False,False,87.8,24.2,[],1.0
81dd93e1-7558-4337-95a6-b009c1d01934,1.0,acme-mining,site-02,fleet_telemetry,ACME-S02-TRUCK-019,haul_truck,2026-09-01T20:18:48.253Z,11,-16.610161,-71.591567,316.5,0.0,Dump-A,cycle-acme-s02-truck-019-00003,dumping,0.0,240.0,347176.07,34.1,True,True,1600.26,232161.81,False,False,False,94.0,24.4,[],1.0
d62ace5e-3b13-43ad-8618-9e65b0d8fa5a,1.0,acme-mining,site-02,fleet_telemetry,ACME-S02-TRUCK-020,haul_truck,2026-09-01T20:18:48.253Z,11,-16.515263,-71.519806,209.3,0.8,Dump-A,cycle-acme-s02-truck-020-00003,dumping,0.0,240.0,170292.47,75.3,True,True,16089.09,47526.48,False,False,False,90.5,24.1,[],1.0
5fe4fca1-58cb-4de5-848f-741b24766a5b,1.0,acme-mining,site-02,fleet_telemetry,ACME-S02-TRUCK-021,haul_truck,2026-09-01T20:18:48.253Z,11,-16.525793,-71.586468,233.1,1.3,Dump-A,cycle-acme-s02-truck-021-00003,dumping,0.0,240.0,434863.25,79.8,True,True,5760.88,170676.37,False,False,False,90.7,24.2,[],1.0
f8d6d297-1327-4f16-9434-c23788c2194a,1.0,acme-mining,site-02,fleet_telemetry,ACME-S02-TRUCK-022,haul_truck,2026-09-01T20:18:48.253Z,11,-16.586002,-71.462894,310.9,1.5,Dump-A,cycle-acme-s02-truck-022-00003,dumping,0.0,240.0,133980.29,51.7,True,True,21670.14,310858.62,False,False,False,95.0,24.8,[],1.0
2be5f014-36fd-431f-ba0c-51869d2d3de9,1.0,acme-mining,site-02,fleet_telemetry,ACME-S02-TRUCK-023,haul_truck,2026-09-01T20:18:48.253Z,11,-16.520885,-71.503616,325.1,0.4,Dump-A,cycle-acme-s02-truck-023-00003,dumping,0.0,240.0,221460.62,50.9,True,True,19307.66,52873.49,False,False,False,95.5,24.1,[],1.0
d24bb4f6-5d26-4421-9c68-acd78811d692,1.0,acme-mining,site-02,fleet_telemetry,ACME-S02-TRUCK-024,haul_truck,2026-09-01T20:18:48.253Z,11,-16.646793,-71.547518,120.8,1.2,Dump-A,cycle-acme-s02-truck-024-00003,dumping,0.0,240.0,130028.9,88.3,True,True,6843.35,500763.82,False,False,False,88.6,24.0,[],1.0
0684d043-2681-49f4-87d3-2ad89d9c4605,1.0,acme-mining,site-02,fleet_telemetry,ACME-S02-TRUCK-025,haul_truck,2026-09-01T20:18:48.253Z,11,-16.607022,-71.55766,294.5,0.1,Dump-A,cycle-acme-s02-truck-025-00003,dumping,0.0,240.0,419408.38,54.0,True,True,18114.12,577316.99,False,False,False,91.8,23.9,[],1.0
30392f46-ca99-4aca-977b-e1a7cf81c484,1.0,acme-mining,site-02,fleet_telemetry,ACME-S02-TRUCK-026,haul_truck,2026-09-01T20:18:48.253Z,11,-16.566402,-71.49088,173.8,1.3,Dump-A,cycle-acme-s02-truck-026-00003,dumping,0.0,240.0,419564.13,83.7,True,True,8748.16,37758.37,False,False,False,109.9,24.5,"[""ENG_OVERHEAT""]",0.72
0ae8e918-201d-448c-b3ca-ccc6b3f84739,1.0,acme-mining,site-02,fleet_telemetry,ACME-S02-TRUCK-027,haul_truck,2026-09-01T20:18:48.253Z,11,-16.595319,-71.519058,107.6,1.0,Dump-A,cycle-acme-s02-truck-027-00003,dumping,0.0,240.0,375689.34,78.1,True,True,20248.81,317646.85,False,False,False,87.1,24.5,[],1.0
5e51ef40-f2bf-4808-a94a-d3cf0079a5ba,1.0,acme-mining,site-02,fleet_telemetry,ACME-S02-TRUCK-028,haul_truck,2026-09-01T20:18:48.253Z,11,-16.585997,-71.599735,168.9,0.9,Dump-A,cycle-acme-s02-truck-028-00003,dumping,0.0,240.0,251474.6,75.8,True,True,6225.6,546027.0,False,False,False,91.7,24.5,[],1.0
e9871c0f-bed7-4e5a-8381-20c1ef29c68c,1.0,acme-mining,site-02,fleet_telemetry,ACME-S02-TRUCK-029,haul_truck,2026-09-01T20:18:48.253Z,11,-16.660317,-71.483632,31.4,1.5,Dump-A,cycle-acme-s02-truck-029-00003,dumping,0.0,240.0,291139.49,68.5,True,True,3383.2,170217.12,False,False,False,86.2,24.2,[],1.0
2f7c2cf6-9a63-4cb7-bcf1-0050f0a76069,1.0,acme-mining,site-02,fleet_telemetry,ACME-S02-TRUCK-030,haul_truck,2026-09-01T20:18:48.253Z,11,-16.601728,-71.51912,97.0,1.3,Dump-A,cycle-acme-s02-truck-030-00003,dumping,0.0,240.0,116453.51,35.0,True,True,1148.44,344686.96,False,False,False,92.6,25.1,[],1.0
acbd1bc2-46cd-473a-a5ca-fc830f6b76bc,1.0,acme-mining,site-02,fleet_telemetry,ACME-S02-TRUCK-031,haul_truck,2026-09-01T20:18:48.253Z,11,-16.517862,-71.530457,340.4,0.8,Dump-A,cycle-acme-s02-truck-031-00003,dumping,0.0,240.0,240333.93,50.2,True,True,4771.07,440975.63,False,False,False,89.4,25.1,[],1.0
3dc29cee-ca2e-4417-89c8-5e1f8204e100,1.0,acme-mining,site-02,fleet_telemetry,ACME-S02-TRUCK-032,haul_truck,2026-09-01T20:18:48.253Z,11,-16.513441,-71.576886,147.5,1.0,Dump-A,cycle-acme-s02-truck-032-00003,dumping,0.0,240.0,216860.16,69.4,True,True,12548.04,265986.09,False,False,False,92.9,24.1,[],1.0
6964cca3-657c-4217-8213-5b2a296c840e,1.0,acme-mining,site-02,fleet_telemetry,ACME-S02-TRUCK-033,haul_truck,2026-09-01T20:18:48.253Z,11,-16.552758,-71.564265,169.3,0.7,Dump-A,cycle-acme-s02-truck-033-00003,dumping,0.0,240.0,286433.79,78.9,True,True,8109.83,481753.13,False,False,False,94.6,24.4,[],1.0
7a28be90-324c-4d54-9aa8-9c6f36723686,1.0,acme-mining,site-02,fleet_telemetry,ACME-S02-TRUCK-034,haul_truck,2026-09-01T20:18:48.253Z,11,-16.513454,-71.540976,329.1,0.7,Dump-A,cycle-acme-s02-truck-034-00003,dumping,0.0,240.0,375369.54,72.9,True,True,7977.22,424961.46,False,False,False,92.4,24.6,[],1.0
d2fbb578-a244-4b69-a598-6b3dbefd4b45,1.0,acme-mining,site-02,fleet_telemetry,ACME-S02-TRUCK-035,haul_truck,2026-09-01T20:18:48.253Z,11,-16.663386,-71.585617,86.1,1.4,Dump-A,cycle-acme-s02-truck-035-00003,dumping,0.0,240.0,211379.74,45.5,True,True,2137.75,509000.23,False,False,False,92.0,24.8,[],1.0
c4259d1f-f831-49c4-9512-71d00a5ea490,1.0,acme-mining,site-02,fleet_telemetry,ACME-S02-TRUCK-036,haul_truck,2026-09-01T20:18:48.253Z,11,-16.54987,-71.586935,45.8,1.4,Dump-A,cycle-acme-s02-truck-036-00003,dumping,0.0,240.0,248934.23,42.7,True,True,11726.15,643147.54,False,False,False,91.7,24.5,[],1.0
8c61628f-ef82-457c-b967-27245118aefc,1.0,acme-mining,site-02,fleet_telemetry,ACME-S02-TRUCK-037,haul_truck,2026-09-01T20:18:48.253Z,11,-16.528093,-71.498569,347.4,0.4,Dump-A,cycle-acme-s02-truck-037-00003,dumping,0.0,240.0,64769.73,50.7,True,True,19154.94,229112.81,False,False,False,91.9,25.1,[],1.0
8e8bc432-3278-43c1-bacf-d01815e4753f,1.0,acme-mining,site-02,fleet_telemetry,ACME-S02-TRUCK-038,haul_truck,2026-09-01T20:18:48.253Z,11,-16.542803,-71.574853,328.7,0.2,Dump-A,cycle-acme-s02-truck-038-00003,dumping,0.0,240.0,314510.86,50.7,True,True,7987.59,137695.07,False,False,False,88.1,24.5,[],1.0
9f606aa8-144f-426f-b989-a243a1e07fb1,1.0,acme-mining,site-02,fleet_telemetry,ACME-S02-TRUCK-039,haul_truck,2026-09-01T20:18:48.253Z,11,-16.618947,-71.60467,249.6,1.4,Dump-A,cycle-acme-s02-truck-039-00003,dumping,0.0,240.0,371830.89,63.1,True,True,2473.27,399545.83,False,False,False,89.3,24.9,[],1.0
50288f76-e61c-4581-b5f1-0c563d732723,1.0,acme-mining,site-02,fleet_telemetry,ACME-S02-TRUCK-040,haul_truck,2026-09-01T20:18:48.253Z,11,-16.598815,-71.501189,226.0,0.0,Dump-A,cycle-acme-s02-truck-040-00003,dumping,0.0,240.0,83324.43,56.0,True,True,10253.43,472127.87,False,False,False,93.6,24.9,[],1.0
6222d797-1a59-46c3-87ff-05ce2e52bb80,1.0,acme-mining,site-02,fleet_telemetry,ACME-S02-TRUCK-041,haul_truck,2026-09-01T20:18:48.253Z,11,-16.568425,-71.559343,294.6,1.3,Dump-A,cycle-acme-s02-truck-041-00003,dumping,0.0,240.0,427078.65,30.2,True,True,6620.59,637417.43,False,False,False,94.9,24.2,[],1.0
a0621d31-6c3b-41f8-97ab-44523cf435d7,1.0,acme-mining,site-02,fleet_telemetry,ACME-S02-TRUCK-042,haul_truck,2026-09-01T20:18:48.253Z,11,-16.66489,-71.606735,274.0,0.7,Dump-A,cycle-acme-s02-truck-042-00003,dumping,0.0,240.0,277332.81,79.6,True,True,20999.15,109951.3,False,False,False,91.3,24.8,[],1.0
c4933e0b-5a54-4369-8b79-1e05b8fbcfcf,1.0,acme-mining,site-02,fleet_telemetry,ACME-S02-TRUCK-043,haul_truck,2026-09-01T20:18:48.253Z,11,-16.598403,-71.558128,348.7,0.5,Dump-A,cycle-acme-s02-truck-043-00003,dumping,0.0,240.0,24250.27,35.7,True,True,8477.61,618164.49,False,False,False,88.7,24.9,[],1.0
eb790ece-1d6d-48a6-a7e3-8228e676c86c,1.0,acme-mining,site-02,fleet_telemetry,ACME-S02-TRUCK-044,haul_truck,2026-09-01T20:18:48.253Z,11,-16.630407,-71.599356,166.4,0.3,Dump-A,cycle-acme-s02-truck-044-00003,dumping,0.0,240.0,185135.71,70.4,True,True,12967.16,353559.98,False,False,False,93.7,24.4,[],1.0
f6815904-5843-4717-8e8e-ef3b15c2b70e,1.0,acme-mining,site-02,fleet_telemetry,ACME-S02-TRUCK-045,haul_truck,2026-09-01T20:18:48.253Z,11,-16.557759,-71.583182,2.6,1.3,Dump-A,cycle-acme-s02-truck-045-00003,dumping,0.0,240.0,61815.57,79.2,True,True,11776.22,595532.0,False,False,False,92.9,24.2,[],1.0
9c74ee6a-bc66-441d-adb5-c586faaa8434,1.0,acme-mining,site-02,fleet_telemetry,ACME-S02-TRUCK-046,haul_truck,2026-09-01T20:18:48.253Z,11,-16.556246,-71.457912,20.8,0.4,Dump-A,cycle-acme-s02-truck-046-00003,dumping,0.0,240.0,42583.63,37.0,True,True,5043.8,105509.14,False,False,False,87.8,23.8,[],1.0
c4278895-5f1d-42e8-8ee7-7b1f4099c50e,1.0,acme-mining,site-02,fleet_telemetry,ACME-S02-TRUCK-047,haul_truck,2026-09-01T20:18:48.253Z,11,-16.62245,-71.59229,182.1,0.2,Dump-A,cycle-acme-s02-truck-047-00003,dumping,0.0,240.0,251999.47,45.3,True,True,14958.22,467010.74,False,False,False,94.7,24.9,[],1.0
0b098898-4ed1-4cb6-bde0-032cb0350525,1.0,acme-mining,site-02,fleet_telemetry,ACME-S02-TRUCK-048,haul_truck,2026-09-01T20:18:48.253Z,11,-16.648185,-71.491036,266.1,1.2,Dump-A,cycle-acme-s02-truck-048-00003,dumping,0.0,240.0,63400.21,39.0,True,True,17626.38,340516.36,False,False,False,88.6,23.9,[],1.0
0327dbe4-a151-4f7e-baca-d4e0ae3f6bc3,1.0,acme-mining,site-02,fleet_telemetry,ACME-S02-TRUCK-049,haul_truck,2026-09-01T20:18:48.253Z,11,-16.528897,-71.606958,180.9,0.7,Dump-A,cycle-acme-s02-truck-049-00003,dumping,0.0,240.0,442525.99,34.0,True,True,12932.3,314465.94,False,False,False,93.5,24.2,[],1.0
dbeb65f9-8ad6-42bb-a8cd-651387d4549b,1.0,acme-mining,site-02,fleet_telemetry,ACME-S02-TRUCK-050,haul_truck,2026-09-01T20:18:48.253Z,11,-16.514825,-71.514695,202.3,0.4,Dump-A,cycle-acme-s02-truck-050-00003,dumping,0.0,240.0,372270.06,30.1,True,True,11944.76,504573.89,False,False,False,86.4,24.6,[],1.0
46c637d0-412b-4c12-904c-d313c5efc2bb,1.0,acme-mining,site-02,fleet_telemetry,ACME-S02-TRUCK-051,haul_truck,2026-09-01T20:18:48.253Z,11,-16.641275,-71.462883,71.9,0.5,Dump-A,cycle-acme-s02-truck-051-00003,dumping,0.0,240.0,353316.42,69.7,True,True,8103.73,573115.12,False,False,False,88.2,24.1,[],1.0
0f533c9e-868c-4556-9b96-0e815e34bcfd,1.0,acme-mining,site-02,fleet_telemetry,ACME-S02-TRUCK-052,haul_truck,2026-09-01T20:18:48.253Z,11,-16.520809,-71.581458,156.8,0.9,Dump-A,cycle-acme-s02-truck-052-00003,dumping,0.0,240.0,143815.53,36.3,True,True,18425.5,346404.55,False,False,False,94.9,25.0,[],1.0
25bf8822-46d6-4772-8a9a-b1af3b1854db,1.0,acme-mining,site-02,fleet_telemetry,ACME-S02-TRUCK-053,haul_truck,2026-09-01T20:18:48.253Z,11,-16.582278,-71.597499,281.2,1.2,Dump-A,cycle-acme-s02-truck-053-00003,dumping,0.0,240.0,120267.06,69.4,True,True,19772.44,552938.48,False,False,False,92.2,24.0,[],1.0
778b3d87-d06c-440e-871a-56b067e805d9,1.0,acme-mining,site-02,fleet_telemetry,ACME-S02-TRUCK-054,haul_truck,2026-09-01T20:18:48.253Z,11,-16.643024,-71.517599,13.6,0.5,Dump-A,cycle-acme-s02-truck-054-00003,dumping,0.0,240.0,270396.44,65.6,True,True,2780.7,423822.32,False,False,False,95.1,24.0,[],1.0
fa06de2a-417f-42dd-a02c-e6f072e35487,1.0,acme-mining,site-02,fleet_telemetry,ACME-S02-TRUCK-055,haul_truck,2026-09-01T20:18:48.253Z,11,-16.663128,-71.514867,70.5,1.4,Dump-A,cycle-acme-s02-truck-055-00003,dumping,0.0,240.0,373104.69,26.9,True,True,18661.65,375079.65,False,False,False,90.0,23.8,[],1.0
bd800201-29db-4d1b-bd05-2938bf3b9512,1.0,acme-mining,site-02,fleet_telemetry,ACME-S02-TRUCK-056,haul_truck,2026-09-01T20:18:48.253Z,11,-16.570025,-71.571165,128.9,0.9,Dump-A,cycle-acme-s02-truck-056-00003,dumping,0.0,240.0,291156.85,59.8,True,True,17059.55,282449.92,False,False,False,95.1,25.2,[],1.0
0e3f481c-73cd-4bb3-8c1e-09a05a002bde,1.0,acme-mining,site-02,fleet_telemetry,ACME-S02-TRUCK-057,haul_truck,2026-09-01T20:18:48.253Z,11,-16.560224,-71.592227,10.6,0.5,Dump-A,cycle-acme-s02-truck-057-00003,dumping,0.0,240.0,188681.44,56.7,True,True,5991.43,528630.3,False,False,False,95.8,24.6,[],1.0
35ab153f-bcc6-4646-b75a-76966c9fe29b,1.0,acme-mining,site-02,fleet_telemetry,ACME-S02-TRUCK-058,haul_truck,2026-09-01T20:18:48.253Z,11,-16.552941,-71.479789,286.1,0.9,Dump-A,cycle-acme-s02-truck-058-00003,dumping,0.0,240.0,147537.03,75.2,True,True,5125.3,402196.18,False,False,False,88.8,23.9,[],1.0
499d456b-9a3c-4ddb-8468-05ad29868cb7,1.0,acme-mining,site-02,fleet_telemetry,ACME-S02-TRUCK-059,haul_truck,2026-09-01T20:18:48.253Z,11,-16.650788,-71.545544,9.3,0.3,Dump-A,cycle-acme-s02-truck-059-00003,dumping,0.0,240.0,56721.66,41.9,True,True,16926.11,344437.74,False,False,False,95.2,24.0,[],1.0
56cb0f6e-eb73-41e9-b90c-e5ae069025e7,1.0,acme-mining,site-02,fleet_telemetry,ACME-S02-TRUCK-060,haul_truck,2026-09-01T20:18:48.253Z,11,-16.531964,-71.591989,201.0,1.5,Dump-A,cycle-acme-s02-truck-060-00003,dumping,0.0,240.0,280766.8,42.3,True,True,6952.51,262014.63,False,False,False,88.2,25.1,[],1.0
898ee6f8-21bd-45f5-a85e-9b4455bf0c70,1.0,acme-mining,site-02,fleet_telemetry,ACME-S02-TRUCK-061,haul_truck,2026-09-01T20:18:48.253Z,11,-16.595692,-71.476895,239.1,0.0,Dump-A,cycle-acme-s02-truck-061-00003,dumping,0.0,240.0,80111.39,94.7,True,True,16087.94,139595.72,False,False,False,88.0,24.5,[],1.0
2c7c13e6-e777-4e1a-b2e1-2283280d84a8,1.0,acme-mining,site-02,fleet_telemetry,ACME-S02-TRUCK-062,haul_truck,2026-09-01T20:18:48.253Z,11,-16.613939,-71.609445,138.4,1.0,Dump-A,cycle-acme-s02-truck-062-00003,dumping,0.0,240.0,435342.85,40.0,True,True,20838.95,338430.25,False,False,False,92.9,24.5,[],1.0
2906921e-2677-4a7d-b1ee-f24ab6b49fae,1.0,acme-mining,site-02,fleet_telemetry,ACME-S02-TRUCK-063,haul_truck,2026-09-01T20:18:48.253Z,11,-16.62809,-71.558969,44.8,1.2,Dump-A,cycle-acme-s02-truck-063-00003,dumping,0.0,240.0,57299.44,34.3,True,True,6857.88,25152.01,False,False,False,91.3,24.8,[],1.0
cb895268-7c10-4d41-8ce6-7c66f5ce2179,1.0,acme-mining,site-02,fleet_telemetry,ACME-S02-TRUCK-064,haul_truck,2026-09-01T20:18:48.253Z,11,-16.658616,-71.536812,345.8,0.8,Dump-A,cycle-acme-s02-truck-064-00003,dumping,0.0,240.0,95649.06,63.7,True,True,9292.35,379277.66,False,False,False,86.6,24.2,[],1.0
87c863ae-749d-4372-9ac4-4f78bfcebd27,1.0,acme-mining,site-02,fleet_telemetry,ACME-S02-TRUCK-065,haul_truck,2026-09-01T20:18:48.253Z,11,-16.654921,-71.557781,129.2,0.4,Dump-A,cycle-acme-s02-truck-065-00003,dumping,0.0,240.0,278859.71,33.9,True,True,18296.62,412642.44,False,False,False,95.2,24.9,[],1.0
4e218a2e-8b2b-4786-ac24-680dd35712d1,1.0,acme-mining,site-02,fleet_telemetry,ACME-S02-TRUCK-066,haul_truck,2026-09-01T20:18:48.253Z,11,-16.590388,-71.610262,292.0,0.7,Dump-A,cycle-acme-s02-truck-066-00003,dumping,0.0,240.0,97586.2,60.6,True,True,20705.72,495628.25,False,False,False,88.0,25.1,[],1.0
cf61c7a1-bff8-4c5a-8098-38e3c5d7988e,1.0,acme-mining,site-02,fleet_telemetry,ACME-S02-TRUCK-067,haul_truck,2026-09-01T20:18:48.253Z,11,-16.648041,-71.468504,244.7,0.2,Dump-A,cycle-acme-s02-truck-067-00003,dumping,0.0,240.0,75534.62,87.5,True,True,17844.09,347179.89,False,False,False,89.3,24.1,[],1.0
d3f17ce8-9ddf-4430-9dc1-001b407f25e0,1.0,acme-mining,site-02,fleet_telemetry,ACME-S02-TRUCK-068,haul_truck,2026-09-01T20:18:48.253Z,11,-16.537871,-71.532314,56.4,1.2,Dump-A,cycle-acme-s02-truck-068-00003,dumping,0.0,240.0,141663.84,48.5,True,True,21801.07,485771.44,False,False,False,86.8,24.0,[],1.0
3e48e598-fae6-4140-8cdd-cc32c8ba1775,1.0,acme-mining,site-02,fleet_telemetry,ACME-S02-TRUCK-069,haul_truck,2026-09-01T20:18:48.253Z,11,-16.603746,-71.568268,157.1,1.0,Dump-A,cycle-acme-s02-truck-069-00003,dumping,0.0,240.0,155746.15,32.6,True,True,10867.74,30481.51,False,False,False,94.7,24.2,[],1.0
acc8b378-60d1-414a-bdce-0f016e253a9e,1.0,acme-mining,site-02,fleet_telemetry,ACME-S02-TRUCK-070,haul_truck,2026-09-01T20:18:48.253Z,11,-16.577836,-71.581113,181.5,0.2,Dump-A,cycle-acme-s02-truck-070-00003,dumping,0.0,240.0,298460.76,93.0,True,True,13454.5,187284.39,False,False,False,95.6,24.1,[],1.0
c09a5c68-c2db-4cbf-bfef-04e2f4bcd2a6,1.0,acme-mining,site-02,fleet_telemetry,ACME-S02-TRUCK-071,haul_truck,2026-09-01T20:18:48.253Z,11,-16.646739,-71.508603,278.6,0.5,Dump-A,cycle-acme-s02-truck-071-00003,dumping,0.0,240.0,282684.48,83.8,True,True,4414.87,416286.14,False,False,False,92.9,24.9,[],1.0
9df25453-e5c4-497a-acb7-a3e3519684b6,1.0,acme-mining,site-02,fleet_telemetry,ACME-S02-TRUCK-072,haul_truck,2026-09-01T20:18:48.253Z,11,-16.637761,-71.537178,213.0,1.0,Dump-A,cycle-acme-s02-truck-072-00003,dumping,0.0,240.0,194264.06,53.8,True,True,4844.64,297854.51,False,False,False,95.1,24.1,[],1.0
ea5998c4-0712-4d2a-83b3-eefeb6c98276,1.0,acme-mining,site-02,fleet_telemetry,ACME-S02-TRUCK-073,haul_truck,2026-09-01T20:18:48.253Z,11,-16.637208,-71.565468,261.5,1.4,Dump-A,cycle-acme-s02-truck-073-00003,dumping,0.0,240.0,37404.49,34.6,True,True,19303.75,483577.69,False,False,False,90.2,25.0,[],1.0
0a501598-5571-45b8-b61b-15bfbf8b3814,1.0,acme-mining,site-02,fleet_telemetry,ACME-S02-TRUCK-074,haul_truck,2026-09-01T20:18:48.253Z,11,-16.583014,-71.509347,163.2,0.5,Dump-A,cycle-acme-s02-truck-074-00003,dumping,0.0,240.0,212252.68,62.3,True,True,8788.7,622712.09,False,False,False,93.4,23.9,[],1.0
dbfcff4b-3a21-487a-bdac-eb630901933a,1.0,acme-mining,site-02,fleet_telemetry,ACME-S02-TRUCK-075,haul_truck,2026-09-01T20:18:48.253Z,11,-16.63445,-71.461791,199.5,1.2,Dump-A,cycle-acme-s02-truck-075-00003,dumping,0.0,240.0,118469.15,64.0,True,True,13733.64,141126.66,False,False,False,108.6,24.6,"[""ENG_OVERHEAT""]",0.72
e7e8953e-3c48-48f0-94e9-7fb797bc73a0,1.0,acme-mining,site-02,fleet_telemetry,ACME-S02-TRUCK-076,haul_truck,2026-09-01T20:18:48.253Z,11,-16.580734,-71.467981,11.0,0.2,Dump-A,cycle-acme-s02-truck-076-00003,dumping,0.0,240.0,225162.08,58.5,True,True,15743.92,454851.39,False,False,False,89.3,24.6,[],1.0
a9db68e8-4b8c-42af-9e8b-2f387f491b9a,1.0,acme-mining,site-02,fleet_telemetry,ACME-S02-TRUCK-077,haul_truck,2026-09-01T20:18:48.253Z,11,-16.539394,-71.464765,14.8,1.0,Dump-A,cycle-acme-s02-truck-077-00003,dumping,0.0,240.0,177066.17,93.6,True,True,3383.75,446272.25,False,False,False,93.1,25.1,[],1.0
0cdbb05e-ec3a-48b1-b9d5-6054b8cef982,1.0,acme-mining,site-02,fleet_telemetry,ACME-S02-TRUCK-078,haul_truck,2026-09-01T20:18:48.253Z,11,-16.565441,-71.497913,334.8,0.0,Dump-A,cycle-acme-s02-truck-078-00003,dumping,0.0,240.0,44773.68,89.6,True,True,1691.82,621847.85,False,False,False,90.1,24.3,[],1.0
f46371da-68c6-40e9-a6b7-a441ede9b674,1.0,acme-mining,site-02,fleet_telemetry,ACME-S02-TRUCK-079,haul_truck,2026-09-01T20:18:48.253Z,11,-16.551888,-71.579198,75.7,0.5,Dump-A,cycle-acme-s02-truck-079-00003,dumping,0.0,240.0,129514.17,32.6,True,True,6548.03,374071.58,False,False,False,93.7,25.0,[],1.0
5ca685e5-6982-4ba4-bb93-2a320813956f,1.0,acme-mining,site-02,fleet_telemetry,ACME-S02-TRUCK-080,haul_truck,2026-09-01T20:18:48.253Z,11,-16.594772,-71.50847,272.3,0.8,Dump-A,cycle-acme-s02-truck-080-00003,dumping,0.0,240.0,54087.83,48.1,True,True,5584.25,166687.28,False,False,False,86.6,24.0,[],1.0
bcf47f9a-7076-484a-be23-b2216dd3d56a,1.0,beta-minerals,north-site,fleet_telemetry,BETA-NORTH-TRUCK-001,haul_truck,2026-09-01T20:18:48.253Z,11,-16.562056,-71.591192,329.9,0.5,Dump-A,cycle-beta-north-truck-001-00003,dumping,0.0,240.0,383639.93,70.3,True,True,17975.96,92504.01,False,False,False,93.3,24.7,[],1.0
e31c26e6-085e-46d7-932b-5ab6ac53e3a6,1.0,beta-minerals,north-site,fleet_telemetry,BETA-NORTH-TRUCK-002,haul_truck,2026-09-01T20:18:48.253Z,11,-16.596481,-71.489832,338.5,0.7,Dump-A,cycle-beta-north-truck-002-00003,dumping,0.0,240.0,155636.18,54.8,True,True,11739.09,367703.73,False,False,False,92.4,24.2,[],1.0
55eef2ac-930a-42fc-92a6-c43a1be4bd2e,1.0,beta-minerals,north-site,fleet_telemetry,BETA-NORTH-TRUCK-003,haul_truck,2026-09-01T20:18:48.253Z,11,-16.638787,-71.522758,13.1,1.5,Dump-A,cycle-beta-north-truck-003-00003,dumping,0.0,240.0,22845.33,67.9,True,True,14378.17,292244.94,False,False,False,87.7,24.4,[],1.0
90965db5-a31a-45b8-a8b3-6dec9d195d09,1.0,beta-minerals,north-site,fleet_telemetry,BETA-NORTH-TRUCK-004,haul_truck,2026-09-01T20:18:48.253Z,11,-16.654111,-71.47801,90.4,0.4,Dump-A,cycle-beta-north-truck-004-00003,dumping,0.0,240.0,365841.83,29.3,True,True,5162.65,493965.29,False,False,False,87.9,24.2,[],1.0
89e99e73-2564-4771-82d0-8ebbe24ce391,1.0,beta-minerals,north-site,fleet_telemetry,BETA-NORTH-TRUCK-005,haul_truck,2026-09-01T20:18:48.253Z,11,-16.515852,-71.567374,246.5,0.1,Dump-A,cycle-beta-north-truck-005-00003,dumping,0.0,240.0,305109.36,59.2,True,True,4977.99,91791.87,False,False,False,86.9,24.4,[],1.0
4aa62528-5675-4e2c-95ad-4b7bccbba3f0,1.0,beta-minerals,north-site,fleet_telemetry,BETA-NORTH-TRUCK-006,haul_truck,2026-09-01T20:18:48.253Z,11,-16.540219,-71.504512,49.4,0.4,Dump-A,cycle-beta-north-truck-006-00003,dumping,0.0,240.0,382028.56,68.2,True,True,13244.52,239192.76,False,False,False,94.7,24.1,[],1.0
7c5c5e2e-0257-4a3e-9f68-1cd5233cd706,1.0,beta-minerals,north-site,fleet_telemetry,BETA-NORTH-TRUCK-007,haul_truck,2026-09-01T20:18:48.253Z,11,-16.641085,-71.50658,189.9,0.1,Dump-A,cycle-beta-north-truck-007-00003,dumping,0.0,240.0,61859.85,46.3,True,True,2596.76,104387.36,False,False,False,91.7,24.7,[],1.0
d94208c0-f62a-44d3-bfe3-05f59b1ee719,1.0,beta-minerals,north-site,fleet_telemetry,BETA-NORTH-TRUCK-008,haul_truck,2026-09-01T20:18:48.253Z,11,-16.584437,-71.470455,225.8,1.0,Dump-A,cycle-beta-north-truck-008-00003,dumping,0.0,240.0,196137.79,59.0,True,True,13444.24,382128.07,False,False,False,90.1,24.1,[],1.0
b71420cf-6c3c-48ce-a551-0dc2ad31ebc8,1.0,beta-minerals,north-site,fleet_telemetry,BETA-NORTH-TRUCK-009,haul_truck,2026-09-01T20:18:48.253Z,11,-16.598233,-71.608947,195.6,0.5,Dump-A,cycle-beta-north-truck-009-00003,dumping,0.0,240.0,71731.2,47.0,True,True,12564.16,328474.72,False,False,False,89.2,24.7,[],1.0
2149d6e2-53f3-4c8f-8489-a33374d17b45,1.0,beta-minerals,north-site,fleet_telemetry,BETA-NORTH-TRUCK-010,haul_truck,2026-09-01T20:18:48.253Z,11,-16.565907,-71.552003,255.4,1.5,Dump-A,cycle-beta-north-truck-010-00003,dumping,0.0,240.0,178936.17,64.3,True,True,11073.72,142931.21,False,False,False,94.3,24.5,[],1.0
a779d101-93a8-4de8-bce8-b9d4608feb8b,1.0,beta-minerals,north-site,fleet_telemetry,BETA-NORTH-TRUCK-011,haul_truck,2026-09-01T20:18:48.253Z,11,-16.623592,-71.573552,358.1,1.4,Dump-A,cycle-beta-north-truck-011-00003,dumping,0.0,240.0,23579.44,78.2,True,True,11160.44,72082.73,False,False,False,90.1,24.1,[],1.0
41c3e17b-aef7-4b37-bbca-51e87e5f0df4,1.0,beta-minerals,north-site,fleet_telemetry,BETA-NORTH-TRUCK-012,haul_truck,2026-09-01T20:18:48.253Z,11,-16.588641,-71.525835,280.5,0.7,Dump-A,cycle-beta-north-truck-012-00003,dumping,0.0,240.0,349921.69,59.6,True,True,17351.71,376360.0,False,False,False,93.2,24.0,[],1.0
640c7ece-d19f-4bc4-b98d-975d8a14fac7,1.0,beta-minerals,north-site,fleet_telemetry,BETA-NORTH-TRUCK-013,haul_truck,2026-09-01T20:18:48.253Z,11,-16.555335,-71.530049,331.1,0.3,Dump-A,cycle-beta-north-truck-013-00003,dumping,0.0,240.0,371949.54,27.9,True,True,18253.61,251123.18,False,False,False,90.0,24.8,[],1.0
1d438f6c-51e7-4b3c-8d27-002f7c1ff6a6,1.0,beta-minerals,north-site,fleet_telemetry,BETA-NORTH-TRUCK-014,haul_truck,2026-09-01T20:18:48.253Z,11,-16.665235,-71.575431,176.7,0.8,Dump-A,cycle-beta-north-truck-014-00003,dumping,0.0,240.0,118914.64,86.2,True,True,16402.98,431813.42,False,False,False,93.4,23.9,[],1.0
d30fbbf3-dd98-4681-bd84-3c020e7be069,1.0,beta-minerals,north-site,fleet_telemetry,BETA-NORTH-TRUCK-015,haul_truck,2026-09-01T20:18:48.253Z,11,-16.54076,-71.52342,125.8,0.2,Dump-A,cycle-beta-north-truck-015-00003,dumping,0.0,240.0,351278.65,41.5,True,True,10108.3,646193.59,False,False,False,91.3,25.1,[],1.0
7603d67a-595a-4736-b28d-45bad4842b5e,1.0,beta-minerals,north-site,fleet_telemetry,BETA-NORTH-TRUCK-016,haul_truck,2026-09-01T20:18:48.253Z,11,-16.660898,-71.561334,299.4,1.0,Dump-A,cycle-beta-north-truck-016-00003,dumping,0.0,240.0,100913.38,39.4,True,True,4318.83,107718.23,False,False,False,89.0,24.4,[],1.0
f450dd17-9a03-4b65-8eac-9f210a2686bf,1.0,beta-minerals,north-site,fleet_telemetry,BETA-NORTH-TRUCK-017,haul_truck,2026-09-01T20:18:48.253Z,11,-16.518035,-71.535209,253.1,0.9,Dump-A,cycle-beta-north-truck-017-00003,dumping,0.0,240.0,138759.99,65.0,True,True,4369.62,636770.33,False,False,False,110.3,24.3,"[""ENG_OVERHEAT""]",0.72
38ec23cb-45c0-43c8-8c39-f5502ff35a13,1.0,beta-minerals,north-site,fleet_telemetry,BETA-NORTH-TRUCK-018,haul_truck,2026-09-01T20:18:48.253Z,11,-16.626071,-71.512525,104.3,0.9,Dump-A,cycle-beta-north-truck-018-00003,dumping,0.0,240.0,191103.07,29.1,True,True,3674.5,492559.53,False,False,False,87.1,24.2,[],1.0
ff586962-b967-49ef-af5c-7b3f04e72da1,1.0,beta-minerals,north-site,fleet_telemetry,BETA-NORTH-TRUCK-019,haul_truck,2026-09-01T20:18:48.253Z,11,-16.562179,-71.539238,339.1,1.5,Dump-A,cycle-beta-north-truck-019-00003,dumping,0.0,240.0,374532.72,78.2,True,True,6093.17,468179.08,False,False,False,86.4,23.8,[],1.0
605682a0-7305-467e-b64a-2c0dff5fe5fb,1.0,beta-minerals,north-site,fleet_telemetry,BETA-NORTH-TRUCK-020,haul_truck,2026-09-01T20:18:48.253Z,11,-16.547391,-71.553063,131.8,0.7,Dump-A,cycle-beta-north-truck-020-00003,dumping,0.0,240.0,43227.89,80.6,True,True,14109.65,256358.82,False,False,False,93.4,24.1,[],1.0
fee587cc-f1ac-46f1-b78e-39d769345a6f,1.0,beta-minerals,north-site,fleet_telemetry,BETA-NORTH-TRUCK-021,haul_truck,2026-09-01T20:18:48.253Z,11,-16.534836,-71.602644,352.1,0.6,Dump-A,cycle-beta-north-truck-021-00003,dumping,0.0,240.0,266061.17,85.8,True,True,10439.56,327468.26,False,False,False,114.1,24.0,"[""ENG_OVERHEAT""]",0.72
d66b8f0d-5c3f-413f-a279-ab6533e4cca5,1.0,beta-minerals,north-site,fleet_telemetry,BETA-NORTH-TRUCK-022,haul_truck,2026-09-01T20:18:48.253Z,11,-16.538443,-71.538331,336.8,0.8,Dump-A,cycle-beta-north-truck-022-00003,dumping,0.0,240.0,184995.71,92.7,True,True,18822.27,521277.33,False,False,False,89.4,25.0,[],1.0
c63302f4-93db-4ea1-b07d-d6cc1686cb30,1.0,beta-minerals,north-site,fleet_telemetry,BETA-NORTH-TRUCK-023,haul_truck,2026-09-01T20:18:48.253Z,11,-16.615414,-71.508252,300.3,0.2,Dump-A,cycle-beta-north-truck-023-00003,dumping,0.0,240.0,259103.26,58.9,True,True,7960.42,384098.45,False,False,False,88.4,23.9,[],1.0
c65fec15-5294-4081-9605-d0a2c0806b6e,1.0,beta-minerals,north-site,fleet_telemetry,BETA-NORTH-TRUCK-024,haul_truck,2026-09-01T20:18:48.253Z,11,-16.645088,-71.544455,89.6,0.4,Dump-A,cycle-beta-north-truck-024-00003,dumping,0.0,240.0,17164.52,90.0,True,True,14075.02,547122.6,False,False,False,90.4,23.9,[],1.0
80a17b47-ecba-4591-9025-b48631269938,1.0,beta-minerals,north-site,fleet_telemetry,BETA-NORTH-TRUCK-025,haul_truck,2026-09-01T20:18:48.253Z,11,-16.644945,-71.468289,15.6,0.6,Dump-A,cycle-beta-north-truck-025-00003,dumping,0.0,240.0,68042.49,70.4,True,True,5089.16,453813.1,False,False,False,90.0,24.1,[],1.0
5eed30d2-14a6-45ce-a7a5-dcab8ee96fad,1.0,beta-minerals,north-site,fleet_telemetry,BETA-NORTH-TRUCK-026,haul_truck,2026-09-01T20:18:48.253Z,11,-16.606936,-71.568605,122.3,0.6,Dump-A,cycle-beta-north-truck-026-00003,dumping,0.0,240.0,407672.85,36.5,True,True,6108.27,254261.83,False,False,False,95.7,23.8,[],1.0
3efa80e3-f0fa-4f40-82f5-f9fa9d398894,1.0,beta-minerals,north-site,fleet_telemetry,BETA-NORTH-TRUCK-027,haul_truck,2026-09-01T20:18:48.253Z,11,-16.657935,-71.522544,121.8,1.1,Dump-A,cycle-beta-north-truck-027-00003,dumping,0.0,240.0,51881.55,39.9,True,True,9899.71,77455.72,False,False,False,89.3,24.4,[],1.0
e04f4a32-8426-4729-9d2b-faaa31b2032f,1.0,beta-minerals,north-site,fleet_telemetry,BETA-NORTH-TRUCK-028,haul_truck,2026-09-01T20:18:48.253Z,11,-16.602806,-71.596357,145.8,1.4,Dump-A,cycle-beta-north-truck-028-00003,dumping,0.0,240.0,369528.7,94.1,True,True,996.9,458226.4,False,False,False,92.7,25.0,[],1.0
c6a23f1c-0c0f-4e3c-86f5-fe3d7a1f919b,1.0,beta-minerals,north-site,fleet_telemetry,BETA-NORTH-TRUCK-029,haul_truck,2026-09-01T20:18:48.253Z,11,-16.62252,-71.556274,40.6,1.1,Dump-A,cycle-beta-north-truck-029-00003,dumping,0.0,240.0,55409.4,50.7,True,True,2693.83,527753.08,False,False,False,93.2,23.8,[],1.0
30d4eb1d-7665-4dee-9649-030cb139abea,1.0,beta-minerals,north-site,fleet_telemetry,BETA-NORTH-TRUCK-030,haul_truck,2026-09-01T20:18:48.253Z,11,-16.572717,-71.59121,330.2,1.4,Dump-A,cycle-beta-north-truck-030-00003,dumping,0.0,240.0,40101.84,64.4,True,True,14401.43,446596.57,False,False,False,94.5,25.1,[],1.0
e0f7293c-5644-4da5-b5e8-c0785f247c9a,1.0,beta-minerals,north-site,fleet_telemetry,BETA-NORTH-TRUCK-031,haul_truck,2026-09-01T20:18:48.253Z,11,-16.532802,-71.603636,344.4,0.8,Dump-A,cycle-beta-north-truck-031-00003,dumping,0.0,240.0,191153.08,73.0,True,True,14115.31,115365.93,False,False,False,108.9,24.9,"[""ENG_OVERHEAT""]",0.72
2cb490d1-fd62-43e4-9155-ca574d273630,1.0,beta-minerals,north-site,fleet_telemetry,BETA-NORTH-TRUCK-032,haul_truck,2026-09-01T20:18:48.253Z,11,-16.648046,-71.573157,305.7,1.5,Dump-A,cycle-beta-north-truck-032-00003,dumping,0.0,240.0,433830.16,47.0,True,True,13298.98,261940.36,False,False,False,91.2,24.4,[],1.0
b62d819a-8290-4725-bb87-e5ae13cc7be6,1.0,beta-minerals,north-site,fleet_telemetry,BETA-NORTH-TRUCK-033,haul_truck,2026-09-01T20:18:48.253Z,11,-16.66613,-71.481943,86.7,1.0,Dump-A,cycle-beta-north-truck-033-00003,dumping,0.0,240.0,135365.88,90.8,True,True,13541.2,474343.42,False,False,False,87.8,24.9,[],1.0
be47c94f-0e55-4edc-a792-095d8fc39ea8,1.0,beta-minerals,north-site,fleet_telemetry,BETA-NORTH-TRUCK-034,haul_truck,2026-09-01T20:18:48.253Z,11,-16.661695,-71.473875,330.8,0.3,Dump-A,cycle-beta-north-truck-034-00003,dumping,0.0,240.0,339051.93,45.6,True,True,11776.3,340999.45,False,False,False,93.6,23.8,[],1.0
f520f08d-263b-441d-a1eb-d3a3892a21c1,1.0,beta-minerals,north-site,fleet_telemetry,BETA-NORTH-TRUCK-035,haul_truck,2026-09-01T20:18:48.253Z,11,-16.528229,-71.615587,209.7,1.3,Dump-A,cycle-beta-north-truck-035-00003,dumping,0.0,240.0,290756.95,29.9,True,True,8980.79,171881.73,False,False,False,88.8,24.2,[],1.0
47539919-3846-48eb-b780-bce17099e46f,1.0,beta-minerals,north-site,fleet_telemetry,BETA-NORTH-TRUCK-036,haul_truck,2026-09-01T20:18:48.253Z,11,-16.56118,-71.495503,294.3,0.1,Dump-A,cycle-beta-north-truck-036-00003,dumping,0.0,240.0,260088.1,50.5,True,True,3598.05,562313.04,False,False,False,89.3,25.1,[],1.0
8d76356f-6644-4bdb-aefa-63c26d19be51,1.0,beta-minerals,north-site,fleet_telemetry,BETA-NORTH-TRUCK-037,haul_truck,2026-09-01T20:18:48.253Z,11,-16.660711,-71.491244,254.2,0.9,Dump-A,cycle-beta-north-truck-037-00003,dumping,0.0,240.0,125362.25,27.7,True,True,1153.83,62545.72,False,False,False,94.6,24.1,[],1.0
d39afff5-dc59-4e2d-bb2a-eece2ab5f5ff,1.0,beta-minerals,north-site,fleet_telemetry,BETA-NORTH-TRUCK-038,haul_truck,2026-09-01T20:18:48.253Z,11,-16.584403,-71.593128,148.4,0.2,Dump-A,cycle-beta-north-truck-038-00003,dumping,0.0,240.0,187002.79,69.8,True,True,17062.75,286852.62,False,False,False,92.8,24.5,[],1.0
f635c715-41fc-49f4-ba59-f388f33b0b94,1.0,beta-minerals,north-site,fleet_telemetry,BETA-NORTH-TRUCK-039,haul_truck,2026-09-01T20:18:48.253Z,11,-16.607912,-71.515983,39.7,0.5,Dump-A,cycle-beta-north-truck-039-00003,dumping,0.0,240.0,365547.16,62.5,True,True,11639.67,148014.66,False,False,False,89.3,23.8,[],1.0
6fbbef37-7d1f-46e2-b025-2f0e97b00c0b,1.0,beta-minerals,north-site,fleet_telemetry,BETA-NORTH-TRUCK-040,haul_truck,2026-09-01T20:18:48.253Z,11,-16.631317,-71.469539,234.8,1.1,Dump-A,cycle-beta-north-truck-040-00003,dumping,0.0,240.0,429509.04,41.6,True,True,7375.61,295616.44,False,False,False,94.6,23.9,[],1.0
f776fc79-f738-453d-91ef-caa3410f58f7,1.0,beta-minerals,north-site,fleet_telemetry,BETA-NORTH-TRUCK-041,haul_truck,2026-09-01T20:18:48.253Z,11,-16.557115,-71.505255,113.8,1.1,Dump-A,cycle-beta-north-truck-041-00003,dumping,0.0,240.0,335890.33,33.3,True,True,7356.96,487267.13,False,False,False,86.3,23.9,[],1.0
d3d9ac77-d87a-4d91-a353-a8c526383c3b,1.0,beta-minerals,north-site,fleet_telemetry,BETA-NORTH-TRUCK-042,haul_truck,2026-09-01T20:18:48.253Z,11,-16.650087,-71.492541,260.4,0.3,Dump-A,cycle-beta-north-truck-042-00003,dumping,0.0,240.0,327137.56,36.6,True,True,11887.73,513282.1,False,False,False,93.7,24.1,[],1.0
d15a228b-6d49-435d-9f78-979798a7a4a5,1.0,beta-minerals,north-site,fleet_telemetry,BETA-NORTH-TRUCK-043,haul_truck,2026-09-01T20:18:48.253Z,11,-16.660139,-71.503501,173.5,0.6,Dump-A,cycle-beta-north-truck-043-00003,dumping,0.0,240.0,365128.18,44.0,True,True,17154.34,38494.67,False,False,False,86.1,24.9,[],1.0
465eb796-46a5-4df8-9682-b8a33a5c2052,1.0,beta-minerals,north-site,fleet_telemetry,BETA-NORTH-TRUCK-044,haul_truck,2026-09-01T20:18:48.253Z,11,-16.643652,-71.592296,19.1,1.0,Dump-A,cycle-beta-north-truck-044-00003,dumping,0.0,240.0,34393.94,85.1,True,True,11318.34,341792.84,False,False,False,93.0,24.6,[],1.0
4691f713-1ade-4b94-9050-6e5f974dc667,1.0,beta-minerals,north-site,fleet_telemetry,BETA-NORTH-TRUCK-045,haul_truck,2026-09-01T20:18:48.253Z,11,-16.533014,-71.615553,356.6,0.8,Dump-A,cycle-beta-north-truck-045-00003,dumping,0.0,240.0,335943.91,25.1,True,True,15091.37,92660.45,False,False,False,90.1,24.1,[],1.0
6f1b8d8d-99fa-4247-b4cd-32842f42783e,1.0,beta-minerals,north-site,fleet_telemetry,BETA-NORTH-TRUCK-046,haul_truck,2026-09-01T20:18:48.253Z,11,-16.581973,-71.471233,166.4,1.4,Dump-A,cycle-beta-north-truck-046-00003,dumping,0.0,240.0,419711.16,85.0,True,True,8919.18,114553.58,False,False,False,106.9,25.0,"[""ENG_OVERHEAT""]",0.72
abb95a51-104e-45df-b71e-50a9aa8c2ef7,1.0,beta-minerals,north-site,fleet_telemetry,BETA-NORTH-TRUCK-047,haul_truck,2026-09-01T20:18:48.253Z,11,-16.538203,-71.52608,66.2,1.1,Dump-A,cycle-beta-north-truck-047-00003,dumping,0.0,240.0,412976.82,47.3,True,True,5559.74,176406.04,False,False,False,87.1,24.8,[],1.0
1329fe6b-9347-4ed8-ac99-da8b8be3e288,1.0,beta-minerals,north-site,fleet_telemetry,BETA-NORTH-TRUCK-048,haul_truck,2026-09-01T20:18:48.253Z,11,-16.659345,-71.543097,300.4,1.3,Dump-A,cycle-beta-north-truck-048-00003,dumping,0.0,240.0,441822.83,91.7,True,True,4602.12,526733.19,False,False,False,95.0,24.1,[],1.0
058c4a32-8fb0-4cde-afc1-2371f4b2e080,1.0,beta-minerals,north-site,fleet_telemetry,BETA-NORTH-TRUCK-049,haul_truck,2026-09-01T20:18:48.253Z,11,-16.580175,-71.568877,268.1,0.3,Dump-A,cycle-beta-north-truck-049-00003,dumping,0.0,240.0,13507.16,39.0,True,True,7738.79,368447.81,False,False,False,94.2,23.9,[],1.0
817176f5-628c-431d-a118-a791f0e07939,1.0,beta-minerals,north-site,fleet_telemetry,BETA-NORTH-TRUCK-050,haul_truck,2026-09-01T20:18:48.253Z,11,-16.553228,-71.530087,190.5,1.0,Dump-A,cycle-beta-north-truck-050-00003,dumping,0.0,240.0,449027.06,79.3,True,True,8607.42,632270.61,False,False,False,89.7,24.4,[],1.0
494463fa-32f7-4382-a865-c9cc74092271,1.0,beta-minerals,north-site,fleet_telemetry,BETA-NORTH-TRUCK-051,haul_truck,2026-09-01T20:18:48.253Z,11,-16.536064,-71.477084,34.0,0.9,Dump-A,cycle-beta-north-truck-051-00003,dumping,0.0,240.0,112519.73,49.2,True,True,935.23,278322.98,False,False,False,89.5,25.1,[],1.0
b3e8b2ac-274b-42d4-97c0-2888dd7bdee5,1.0,beta-minerals,north-site,fleet_telemetry,BETA-NORTH-TRUCK-052,haul_truck,2026-09-01T20:18:48.253Z,11,-16.637607,-71.460166,11.0,0.4,Dump-A,cycle-beta-north-truck-052-00003,dumping,0.0,240.0,334757.1,46.5,True,True,16889.31,257053.36,False,False,False,91.6,24.8,[],1.0
a41670aa-7c3a-42e0-b671-a6aa1bacf7d1,1.0,beta-minerals,north-site,fleet_telemetry,BETA-NORTH-TRUCK-053,haul_truck,2026-09-01T20:18:48.253Z,11,-16.633345,-71.48217,321.2,1.5,Dump-A,cycle-beta-north-truck-053-00003,dumping,0.0,240.0,133123.85,28.0,True,True,21418.27,109695.53,False,False,False,93.2,24.6,[],1.0
2a7adc52-27ec-437e-85c7-8b0b4766e959,1.0,beta-minerals,north-site,fleet_telemetry,BETA-NORTH-TRUCK-054,haul_truck,2026-09-01T20:18:48.253Z,11,-16.568416,-71.554399,89.0,1.2,Dump-A,cycle-beta-north-truck-054-00003,dumping,0.0,240.0,265539.8,60.3,True,True,10519.33,491176.85,False,False,False,91.5,24.7,[],1.0
1ac1958c-14c2-4f52-aef0-57363f3b7911,1.0,beta-minerals,north-site,fleet_telemetry,BETA-NORTH-TRUCK-055,haul_truck,2026-09-01T20:18:48.253Z,11,-16.620012,-71.489346,103.5,0.7,Dump-A,cycle-beta-north-truck-055-00003,dumping,0.0,240.0,114180.29,43.2,True,True,10021.65,627457.76,False,False,False,94.9,24.5,[],1.0
a3a29fad-ac96-4989-bcd3-d953ca0a1498,1.0,beta-minerals,north-site,fleet_telemetry,BETA-NORTH-TRUCK-056,haul_truck,2026-09-01T20:18:48.253Z,11,-16.545582,-71.523954,108.0,0.8,Dump-A,cycle-beta-north-truck-056-00003,dumping,0.0,240.0,42863.2,39.1,True,True,7542.84,191332.45,False,False,False,88.6,24.3,[],1.0
b90f14a4-db8e-482b-974d-566bb3309801,1.0,beta-minerals,north-site,fleet_telemetry,BETA-NORTH-TRUCK-057,haul_truck,2026-09-01T20:18:48.253Z,11,-16.54717,-71.545193,357.3,1.1,Dump-A,cycle-beta-north-truck-057-00003,dumping,0.0,240.0,63124.89,50.0,True,True,10330.83,217841.18,False,False,False,89.0,24.3,[],1.0
4e9ce2c0-6fb1-475b-bd9d-ebee85a2417d,1.0,beta-minerals,north-site,fleet_telemetry,BETA-NORTH-TRUCK-058,haul_truck,2026-09-01T20:18:48.253Z,11,-16.573893,-71.583149,335.2,0.2,Dump-A,cycle-beta-north-truck-058-00003,dumping,0.0,240.0,143855.32,74.3,True,True,2716.94,528786.27,False,False,False,91.7,24.3,[],1.0
77060e33-e17b-49c4-892f-ec9f5d6b7285,1.0,beta-minerals,north-site,fleet_telemetry,BETA-NORTH-TRUCK-059,haul_truck,2026-09-01T20:18:48.253Z,11,-16.562058,-71.575909,137.6,0.0,Dump-A,cycle-beta-north-truck-059-00003,dumping,0.0,240.0,166527.54,60.9,True,True,2733.73,176378.09,False,False,False,95.4,24.3,[],1.0
69378fd2-6b63-429e-8caa-7f310d807c6f,1.0,beta-minerals,north-site,fleet_telemetry,BETA-NORTH-TRUCK-060,haul_truck,2026-09-01T20:18:48.253Z,11,-16.65519,-71.60119,168.8,0.9,Dump-A,cycle-beta-north-truck-060-00003,dumping,0.0,240.0,254620.38,63.4,True,True,20984.46,558399.07,False,False,False,94.7,25.0,[],1.0
f27495fe-bd60-4dcf-9e2f-dd04df50e09d,1.0,beta-minerals,north-site,fleet_telemetry,BETA-NORTH-TRUCK-061,haul_truck,2026-09-01T20:18:48.253Z,11,-16.538627,-71.557947,65.6,0.5,Dump-A,cycle-beta-north-truck-061-00003,dumping,0.0,240.0,442330.31,34.1,True,True,1053.5,543134.81,False,False,False,95.4,24.0,[],1.0
29cfdab1-7f50-4b8b-becd-9e9ae545e55e,1.0,beta-minerals,north-site,fleet_telemetry,BETA-NORTH-TRUCK-062,haul_truck,2026-09-01T20:18:48.253Z,11,-16.660089,-71.473044,46.3,1.0,Dump-A,cycle-beta-north-truck-062-00003,dumping,0.0,240.0,367609.45,26.5,True,True,13145.28,183057.3,False,False,False,86.3,25.1,[],1.0
a259dd49-da1e-46f6-851f-f5627669a3f8,1.0,beta-minerals,north-site,fleet_telemetry,BETA-NORTH-TRUCK-063,haul_truck,2026-09-01T20:18:48.253Z,11,-16.519668,-71.609326,345.3,0.9,Dump-A,cycle-beta-north-truck-063-00003,dumping,0.0,240.0,365911.1,33.5,True,True,2749.96,553783.77,False,False,False,93.4,24.0,[],1.0
cddfdfcc-d7cb-4e1f-a3b6-60d8a306c121,1.0,beta-minerals,north-site,fleet_telemetry,BETA-NORTH-TRUCK-064,haul_truck,2026-09-01T20:18:48.253Z,11,-16.642797,-71.583181,42.3,0.7,Dump-A,cycle-beta-north-truck-064-00003,dumping,0.0,240.0,22972.94,72.8,True,True,18219.75,268849.42,False,False,False,86.2,25.2,[],1.0
f6f7a6d4-a846-4319-b9da-b2dcfa9f5828,1.0,beta-minerals,north-site,fleet_telemetry,BETA-NORTH-TRUCK-065,haul_truck,2026-09-01T20:18:48.253Z,11,-16.56682,-71.537608,1.2,1.3,Dump-A,cycle-beta-north-truck-065-00003,dumping,0.0,240.0,280207.62,68.1,True,True,10255.46,113638.0,False,False,False,90.4,24.7,[],1.0
f5401179-7a33-40b7-8a32-d29451b46850,1.0,beta-minerals,north-site,fleet_telemetry,BETA-NORTH-TRUCK-066,haul_truck,2026-09-01T20:18:48.253Z,11,-16.52885,-71.533344,200.0,0.9,Dump-A,cycle-beta-north-truck-066-00003,dumping,0.0,240.0,70384.58,38.9,True,True,2092.77,196259.09,False,False,False,86.0,24.7,[],1.0
a24b8d90-68ac-4cb6-aac8-43427b7b8111,1.0,beta-minerals,north-site,fleet_telemetry,BETA-NORTH-TRUCK-067,haul_truck,2026-09-01T20:18:48.253Z,11,-16.583262,-71.539974,179.8,0.1,Dump-A,cycle-beta-north-truck-067-00003,dumping,0.0,240.0,354043.67,50.1,True,True,17650.76,643324.54,False,False,False,95.9,24.4,[],1.0
da636c42-7083-40e5-90be-d32eb2282cdc,1.0,beta-minerals,north-site,fleet_telemetry,BETA-NORTH-TRUCK-068,haul_truck,2026-09-01T20:18:48.253Z,11,-16.665733,-71.487824,240.0,0.3,Dump-A,cycle-beta-north-truck-068-00003,dumping,0.0,240.0,21468.43,66.7,True,True,7618.03,190374.73,False,False,False,113.2,24.5,"[""ENG_OVERHEAT""]",0.72
5b7e6bd8-b7c5-422b-b8e7-b053d62d8157,1.0,beta-minerals,north-site,fleet_telemetry,BETA-NORTH-TRUCK-069,haul_truck,2026-09-01T20:18:48.253Z,11,-16.654411,-71.512472,17.9,0.7,Dump-A,cycle-beta-north-truck-069-00003,dumping,0.0,240.0,449827.26,93.1,True,True,12023.98,503110.76,False,False,False,91.0,24.2,[],1.0
1d78821f-f236-40cd-856b-67c0369faff9,1.0,beta-minerals,north-site,fleet_telemetry,BETA-NORTH-TRUCK-070,haul_truck,2026-09-01T20:18:48.253Z,11,-16.608236,-71.467845,46.6,0.9,Dump-A,cycle-beta-north-truck-070-00003,dumping,0.0,240.0,263305.26,93.7,True,True,16997.87,617115.78,False,False,False,89.9,25.1,[],1.0
1f0f7514-8b16-4d8d-a0d2-40fca458b8bf,1.0,beta-minerals,north-site,fleet_telemetry,BETA-NORTH-TRUCK-071,haul_truck,2026-09-01T20:18:48.253Z,11,-16.524133,-71.612996,278.2,0.2,Dump-A,cycle-beta-north-truck-071-00003,dumping,0.0,240.0,364733.23,73.8,True,True,4533.34,393287.51,False,False,False,92.5,24.6,[],1.0
f2b8b9ee-59fe-4129-a697-98d4d472e309,1.0,beta-minerals,north-site,fleet_telemetry,BETA-NORTH-TRUCK-072,haul_truck,2026-09-01T20:18:48.253Z,11,-16.52935,-71.538696,161.8,0.6,Dump-A,cycle-beta-north-truck-072-00003,dumping,0.0,240.0,92823.54,94.1,True,True,12748.47,374758.88,False,False,False,95.6,24.7,[],1.0
4abfd229-a815-46a8-8399-12044f4e63a3,1.0,beta-minerals,north-site,fleet_telemetry,BETA-NORTH-TRUCK-073,haul_truck,2026-09-01T20:18:48.253Z,11,-16.593934,-71.564415,202.6,1.4,Dump-A,cycle-beta-north-truck-073-00003,dumping,0.0,240.0,274732.35,26.3,True,True,1604.85,55386.04,False,False,False,93.0,24.0,[],1.0
afd908cf-8adb-4f94-8ec5-cebe727106e8,1.0,beta-minerals,north-site,fleet_telemetry,BETA-NORTH-TRUCK-074,haul_truck,2026-09-01T20:18:48.253Z,11,-16.660887,-71.593837,311.4,0.9,Dump-A,cycle-beta-north-truck-074-00003,dumping,0.0,240.0,363067.48,85.7,True,True,8024.11,131799.97,False,False,False,86.4,25.1,[],1.0
f4ff55d1-01b7-4065-9523-be6c5ce23161,1.0,beta-minerals,north-site,fleet_telemetry,BETA-NORTH-TRUCK-075,haul_truck,2026-09-01T20:18:48.253Z,11,-16.610606,-71.466814,307.9,0.2,Dump-A,cycle-beta-north-truck-075-00003,dumping,0.0,240.0,388695.29,92.2,True,True,17216.59,553283.2,False,False,False,90.0,24.8,[],1.0
ebfa74de-45b5-42a7-a424-bdccc989c829,1.0,beta-minerals,north-site,fleet_telemetry,BETA-NORTH-TRUCK-076,haul_truck,2026-09-01T20:18:48.253Z,11,-16.600466,-71.515273,101.6,0.9,Dump-A,cycle-beta-north-truck-076-00003,dumping,0.0,240.0,439379.42,76.2,True,True,7935.11,223240.27,False,False,False,90.6,24.5,[],1.0
b0464dae-5e31-4adb-b217-da3c461c8df4,1.0,beta-minerals,north-site,fleet_telemetry,BETA-NORTH-TRUCK-077,haul_truck,2026-09-01T20:18:48.253Z,11,-16.544503,-71.581811,178.5,1.0,Dump-A,cycle-beta-north-truck-077-00003,dumping,0.0,240.0,315167.3,90.0,True,True,4493.11,630308.25,False,False,False,86.4,23.9,[],1.0
3c9277d4-d865-418e-9a29-33d507ed1b18,1.0,beta-minerals,north-site,fleet_telemetry,BETA-NORTH-TRUCK-078,haul_truck,2026-09-01T20:18:48.253Z,11,-16.670106,-71.505186,188.9,0.7,Dump-A,cycle-beta-north-truck-078-00003,dumping,0.0,240.0,139588.32,37.4,True,True,8821.76,482417.08,False,False,False,94.1,24.7,[],1.0
6527f07c-c07c-4be5-b596-7824d1851d69,1.0,beta-minerals,north-site,fleet_telemetry,BETA-NORTH-TRUCK-079,haul_truck,2026-09-01T20:18:48.253Z,11,-16.635082,-71.527011,263.0,0.3,Dump-A,cycle-beta-north-truck-079-00003,dumping,0.0,240.0,415257.54,92.7,True,True,1486.53,399505.1,False,False,False,91.5,24.5,[],1.0
0618eb9d-90f3-47dd-b6eb-40bc3f62e65f,1.0,beta-minerals,north-site,fleet_telemetry,BETA-NORTH-TRUCK-080,haul_truck,2026-09-01T20:18:48.253Z,11,-16.568598,-71.463393,101.5,0.7,Dump-A,cycle-beta-north-truck-080-00003,dumping,0.0,240.0,162597.18,47.3,True,True,7820.79,69018.44,False,False,False,95.4,24.4,[],1.0
c7d7eb0e-1700-4c29-bff7-1f78ba7341b7,1.0,acme-mining,site-01,fleet_telemetry,ACME-S01-TRUCK-001,haul_truck,2026-09-01T20:18:53.253Z,12,-16.552523,-71.509201,315.4,24.4,Dump-A,cycle-acme-s01-truck-001-00003,returning,0.0,240.0,131013.75,40.6,True,False,14355.86,35757.04,False,False,False,87.8,24.3,[],1.0
0a547328-c2a0-45e6-b0c5-2affec12e261,1.0,acme-mining,site-01,fleet_telemetry,ACME-S01-TRUCK-002,haul_truck,2026-09-01T20:18:53.253Z,12,-16.574115,-71.527685,208.3,40.5,Dump-A,cycle-acme-s01-truck-002-00003,returning,0.0,240.0,51226.76,41.2,True,False,13318.46,40023.38,False,False,False,92.0,23.9,[],1.0
f9f74e56-b812-433e-ae6f-f86eea14d2d4,1.0,acme-mining,site-01,fleet_telemetry,ACME-S01-TRUCK-003,haul_truck,2026-09-01T20:18:53.253Z,12,-16.548991,-71.591946,68.8,25.5,Dump-A,cycle-acme-s01-truck-003-00003,returning,0.0,240.0,132404.76,85.8,True,False,9693.84,303001.97,False,False,False,86.8,24.1,[],1.0
035520c6-ca34-448d-91b1-3413652e59ac,1.0,acme-mining,site-01,fleet_telemetry,ACME-S01-TRUCK-004,haul_truck,2026-09-01T20:18:53.253Z,12,-16.654912,-71.481939,358.7,36.7,Dump-A,cycle-acme-s01-truck-004-00003,returning,0.0,240.0,158102.45,31.4,True,False,4096.18,623044.56,False,False,False,95.8,23.8,[],1.0
004710d5-2553-4ce4-a515-5be2a02e6c76,1.0,acme-mining,site-01,fleet_telemetry,ACME-S01-TRUCK-005,haul_truck,2026-09-01T20:18:53.253Z,12,-16.582081,-71.484792,237.0,57.1,Dump-A,cycle-acme-s01-truck-005-00003,returning,0.0,240.0,438171.79,51.4,True,False,16270.33,357824.01,False,False,True,91.7,24.7,[],1.0
dea867bd-dd96-4e1e-b3e6-e92e7feff03f,1.0,acme-mining,site-01,fleet_telemetry,ACME-S01-TRUCK-006,haul_truck,2026-09-01T20:18:53.253Z,12,-16.624064,-71.604678,253.5,38.3,Dump-A,cycle-acme-s01-truck-006-00003,returning,0.0,240.0,30163.58,40.9,True,False,13039.88,463880.54,False,False,False,91.0,24.4,[],1.0
c621af9a-df94-4201-8450-b9b7ba33e1e9,1.0,acme-mining,site-01,fleet_telemetry,ACME-S01-TRUCK-007,haul_truck,2026-09-01T20:18:53.253Z,12,-16.613519,-71.510258,129.0,37.8,Dump-A,cycle-acme-s01-truck-007-00003,returning,0.0,240.0,377009.44,36.3,True,False,8858.69,305648.76,False,False,False,95.1,24.7,[],1.0
31dec557-02bc-4939-a33d-d0b3a509c6a1,1.0,acme-mining,site-01,fleet_telemetry,ACME-S01-TRUCK-008,haul_truck,2026-09-01T20:18:53.253Z,12,-16.609688,-71.459186,324.0,38.8,Dump-A,cycle-acme-s01-truck-008-00003,returning,0.0,240.0,330816.64,36.4,True,False,13713.59,127817.62,False,False,False,87.7,24.6,[],1.0
1b9b07b0-b714-4057-ae67-2b436c933d91,1.0,acme-mining,site-01,fleet_telemetry,ACME-S01-TRUCK-009,haul_truck,2026-09-01T20:18:53.253Z,12,-16.538904,-71.488698,117.8,30.1,Dump-A,cycle-acme-s01-truck-009-00003,returning,0.0,240.0,348058.82,28.8,True,False,5455.86,224298.39,False,False,False,86.3,23.9,[],1.0
1ee68e43-8665-46b1-8cba-db825c7e0983,1.0,acme-mining,site-01,fleet_telemetry,ACME-S01-TRUCK-010,haul_truck,2026-09-01T20:18:53.253Z,12,-16.565569,-71.554145,269.1,29.3,Dump-A,cycle-acme-s01-truck-010-00003,returning,0.0,240.0,395602.61,47.0,True,False,5272.85,614033.42,False,False,False,87.1,25.1,[],1.0
ff47b591-eb7a-426b-beb3-e56f4236695f,1.0,acme-mining,site-01,fleet_telemetry,ACME-S01-TRUCK-011,haul_truck,2026-09-01T20:18:53.253Z,12,-16.550908,-71.548953,351.7,25.8,Dump-A,cycle-acme-s01-truck-011-00003,returning,0.0,240.0,337796.0,62.7,True,False,3828.89,107967.36,False,False,False,92.7,24.9,[],1.0
689be1fe-0fc6-4596-8687-c08abf98404b,1.0,acme-mining,site-01,fleet_telemetry,ACME-S01-TRUCK-012,haul_truck,2026-09-01T20:18:53.253Z,12,-16.662839,-71.599928,120.6,31.7,Dump-A,cycle-acme-s01-truck-012-00003,returning,0.0,240.0,234192.42,31.3,True,False,5449.62,648449.01,False,False,False,95.4,23.8,[],1.0
bdbd08ca-28c5-4e75-afae-442f0945695a,1.0,acme-mining,site-01,fleet_telemetry,ACME-S01-TRUCK-013,haul_truck,2026-09-01T20:18:53.253Z,12,-16.630206,-71.528984,93.9,25.2,Dump-A,cycle-acme-s01-truck-013-00003,returning,0.0,240.0,272191.76,57.7,True,False,13443.89,262403.68,False,False,False,87.4,24.4,[],1.0
e78ce1c0-9ce1-456f-9e2f-9e0cc3037fca,1.0,acme-mining,site-01,fleet_telemetry,ACME-S01-TRUCK-014,haul_truck,2026-09-01T20:18:53.253Z,12,-16.652508,-71.547931,14.2,36.6,Dump-A,cycle-acme-s01-truck-014-00003,returning,0.0,240.0,127403.93,69.8,True,False,15252.28,358291.62,False,False,False,95.6,24.8,[],1.0
3ff1ac30-8af4-4d2a-a41b-388da0a2be19,1.0,acme-mining,site-01,fleet_telemetry,ACME-S01-TRUCK-015,haul_truck,2026-09-01T20:18:53.253Z,12,-16.570364,-71.482856,50.4,39.9,Dump-A,cycle-acme-s01-truck-015-00003,returning,0.0,240.0,233380.79,32.4,True,False,21404.04,500036.49,False,False,False,91.4,23.9,[],1.0
f55909d9-1c42-4f94-916f-768aa1f60e2b,1.0,acme-mining,site-01,fleet_telemetry,ACME-S01-TRUCK-016,haul_truck,2026-09-01T20:18:53.253Z,12,-16.58556,-71.6174,270.0,25.1,Dump-A,cycle-acme-s01-truck-016-00003,returning,0.0,240.0,247327.62,79.4,True,False,4040.21,500382.09,False,False,False,93.3,24.3,[],1.0
7b48066f-9b21-4081-88d2-aaf604c27768,1.0,acme-mining,site-01,fleet_telemetry,ACME-S01-TRUCK-017,haul_truck,2026-09-01T20:18:53.253Z,12,-16.63212,-71.578957,50.0,39.5,Dump-A,cycle-acme-s01-truck-017-00003,returning,0.0,240.0,443542.26,81.4,True,False,3171.61,248678.18,False,False,False,89.2,24.9,[],1.0
176cb111-f0f3-4bb5-9be5-c96e5e0d7bc4,1.0,acme-mining,site-01,fleet_telemetry,ACME-S01-TRUCK-018,haul_truck,2026-09-01T20:18:53.253Z,12,-16.547846,-71.596934,272.6,25.3,Dump-A,cycle-acme-s01-truck-018-00003,returning,0.0,240.0,40454.36,78.2,True,False,2615.87,326174.25,False,False,False,90.2,24.5,[],1.0
776b8ef8-fa26-4c65-9ff4-eb3a0737813f,1.0,acme-mining,site-01,fleet_telemetry,ACME-S01-TRUCK-019,haul_truck,2026-09-01T20:18:53.253Z,12,-16.521845,-71.496666,356.5,38.7,Dump-A,cycle-acme-s01-truck-019-00003,returning,0.0,240.0,276902.17,92.4,True,False,4300.71,352434.76,False,False,False,88.1,23.9,[],1.0
98388805-4777-4a7d-b476-40ffbfd3ed37,1.0,acme-mining,site-01,fleet_telemetry,ACME-S01-TRUCK-020,haul_truck,2026-09-01T20:18:53.253Z,12,-16.598162,-71.577791,155.5,24.3,Dump-A,cycle-acme-s01-truck-020-00003,returning,0.0,240.0,174305.87,87.9,True,False,9258.65,443163.08,False,False,False,86.5,24.9,[],1.0
36afeda0-9f6b-48bd-96b5-94a8cd70e051,1.0,acme-mining,site-01,fleet_telemetry,ACME-S01-TRUCK-021,haul_truck,2026-09-01T20:18:53.253Z,12,-16.569442,-71.580864,293.0,38.1,Dump-A,cycle-acme-s01-truck-021-00003,returning,0.0,240.0,106896.5,29.9,True,False,13272.16,164972.58,False,False,False,86.3,24.5,[],1.0
4834d86b-f789-4e71-84a4-4908f55b82e4,1.0,acme-mining,site-01,fleet_telemetry,ACME-S01-TRUCK-022,haul_truck,2026-09-01T20:18:53.253Z,12,-16.649217,-71.467794,243.8,58.8,Dump-A,cycle-acme-s01-truck-022-00003,returning,0.0,240.0,304351.07,39.9,True,False,2302.19,169943.31,False,False,True,93.2,25.1,[],1.0
844d80a3-034c-4e8e-8de5-ee01792648ff,1.0,acme-mining,site-01,fleet_telemetry,ACME-S01-TRUCK-023,haul_truck,2026-09-01T20:18:53.253Z,12,-16.564972,-71.560813,31.4,26.3,Dump-A,cycle-acme-s01-truck-023-00003,returning,0.0,240.0,189107.23,31.5,True,False,5951.56,317973.24,False,False,False,86.2,23.9,[],1.0
f5c2814f-b929-4aea-9986-1db86d843016,1.0,acme-mining,site-01,fleet_telemetry,ACME-S01-TRUCK-024,haul_truck,2026-09-01T20:18:53.253Z,12,-16.616129,-71.479635,160.4,33.3,Dump-A,cycle-acme-s01-truck-024-00003,returning,0.0,240.0,53304.71,53.1,True,False,15075.35,640024.36,False,False,False,90.7,24.9,[],1.0
fa00b69c-0c9e-426e-b822-37c9401be80e,1.0,acme-mining,site-01,fleet_telemetry,ACME-S01-TRUCK-025,haul_truck,2026-09-01T20:18:53.253Z,12,-16.53047,-71.605416,329.2,27.4,Dump-A,cycle-acme-s01-truck-025-00003,returning,0.0,240.0,90735.59,57.3,True,False,12169.27,108315.13,False,False,False,90.8,23.8,[],1.0
c1c39b99-eda4-437b-8cf6-6dfebbda8813,1.0,acme-mining,site-01,fleet_telemetry,ACME-S01-TRUCK-026,haul_truck,2026-09-01T20:18:53.253Z,12,-16.655518,-71.496868,92.1,36.0,Dump-A,cycle-acme-s01-truck-026-00003,returning,0.0,240.0,247859.54,26.0,True,False,2875.68,430851.56,False,False,False,92.6,24.8,[],1.0
88684137-4366-4655-afbd-9f9729b1025d,1.0,acme-mining,site-01,fleet_telemetry,ACME-S01-TRUCK-027,haul_truck,2026-09-01T20:18:53.253Z,12,-16.609782,-71.459837,289.6,29.5,Dump-A,cycle-acme-s01-truck-027-00003,returning,0.0,240.0,186458.58,29.0,True,False,11095.61,154661.1,False,False,False,94.7,24.2,[],1.0
691b93f5-039c-4009-ac9e-98aebf1013b1,1.0,acme-mining,site-01,fleet_telemetry,ACME-S01-TRUCK-028,haul_truck,2026-09-01T20:18:53.253Z,12,-16.564487,-71.539657,121.0,31.1,Dump-A,cycle-acme-s01-truck-028-00003,returning,0.0,240.0,331423.19,79.8,True,False,6847.3,458852.95,False,False,False,87.2,24.3,[],1.0
07f07164-492b-4958-a361-c7f1c2af7591,1.0,acme-mining,site-01,fleet_telemetry,ACME-S01-TRUCK-029,haul_truck,2026-09-01T20:18:53.253Z,12,-16.661275,-71.523993,359.4,37.4,Dump-A,cycle-acme-s01-truck-029-00003,returning,0.0,240.0,248566.74,77.3,True,False,21336.66,384883.89,False,False,False,93.6,24.8,[],1.0
a78ac338-fd88-4085-92e4-a2361bc56ef7,1.0,acme-mining,site-01,fleet_telemetry,ACME-S01-TRUCK-030,haul_truck,2026-09-01T20:18:53.253Z,12,-16.575172,-71.509467,249.2,26.3,Dump-A,cycle-acme-s01-truck-030-00003,returning,0.0,240.0,45249.89,37.9,True,False,4137.59,625291.0,False,False,False,94.6,24.0,[],1.0
1a7251c9-4cd8-41ed-9d04-22c290537d33,1.0,acme-mining,site-01,fleet_telemetry,ACME-S01-TRUCK-031,haul_truck,2026-09-01T20:18:53.253Z,12,-16.657273,-71.512305,215.9,25.5,Dump-A,cycle-acme-s01-truck-031-00003,returning,0.0,240.0,264725.24,27.7,True,False,20761.85,378895.8,False,False,False,94.0,24.9,[],1.0
2dad3421-8725-420f-aa6e-867dba1641f8,1.0,acme-mining,site-01,fleet_telemetry,ACME-S01-TRUCK-032,haul_truck,2026-09-01T20:18:53.253Z,12,-16.60708,-71.510019,176.7,40.9,Dump-A,cycle-acme-s01-truck-032-00003,returning,0.0,240.0,325125.24,41.6,True,False,20615.79,148683.63,False,False,False,94.2,24.5,[],1.0
54aac7ac-e290-409b-ba14-0d852ecb902d,1.0,acme-mining,site-01,fleet_telemetry,ACME-S01-TRUCK-033,haul_truck,2026-09-01T20:18:53.253Z,12,-16.58035,-71.601462,27.5,31.9,Dump-A,cycle-acme-s01-truck-033-00003,returning,0.0,240.0,14099.65,68.4,True,False,20495.21,609512.93,False,False,False,90.6,24.9,[],1.0
ee04abb5-48df-46cf-ab78-074ccf88fe1d,1.0,acme-mining,site-01,fleet_telemetry,ACME-S01-TRUCK-034,haul_truck,2026-09-01T20:18:53.253Z,12,-16.61126,-71.592269,228.8,34.9,Dump-A,cycle-acme-s01-truck-034-00003,returning,0.0,240.0,397581.09,86.5,True,False,6422.27,607953.68,False,False,False,90.6,24.0,[],1.0
b70122ce-8e17-4759-b556-211daa68085a,1.0,acme-mining,site-01,fleet_telemetry,ACME-S01-TRUCK-035,haul_truck,2026-09-01T20:18:53.253Z,12,-16.539717,-71.569578,114.8,29.0,Dump-A,cycle-acme-s01-truck-035-00003,returning,0.0,240.0,297750.43,25.5,True,False,13767.59,641957.11,False,False,False,91.9,24.8,[],1.0
aeb0507c-1321-4e53-8dcc-b0ff75a2972b,1.0,acme-mining,site-01,fleet_telemetry,ACME-S01-TRUCK-036,haul_truck,2026-09-01T20:18:53.253Z,12,-16.625261,-71.58382,298.1,31.4,Dump-A,cycle-acme-s01-truck-036-00003,returning,0.0,240.0,336664.19,35.8,True,False,6406.69,580519.33,False,False,False,93.9,24.1,[],1.0
85f7a0be-666d-41ff-af6d-6667de5d1e84,1.0,acme-mining,site-01,fleet_telemetry,ACME-S01-TRUCK-037,haul_truck,2026-09-01T20:18:53.253Z,12,-16.568934,-71.484785,236.6,26.0,Dump-A,cycle-acme-s01-truck-037-00003,returning,0.0,240.0,409590.83,28.5,True,False,11514.69,178206.71,False,False,False,95.7,24.9,[],1.0
00fc4d7a-f9f8-4b86-b2fb-caa87a59992e,1.0,acme-mining,site-01,fleet_telemetry,ACME-S01-TRUCK-038,haul_truck,2026-09-01T20:18:53.253Z,12,-16.582154,-71.549065,114.8,57.9,Dump-A,cycle-acme-s01-truck-038-00003,returning,0.0,240.0,125261.17,76.8,True,False,17147.74,421381.75,False,False,True,90.8,24.3,[],1.0
7139f743-8a54-4f05-b1ad-7184dd771535,1.0,acme-mining,site-01,fleet_telemetry,ACME-S01-TRUCK-039,haul_truck,2026-09-01T20:18:53.253Z,12,-16.611294,-71.529116,238.1,27.5,Dump-A,cycle-acme-s01-truck-039-00003,returning,0.0,240.0,75584.74,27.5,True,False,20835.1,455342.64,False,False,False,89.3,24.8,[],1.0
a9b16334-68e2-45ae-8bc4-e82dc068358d,1.0,acme-mining,site-01,fleet_telemetry,ACME-S01-TRUCK-040,haul_truck,2026-09-01T20:18:53.253Z,12,-16.526599,-71.583907,210.0,24.6,Dump-A,cycle-acme-s01-truck-040-00003,returning,0.0,240.0,360294.66,85.2,True,False,7335.09,586358.64,False,False,False,93.7,24.4,[],1.0
9175180c-2de0-458e-831b-6545f845bce9,1.0,acme-mining,site-01,fleet_telemetry,ACME-S01-TRUCK-041,haul_truck,2026-09-01T20:18:53.253Z,12,-16.550498,-71.469367,305.0,36.1,Dump-A,cycle-acme-s01-truck-041-00003,returning,0.0,240.0,394874.45,93.1,True,False,8298.0,372726.87,False,False,False,91.2,25.1,[],1.0
d6197a69-3821-455e-ae00-a2fff025b710,1.0,acme-mining,site-01,fleet_telemetry,ACME-S01-TRUCK-042,haul_truck,2026-09-01T20:18:53.253Z,12,-16.552496,-71.564316,127.8,24.2,Dump-A,cycle-acme-s01-truck-042-00003,returning,0.0,240.0,397823.98,26.7,True,False,21495.58,530786.45,False,False,False,86.7,24.4,[],1.0
60743d4c-bb2a-40d5-b735-888c25fc07e7,1.0,acme-mining,site-01,fleet_telemetry,ACME-S01-TRUCK-043,haul_truck,2026-09-01T20:18:53.253Z,12,-16.533035,-71.581915,125.3,35.8,Dump-A,cycle-acme-s01-truck-043-00003,returning,0.0,240.0,57562.93,86.0,True,False,6456.3,516046.23,False,False,False,92.8,24.3,[],1.0
9e7ec714-2c8a-4cee-859f-099dba579bee,1.0,acme-mining,site-01,fleet_telemetry,ACME-S01-TRUCK-044,haul_truck,2026-09-01T20:18:53.253Z,12,-16.564799,-71.553768,273.1,27.9,Dump-A,cycle-acme-s01-truck-044-00003,returning,0.0,240.0,393382.99,40.5,True,False,8212.78,536938.22,False,False,False,86.4,25.1,[],1.0
1a3c2189-7a83-458a-b666-0c602f72cdfe,1.0,acme-mining,site-01,fleet_telemetry,ACME-S01-TRUCK-045,haul_truck,2026-09-01T20:18:53.253Z,12,-16.513424,-71.531698,189.2,36.7,Dump-A,cycle-acme-s01-truck-045-00003,returning,0.0,240.0,292252.81,52.9,True,False,21298.07,195849.05,False,False,False,91.0,25.2,[],1.0
65266315-78a3-4733-b13f-650737c3e9f2,1.0,acme-mining,site-01,fleet_telemetry,ACME-S01-TRUCK-046,haul_truck,2026-09-01T20:18:53.253Z,12,-16.664252,-71.52203,350.3,34.6,Dump-A,cycle-acme-s01-truck-046-00003,returning,0.0,240.0,265460.33,93.8,True,False,19393.23,184565.85,False,False,False,87.4,23.9,[],1.0
9ca79277-a0fa-42ec-8703-0945ce0a5ade,1.0,acme-mining,site-01,fleet_telemetry,ACME-S01-TRUCK-047,haul_truck,2026-09-01T20:18:53.253Z,12,-16.639977,-71.610455,333.1,40.6,Dump-A,cycle-acme-s01-truck-047-00003,returning,0.0,240.0,60884.99,87.9,True,False,10051.57,640068.88,False,False,False,92.7,23.8,[],1.0
d23f1a36-20ec-45ec-b1eb-d0fb1a5df000,1.0,acme-mining,site-01,fleet_telemetry,ACME-S01-TRUCK-048,haul_truck,2026-09-01T20:18:53.253Z,12,-16.563063,-71.559242,62.5,37.6,Dump-A,cycle-acme-s01-truck-048-00003,returning,0.0,240.0,326550.05,76.9,True,False,20422.21,359225.03,False,False,False,87.2,24.4,[],1.0
6a92d48a-bf45-40cd-8ad0-6ab9d3cea48d,1.0,acme-mining,site-01,fleet_telemetry,ACME-S01-TRUCK-049,haul_truck,2026-09-01T20:18:53.253Z,12,-16.589247,-71.510823,100.6,36.4,Dump-A,cycle-acme-s01-truck-049-00003,returning,0.0,240.0,64835.99,87.9,True,False,14010.91,437934.41,False,False,False,94.9,25.1,[],1.0
050f97a6-4d9b-46fc-a7b0-3449f37959b5,1.0,acme-mining,site-01,fleet_telemetry,ACME-S01-TRUCK-050,haul_truck,2026-09-01T20:18:53.253Z,12,-16.550715,-71.589666,187.8,24.4,Dump-A,cycle-acme-s01-truck-050-00003,returning,0.0,240.0,302569.8,51.5,True,False,12553.56,140859.54,False,False,False,90.8,24.2,[],1.0
45cef3a1-8c37-4f14-a3f8-58162c65a035,1.0,acme-mining,site-01,fleet_telemetry,ACME-S01-TRUCK-051,haul_truck,2026-09-01T20:18:53.253Z,12,-16.577599,-71.512742,345.9,28.9,Dump-A,cycle-acme-s01-truck-051-00003,returning,0.0,240.0,136242.89,55.0,True,False,12416.29,20256.09,False,False,False,94.2,23.9,[],1.0
4962dc36-c04a-4d7c-a1bb-282a4bd87cde,1.0,acme-mining,site-01,fleet_telemetry,ACME-S01-TRUCK-052,haul_truck,2026-09-01T20:18:53.253Z,12,-16.552617,-71.512055,42.3,28.7,Dump-A,cycle-acme-s01-truck-052-00003,returning,0.0,240.0,359244.43,92.1,True,False,15123.31,342039.93,False,False,False,86.2,24.4,[],1.0
85244ea2-2277-4070-a858-ca3b9c7a0035,1.0,acme-mining,site-01,fleet_telemetry,ACME-S01-TRUCK-053,haul_truck,2026-09-01T20:18:53.253Z,12,-16.541379,-71.593939,102.7,38.0,Dump-A,cycle-acme-s01-truck-053-00003,returning,0.0,240.0,113343.03,46.7,True,False,2779.83,619760.14,False,False,False,86.5,24.2,[],1.0
acc7f967-d220-47fd-ab9f-5506b0074963,1.0,acme-mining,site-01,fleet_telemetry,ACME-S01-TRUCK-054,haul_truck,2026-09-01T20:18:53.253Z,12,-16.578274,-71.502521,190.8,53.7,Dump-A,cycle-acme-s01-truck-054-00003,returning,0.0,240.0,210383.96,87.0,True,False,13759.02,504148.61,False,False,True,90.2,25.2,[],1.0
cd066f52-80b1-497d-a50e-fb5db038c03d,1.0,acme-mining,site-01,fleet_telemetry,ACME-S01-TRUCK-055,haul_truck,2026-09-01T20:18:53.253Z,12,-16.547183,-71.600426,271.6,39.7,Dump-A,cycle-acme-s01-truck-055-00003,returning,0.0,240.0,12440.57,77.5,True,False,5972.49,433316.82,False,False,False,92.8,24.7,[],1.0
846f5488-9d1e-4958-90fc-fa1ea00ec5ec,1.0,acme-mining,site-01,fleet_telemetry,ACME-S01-TRUCK-056,haul_truck,2026-09-01T20:18:53.253Z,12,-16.523618,-71.598023,159.2,25.0,Dump-A,cycle-acme-s01-truck-056-00003,returning,0.0,240.0,214402.8,63.9,True,False,17847.15,458424.71,False,False,False,94.0,24.6,[],1.0
681ad662-65c8-42d4-ab17-72cef0cc9d4a,1.0,acme-mining,site-01,fleet_telemetry,ACME-S01-TRUCK-057,haul_truck,2026-09-01T20:18:53.253Z,12,-16.527739,-71.519454,57.9,37.3,Dump-A,cycle-acme-s01-truck-057-00003,returning,0.0,240.0,271999.87,91.4,True,False,14952.66,642372.52,False,False,False,94.4,24.5,[],1.0
01ffd47e-6414-4570-a8ca-0b8227a14e57,1.0,acme-mining,site-01,fleet_telemetry,ACME-S01-TRUCK-058,haul_truck,2026-09-01T20:18:53.253Z,12,-16.532512,-71.545472,33.6,29.1,Dump-A,cycle-acme-s01-truck-058-00003,returning,0.0,240.0,206202.84,36.1,True,False,9846.92,591318.77,False,False,False,87.9,24.4,[],1.0
f52340cc-1a1a-40de-b684-75f85543e730,1.0,acme-mining,site-01,fleet_telemetry,ACME-S01-TRUCK-059,haul_truck,2026-09-01T20:18:53.253Z,12,-16.658035,-71.571731,248.1,41.6,Dump-A,cycle-acme-s01-truck-059-00003,returning,0.0,240.0,285770.16,44.2,True,False,17035.27,348419.18,False,False,False,95.2,24.9,[],1.0
ebcd5eac-ede6-4c80-a539-83cf904200ac,1.0,acme-mining,site-01,fleet_telemetry,ACME-S01-TRUCK-060,haul_truck,2026-09-01T20:18:53.253Z,12,-16.64597,-71.583227,294.0,25.7,Dump-A,cycle-acme-s01-truck-060-00003,returning,0.0,240.0,76366.34,51.7,True,False,19732.19,70764.18,False,False,False,86.8,23.9,[],1.0
08b75ce0-c2d3-4bdc-94ca-d834cb6cb65d,1.0,acme-mining,site-01,fleet_telemetry,ACME-S01-TRUCK-061,haul_truck,2026-09-01T20:18:53.253Z,12,-16.525612,-71.524056,55.6,28.4,Dump-A,cycle-acme-s01-truck-061-00003,returning,0.0,240.0,101007.98,54.3,True,False,12303.37,281938.08,False,False,False,93.3,25.0,[],1.0
fbb94d1b-6324-4cfd-b592-4c590f9e93c0,1.0,acme-mining,site-01,fleet_telemetry,ACME-S01-TRUCK-062,haul_truck,2026-09-01T20:18:53.253Z,12,-16.533858,-71.464938,247.9,38.5,Dump-A,cycle-acme-s01-truck-062-00003,returning,0.0,240.0,164774.72,77.7,True,False,8864.09,23714.84,False,False,False,95.7,24.1,[],1.0
ff14a2cf-4800-4f97-8cc3-f0c67d060a4c,1.0,acme-mining,site-01,fleet_telemetry,ACME-S01-TRUCK-063,haul_truck,2026-09-01T20:18:53.253Z,12,-16.592639,-71.555294,295.7,26.5,Dump-A,cycle-acme-s01-truck-063-00003,returning,0.0,240.0,224821.82,44.0,True,False,17757.22,585621.41,False,False,False,87.2,24.2,[],1.0
23948bb2-f2e4-4041-8f2f-9859a2e57031,1.0,acme-mining,site-01,fleet_telemetry,ACME-S01-TRUCK-064,haul_truck,2026-09-01T20:18:53.253Z,12,-16.584925,-71.472396,10.0,35.5,Dump-A,cycle-acme-s01-truck-064-00003,returning,0.0,240.0,414599.16,93.6,True,False,16152.66,549518.87,False,False,False,92.4,23.8,[],1.0
7d33b2af-17ff-40e5-b91c-9fd53f8345db,1.0,acme-mining,site-01,fleet_telemetry,ACME-S01-TRUCK-065,haul_truck,2026-09-01T20:18:53.253Z,12,-16.628731,-71.565132,129.7,25.8,Dump-A,cycle-acme-s01-truck-065-00003,returning,0.0,240.0,391415.45,37.7,True,False,2579.7,290026.34,False,False,False,93.8,24.0,[],1.0
c35d3e23-2fda-458b-9268-c75698af7d11,1.0,acme-mining,site-01,fleet_telemetry,ACME-S01-TRUCK-066,haul_truck,2026-09-01T20:18:53.253Z,12,-16.630053,-71.604374,333.8,25.4,Dump-A,cycle-acme-s01-truck-066-00003,returning,0.0,240.0,340885.17,83.2,True,False,16938.09,258849.8,False,False,False,90.2,24.7,[],1.0
db16beed-bffe-44ce-95df-dc027cad2562,1.0,acme-mining,site-01,fleet_telemetry,ACME-S01-TRUCK-067,haul_truck,2026-09-01T20:18:53.253Z,12,-16.517204,-71.611048,49.0,41.0,Dump-A,cycle-acme-s01-truck-067-00003,returning,0.0,240.0,108658.6,29.7,True,False,1904.23,619709.7,False,False,False,88.7,24.9,[],1.0
09967aed-3c12-4eb2-838e-49963c555f74,1.0,acme-mining,site-01,fleet_telemetry,ACME-S01-TRUCK-068,haul_truck,2026-09-01T20:18:53.253Z,12,-16.563294,-71.527224,223.6,26.2,Dump-A,cycle-acme-s01-truck-068-00003,returning,0.0,240.0,77049.08,33.8,True,False,5026.46,32839.7,False,False,False,92.7,24.8,[],1.0
f165d3bb-e4db-45e0-852e-c0fd359698b5,1.0,acme-mining,site-01,fleet_telemetry,ACME-S01-TRUCK-069,haul_truck,2026-09-01T20:18:53.253Z,12,-16.652054,-71.486428,306.3,29.6,Dump-A,cycle-acme-s01-truck-069-00003,returning,0.0,240.0,277189.75,77.3,True,False,17058.26,125707.44,False,False,False,91.3,24.3,[],1.0
9983dc33-8467-42c3-8c67-3d4ddda0f8bb,1.0,acme-mining,site-01,fleet_telemetry,ACME-S01-TRUCK-070,haul_truck,2026-09-01T20:18:53.253Z,12,-16.610303,-71.466872,144.5,27.8,Dump-A,cycle-acme-s01-truck-070-00003,returning,0.0,240.0,263351.41,88.5,True,False,13068.13,605199.18,False,False,False,95.7,24.0,[],1.0
a6e9b6a0-4289-43b0-9774-d6be72694d51,1.0,acme-mining,site-01,fleet_telemetry,ACME-S01-TRUCK-071,haul_truck,2026-09-01T20:18:53.253Z,12,-16.534321,-71.521417,294.0,35.5,Dump-A,cycle-acme-s01-truck-071-00003,returning,0.0,240.0,54837.42,79.0,True,False,15441.04,415162.98,False,False,False,92.1,24.7,[],1.0
ce28b3bc-f268-4472-9624-d379f252e949,1.0,acme-mining,site-01,fleet_telemetry,ACME-S01-TRUCK-072,haul_truck,2026-09-01T20:18:53.253Z,12,-16.589437,-71.562891,213.5,41.4,Dump-A,cycle-acme-s01-truck-072-00003,returning,0.0,240.0,198487.18,50.9,True,False,17391.89,238738.68,False,False,False,91.6,25.0,[],1.0
4c015282-c625-45ce-b5e8-ef816eeacd93,1.0,acme-mining,site-01,fleet_telemetry,ACME-S01-TRUCK-073,haul_truck,2026-09-01T20:18:53.253Z,12,-16.557234,-71.547826,315.2,33.2,Dump-A,cycle-acme-s01-truck-073-00003,returning,0.0,240.0,289658.3,82.9,True,False,3037.44,625296.47,False,False,False,92.3,24.0,[],1.0
e1fe8eef-8a7e-4083-81a1-25d26939b774,1.0,acme-mining,site-01,fleet_telemetry,ACME-S01-TRUCK-074,haul_truck,2026-09-01T20:18:53.253Z,12,-16.538263,-71.522697,178.9,33.3,Dump-A,cycle-acme-s01-truck-074-00003,returning,0.0,240.0,350843.09,57.5,True,False,13857.36,599359.47,False,False,False,86.5,24.7,[],1.0
5ad9320d-815d-40eb-8cab-05e760af9ee8,1.0,acme-mining,site-01,fleet_telemetry,ACME-S01-TRUCK-075,haul_truck,2026-09-01T20:18:53.253Z,12,-16.596045,-71.519867,129.8,25.6,Dump-A,cycle-acme-s01-truck-075-00003,returning,0.0,240.0,397918.57,42.0,True,False,18411.51,74597.89,False,False,False,94.1,24.9,[],1.0
fdd72198-3f8c-4641-9eb0-d32c827ee877,1.0,acme-mining,site-01,fleet_telemetry,ACME-S01-TRUCK-076,haul_truck,2026-09-01T20:18:53.253Z,12,-16.629061,-71.572751,177.2,38.8,Dump-A,cycle-acme-s01-truck-076-00003,returning,0.0,240.0,224522.82,49.8,True,False,11279.31,224759.23,False,False,False,93.0,24.5,[],1.0
2e06f6fe-8d53-40e0-be56-0bac2c698bd5,1.0,acme-mining,site-01,fleet_telemetry,ACME-S01-TRUCK-077,haul_truck,2026-09-01T20:18:53.253Z,12,-16.605348,-71.528666,12.2,29.1,Dump-A,cycle-acme-s01-truck-077-00003,returning,0.0,240.0,94065.68,41.8,True,False,12582.79,345475.47,False,False,False,91.9,24.4,[],1.0
e6c87fcd-6613-40a9-8e53-9f1ac03c9f3d,1.0,acme-mining,site-01,fleet_telemetry,ACME-S01-TRUCK-078,haul_truck,2026-09-01T20:18:53.253Z,12,-16.634979,-71.506773,140.4,51.1,Dump-A,cycle-acme-s01-truck-078-00003,returning,0.0,240.0,358891.31,31.4,True,False,14493.16,329217.76,False,False,True,95.2,24.6,[],1.0
4628c254-dfd2-4a06-840d-e9fa3ca3b436,1.0,acme-mining,site-01,fleet_telemetry,ACME-S01-TRUCK-079,haul_truck,2026-09-01T20:18:53.253Z,12,-16.582336,-71.561198,178.8,26.3,Dump-A,cycle-acme-s01-truck-079-00003,returning,0.0,240.0,161254.1,94.7,True,False,8623.25,368688.22,False,False,False,94.0,24.6,[],1.0
a6bf83fd-c93e-4a4c-845b-3087684a8673,1.0,acme-mining,site-01,fleet_telemetry,ACME-S01-TRUCK-080,haul_truck,2026-09-01T20:18:53.253Z,12,-16.584661,-71.495564,235.1,38.1,Dump-A,cycle-acme-s01-truck-080-00003,returning,0.0,240.0,94737.94,33.3,True,False,6129.77,96013.49,False,False,False,94.7,24.3,[],1.0
45b0d27b-c23a-4868-80dc-b0ac93f40f36,1.0,acme-mining,site-02,fleet_telemetry,ACME-S02-TRUCK-001,haul_truck,2026-09-01T20:18:53.253Z,12,-16.537065,-71.488505,270.7,34.3,Dump-A,cycle-acme-s02-truck-001-00003,returning,0.0,240.0,319616.21,59.9,True,False,4524.75,259530.96,False,False,False,95.5,24.3,[],1.0
53fa66ca-8d3a-41dd-978a-052d4e507c53,1.0,acme-mining,site-02,fleet_telemetry,ACME-S02-TRUCK-002,haul_truck,2026-09-01T20:18:53.253Z,12,-16.601732,-71.552816,202.9,57.1,Dump-A,cycle-acme-s02-truck-002-00003,returning,0.0,240.0,44260.4,46.8,True,False,10047.87,309645.49,False,False,True,92.9,24.8,[],1.0
8757f2a5-360c-41cd-9acf-ecba070d4043,1.0,acme-mining,site-02,fleet_telemetry,ACME-S02-TRUCK-003,haul_truck,2026-09-01T20:18:53.253Z,12,-16.571456,-71.484347,97.4,39.6,Dump-A,cycle-acme-s02-truck-003-00003,returning,0.0,240.0,152898.85,81.0,True,False,3241.69,33139.93,False,False,False,89.1,23.9,[],1.0
c440981e-8659-45f2-a955-036298924c61,1.0,acme-mining,site-02,fleet_telemetry,ACME-S02-TRUCK-004,haul_truck,2026-09-01T20:18:53.253Z,12,-16.6578,-71.478214,54.4,37.5,Dump-A,cycle-acme-s02-truck-004-00003,returning,0.0,240.0,201698.52,53.0,True,False,10058.31,86694.05,False,False,False,90.6,24.4,[],1.0
bd5dd530-c86b-4742-a969-6cd5a809831f,1.0,acme-mining,site-02,fleet_telemetry,ACME-S02-TRUCK-005,haul_truck,2026-09-01T20:18:53.253Z,12,-16.588824,-71.472557,220.0,41.1,Dump-A,cycle-acme-s02-truck-005-00003,returning,0.0,240.0,234613.5,32.9,True,False,7861.07,125923.89,False,False,False,90.5,24.2,[],1.0
545ed6b6-6738-43f6-b39a-24c8faac3c3f,1.0,acme-mining,site-02,fleet_telemetry,ACME-S02-TRUCK-006,haul_truck,2026-09-01T20:18:53.253Z,12,-16.54877,-71.512622,303.6,32.2,Dump-A,cycle-acme-s02-truck-006-00003,returning,0.0,240.0,96800.44,67.1,True,False,5808.92,112260.14,False,False,False,88.1,24.4,[],1.0
38f3a962-22c3-4995-9e80-940499829e90,1.0,acme-mining,site-02,fleet_telemetry,ACME-S02-TRUCK-007,haul_truck,2026-09-01T20:18:53.253Z,12,-16.529259,-71.514589,93.1,28.8,Dump-A,cycle-acme-s02-truck-007-00003,returning,0.0,240.0,264966.81,72.6,True,False,10635.82,375153.62,False,False,False,95.3,24.1,[],1.0
8e1424c5-4477-47f4-a540-5497018bb14b,1.0,acme-mining,site-02,fleet_telemetry,ACME-S02-TRUCK-008,haul_truck,2026-09-01T20:18:53.253Z,12,-16.5997,-71.569029,226.1,40.9,Dump-A,cycle-acme-s02-truck-008-00003,returning,0.0,240.0,76422.11,29.7,True,False,19122.05,415147.27,False,False,False,86.4,24.1,[],1.0
2456b65d-8e20-4cd8-b486-98fb1fffcd79,1.0,acme-mining,site-02,fleet_telemetry,ACME-S02-TRUCK-009,haul_truck,2026-09-01T20:18:53.253Z,12,-16.611436,-71.571591,64.2,30.2,Dump-A,cycle-acme-s02-truck-009-00003,returning,0.0,240.0,213167.54,27.6,True,False,8261.19,66740.38,False,False,False,93.9,24.4,[],1.0
fd651a3a-4f5a-4cda-ac9f-ab54d93451b2,1.0,acme-mining,site-02,fleet_telemetry,ACME-S02-TRUCK-010,haul_truck,2026-09-01T20:18:53.253Z,12,-16.543676,-71.474136,338.5,36.6,Dump-A,cycle-acme-s02-truck-010-00003,returning,0.0,240.0,213593.98,63.7,True,False,13838.19,339453.01,False,False,False,93.7,24.1,[],1.0
cd321c85-b429-45c9-8d9b-118e32b5c950,1.0,acme-mining,site-02,fleet_telemetry,ACME-S02-TRUCK-011,haul_truck,2026-09-01T20:18:53.253Z,12,-16.660484,-71.600926,178.6,41.4,Dump-A,cycle-acme-s02-truck-011-00003,returning,0.0,240.0,219277.62,35.5,True,False,14618.97,222562.19,False,False,False,89.4,24.0,[],1.0
4da30ffd-05a2-4651-a216-0fc72d4b4c95,1.0,acme-mining,site-02,fleet_telemetry,ACME-S02-TRUCK-012,haul_truck,2026-09-01T20:18:53.253Z,12,-16.557239,-71.458997,1.7,31.0,Dump-A,cycle-acme-s02-truck-012-00003,returning,0.0,240.0,294296.77,27.7,True,False,21626.59,73127.67,False,False,False,94.5,24.6,[],1.0
c39a415b-dd55-47e9-80d1-b169e61e591b,1.0,acme-mining,site-02,fleet_telemetry,ACME-S02-TRUCK-013,haul_truck,2026-09-01T20:18:53.253Z,12,-16.561725,-71.609092,132.2,30.1,Dump-A,cycle-acme-s02-truck-013-00003,returning,0.0,240.0,180464.14,79.1,True,False,8514.65,598300.45,False,False,False,91.9,24.0,[],1.0
0e343f2f-1c97-47c2-b261-971663993366,1.0,acme-mining,site-02,fleet_telemetry,ACME-S02-TRUCK-014,haul_truck,2026-09-01T20:18:53.253Z,12,-16.55461,-71.512485,282.3,29.5,Dump-A,cycle-acme-s02-truck-014-00003,returning,0.0,240.0,308487.76,44.8,True,False,2197.35,79539.01,False,False,False,91.8,25.0,[],1.0
68dd3041-1999-494a-a26d-3b98e8d3ab3a,1.0,acme-mining,site-02,fleet_telemetry,ACME-S02-TRUCK-015,haul_truck,2026-09-01T20:18:53.253Z,12,-16.515633,-71.505772,218.0,39.8,Dump-A,cycle-acme-s02-truck-015-00003,returning,0.0,240.0,72229.34,49.4,True,False,7867.29,387126.2,False,False,False,90.1,24.8,[],1.0
d846c561-9c46-454c-8da1-46f0421690ba,1.0,acme-mining,site-02,fleet_telemetry,ACME-S02-TRUCK-016,haul_truck,2026-09-01T20:18:53.253Z,12,-16.617837,-71.597078,88.5,27.7,Dump-A,cycle-acme-s02-truck-016-00003,returning,0.0,240.0,255926.56,70.0,True,False,15827.3,73373.26,False,False,False,95.1,24.7,[],1.0
56bb7ef0-c4b0-4993-8726-ac83e4826fe4,1.0,acme-mining,site-02,fleet_telemetry,ACME-S02-TRUCK-017,haul_truck,2026-09-01T20:18:53.253Z,12,-16.621002,-71.46532,192.9,30.1,Dump-A,cycle-acme-s02-truck-017-00003,returning,0.0,240.0,233735.78,26.2,True,False,2781.22,442387.59,False,False,False,93.3,24.7,[],1.0
655fcf2c-43b4-49e8-b975-b77f34b38717,1.0,acme-mining,site-02,fleet_telemetry,ACME-S02-TRUCK-018,haul_truck,2026-09-01T20:18:53.253Z,12,-16.544289,-71.53623,347.4,36.2,Dump-A,cycle-acme-s02-truck-018-00003,returning,0.0,240.0,78176.73,45.6,True,False,4870.53,649985.58,False,False,False,90.4,24.8,[],1.0
1c8b47e1-18c1-4736-bd06-f2065c021b59,1.0,acme-mining,site-02,fleet_telemetry,ACME-S02-TRUCK-019,haul_truck,2026-09-01T20:18:53.253Z,12,-16.61018,-71.591576,299.3,38.4,Dump-A,cycle-acme-s02-truck-019-00003,returning,0.0,240.0,347176.2,34.1,True,False,1600.26,232161.86,False,False,False,89.8,24.9,[],1.0
280dcdef-23e8-4d74-9f8a-74196a19db41,1.0,acme-mining,site-02,fleet_telemetry,ACME-S02-TRUCK-020,haul_truck,2026-09-01T20:18:53.253Z,12,-16.515243,-71.519795,28.6,28.5,Dump-A,cycle-acme-s02-truck-020-00003,returning,0.0,240.0,170292.59,75.3,True,False,16089.1,47526.52,False,False,False,93.3,25.0,[],1.0
5af6a64f-92dc-4645-b485-5475cefb6331,1.0,acme-mining,site-02,fleet_telemetry,ACME-S02-TRUCK-021,haul_truck,2026-09-01T20:18:53.253Z,12,-16.525775,-71.58648,29.7,32.8,Dump-A,cycle-acme-s02-truck-021-00003,returning,0.0,240.0,434863.37,79.8,True,False,5760.88,170676.42,False,False,False,91.6,24.8,[],1.0
54658b25-aa52-4bd4-8d40-9f83e4c90913,1.0,acme-mining,site-02,fleet_telemetry,ACME-S02-TRUCK-022,haul_truck,2026-09-01T20:18:53.253Z,12,-16.586013,-71.462878,67.1,38.9,Dump-A,cycle-acme-s02-truck-022-00003,returning,0.0,240.0,133980.41,51.7,True,False,21670.14,310858.68,False,False,False,90.6,23.9,[],1.0
57b098f0-c8ff-4b53-940f-9235e63c1aa6,1.0,acme-mining,site-02,fleet_telemetry,ACME-S02-TRUCK-023,haul_truck,2026-09-01T20:18:53.253Z,12,-16.520886,-71.503624,117.0,30.4,Dump-A,cycle-acme-s02-truck-023-00003,returning,0.0,240.0,221460.74,50.9,True,False,19307.66,52873.53,False,False,False,86.1,25.2,[],1.0
a8d43c9f-1381-4672-85b4-6dcf8308ecc5,1.0,acme-mining,site-02,fleet_telemetry,ACME-S02-TRUCK-024,haul_truck,2026-09-01T20:18:53.253Z,12,-16.646808,-71.547532,260.7,39.0,Dump-A,cycle-acme-s02-truck-024-00003,returning,0.0,240.0,130029.02,88.3,True,False,6843.35,500763.87,False,False,False,93.6,24.2,[],1.0
908d2166-3fcd-4c9e-81e1-0764c9845ff3,1.0,acme-mining,site-02,fleet_telemetry,ACME-S02-TRUCK-025,haul_truck,2026-09-01T20:18:53.253Z,12,-16.607027,-71.55767,39.2,28.9,Dump-A,cycle-acme-s02-truck-025-00003,returning,0.0,240.0,419408.5,54.0,True,False,18114.13,577317.03,False,False,False,86.6,24.8,[],1.0
38c4df93-daba-4a69-8fff-8dd46b8b9789,1.0,acme-mining,site-02,fleet_telemetry,ACME-S02-TRUCK-026,haul_truck,2026-09-01T20:18:53.253Z,12,-16.566405,-71.490871,61.9,33.1,Dump-A,cycle-acme-s02-truck-026-00003,returning,0.0,240.0,419564.25,83.7,True,False,8748.17,37758.42,False,False,False,92.9,24.7,[],1.0
c1637a5c-84e9-41c8-acf4-164eb467b49e,1.0,acme-mining,site-02,fleet_telemetry,ACME-S02-TRUCK-027,haul_truck,2026-09-01T20:18:53.253Z,12,-16.595316,-71.519055,322.8,26.5,Dump-A,cycle-acme-s02-truck-027-00003,returning,0.0,240.0,375689.46,78.0,True,False,20248.82,317646.89,False,False,False,94.0,24.9,[],1.0
c0001f32-eebe-4b5b-97da-5cf3d14f41d5,1.0,acme-mining,site-02,fleet_telemetry,ACME-S02-TRUCK-028,haul_truck,2026-09-01T20:18:53.253Z,12,-16.585986,-71.599755,44.2,26.9,Dump-A,cycle-acme-s02-truck-028-00003,returning,0.0,240.0,251474.72,75.8,True,False,6225.6,546027.04,False,False,False,93.0,25.0,[],1.0
451fb021-5210-45cd-b3fb-0b6c531c2b1f,1.0,acme-mining,site-02,fleet_telemetry,ACME-S02-TRUCK-029,haul_truck,2026-09-01T20:18:53.253Z,12,-16.660326,-71.483641,332.2,26.5,Dump-A,cycle-acme-s02-truck-029-00003,returning,0.0,240.0,291139.61,68.5,True,False,3383.2,170217.15,False,False,False,91.1,24.3,[],1.0
6325e1bb-de51-4bf8-a197-abb63372b6be,1.0,acme-mining,site-02,fleet_telemetry,ACME-S02-TRUCK-030,haul_truck,2026-09-01T20:18:53.253Z,12,-16.601746,-71.519107,39.8,32.2,Dump-A,cycle-acme-s02-truck-030-00003,returning,0.0,240.0,116453.63,35.0,True,False,1148.45,344687.0,False,False,False,92.7,25.1,[],1.0
2e1ef9ee-7b40-4330-a17a-ebfeeb7ca650,1.0,acme-mining,site-02,fleet_telemetry,ACME-S02-TRUCK-031,haul_truck,2026-09-01T20:18:53.253Z,12,-16.517881,-71.530464,301.5,35.7,Dump-A,cycle-acme-s02-truck-031-00003,returning,0.0,240.0,240334.06,50.2,True,False,4771.07,440975.68,False,False,False,91.5,24.6,[],1.0
291abe40-2fe9-415a-89a5-60a0653bf52b,1.0,acme-mining,site-02,fleet_telemetry,ACME-S02-TRUCK-032,haul_truck,2026-09-01T20:18:53.253Z,12,-16.513428,-71.576894,144.2,40.1,Dump-A,cycle-acme-s02-truck-032-00003,returning,0.0,240.0,216860.28,69.4,True,False,12548.04,265986.15,False,False,False,90.4,25.1,[],1.0
adac9804-8a2e-4294-af28-38e5cc3ba418,1.0,acme-mining,site-02,fleet_telemetry,ACME-S02-TRUCK-033,haul_truck,2026-09-01T20:18:53.253Z,12,-16.552748,-71.564269,170.5,38.7,Dump-A,cycle-acme-s02-truck-033-00003,returning,0.0,240.0,286433.91,78.9,True,False,8109.83,481753.18,False,False,False,89.7,24.4,[],1.0
d0b5efe7-fae7-43ff-a0e4-c0a99fcbba1e,1.0,acme-mining,site-02,fleet_telemetry,ACME-S02-TRUCK-034,haul_truck,2026-09-01T20:18:53.253Z,12,-16.513435,-71.540994,3.0,31.2,Dump-A,cycle-acme-s02-truck-034-00003,returning,0.0,240.0,375369.66,72.9,True,False,7977.22,424961.5,False,False,False,89.5,24.7,[],1.0
09588474-4e8b-4d6d-bd28-3d5b3d7485e9,1.0,acme-mining,site-02,fleet_telemetry,ACME-S02-TRUCK-035,haul_truck,2026-09-01T20:18:53.253Z,12,-16.6634,-71.58562,115.4,40.7,Dump-A,cycle-acme-s02-truck-035-00003,returning,0.0,240.0,211379.86,45.5,True,False,2137.75,509000.29,False,False,False,89.3,24.1,[],1.0
1586ce05-f07a-4875-9c38-026b3df2340f,1.0,acme-mining,site-02,fleet_telemetry,ACME-S02-TRUCK-036,haul_truck,2026-09-01T20:18:53.253Z,12,-16.549867,-71.586934,48.4,32.8,Dump-A,cycle-acme-s02-truck-036-00003,returning,0.0,240.0,248934.36,42.7,True,False,11726.15,643147.59,False,False,False,91.0,24.6,[],1.0
82d52c90-59a8-44e1-8f8e-83fcb84c63f4,1.0,acme-mining,site-02,fleet_telemetry,ACME-S02-TRUCK-037,haul_truck,2026-09-01T20:18:53.253Z,12,-16.528099,-71.498559,1.8,32.8,Dump-A,cycle-acme-s02-truck-037-00003,returning,0.0,240.0,64769.85,50.7,True,False,19154.94,229112.86,False,False,False,87.4,23.9,[],1.0
b54a6a14-dcf8-4786-a56a-7d6ae5d56e2c,1.0,acme-mining,site-02,fleet_telemetry,ACME-S02-TRUCK-038,haul_truck,2026-09-01T20:18:53.253Z,12,-16.542821,-71.574837,297.6,36.6,Dump-A,cycle-acme-s02-truck-038-00003,returning,0.0,240.0,314510.99,50.6,True,False,7987.59,137695.12,False,False,False,87.7,24.5,[],1.0
4cd36a1f-453c-4223-ad4e-de7daa3e79db,1.0,acme-mining,site-02,fleet_telemetry,ACME-S02-TRUCK-039,haul_truck,2026-09-01T20:18:53.253Z,12,-16.61895,-71.604662,136.7,36.2,Dump-A,cycle-acme-s02-truck-039-00003,returning,0.0,240.0,371831.01,63.1,True,False,2473.27,399545.88,False,False,False,86.3,24.5,[],1.0
effd2171-9b8d-49f9-8df0-2aaf14452306,1.0,acme-mining,site-02,fleet_telemetry,ACME-S02-TRUCK-040,haul_truck,2026-09-01T20:18:53.253Z,12,-16.598818,-71.501185,288.0,29.5,Dump-A,cycle-acme-s02-truck-040-00003,returning,0.0,240.0,83324.55,56.0,True,False,10253.43,472127.91,False,False,False,88.5,23.9,[],1.0
1dfe2207-d406-4a4d-9fd1-c3c8d1166820,1.0,acme-mining,site-02,fleet_telemetry,ACME-S02-TRUCK-041,haul_truck,2026-09-01T20:18:53.253Z,12,-16.568423,-71.559356,323.1,28.4,Dump-A,cycle-acme-s02-truck-041-00003,returning,0.0,240.0,427078.78,30.2,True,False,6620.59,637417.47,False,False,False,91.7,24.1,[],1.0
84c496cf-439a-48e8-b72c-d57f79b45415,1.0,acme-mining,site-02,fleet_telemetry,ACME-S02-TRUCK-042,haul_truck,2026-09-01T20:18:53.253Z,12,-16.664873,-71.606723,240.6,24.4,Dump-A,cycle-acme-s02-truck-042-00003,returning,0.0,240.0,277332.93,79.6,True,False,20999.15,109951.33,False,False,False,91.1,24.4,[],1.0
b4f6eee2-a6a9-492f-ab41-d3a55d8823e2,1.0,acme-mining,site-02,fleet_telemetry,ACME-S02-TRUCK-043,haul_truck,2026-09-01T20:18:53.253Z,12,-16.598409,-71.558128,250.7,28.5,Dump-A,cycle-acme-s02-truck-043-00003,returning,0.0,240.0,24250.39,35.7,True,False,8477.61,618164.53,False,False,False,89.7,24.3,[],1.0
6d11f98d-e8f6-4780-be60-f90002251438,1.0,acme-mining,site-02,fleet_telemetry,ACME-S02-TRUCK-044,haul_truck,2026-09-01T20:18:53.253Z,12,-16.630424,-71.599368,337.0,34.3,Dump-A,cycle-acme-s02-truck-044-00003,returning,0.0,240.0,185135.83,70.4,True,False,12967.16,353560.03,False,False,False,92.1,24.3,[],1.0
19271012-8648-40db-a29f-3cb0bdb3fc64,1.0,acme-mining,site-02,fleet_telemetry,ACME-S02-TRUCK-045,haul_truck,2026-09-01T20:18:53.253Z,12,-16.557766,-71.583165,316.6,36.7,Dump-A,cycle-acme-s02-truck-045-00003,returning,0.0,240.0,61815.69,79.2,True,False,11776.22,595532.06,False,False,False,95.6,24.1,[],1.0
a5da1fe6-0036-451f-ae56-f59623be0eb0,1.0,acme-mining,site-02,fleet_telemetry,ACME-S02-TRUCK-046,haul_truck,2026-09-01T20:18:53.253Z,12,-16.556263,-71.457922,143.0,33.0,Dump-A,cycle-acme-s02-truck-046-00003,returning,0.0,240.0,42583.75,37.0,True,False,5043.8,105509.19,False,False,False,89.5,24.4,[],1.0
382129ae-1370-4170-98cc-d0888d2df10c,1.0,acme-mining,site-02,fleet_telemetry,ACME-S02-TRUCK-047,haul_truck,2026-09-01T20:18:53.253Z,12,-16.62246,-71.592271,195.3,35.1,Dump-A,cycle-acme-s02-truck-047-00003,returning,0.0,240.0,251999.59,45.3,True,False,14958.22,467010.79,False,False,False,94.1,24.9,[],1.0
4d9688ce-0c88-4d06-8c5e-dad9c846bb3b,1.0,acme-mining,site-02,fleet_telemetry,ACME-S02-TRUCK-048,haul_truck,2026-09-01T20:18:53.253Z,12,-16.648184,-71.491029,235.1,30.4,Dump-A,cycle-acme-s02-truck-048-00003,returning,0.0,240.0,63400.33,39.0,True,False,17626.38,340516.41,False,False,False,86.7,25.1,[],1.0
853db5ad-52d6-4597-b72e-baff0079156c,1.0,acme-mining,site-02,fleet_telemetry,ACME-S02-TRUCK-049,haul_truck,2026-09-01T20:18:53.253Z,12,-16.528881,-71.60695,269.9,29.9,Dump-A,cycle-acme-s02-truck-049-00003,returning,0.0,240.0,442526.11,34.0,True,False,12932.3,314465.98,False,False,False,92.0,25.2,[],1.0
6b84b329-d205-4975-aee3-fbed93b64d58,1.0,acme-mining,site-02,fleet_telemetry,ACME-S02-TRUCK-050,haul_truck,2026-09-01T20:18:53.253Z,12,-16.514828,-71.514705,216.9,37.9,Dump-A,cycle-acme-s02-truck-050-00003,returning,0.0,240.0,372270.19,30.1,True,False,11944.76,504573.95,False,False,False,90.2,24.7,[],1.0
cb589c2f-1210-423f-ae4c-9a8770f086b8,1.0,acme-mining,site-02,fleet_telemetry,ACME-S02-TRUCK-051,haul_truck,2026-09-01T20:18:53.253Z,12,-16.641271,-71.462887,336.8,31.6,Dump-A,cycle-acme-s02-truck-051-00003,returning,0.0,240.0,353316.54,69.7,True,False,8103.73,573115.16,False,False,False,94.9,24.2,[],1.0
4ccad65f-75c3-435b-b14c-caa674e30445,1.0,acme-mining,site-02,fleet_telemetry,ACME-S02-TRUCK-052,haul_truck,2026-09-01T20:18:53.253Z,12,-16.520796,-71.581459,68.8,31.8,Dump-A,cycle-acme-s02-truck-052-00003,returning,0.0,240.0,143815.65,36.3,True,False,18425.5,346404.59,False,False,False,91.9,24.5,[],1.0
0b9898ef-3383-40d1-ae04-5275a3973583,1.0,acme-mining,site-02,fleet_telemetry,ACME-S02-TRUCK-053,haul_truck,2026-09-01T20:18:53.253Z,12,-16.582258,-71.597515,47.2,37.1,Dump-A,cycle-acme-s02-truck-053-00003,returning,0.0,240.0,120267.19,69.4,True,False,19772.45,552938.53,False,False,False,94.8,25.2,[],1.0
60918842-366e-4dff-995b-4878ebdfa2c6,1.0,acme-mining,site-02,fleet_telemetry,ACME-S02-TRUCK-054,haul_truck,2026-09-01T20:18:53.253Z,12,-16.643041,-71.517589,358.8,38.7,Dump-A,cycle-acme-s02-truck-054-00003,returning,0.0,240.0,270396.57,65.6,True,False,2780.7,423822.37,False,False,False,92.8,24.2,[],1.0
6c055bc9-6044-460d-bb43-c9eb556ee402,1.0,acme-mining,site-02,fleet_telemetry,ACME-S02-TRUCK-055,haul_truck,2026-09-01T20:18:53.253Z,12,-16.663143,-71.514886,237.7,37.0,Dump-A,cycle-acme-s02-truck-055-00003,returning,0.0,240.0,373104.81,26.9,True,False,18661.65,375079.71,False,False,False,91.4,24.0,[],1.0
5fcd478d-90ab-4984-a8c8-cfcf61f911ce,1.0,acme-mining,site-02,fleet_telemetry,ACME-S02-TRUCK-056,haul_truck,2026-09-01T20:18:53.253Z,12,-16.570011,-71.57117,14.9,40.5,Dump-A,cycle-acme-s02-truck-056-00003,returning,0.0,240.0,291156.97,59.8,True,False,17059.55,282449.98,False,False,False,86.8,24.2,[],1.0
38e42482-66d0-4dc1-90a4-66bccd560df5,1.0,acme-mining,site-02,fleet_telemetry,ACME-S02-TRUCK-057,haul_truck,2026-09-01T20:18:53.253Z,12,-16.560237,-71.592235,97.4,30.3,Dump-A,cycle-acme-s02-truck-057-00003,returning,0.0,240.0,188681.56,56.7,True,False,5991.43,528630.34,False,False,False,95.9,24.8,[],1.0
001bcc93-527b-4a7c-8639-b3d139b4848d,1.0,acme-mining,site-02,fleet_telemetry,ACME-S02-TRUCK-058,haul_truck,2026-09-01T20:18:53.253Z,12,-16.552948,-71.479793,84.9,26.7,Dump-A,cycle-acme-s02-truck-058-00003,returning,0.0,240.0,147537.15,75.2,True,False,5125.3,402196.22,False,False,False,92.3,24.1,[],1.0
0fbcc9d0-cead-4495-bd44-8e874e311963,1.0,acme-mining,site-02,fleet_telemetry,ACME-S02-TRUCK-059,haul_truck,2026-09-01T20:18:53.253Z,12,-16.6508,-71.545558,86.6,52.7,Dump-A,cycle-acme-s02-truck-059-00003,returning,0.0,240.0,56721.78,41.9,True,False,16926.11,344437.81,False,False,True,87.3,24.6,[],1.0
7ad60b42-1d7c-4d8d-a776-8e95b36950f5,1.0,acme-mining,site-02,fleet_telemetry,ACME-S02-TRUCK-060,haul_truck,2026-09-01T20:18:53.253Z,12,-16.531964,-71.591996,272.3,51.6,Dump-A,cycle-acme-s02-truck-060-00003,returning,0.0,240.0,280766.93,42.3,True,False,6952.51,262014.7,False,False,True,94.6,25.0,[],1.0
aea30b9f-fdc2-4962-8033-413fc9adf623,1.0,acme-mining,site-02,fleet_telemetry,ACME-S02-TRUCK-061,haul_truck,2026-09-01T20:18:53.253Z,12,-16.595705,-71.476909,107.1,25.2,Dump-A,cycle-acme-s02-truck-061-00003,returning,0.0,240.0,80111.51,94.6,True,False,16087.94,139595.76,False,False,False,88.8,24.9,[],1.0
4fd4cddb-12ea-471e-9a8f-9757b60256af,1.0,acme-mining,site-02,fleet_telemetry,ACME-S02-TRUCK-062,haul_truck,2026-09-01T20:18:53.253Z,12,-16.613944,-71.609435,76.4,30.2,Dump-A,cycle-acme-s02-truck-062-00003,returning,0.0,240.0,435342.97,40.0,True,False,20838.95,338430.29,False,False,False,93.5,25.0,[],1.0
428a8836-7ae0-4cca-9373-363370a301c6,1.0,acme-mining,site-02,fleet_telemetry,ACME-S02-TRUCK-063,haul_truck,2026-09-01T20:18:53.253Z,12,-16.628075,-71.558964,218.9,40.9,Dump-A,cycle-acme-s02-truck-063-00003,returning,0.0,240.0,57299.57,34.3,True,False,6857.88,25152.07,False,False,False,94.8,24.5,[],1.0
050a008c-411f-4164-81b2-814573b65212,1.0,acme-mining,site-02,fleet_telemetry,ACME-S02-TRUCK-064,haul_truck,2026-09-01T20:18:53.253Z,12,-16.658624,-71.5368,326.5,26.5,Dump-A,cycle-acme-s02-truck-064-00003,returning,0.0,240.0,95649.18,63.7,True,False,9292.35,379277.69,False,False,False,86.9,23.8,[],1.0
e61065d4-8737-40e6-a046-ba0f870530f0,1.0,acme-mining,site-02,fleet_telemetry,ACME-S02-TRUCK-065,haul_truck,2026-09-01T20:18:53.253Z,12,-16.654934,-71.557774,86.9,32.7,Dump-A,cycle-acme-s02-truck-065-00003,returning,0.0,240.0,278859.83,33.9,True,False,18296.62,412642.48,False,False,False,93.0,25.1,[],1.0
d283d172-b449-40de-86ae-4c99530f3365,1.0,acme-mining,site-02,fleet_telemetry,ACME-S02-TRUCK-066,haul_truck,2026-09-01T20:18:53.253Z,12,-16.590383,-71.610273,123.5,37.6,Dump-A,cycle-acme-s02-truck-066-00003,returning,0.0,240.0,97586.32,60.6,True,False,20705.73,495628.3,False,False,False,90.4,24.4,[],1.0
f21a1e94-6066-4b40-8f1d-129de534645c,1.0,acme-mining,site-02,fleet_telemetry,ACME-S02-TRUCK-067,haul_truck,2026-09-01T20:18:53.253Z,12,-16.648046,-71.468486,111.6,25.2,Dump-A,cycle-acme-s02-truck-067-00003,returning,0.0,240.0,75534.74,87.4,True,False,17844.09,347179.92,False,False,False,89.4,25.1,[],1.0
26bd31ab-039e-40c6-a7f1-030340a2e971,1.0,acme-mining,site-02,fleet_telemetry,ACME-S02-TRUCK-068,haul_truck,2026-09-01T20:18:53.253Z,12,-16.537884,-71.532319,122.2,29.2,Dump-A,cycle-acme-s02-truck-068-00003,returning,0.0,240.0,141663.96,48.5,True,False,21801.07,485771.48,False,False,False,90.3,24.8,[],1.0
af265098-2874-480c-8ffb-ddc08d171a30,1.0,acme-mining,site-02,fleet_telemetry,ACME-S02-TRUCK-069,haul_truck,2026-09-01T20:18:53.253Z,12,-16.603743,-71.568253,64.5,34.4,Dump-A,cycle-acme-s02-truck-069-00003,returning,0.0,240.0,155746.27,32.6,True,False,10867.74,30481.55,False,False,False,92.1,24.8,[],1.0
815e39a6-854f-4df3-8a22-fe53626b769b,1.0,acme-mining,site-02,fleet_telemetry,ACME-S02-TRUCK-070,haul_truck,2026-09-01T20:18:53.253Z,12,-16.577842,-71.581096,318.4,39.0,Dump-A,cycle-acme-s02-truck-070-00003,returning,0.0,240.0,298460.88,93.0,True,False,13454.5,187284.44,False,False,False,87.0,25.0,[],1.0
cda3813b-ff17-4d32-b622-3f0ebfb8fbba,1.0,acme-mining,site-02,fleet_telemetry,ACME-S02-TRUCK-071,haul_truck,2026-09-01T20:18:53.253Z,12,-16.646757,-71.508616,266.6,28.0,Dump-A,cycle-acme-s02-truck-071-00003,returning,0.0,240.0,282684.6,83.8,True,False,4414.87,416286.17,False,False,False,92.2,25.2,[],1.0
3ecc0ee7-a3bb-4b4e-9ea8-58443b9b0fa6,1.0,acme-mining,site-02,fleet_telemetry,ACME-S02-TRUCK-072,haul_truck,2026-09-01T20:18:53.253Z,12,-16.637774,-71.537187,68.0,35.6,Dump-A,cycle-acme-s02-truck-072-00003,returning,0.0,240.0,194264.18,53.8,True,False,4844.64,297854.56,False,False,False,90.5,24.8,[],1.0
5936816f-7286-4052-a392-cec25689027d,1.0,acme-mining,site-02,fleet_telemetry,ACME-S02-TRUCK-073,haul_truck,2026-09-01T20:18:53.253Z,12,-16.637223,-71.565454,79.6,39.0,Dump-A,cycle-acme-s02-truck-073-00003,returning,0.0,240.0,37404.62,34.6,True,False,19303.75,483577.74,False,False,False,94.6,25.1,[],1.0
0d23f0f8-e1da-4abb-95b4-17cdb55029fc,1.0,acme-mining,site-02,fleet_telemetry,ACME-S02-TRUCK-074,haul_truck,2026-09-01T20:18:53.253Z,12,-16.582995,-71.509353,250.8,36.4,Dump-A,cycle-acme-s02-truck-074-00003,returning,0.0,240.0,212252.8,62.2,True,False,8788.7,622712.14,False,False,False,88.4,24.3,[],1.0
3ca8af45-42dd-431a-9618-8dee3498edfa,1.0,acme-mining,site-02,fleet_telemetry,ACME-S02-TRUCK-075,haul_truck,2026-09-01T20:18:53.253Z,12,-16.634432,-71.461779,266.1,32.3,Dump-A,cycle-acme-s02-truck-075-00003,returning,0.0,240.0,118469.27,64.0,True,False,13733.64,141126.7,False,False,False,86.8,24.4,[],1.0
5394a710-5212-43dd-9236-0fbb4c023f28,1.0,acme-mining,site-02,fleet_telemetry,ACME-S02-TRUCK-076,haul_truck,2026-09-01T20:18:53.253Z,12,-16.580753,-71.467964,235.2,36.1,Dump-A,cycle-acme-s02-truck-076-00003,returning,0.0,240.0,225162.2,58.5,True,False,15743.92,454851.44,False,False,False,89.9,24.7,[],1.0
e11e2dfe-6b3a-48f0-97e5-3b64fdd76818,1.0,acme-mining,site-02,fleet_telemetry,ACME-S02-TRUCK-077,haul_truck,2026-09-01T20:18:53.253Z,12,-16.539381,-71.464777,77.6,58.9,Dump-A,cycle-acme-s02-truck-077-00003,returning,0.0,240.0,177066.29,93.5,True,False,3383.75,446272.33,False,False,True,88.5,24.2,[],1.0
3ae28ab4-8c88-41ee-b53d-959d67470114,1.0,acme-mining,site-02,fleet_telemetry,ACME-S02-TRUCK-078,haul_truck,2026-09-01T20:18:53.253Z,12,-16.565431,-71.49791,211.7,28.5,Dump-A,cycle-acme-s02-truck-078-00003,returning,0.0,240.0,44773.8,89.6,True,False,1691.83,621847.89,False,False,False,93.9,24.2,[],1.0
eb9cff33-e427-4471-9020-0a84fa20c632,1.0,acme-mining,site-02,fleet_telemetry,ACME-S02-TRUCK-079,haul_truck,2026-09-01T20:18:53.253Z,12,-16.551871,-71.579218,226.5,26.8,Dump-A,cycle-acme-s02-truck-079-00003,returning,0.0,240.0,129514.3,32.6,True,False,6548.03,374071.62,False,False,False,86.6,24.0,[],1.0
1249c596-9069-4c32-9363-f304c5041b63,1.0,acme-mining,site-02,fleet_telemetry,ACME-S02-TRUCK-080,haul_truck,2026-09-01T20:18:53.253Z,12,-16.594763,-71.508481,183.0,40.0,Dump-A,cycle-acme-s02-truck-080-00003,returning,0.0,240.0,54087.95,48.0,True,False,5584.26,166687.34,False,False,False,87.6,25.0,[],1.0
92946c2f-46f8-45d7-ad22-b9e10b169d20,1.0,beta-minerals,north-site,fleet_telemetry,BETA-NORTH-TRUCK-001,haul_truck,2026-09-01T20:18:53.253Z,12,-16.562072,-71.591181,115.2,40.2,Dump-A,cycle-beta-north-truck-001-00003,returning,0.0,240.0,383640.05,70.3,True,False,17975.96,92504.07,False,False,False,90.9,25.1,[],1.0
3c9d0345-17e4-4d3a-beda-679431a20195,1.0,beta-minerals,north-site,fleet_telemetry,BETA-NORTH-TRUCK-002,haul_truck,2026-09-01T20:18:53.253Z,12,-16.596473,-71.489826,270.6,58.7,Dump-A,cycle-beta-north-truck-002-00003,returning,0.0,240.0,155636.3,54.8,True,False,11739.09,367703.81,False,False,True,92.4,23.9,[],1.0
90346686-a14e-451f-9527-6c5e58723911,1.0,beta-minerals,north-site,fleet_telemetry,BETA-NORTH-TRUCK-003,haul_truck,2026-09-01T20:18:53.253Z,12,-16.638774,-71.522743,62.7,32.3,Dump-A,cycle-beta-north-truck-003-00003,returning,0.0,240.0,22845.45,67.9,True,False,14378.17,292244.98,False,False,False,94.2,24.2,[],1.0
ab169bee-62b9-4fe4-bb21-e81fabf13e7e,1.0,beta-minerals,north-site,fleet_telemetry,BETA-NORTH-TRUCK-004,haul_truck,2026-09-01T20:18:53.253Z,12,-16.654091,-71.477998,280.0,29.6,Dump-A,cycle-beta-north-truck-004-00003,returning,0.0,240.0,365841.96,29.3,True,False,5162.65,493965.34,False,False,False,91.1,24.0,[],1.0
ec97942e-a793-41c0-9c16-c2c2067877e1,1.0,beta-minerals,north-site,fleet_telemetry,BETA-NORTH-TRUCK-005,haul_truck,2026-09-01T20:18:53.253Z,12,-16.515843,-71.567382,40.9,40.4,Dump-A,cycle-beta-north-truck-005-00003,returning,0.0,240.0,305109.48,59.2,True,False,4977.99,91791.93,False,False,False,92.2,25.2,[],1.0
2dad72b4-73bc-473f-be0b-31fc61cb6c69,1.0,beta-minerals,north-site,fleet_telemetry,BETA-NORTH-TRUCK-006,haul_truck,2026-09-01T20:18:53.253Z,12,-16.540217,-71.504532,191.8,25.1,Dump-A,cycle-beta-north-truck-006-00003,returning,0.0,240.0,382028.68,68.1,True,False,13244.52,239192.79,False,False,False,90.8,24.1,[],1.0
e5d22a8c-45c4-42aa-817c-16c22237a2de,1.0,beta-minerals,north-site,fleet_telemetry,BETA-NORTH-TRUCK-007,haul_truck,2026-09-01T20:18:53.253Z,12,-16.641103,-71.506591,258.8,24.6,Dump-A,cycle-beta-north-truck-007-00003,returning,0.0,240.0,61859.98,46.3,True,False,2596.76,104387.39,False,False,False,95.9,23.8,[],1.0
6740e81d-5c3d-478c-9305-a019e249a2ba,1.0,beta-minerals,north-site,fleet_telemetry,BETA-NORTH-TRUCK-008,haul_truck,2026-09-01T20:18:53.253Z,12,-16.584449,-71.47045,41.0,39.7,Dump-A,cycle-beta-north-truck-008-00003,returning,0.0,240.0,196137.91,59.0,True,False,13444.24,382128.12,False,False,False,91.7,25.0,[],1.0
66babf8c-4315-4a9e-86af-a24bd433ee1e,1.0,beta-minerals,north-site,fleet_telemetry,BETA-NORTH-TRUCK-009,haul_truck,2026-09-01T20:18:53.253Z,12,-16.598225,-71.608966,313.3,27.0,Dump-A,cycle-beta-north-truck-009-00003,returning,0.0,240.0,71731.33,46.9,True,False,12564.16,328474.76,False,False,False,94.6,24.1,[],1.0
1ec10f8e-455a-4894-8836-18d55ba65f9e,1.0,beta-minerals,north-site,fleet_telemetry,BETA-NORTH-TRUCK-010,haul_truck,2026-09-01T20:18:53.253Z,12,-16.565918,-71.551996,67.3,28.8,Dump-A,cycle-beta-north-truck-010-00003,returning,0.0,240.0,178936.29,64.2,True,False,11073.73,142931.25,False,False,False,93.5,24.4,[],1.0
b8d3af96-d11d-4877-b94d-92f0c84c004f,1.0,beta-minerals,north-site,fleet_telemetry,BETA-NORTH-TRUCK-011,haul_truck,2026-09-01T20:18:53.253Z,12,-16.623577,-71.573537,40.2,26.9,Dump-A,cycle-beta-north-truck-011-00003,returning,0.0,240.0,23579.56,78.2,True,False,11160.45,72082.77,False,False,False,86.9,24.4,[],1.0
968fc34f-f7df-49d7-9da8-8baf89cefc67,1.0,beta-minerals,north-site,fleet_telemetry,BETA-NORTH-TRUCK-012,haul_truck,2026-09-01T20:18:53.253Z,12,-16.588655,-71.525817,60.3,34.2,Dump-A,cycle-beta-north-truck-012-00003,returning,0.0,240.0,349921.81,59.6,True,False,17351.71,376360.05,False,False,False,93.5,24.3,[],1.0
52a6b7b9-38c5-468b-a199-d2d8af6650e6,1.0,beta-minerals,north-site,fleet_telemetry,BETA-NORTH-TRUCK-013,haul_truck,2026-09-01T20:18:53.253Z,12,-16.555325,-71.530053,40.6,36.2,Dump-A,cycle-beta-north-truck-013-00003,returning,0.0,240.0,371949.66,27.8,True,False,18253.61,251123.23,False,False,False,91.1,24.4,[],1.0
712e9308-6dd6-4b4d-b322-773391531ff4,1.0,beta-minerals,north-site,fleet_telemetry,BETA-NORTH-TRUCK-014,haul_truck,2026-09-01T20:18:53.253Z,12,-16.665225,-71.575435,215.1,40.6,Dump-A,cycle-beta-north-truck-014-00003,returning,0.0,240.0,118914.76,86.2,True,False,16402.98,431813.48,False,False,False,87.4,24.1,[],1.0
219bc596-310a-4745-89b0-0c40a7634442,1.0,beta-minerals,north-site,fleet_telemetry,BETA-NORTH-TRUCK-015,haul_truck,2026-09-01T20:18:53.253Z,12,-16.540764,-71.52343,159.2,25.7,Dump-A,cycle-beta-north-truck-015-00003,returning,0.0,240.0,351278.78,41.5,True,False,10108.3,646193.63,False,False,False,87.7,24.9,[],1.0
67b3f747-573c-455e-b484-d55569758310,1.0,beta-minerals,north-site,fleet_telemetry,BETA-NORTH-TRUCK-016,haul_truck,2026-09-01T20:18:53.253Z,12,-16.660915,-71.561327,121.6,57.3,Dump-A,cycle-beta-north-truck-016-00003,returning,0.0,240.0,100913.5,39.4,True,False,4318.83,107718.31,False,False,True,95.3,24.7,[],1.0
d7980926-197d-47b5-9876-35cf2419a43c,1.0,beta-minerals,north-site,fleet_telemetry,BETA-NORTH-TRUCK-017,haul_truck,2026-09-01T20:18:53.253Z,12,-16.518054,-71.535197,187.8,24.4,Dump-A,cycle-beta-north-truck-017-00003,returning,0.0,240.0,138760.12,65.0,True,False,4369.62,636770.36,False,False,False,86.8,24.9,[],1.0
45369faf-a98a-4796-a080-4342dfd37218,1.0,beta-minerals,north-site,fleet_telemetry,BETA-NORTH-TRUCK-018,haul_truck,2026-09-01T20:18:53.253Z,12,-16.626073,-71.512513,93.4,25.1,Dump-A,cycle-beta-north-truck-018-00003,returning,0.0,240.0,191103.19,29.1,True,False,3674.5,492559.57,False,False,False,86.0,24.2,[],1.0
3bb52d5c-3ec4-498d-a415-07c72309ad11,1.0,beta-minerals,north-site,fleet_telemetry,BETA-NORTH-TRUCK-019,haul_truck,2026-09-01T20:18:53.253Z,12,-16.562179,-71.539256,181.5,33.9,Dump-A,cycle-beta-north-truck-019-00003,returning,0.0,240.0,374532.84,78.2,True,False,6093.17,468179.13,False,False,False,93.8,24.4,[],1.0
6fc8b654-ff76-467c-8eb0-a9975fba9dde,1.0,beta-minerals,north-site,fleet_telemetry,BETA-NORTH-TRUCK-020,haul_truck,2026-09-01T20:18:53.253Z,12,-16.547385,-71.553074,161.8,51.1,Dump-A,cycle-beta-north-truck-020-00003,returning,0.0,240.0,43228.01,80.6,True,False,14109.65,256358.89,False,False,True,86.2,24.2,[],1.0
b6704b6c-9f1c-4cf0-9058-19db3efb640a,1.0,beta-minerals,north-site,fleet_telemetry,BETA-NORTH-TRUCK-021,haul_truck,2026-09-01T20:18:53.253Z,12,-16.534846,-71.602651,30.3,61.3,Dump-A,cycle-beta-north-truck-021-00003,returning,0.0,240.0,266061.29,85.8,True,False,10439.56,327468.35,False,False,True,95.0,25.1,[],1.0
a8bab3fe-a20c-433e-9290-4b5369454f8f,1.0,beta-minerals,north-site,fleet_telemetry,BETA-NORTH-TRUCK-022,haul_truck,2026-09-01T20:18:53.253Z,12,-16.53844,-71.538333,49.5,32.0,Dump-A,cycle-beta-north-truck-022-00003,returning,0.0,240.0,184995.83,92.7,True,False,18822.27,521277.37,False,False,False,95.3,24.1,[],1.0
f8b04b58-e347-406d-abdc-c139a9c90b3a,1.0,beta-minerals,north-site,fleet_telemetry,BETA-NORTH-TRUCK-023,haul_truck,2026-09-01T20:18:53.253Z,12,-16.615412,-71.508263,38.8,24.5,Dump-A,cycle-beta-north-truck-023-00003,returning,0.0,240.0,259103.38,58.9,True,False,7960.43,384098.48,False,False,False,86.1,24.9,[],1.0
833d3a65-449a-427e-b236-3799c0df1df8,1.0,beta-minerals,north-site,fleet_telemetry,BETA-NORTH-TRUCK-024,haul_truck,2026-09-01T20:18:53.253Z,12,-16.645107,-71.54444,192.2,25.1,Dump-A,cycle-beta-north-truck-024-00003,returning,0.0,240.0,17164.65,90.0,True,False,14075.02,547122.64,False,False,False,94.5,23.9,[],1.0
6ff1708a-95da-4cb6-b5fc-5853044dd4bc,1.0,beta-minerals,north-site,fleet_telemetry,BETA-NORTH-TRUCK-025,haul_truck,2026-09-01T20:18:53.253Z,12,-16.644953,-71.468293,242.7,51.3,Dump-A,cycle-beta-north-truck-025-00003,returning,0.0,240.0,68042.61,70.4,True,False,5089.16,453813.18,False,False,True,86.6,24.7,[],1.0
83beea9a-bfe1-48eb-8e7c-96bcf2085243,1.0,beta-minerals,north-site,fleet_telemetry,BETA-NORTH-TRUCK-026,haul_truck,2026-09-01T20:18:53.253Z,12,-16.606937,-71.568622,17.6,39.0,Dump-A,cycle-beta-north-truck-026-00003,returning,0.0,240.0,407672.97,36.5,True,False,6108.27,254261.88,False,False,False,86.9,24.4,[],1.0
cb6eb877-7d3b-419f-ad72-6aafd47bd10f,1.0,beta-minerals,north-site,fleet_telemetry,BETA-NORTH-TRUCK-027,haul_truck,2026-09-01T20:18:53.253Z,12,-16.657921,-71.522542,200.2,33.7,Dump-A,cycle-beta-north-truck-027-00003,returning,0.0,240.0,51881.67,39.9,True,False,9899.71,77455.77,False,False,False,95.1,25.1,[],1.0
23dcc952-322d-4320-b32c-027c402450c8,1.0,beta-minerals,north-site,fleet_telemetry,BETA-NORTH-TRUCK-028,haul_truck,2026-09-01T20:18:53.253Z,12,-16.60279,-71.596345,20.2,35.4,Dump-A,cycle-beta-north-truck-028-00003,returning,0.0,240.0,369528.82,94.1,True,False,996.9,458226.45,False,False,False,88.5,24.8,[],1.0
d54e1c7a-0607-4318-aa77-02c6212d95d0,1.0,beta-minerals,north-site,fleet_telemetry,BETA-NORTH-TRUCK-029,haul_truck,2026-09-01T20:18:53.253Z,12,-16.622528,-71.556267,195.2,34.9,Dump-A,cycle-beta-north-truck-029-00003,returning,0.0,240.0,55409.52,50.7,True,False,2693.84,527753.13,False,False,False,95.4,24.7,[],1.0
bfe510c0-0661-4fff-b6f0-46eefe242123,1.0,beta-minerals,north-site,fleet_telemetry,BETA-NORTH-TRUCK-030,haul_truck,2026-09-01T20:18:53.253Z,12,-16.572732,-71.59119,98.7,26.2,Dump-A,cycle-beta-north-truck-030-00003,returning,0.0,240.0,40101.96,64.4,True,False,14401.43,446596.61,False,False,False,95.5,25.1,[],1.0
f5bf002c-82e4-40c7-9bc1-08c2e9382c40,1.0,beta-minerals,north-site,fleet_telemetry,BETA-NORTH-TRUCK-031,haul_truck,2026-09-01T20:18:53.253Z,12,-16.532794,-71.603637,25.6,36.6,Dump-A,cycle-beta-north-truck-031-00003,returning,0.0,240.0,191153.2,73.0,True,False,14115.31,115365.98,False,False,False,90.2,25.0,[],1.0
af0bad57-53b1-4ef3-a489-3cef586136ce,1.0,beta-minerals,north-site,fleet_telemetry,BETA-NORTH-TRUCK-032,haul_truck,2026-09-01T20:18:53.253Z,12,-16.648036,-71.573173,55.2,26.3,Dump-A,cycle-beta-north-truck-032-00003,returning,0.0,240.0,433830.28,46.9,True,False,13298.98,261940.39,False,False,False,86.4,23.9,[],1.0
7e3c471b-e523-4d3a-8ae7-82190334761c,1.0,beta-minerals,north-site,fleet_telemetry,BETA-NORTH-TRUCK-033,haul_truck,2026-09-01T20:18:53.253Z,12,-16.666112,-71.481943,272.9,31.6,Dump-A,cycle-beta-north-truck-033-00003,returning,0.0,240.0,135366.01,90.8,True,False,13541.2,474343.46,False,False,False,95.5,23.9,[],1.0
c0c65f47-578c-48c4-ac07-fa417cf47dc3,1.0,beta-minerals,north-site,fleet_telemetry,BETA-NORTH-TRUCK-034,haul_truck,2026-09-01T20:18:53.253Z,12,-16.661693,-71.473885,344.5,39.9,Dump-A,cycle-beta-north-truck-034-00003,returning,0.0,240.0,339052.05,45.6,True,False,11776.3,340999.51,False,False,False,95.9,24.2,[],1.0
26c10dcc-e6b9-4442-81c2-54a34c024895,1.0,beta-minerals,north-site,fleet_telemetry,BETA-NORTH-TRUCK-035,haul_truck,2026-09-01T20:18:53.253Z,12,-16.52823,-71.615601,262.2,33.1,Dump-A,cycle-beta-north-truck-035-00003,returning,0.0,240.0,290757.08,29.9,True,False,8980.79,171881.78,False,False,False,94.6,23.9,[],1.0
dd465037-ccd2-4a83-917d-9a1cbadb8fb1,1.0,beta-minerals,north-site,fleet_telemetry,BETA-NORTH-TRUCK-036,haul_truck,2026-09-01T20:18:53.253Z,12,-16.561174,-71.495515,203.0,40.5,Dump-A,cycle-beta-north-truck-036-00003,returning,0.0,240.0,260088.22,50.5,True,False,3598.05,562313.1,False,False,False,88.7,24.5,[],1.0
9ed4cf3a-47ef-43fc-bf8a-3a95330c427e,1.0,beta-minerals,north-site,fleet_telemetry,BETA-NORTH-TRUCK-037,haul_truck,2026-09-01T20:18:53.253Z,12,-16.660711,-71.491225,222.9,28.2,Dump-A,cycle-beta-north-truck-037-00003,returning,0.0,240.0,125362.37,27.7,True,False,1153.83,62545.76,False,False,False,95.6,25.0,[],1.0
3af57bdf-4f77-4569-a5ba-9dc65f994026,1.0,beta-minerals,north-site,fleet_telemetry,BETA-NORTH-TRUCK-038,haul_truck,2026-09-01T20:18:53.253Z,12,-16.58441,-71.593129,5.7,27.4,Dump-A,cycle-beta-north-truck-038-00003,returning,0.0,240.0,187002.91,69.8,True,False,17062.75,286852.66,False,False,False,92.8,24.8,[],1.0
9f49aebb-3911-40bc-957f-6dd20d7c8bc7,1.0,beta-minerals,north-site,fleet_telemetry,BETA-NORTH-TRUCK-039,haul_truck,2026-09-01T20:18:53.253Z,12,-16.607908,-71.51598,152.5,28.6,Dump-A,cycle-beta-north-truck-039-00003,returning,0.0,240.0,365547.29,62.5,True,False,11639.68,148014.7,False,False,False,90.0,24.8,[],1.0
e8633e58-03d8-476d-be73-2f22960c7011,1.0,beta-minerals,north-site,fleet_telemetry,BETA-NORTH-TRUCK-040,haul_truck,2026-09-01T20:18:53.253Z,12,-16.631322,-71.469538,243.8,38.4,Dump-A,cycle-beta-north-truck-040-00003,returning,0.0,240.0,429509.16,41.6,True,False,7375.61,295616.5,False,False,False,88.7,24.1,[],1.0
96874181-8888-47d7-a1bb-be8ec6f6992c,1.0,beta-minerals,north-site,fleet_telemetry,BETA-NORTH-TRUCK-041,haul_truck,2026-09-01T20:18:53.253Z,12,-16.557105,-71.505243,255.6,34.0,Dump-A,cycle-beta-north-truck-041-00003,returning,0.0,240.0,335890.45,33.3,True,False,7356.97,487267.18,False,False,False,89.5,24.6,[],1.0
79902d6c-b46e-4cf5-b2cd-6160f8073b25,1.0,beta-minerals,north-site,fleet_telemetry,BETA-NORTH-TRUCK-042,haul_truck,2026-09-01T20:18:53.253Z,12,-16.650081,-71.492545,56.0,34.0,Dump-A,cycle-beta-north-truck-042-00003,returning,0.0,240.0,327137.68,36.6,True,False,11887.73,513282.15,False,False,False,93.9,24.1,[],1.0
b0341099-e09c-4b3a-b3e1-2b7e10fc6906,1.0,beta-minerals,north-site,fleet_telemetry,BETA-NORTH-TRUCK-043,haul_truck,2026-09-01T20:18:53.253Z,12,-16.660125,-71.503487,338.0,41.5,Dump-A,cycle-beta-north-truck-043-00003,returning,0.0,240.0,365128.3,44.0,True,False,17154.34,38494.73,False,False,False,94.9,24.7,[],1.0
6aad4508-afa4-4ff3-8500-736605c45c7d,1.0,beta-minerals,north-site,fleet_telemetry,BETA-NORTH-TRUCK-044,haul_truck,2026-09-01T20:18:53.253Z,12,-16.643655,-71.592307,42.0,25.0,Dump-A,cycle-beta-north-truck-044-00003,returning,0.0,240.0,34394.06,85.1,True,False,11318.35,341792.88,False,False,False,93.8,24.8,[],1.0
cd1b8142-7606-4e4e-aee2-c460b93a28e9,1.0,beta-minerals,north-site,fleet_telemetry,BETA-NORTH-TRUCK-045,haul_truck,2026-09-01T20:18:53.253Z,12,-16.533007,-71.615563,123.6,26.4,Dump-A,cycle-beta-north-truck-045-00003,returning,0.0,240.0,335944.03,25.1,True,False,15091.37,92660.49,False,False,False,92.9,25.2,[],1.0
c4d4624b-038c-4358-99dc-ff4eff2528ab,1.0,beta-minerals,north-site,fleet_telemetry,BETA-NORTH-TRUCK-046,haul_truck,2026-09-01T20:18:53.253Z,12,-16.581961,-71.471232,319.2,31.5,Dump-A,cycle-beta-north-truck-046-00003,returning,0.0,240.0,419711.28,85.0,True,False,8919.18,114553.62,False,False,False,90.2,24.1,[],1.0
bc0de8d0-4ab9-4569-b7b4-cca248fead5d,1.0,beta-minerals,north-site,fleet_telemetry,BETA-NORTH-TRUCK-047,haul_truck,2026-09-01T20:18:53.253Z,12,-16.538213,-71.526085,266.4,32.3,Dump-A,cycle-beta-north-truck-047-00003,returning,0.0,240.0,412976.95,47.3,True,False,5559.74,176406.09,False,False,False,93.2,25.0,[],1.0
968b51cd-80e9-46c5-9d22-88fc4e41529d,1.0,beta-minerals,north-site,fleet_telemetry,BETA-NORTH-TRUCK-048,haul_truck,2026-09-01T20:18:53.253Z,12,-16.65933,-71.54308,37.9,41.0,Dump-A,cycle-beta-north-truck-048-00003,returning,0.0,240.0,441822.95,91.7,True,False,4602.12,526733.24,False,False,False,86.8,24.3,[],1.0
3d72bd91-cbcd-4c06-ba87-57e4a8689e5c,1.0,beta-minerals,north-site,fleet_telemetry,BETA-NORTH-TRUCK-049,haul_truck,2026-09-01T20:18:53.253Z,12,-16.580155,-71.568883,60.0,40.0,Dump-A,cycle-beta-north-truck-049-00003,returning,0.0,240.0,13507.29,39.0,True,False,7738.8,368447.87,False,False,False,92.4,24.9,[],1.0
c4a0f685-3155-4fe9-bb7d-276b02e36544,1.0,beta-minerals,north-site,fleet_telemetry,BETA-NORTH-TRUCK-050,haul_truck,2026-09-01T20:18:53.253Z,12,-16.553236,-71.530072,136.2,35.4,Dump-A,cycle-beta-north-truck-050-00003,returning,0.0,240.0,449027.18,79.2,True,False,8607.42,632270.66,False,False,False,93.7,24.5,[],1.0
1a41268c-568d-4334-84ad-55a5309b93b9,1.0,beta-minerals,north-site,fleet_telemetry,BETA-NORTH-TRUCK-051,haul_truck,2026-09-01T20:18:53.253Z,12,-16.536059,-71.477099,98.3,40.2,Dump-A,cycle-beta-north-truck-051-00003,returning,0.0,240.0,112519.86,49.2,True,False,935.23,278323.03,False,False,False,95.1,24.5,[],1.0
d52a3aba-8101-4646-90df-ba21e0dc2a5c,1.0,beta-minerals,north-site,fleet_telemetry,BETA-NORTH-TRUCK-052,haul_truck,2026-09-01T20:18:53.253Z,12,-16.6376,-71.460174,316.2,35.0,Dump-A,cycle-beta-north-truck-052-00003,returning,0.0,240.0,334757.22,46.5,True,False,16889.31,257053.41,False,False,False,91.9,25.2,[],1.0
c9b90ead-f961-4fdf-a4ec-a32cfc7e7c80,1.0,beta-minerals,north-site,fleet_telemetry,BETA-NORTH-TRUCK-053,haul_truck,2026-09-01T20:18:53.253Z,12,-16.633357,-71.482181,222.5,27.1,Dump-A,cycle-beta-north-truck-053-00003,returning,0.0,240.0,133123.97,28.0,True,False,21418.27,109695.56,False,False,False,95.1,25.0,[],1.0
2052da73-5636-4548-ab98-20ae5ce4c842,1.0,beta-minerals,north-site,fleet_telemetry,BETA-NORTH-TRUCK-054,haul_truck,2026-09-01T20:18:53.253Z,12,-16.568403,-71.554404,22.0,30.7,Dump-A,cycle-beta-north-truck-054-00003,returning,0.0,240.0,265539.93,60.3,True,False,10519.33,491176.89,False,False,False,94.5,24.2,[],1.0
9cbf5a4a-7a9e-4d2a-a745-a10c7b5107cc,1.0,beta-minerals,north-site,fleet_telemetry,BETA-NORTH-TRUCK-055,haul_truck,2026-09-01T20:18:53.253Z,12,-16.619994,-71.489363,308.3,26.1,Dump-A,cycle-beta-north-truck-055-00003,returning,0.0,240.0,114180.41,43.2,True,False,10021.65,627457.79,False,False,False,91.3,24.5,[],1.0
379ba940-371d-4937-82cb-b76faedb4ff0,1.0,beta-minerals,north-site,fleet_telemetry,BETA-NORTH-TRUCK-056,haul_truck,2026-09-01T20:18:53.253Z,12,-16.545566,-71.523972,292.5,34.2,Dump-A,cycle-beta-north-truck-056-00003,returning,0.0,240.0,42863.32,39.1,True,False,7542.84,191332.5,False,False,False,95.6,24.6,[],1.0
b8416528-edb6-4284-bb5a-361bbba280af,1.0,beta-minerals,north-site,fleet_telemetry,BETA-NORTH-TRUCK-057,haul_truck,2026-09-01T20:18:53.253Z,12,-16.547151,-71.545212,50.5,28.7,Dump-A,cycle-beta-north-truck-057-00003,returning,0.0,240.0,63125.01,50.0,True,False,10330.83,217841.22,False,False,False,91.0,24.4,[],1.0
179a7191-eb18-43ff-acf2-0dc23366ad0f,1.0,beta-minerals,north-site,fleet_telemetry,BETA-NORTH-TRUCK-058,haul_truck,2026-09-01T20:18:53.253Z,12,-16.573884,-71.583147,352.2,29.4,Dump-A,cycle-beta-north-truck-058-00003,returning,0.0,240.0,143855.44,74.3,True,False,2716.94,528786.31,False,False,False,92.8,25.1,[],1.0
2df4e4dc-9769-4a91-a428-7547caf1de32,1.0,beta-minerals,north-site,fleet_telemetry,BETA-NORTH-TRUCK-059,haul_truck,2026-09-01T20:18:53.253Z,12,-16.562038,-71.575903,227.4,29.6,Dump-A,cycle-beta-north-truck-059-00003,returning,0.0,240.0,166527.66,60.9,True,False,2733.73,176378.13,False,False,False,95.2,23.8,[],1.0
46dbc712-c00d-44f2-8a7f-7d0ef932d318,1.0,beta-minerals,north-site,fleet_telemetry,BETA-NORTH-TRUCK-060,haul_truck,2026-09-01T20:18:53.253Z,12,-16.655195,-71.601181,311.3,31.6,Dump-A,cycle-beta-north-truck-060-00003,returning,0.0,240.0,254620.51,63.4,True,False,20984.46,558399.11,False,False,False,89.8,24.7,[],1.0
cb48d8f8-20e5-4c9f-a342-b5fdd098bd21,1.0,beta-minerals,north-site,fleet_telemetry,BETA-NORTH-TRUCK-061,haul_truck,2026-09-01T20:18:53.253Z,12,-16.538634,-71.557963,287.6,28.4,Dump-A,cycle-beta-north-truck-061-00003,returning,0.0,240.0,442330.43,34.1,True,False,1053.5,543134.84,False,False,False,94.1,24.9,[],1.0
317f5da9-bd27-432a-ad75-64d49de88568,1.0,beta-minerals,north-site,fleet_telemetry,BETA-NORTH-TRUCK-062,haul_truck,2026-09-01T20:18:53.253Z,12,-16.66007,-71.473039,3.2,33.3,Dump-A,cycle-beta-north-truck-062-00003,returning,0.0,240.0,367609.57,26.5,True,False,13145.28,183057.35,False,False,False,89.9,23.9,[],1.0
d31dd925-a777-48dc-923d-c66cc210a7df,1.0,beta-minerals,north-site,fleet_telemetry,BETA-NORTH-TRUCK-063,haul_truck,2026-09-01T20:18:53.253Z,12,-16.519674,-71.609346,59.3,37.9,Dump-A,cycle-beta-north-truck-063-00003,returning,0.0,240.0,365911.22,33.5,True,False,2749.96,553783.83,False,False,False,87.1,23.8,[],1.0
b5701230-ec41-4b3a-9c0d-f37c888d9835,1.0,beta-minerals,north-site,fleet_telemetry,BETA-NORTH-TRUCK-064,haul_truck,2026-09-01T20:18:53.253Z,12,-16.6428,-71.583201,19.0,37.1,Dump-A,cycle-beta-north-truck-064-00003,returning,0.0,240.0,22973.06,72.8,True,False,18219.75,268849.47,False,False,False,88.5,25.1,[],1.0
5ef8ce99-6699-420e-8129-f02dc0bd7208,1.0,beta-minerals,north-site,fleet_telemetry,BETA-NORTH-TRUCK-065,haul_truck,2026-09-01T20:18:53.253Z,12,-16.566807,-71.537607,346.3,32.7,Dump-A,cycle-beta-north-truck-065-00003,returning,0.0,240.0,280207.74,68.1,True,False,10255.46,113638.04,False,False,False,93.9,24.5,[],1.0
3a0d8e31-3e2b-4be9-8c2d-18627c0190e3,1.0,beta-minerals,north-site,fleet_telemetry,BETA-NORTH-TRUCK-066,haul_truck,2026-09-01T20:18:53.253Z,12,-16.528833,-71.533362,28.8,28.1,Dump-A,cycle-beta-north-truck-066-00003,returning,0.0,240.0,70384.7,38.9,True,False,2092.77,196259.12,False,False,False,89.9,24.8,[],1.0
8b0ed5ff-2ce6-432d-977d-37878552cfe3,1.0,beta-minerals,north-site,fleet_telemetry,BETA-NORTH-TRUCK-067,haul_truck,2026-09-01T20:18:53.253Z,12,-16.583267,-71.53996,274.6,35.1,Dump-A,cycle-beta-north-truck-067-00003,returning,0.0,240.0,354043.79,50.1,True,False,17650.76,643324.59,False,False,False,92.2,24.7,[],1.0
c1381156-9a11-4393-ad5e-db959d6673b9,1.0,beta-minerals,north-site,fleet_telemetry,BETA-NORTH-TRUCK-068,haul_truck,2026-09-01T20:18:53.253Z,12,-16.665735,-71.487809,335.2,38.7,Dump-A,cycle-beta-north-truck-068-00003,returning,0.0,240.0,21468.56,66.7,True,False,7618.03,190374.79,False,False,False,87.6,24.7,[],1.0
e307bd57-5ef4-46af-b423-9703d940bcdd,1.0,beta-minerals,north-site,fleet_telemetry,BETA-NORTH-TRUCK-069,haul_truck,2026-09-01T20:18:53.253Z,12,-16.654421,-71.512482,171.2,29.1,Dump-A,cycle-beta-north-truck-069-00003,returning,0.0,240.0,449827.38,93.1,True,False,12023.98,503110.8,False,False,False,86.1,25.0,[],1.0
6ded842c-e907-4734-8aa5-11af864461c2,1.0,beta-minerals,north-site,fleet_telemetry,BETA-NORTH-TRUCK-070,haul_truck,2026-09-01T20:18:53.253Z,12,-16.608235,-71.467848,127.4,27.1,Dump-A,cycle-beta-north-truck-070-00003,returning,0.0,240.0,263305.38,93.7,True,False,16997.87,617115.82,False,False,False,93.2,24.3,[],1.0
cd98a504-93ce-438f-80d0-587bef86afe7,1.0,beta-minerals,north-site,fleet_telemetry,BETA-NORTH-TRUCK-071,haul_truck,2026-09-01T20:18:53.253Z,12,-16.52414,-71.612992,98.3,33.3,Dump-A,cycle-beta-north-truck-071-00003,returning,0.0,240.0,364733.35,73.8,True,False,4533.34,393287.56,False,False,False,94.7,25.2,[],1.0
fc75a775-723d-474b-9a10-095179269ef5,1.0,beta-minerals,north-site,fleet_telemetry,BETA-NORTH-TRUCK-072,haul_truck,2026-09-01T20:18:53.253Z,12,-16.529362,-71.538686,275.3,35.9,Dump-A,cycle-beta-north-truck-072-00003,returning,0.0,240.0,92823.66,94.1,True,False,12748.47,374758.93,False,False,False,90.9,24.5,[],1.0
8b303bd8-1ee0-4d1a-bdfc-fcfbbd2a0fa4,1.0,beta-minerals,north-site,fleet_telemetry,BETA-NORTH-TRUCK-073,haul_truck,2026-09-01T20:18:53.253Z,12,-16.593935,-71.564416,230.8,54.5,Dump-A,cycle-beta-north-truck-073-00003,returning,0.0,240.0,274732.48,26.3,True,False,1604.85,55386.12,False,False,True,94.2,25.0,[],1.0
bb316bc2-722f-4d8b-b876-09a29e89cc1d,1.0,beta-minerals,north-site,fleet_telemetry,BETA-NORTH-TRUCK-074,haul_truck,2026-09-01T20:18:53.253Z,12,-16.660906,-71.593845,14.5,27.8,Dump-A,cycle-beta-north-truck-074-00003,returning,0.0,240.0,363067.61,85.7,True,False,8024.11,131800.01,False,False,False,92.3,24.6,[],1.0
b559762b-6024-4886-8b61-303e21c0d6cb,1.0,beta-minerals,north-site,fleet_telemetry,BETA-NORTH-TRUCK-075,haul_truck,2026-09-01T20:18:53.253Z,12,-16.610604,-71.466822,294.1,34.9,Dump-A,cycle-beta-north-truck-075-00003,returning,0.0,240.0,388695.42,92.2,True,False,17216.59,553283.25,False,False,False,93.7,24.1,[],1.0
f5214a4f-a05e-4e97-81f2-204963863910,1.0,beta-minerals,north-site,fleet_telemetry,BETA-NORTH-TRUCK-076,haul_truck,2026-09-01T20:18:53.253Z,12,-16.600447,-71.515276,48.0,25.0,Dump-A,cycle-beta-north-truck-076-00003,returning,0.0,240.0,439379.55,76.2,True,False,7935.11,223240.3,False,False,False,86.3,24.3,[],1.0
df65510e-c4c5-49e2-8a32-b852266922d0,1.0,beta-minerals,north-site,fleet_telemetry,BETA-NORTH-TRUCK-077,haul_truck,2026-09-01T20:18:53.253Z,12,-16.544497,-71.581815,307.6,33.9,Dump-A,cycle-beta-north-truck-077-00003,returning,0.0,240.0,315167.43,89.9,True,False,4493.11,630308.3,False,False,False,93.2,24.4,[],1.0
50083ac0-937d-4ed1-b122-5a63b81aaab1,1.0,beta-minerals,north-site,fleet_telemetry,BETA-NORTH-TRUCK-078,haul_truck,2026-09-01T20:18:53.253Z,12,-16.670089,-71.50519,117.6,30.4,Dump-A,cycle-beta-north-truck-078-00003,returning,0.0,240.0,139588.45,37.4,True,False,8821.76,482417.12,False,False,False,95.1,23.9,[],1.0
6258464b-bc45-4f33-9b43-25a23f7cf544,1.0,beta-minerals,north-site,fleet_telemetry,BETA-NORTH-TRUCK-079,haul_truck,2026-09-01T20:18:53.253Z,12,-16.635082,-71.527025,49.2,27.1,Dump-A,cycle-beta-north-truck-079-00003,returning,0.0,240.0,415257.67,92.7,True,False,1486.53,399505.14,False,False,False,87.7,24.2,[],1.0
4a53518b-e104-4528-a603-1ef5fb9d612f,1.0,beta-minerals,north-site,fleet_telemetry,BETA-NORTH-TRUCK-080,haul_truck,2026-09-01T20:18:53.253Z,12,-16.568597,-71.463378,99.8,35.8,Dump-A,cycle-beta-north-truck-080-00003,returning,0.0,240.0,162597.3,47.3,True,False,7820.79,69018.49,False,False,False,87.3,24.6,[],1.0
