message_id,schema_version,tenant_id,site_id,message_type,asset_id,asset_type,timestamp,sequence_no,equipment_health.operating_state,equipment_health.bearing_temp_c,equipment_health.vibration_m_s2,equipment_health.hydraulic_pressure_psi,equipment_health.health_index,operating.engine_hours,diagnostics.battery_voltage,diagnostics.fault_codes
4acfa289-8c42-49f6-b93c-691018e0f278,1.0,acme-mining,site-01,equipment_health,ACME-S01-CRUSHER-001,fixed_crusher,2026-09-01T16:18:01.854Z,1,running,75.8,3.58,3017.5,1.0,16458.42,24.1,[]
bcc2c510-eb3e-45b6-881d-ed319937b342,1.0,acme-mining,site-01,equipment_health,ACME-S01-CRUSHER-002,fixed_crusher,2026-09-01T16:18:01.854Z,1,running,76.3,3.63,3092.0,1.0,5622.64,24.1,[]
b60d7016-2d64-40c2-8bfe-15a2554f0287,1.0,acme-mining,site-01,equipment_health,ACME-S01-CRUSHER-003,fixed_crusher,2026-09-01T16:18:01.854Z,1,running,75.4,3.54,3015.2,1.0,14322.84,24.9,[]
8ee429a3-0403-4b4f-84eb-b392123ae8f5,1.0,acme-mining,site-01,equipment_health,ACME-S01-CRUSHER-004,fixed_crusher,2026-09-01T16:18:01.854Z,1,running,72.7,4.25,2978.0,1.0,6152.54,24.3,[]
5a6a73de-cfe2-42e8-9d88-035023d36c32,1.0,acme-mining,site-01,equipment_health,ACME-S01-CRUSHER-005,fixed_crusher,2026-09-01T16:18:01.854Z,1,running,77.4,4.07,2963.3,1.0,3962.99,24.7,[]
094dd823-c271-467d-b266-a5fc9f8071d7,1.0,acme-mining,site-01,equipment_health,ACME-S01-CRUSHER-006,fixed_crusher,2026-09-01T16:18:01.854Z,1,running,76.6,3.74,2928.2,1.0,17244.7,24.7,[]
7f8ec92a-5df1-4a02-93cd-ea0c790eeef1,1.0,acme-mining,site-01,equipment_health,ACME-S01-CRUSHER-007,fixed_crusher,2026-09-01T16:18:01.854Z,1,running,70.8,3.63,3097.3,1.0,13724.18,23.8,[]
2aa3817e-0ea2-4a35-8c16-0b3dc145f41e,1.0,acme-mining,site-01,equipment_health,ACME-S01-CRUSHER-008,fixed_crusher,2026-09-01T16:18:01.854Z,1,faulted,97.1,7.89,2992.8,0.58,12502.24,23.9,"[""BEARING_OVERHEAT"",""VIBRATION_HIGH""]"
10714c93-9a6f-48a3-a7df-32cfdecddd64,1.0,acme-mining,site-01,equipment_health,ACME-S01-CRUSHER-009,fixed_crusher,2026-09-01T16:18:01.854Z,1,running,78.0,4.19,2914.9,1.0,15703.34,24.7,[]
943ec75e-8472-49fd-932d-72deb5e96fde,1.0,acme-mining,site-01,equipment_health,ACME-S01-CRUSHER-010,fixed_crusher,2026-09-01T16:18:01.854Z,1,running,69.3,3.76,3145.4,1.0,9812.95,24.9,[]
d7948f23-7b0f-44d6-b039-db34b288650b,1.0,acme-mining,site-01,equipment_health,ACME-S01-CRUSHER-011,fixed_crusher,2026-09-01T16:18:01.854Z,1,running,72.4,3.71,3072.3,1.0,13414.93,24.3,[]
00da4c37-e4bf-45eb-9ebf-5aa8cf9bedf4,1.0,acme-mining,site-01,equipment_health,ACME-S01-CRUSHER-012,fixed_crusher,2026-09-01T16:18:01.854Z,1,running,72.9,3.98,2973.7,1.0,11410.01,24.8,[]
88d9333f-0435-4a04-ba42-5faa174ab238,1.0,acme-mining,site-01,equipment_health,ACME-S01-CRUSHER-013,fixed_crusher,2026-09-01T16:18:01.854Z,1,running,71.5,4.31,2968.8,1.0,5653.2,25.0,[]
c41d4ae7-52cd-4ac9-ac22-0b91a5a206ab,1.0,acme-mining,site-01,equipment_health,ACME-S01-CRUSHER-014,fixed_crusher,2026-09-01T16:18:01.854Z,1,running,68.7,3.67,2973.9,1.0,1652.91,24.2,[]
b14216c6-0d38-4b06-bda1-73d6aa5c84dc,1.0,acme-mining,site-01,equipment_health,ACME-S01-CRUSHER-015,fixed_crusher,2026-09-01T16:18:01.854Z,1,running,74.4,3.92,2946.4,1.0,21343.97,23.8,[]
ed008d3e-1ea1-48e9-ac19-a1d47a488f51,1.0,acme-mining,site-01,equipment_health,ACME-S01-CRUSHER-016,fixed_crusher,2026-09-01T16:18:01.854Z,1,running,70.4,4.29,3064.6,1.0,6910.22,24.6,[]
20820fc9-9ef5-4aba-9380-3de18d01bfd1,1.0,acme-mining,site-01,equipment_health,ACME-S01-CRUSHER-017,fixed_crusher,2026-09-01T16:18:01.854Z,1,running,73.0,4.11,3053.3,1.0,19136.11,24.3,[]
9714d3d0-0af9-4e9d-b6e5-993e0510a519,1.0,acme-mining,site-01,equipment_health,ACME-S01-CRUSHER-018,fixed_crusher,2026-09-01T16:18:01.854Z,1,running,73.2,3.57,3108.8,1.0,14058.67,24.0,[]
f80ea572-33e3-4177-9dd5-58db074dabf1,1.0,acme-mining,site-01,equipment_health,ACME-S01-CRUSHER-019,fixed_crusher,2026-09-01T16:18:01.854Z,1,running,72.9,3.61,3042.8,1.0,1412.03,25.0,[]
f506f5b1-9030-460f-9e26-363622e1403b,1.0,acme-mining,site-01,equipment_health,ACME-S01-CRUSHER-020,fixed_crusher,2026-09-01T16:18:01.854Z,1,running,75.0,3.78,2991.6,1.0,21835.85,24.6,[]
ea71f48a-3a3e-4e10-becc-307794888b5c,1.0,acme-mining,site-02,equipment_health,ACME-S02-CRUSHER-001,fixed_crusher,2026-09-01T16:18:01.854Z,1,running,73.1,3.95,3078.6,1.0,21531.71,23.9,[]
e1ce5973-0da8-4bda-bc35-0a02fec96292,1.0,acme-mining,site-02,equipment_health,ACME-S02-CRUSHER-002,fixed_crusher,2026-09-01T16:18:01.854Z,1,running,71.0,4.01,3047.6,1.0,7608.76,24.1,[]
b133a9f3-f4f1-4dce-a431-f3e6b8c3cbf2,1.0,acme-mining,site-02,equipment_health,ACME-S02-CRUSHER-003,fixed_crusher,2026-09-01T16:18:01.854Z,1,running,72.8,3.57,2952.1,1.0,20160.47,24.8,[]
a50dbffe-7243-4c01-8a90-d79c048421a8,1.0,acme-mining,site-02,equipment_health,ACME-S02-CRUSHER-004,fixed_crusher,2026-09-01T16:18:01.854Z,1,running,73.7,3.88,3073.5,1.0,4749.81,24.0,[]
4640d5b5-f8fd-457a-af05-d84bf60fc16d,1.0,acme-mining,site-02,equipment_health,ACME-S02-CRUSHER-005,fixed_crusher,2026-09-01T16:18:01.854Z,1,running,75.1,4.42,2928.6,1.0,6832.71,24.6,[]
810a398f-0b07-4c8e-b25d-506e1e9c328e,1.0,acme-mining,site-02,equipment_health,ACME-S02-CRUSHER-006,fixed_crusher,2026-09-01T16:18:01.854Z,1,running,72.5,3.84,3001.4,1.0,17946.86,24.6,[]
2e2679f7-cd37-4fce-94d5-c9fe82e47b2b,1.0,acme-mining,site-02,equipment_health,ACME-S02-CRUSHER-007,fixed_crusher,2026-09-01T16:18:01.854Z,1,running,76.2,3.86,3061.2,1.0,12836.96,23.9,[]
69cb6baa-6a66-454e-8eba-452aa696daef,1.0,acme-mining,site-02,equipment_health,ACME-S02-CRUSHER-008,fixed_crusher,2026-09-01T16:18:01.854Z,1,running,73.8,4.33,3102.5,1.0,9297.67,24.9,[]
5e6e455e-24cb-40df-b24e-01def3cb1077,1.0,acme-mining,site-02,equipment_health,ACME-S02-CRUSHER-009,fixed_crusher,2026-09-01T16:18:01.854Z,1,running,70.9,4.18,3011.8,1.0,16779.64,24.1,[]
f7234df5-9bd7-4fc2-93e9-7decc186e2c9,1.0,acme-mining,site-02,equipment_health,ACME-S02-CRUSHER-010,fixed_crusher,2026-09-01T16:18:01.854Z,1,running,75.9,4.25,3129.6,1.0,14957.07,25.1,[]
603de61e-df3a-45a8-b574-8b52994141c8,1.0,acme-mining,site-02,equipment_health,ACME-S02-CRUSHER-011,fixed_crusher,2026-09-01T16:18:01.854Z,1,running,77.9,4.14,3052.9,1.0,14340.68,24.5,[]
1de3cb88-8905-4aff-a451-d131a411509f,1.0,acme-mining,site-02,equipment_health,ACME-S02-CRUSHER-012,fixed_crusher,2026-09-01T16:18:01.854Z,1,running,68.6,4.49,3142.0,1.0,9615.93,23.8,[]
c7eec455-09f1-4076-b6fb-bf60de3d4dfa,1.0,acme-mining,site-02,equipment_health,ACME-S02-CRUSHER-013,fixed_crusher,2026-09-01T16:18:01.854Z,1,running,69.1,3.81,2907.8,1.0,11940.74,24.4,[]
b7470823-62a2-40a4-a13d-2e566db8e266,1.0,acme-mining,site-02,equipment_health,ACME-S02-CRUSHER-014,fixed_crusher,2026-09-01T16:18:01.854Z,1,running,75.1,3.95,3008.8,1.0,12941.28,24.1,[]
31b55cda-87d3-4b74-8d61-551a2254bbc4,1.0,acme-mining,site-02,equipment_health,ACME-S02-CRUSHER-015,fixed_crusher,2026-09-01T16:18:01.854Z,1,running,73.6,4.43,2990.1,1.0,19856.46,24.4,[]
c9934c9e-03eb-42f9-8a09-d8c67957ecea,1.0,acme-mining,site-02,equipment_health,ACME-S02-CRUSHER-016,fixed_crusher,2026-09-01T16:18:01.854Z,1,running,69.3,3.51,3062.1,1.0,16133.54,24.0,[]
c1f3fc3b-66ef-4996-9297-204930c14e91,1.0,acme-mining,site-02,equipment_health,ACME-S02-CRUSHER-017,fixed_crusher,2026-09-01T16:18:01.854Z,1,running,77.7,3.65,2934.3,1.0,12272.67,24.9,[]
76b1e046-6b0b-4d32-860d-669ad566d9ed,1.0,acme-mining,site-02,equipment_health,ACME-S02-CRUSHER-018,fixed_crusher,2026-09-01T16:18:01.854Z,1,running,75.0,4.52,3055.8,1.0,17035.55,24.4,[]
5caa5c91-1d13-4341-9941-50848203c45f,1.0,acme-mining,site-02,equipment_health,ACME-S02-CRUSHER-019,fixed_crusher,2026-09-01T16:18:01.854Z,1,running,71.8,3.75,3006.2,1.0,8763.69,23.8,[]
a987e33d-9dce-421c-b514-c21b1b229d78,1.0,acme-mining,site-02,equipment_health,ACME-S02-CRUSHER-020,fixed_crusher,2026-09-01T16:18:01.854Z,1,running,75.1,3.8,3131.6,1.0,9132.84,24.6,[]
f7963414-6b34-4769-a33f-2a52d1295bed,1.0,beta-minerals,north-site,equipment_health,BETA-NORTH-CRUSHER-001,fixed_crusher,2026-09-01T16:18:01.854Z,1,running,71.8,3.51,3059.7,1.0,10268.56,24.2,[]
88921434-8d80-4b99-9e99-be534563088a,1.0,beta-minerals,north-site,equipment_health,BETA-NORTH-CRUSHER-002,fixed_crusher,2026-09-01T16:18:01.854Z,1,running,73.7,4.51,2949.8,1.0,10090.27,25.0,[]
bddf5420-7d59-4fb7-b287-e5b7d524abbd,1.0,beta-minerals,north-site,equipment_health,BETA-NORTH-CRUSHER-003,fixed_crusher,2026-09-01T16:18:01.854Z,1,running,76.2,3.83,3046.3,1.0,17521.08,24.5,[]
cd98ef21-fd16-4603-8224-3ab60f118bb8,1.0,beta-minerals,north-site,equipment_health,BETA-NORTH-CRUSHER-004,fixed_crusher,2026-09-01T16:18:01.854Z,1,running,75.9,3.67,2975.0,1.0,7556.8,24.7,[]
f705d507-5207-4c66-a5b1-c7152af33323,1.0,beta-minerals,north-site,equipment_health,BETA-NORTH-CRUSHER-005,fixed_crusher,2026-09-01T16:18:01.854Z,1,running,74.7,3.82,2944.8,1.0,7964.55,25.1,[]
eb6902ae-b362-4c92-9751-8419a9eee4b2,1.0,beta-minerals,north-site,equipment_health,BETA-NORTH-CRUSHER-006,fixed_crusher,2026-09-01T16:18:01.854Z,1,running,75.6,4.04,3142.7,1.0,4130.6,24.6,[]
6a64a55b-9325-4c6e-b932-b722f5919661,1.0,beta-minerals,north-site,equipment_health,BETA-NORTH-CRUSHER-007,fixed_crusher,2026-09-01T16:18:01.854Z,1,running,72.4,3.78,3071.5,1.0,14804.68,25.2,[]
c8463352-7319-4328-8375-6202616aa9ab,1.0,beta-minerals,north-site,equipment_health,BETA-NORTH-CRUSHER-008,fixed_crusher,2026-09-01T16:18:01.854Z,1,running,75.3,3.52,2964.9,1.0,9865.25,24.6,[]
27d45cd0-a902-4aa6-909a-fb514fceb861,1.0,beta-minerals,north-site,equipment_health,BETA-NORTH-CRUSHER-009,fixed_crusher,2026-09-01T16:18:01.854Z,1,running,74.9,3.89,2913.2,1.0,21513.62,24.3,[]
f160436e-88c5-40d6-a78a-680cd5a248ec,1.0,beta-minerals,north-site,equipment_health,BETA-NORTH-CRUSHER-010,fixed_crusher,2026-09-01T16:18:01.854Z,1,running,68.5,3.82,3059.7,1.0,9015.58,23.9,[]
a996a648-2ea3-4bfc-9277-65857ae92a6f,1.0,beta-minerals,north-site,equipment_health,BETA-NORTH-CRUSHER-011,fixed_crusher,2026-09-01T16:18:01.854Z,1,running,75.6,4.16,2941.8,1.0,12762.03,24.3,[]
1f258f98-16da-4f18-8b5b-28d96c519a32,1.0,beta-minerals,north-site,equipment_health,BETA-NORTH-CRUSHER-012,fixed_crusher,2026-09-01T16:18:01.854Z,1,running,76.0,3.8,3074.5,1.0,5623.27,24.3,[]
d9d5368d-491e-4005-a7e4-ad277bd0eb78,1.0,beta-minerals,north-site,equipment_health,BETA-NORTH-CRUSHER-013,fixed_crusher,2026-09-01T16:18:01.854Z,1,running,69.4,3.65,2970.4,1.0,19491.06,24.9,[]
1e0d0119-791d-4268-adb4-91cb4c5b6a1f,1.0,beta-minerals,north-site,equipment_health,BETA-NORTH-CRUSHER-014,fixed_crusher,2026-09-01T16:18:01.854Z,1,running,69.6,3.74,3025.8,1.0,15163.74,25.0,[]
8254badc-19ad-4edf-b51a-a1a066f930ad,1.0,beta-minerals,north-site,equipment_health,BETA-NORTH-CRUSHER-015,fixed_crusher,2026-09-01T16:18:01.854Z,1,running,74.9,4.55,3111.5,1.0,3475.14,24.8,[]
01fe97aa-87cf-45fd-8282-04cf3dcece51,1.0,beta-minerals,north-site,equipment_health,BETA-NORTH-CRUSHER-016,fixed_crusher,2026-09-01T16:18:01.854Z,1,running,72.2,4.51,2929.1,1.0,7578.69,24.0,[]
1e0fc071-4b67-478f-bea0-f410abe5e550,1.0,beta-minerals,north-site,equipment_health,BETA-NORTH-CRUSHER-017,fixed_crusher,2026-09-01T16:18:01.854Z,1,faulted,107.9,8.81,3010.5,0.58,10512.93,25.2,"[""BEARING_OVERHEAT"",""VIBRATION_HIGH""]"
dc664227-7e2d-4deb-9246-f08b3c7c25a9,1.0,beta-minerals,north-site,equipment_health,BETA-NORTH-CRUSHER-018,fixed_crusher,2026-09-01T16:18:01.854Z,1,running,75.4,3.63,2932.2,1.0,12811.79,24.8,[]
b4dd08cc-8d65-44fe-a5e8-5534756f1125,1.0,beta-minerals,north-site,equipment_health,BETA-NORTH-CRUSHER-019,fixed_crusher,2026-09-01T16:18:01.854Z,1,running,70.1,4.58,3006.2,1.0,19458.88,24.9,[]
b6f7cfe1-1971-4127-9ae4-10760ace177d,1.0,beta-minerals,north-site,equipment_health,BETA-NORTH-CRUSHER-020,fixed_crusher,2026-09-01T16:18:01.854Z,1,running,72.8,3.97,2949.1,1.0,3849.68,23.8,[]
8d93772d-1f1c-4e4d-bbfa-b43bdfaf5f47,1.0,beta-minerals,north-site,equipment_health,BETA-NORTH-CRUSHER-021,fixed_crusher,2026-09-01T16:18:01.854Z,1,running,72.7,4.5,2910.8,1.0,20321.7,24.2,[]
a48e75c7-0db6-49c3-87b6-e1851c2dde7a,1.0,beta-minerals,north-site,equipment_health,BETA-NORTH-CRUSHER-022,fixed_crusher,2026-09-01T16:18:01.854Z,1,faulted,98.4,9.18,3046.9,0.58,21416.93,23.8,"[""BEARING_OVERHEAT"",""VIBRATION_HIGH""]"
5e8be4f6-999e-4c1d-8f8b-210d77ba4ed5,1.0,beta-minerals,north-site,equipment_health,BETA-NORTH-CRUSHER-023,fixed_crusher,2026-09-01T16:18:01.854Z,1,running,70.8,4.14,2988.1,1.0,4784.24,25.0,[]
f962ab3c-dd61-498e-989a-85bb9c00263a,1.0,beta-minerals,north-site,equipment_health,BETA-NORTH-CRUSHER-024,fixed_crusher,2026-09-01T16:18:01.854Z,1,running,73.0,3.58,3104.9,1.0,17579.6,24.9,[]
3c913acc-f486-4e23-826a-17a61e5e6bf8,1.0,beta-minerals,north-site,equipment_health,BETA-NORTH-CRUSHER-025,fixed_crusher,2026-09-01T16:18:01.854Z,1,running,77.6,3.69,3088.5,1.0,4886.59,23.8,[]
88d34f40-540f-436c-9dd6-09ae9a4ca605,1.0,beta-minerals,north-site,equipment_health,BETA-NORTH-CRUSHER-026,fixed_crusher,2026-09-01T16:18:01.854Z,1,running,77.2,4.44,3018.7,1.0,8609.06,24.8,[]
b440ded0-244a-454d-b9e2-9e1afcaefe40,1.0,beta-minerals,north-site,equipment_health,BETA-NORTH-CRUSHER-027,fixed_crusher,2026-09-01T16:18:01.854Z,1,running,69.1,4.42,3145.3,1.0,4564.78,24.4,[]
0d55d6d0-34b2-4636-918f-750816ca3e6a,1.0,beta-minerals,north-site,equipment_health,BETA-NORTH-CRUSHER-028,fixed_crusher,2026-09-01T16:18:01.854Z,1,running,75.6,3.85,3016.5,1.0,6843.47,24.5,[]
32991023-2cdf-4537-bbf5-8ac59049bf9a,1.0,beta-minerals,north-site,equipment_health,BETA-NORTH-CRUSHER-029,fixed_crusher,2026-09-01T16:18:01.854Z,1,running,70.9,4.29,2920.6,1.0,6504.57,24.5,[]
582fb04b-0f3b-4766-a353-ccc5aab599b8,1.0,beta-minerals,north-site,equipment_health,BETA-NORTH-CRUSHER-030,fixed_crusher,2026-09-01T16:18:01.854Z,1,running,75.4,4.26,3110.3,1.0,13544.21,24.1,[]
c9ca3783-899f-458e-8e9b-7c575c0c8909,1.0,acme-mining,site-01,equipment_health,ACME-S01-CRUSHER-001,fixed_crusher,2026-09-01T16:18:06.854Z,2,running,77.3,4.04,3143.3,1.0,16458.42,25.0,[]
287fc39c-bc06-4e62-b8c0-1cde997a9c15,1.0,acme-mining,site-01,equipment_health,ACME-S01-CRUSHER-002,fixed_crusher,2026-09-01T16:18:06.854Z,2,running,75.1,3.64,3076.1,1.0,5622.65,25.0,[]
ca0b0a84-91e5-451b-969f-8617aeabe792,1.0,acme-mining,site-01,equipment_health,ACME-S01-CRUSHER-003,fixed_crusher,2026-09-01T16:18:06.854Z,2,running,72.7,4.32,3136.0,1.0,14322.84,24.3,[]
5d21a1f0-36c7-4329-bfee-5954778a0401,1.0,acme-mining,site-01,equipment_health,ACME-S01-CRUSHER-004,fixed_crusher,2026-09-01T16:18:06.854Z,2,running,72.1,3.63,3042.9,0.999,6152.54,23.9,[]
8d451a07-35b3-4f03-897b-c9f5a71c0868,1.0,acme-mining,site-01,equipment_health,ACME-S01-CRUSHER-005,fixed_crusher,2026-09-01T16:18:06.854Z,2,running,77.9,3.83,3021.5,1.0,3962.99,24.9,[]
6fd8e83d-6bc6-43a3-8446-a116ed8b8115,1.0,acme-mining,site-01,equipment_health,ACME-S01-CRUSHER-006,fixed_crusher,2026-09-01T16:18:06.854Z,2,running,68.5,4.48,3122.3,1.0,17244.71,24.1,[]
782dda3b-185f-4c4c-bec1-735524919746,1.0,acme-mining,site-01,equipment_health,ACME-S01-CRUSHER-007,fixed_crusher,2026-09-01T16:18:06.854Z,2,running,69.2,3.88,3117.6,1.0,13724.18,24.4,[]
9f5731c9-3eeb-45fc-b4e3-f1beb12e1df7,1.0,acme-mining,site-01,equipment_health,ACME-S01-CRUSHER-008,fixed_crusher,2026-09-01T16:18:06.854Z,2,running,77.0,4.36,3018.8,1.0,12502.24,24.8,[]
26eea73f-1294-4bd6-bc7d-d56497574183,1.0,acme-mining,site-01,equipment_health,ACME-S01-CRUSHER-009,fixed_crusher,2026-09-01T16:18:06.854Z,2,running,73.0,4.01,3012.5,0.999,15703.34,24.4,[]
2dba52e9-bf01-4aa0-95a3-b75c001eeb5f,1.0,acme-mining,site-01,equipment_health,ACME-S01-CRUSHER-010,fixed_crusher,2026-09-01T16:18:06.854Z,2,running,76.0,4.23,3002.4,1.0,9812.95,24.1,[]
43d1a87e-a212-45a7-8ce5-32e4d499946d,1.0,acme-mining,site-01,equipment_health,ACME-S01-CRUSHER-011,fixed_crusher,2026-09-01T16:18:06.854Z,2,running,77.6,4.48,3084.0,1.0,13414.94,24.7,[]
9ad9be3c-06d5-465e-8785-03342bdb0111,1.0,acme-mining,site-01,equipment_health,ACME-S01-CRUSHER-012,fixed_crusher,2026-09-01T16:18:06.854Z,2,running,73.7,4.38,3076.8,0.999,11410.01,24.6,[]
646ccb2a-96b8-4462-80d3-32aaf34e4963,1.0,acme-mining,site-01,equipment_health,ACME-S01-CRUSHER-013,fixed_crusher,2026-09-01T16:18:06.854Z,2,running,69.9,4.18,3044.2,1.0,5653.2,23.9,[]
563034e7-13fe-4125-ade5-a9bc64a03462,1.0,acme-mining,site-01,equipment_health,ACME-S01-CRUSHER-014,fixed_crusher,2026-09-01T16:18:06.854Z,2,running,72.8,4.49,2930.1,1.0,1652.91,25.1,[]
c60ebd00-daaa-435d-8d06-17960b96c829,1.0,acme-mining,site-01,equipment_health,ACME-S01-CRUSHER-015,fixed_crusher,2026-09-01T16:18:06.854Z,2,running,75.9,3.77,3076.4,1.0,21343.97,25.0,[]
5316694a-c024-409e-8383-2a865de81e97,1.0,acme-mining,site-01,equipment_health,ACME-S01-CRUSHER-016,fixed_crusher,2026-09-01T16:18:06.854Z,2,running,74.1,3.94,2911.2,0.999,6910.22,25.0,[]
a159e868-8151-4c05-830a-775b22e939f5,1.0,acme-mining,site-01,equipment_health,ACME-S01-CRUSHER-017,fixed_crusher,2026-09-01T16:18:06.854Z,2,faulted,99.1,7.79,2979.3,0.58,19136.11,23.9,"[""BEARING_OVERHEAT"",""VIBRATION_HIGH""]"
e0e6489e-e18e-45e9-bd3c-66d07ce9e0a7,1.0,acme-mining,site-01,equipment_health,ACME-S01-CRUSHER-018,fixed_crusher,2026-09-01T16:18:06.854Z,2,running,70.6,3.6,2976.7,1.0,14058.67,24.4,[]
9894d523-4f54-4e92-8dc2-de95e3b11875,1.0,acme-mining,site-01,equipment_health,ACME-S01-CRUSHER-019,fixed_crusher,2026-09-01T16:18:06.854Z,2,running,71.3,3.53,2914.6,1.0,1412.03,24.3,[]
e005bfd8-579c-4b04-97ab-8a17bb05c703,1.0,acme-mining,site-01,equipment_health,ACME-S01-CRUSHER-020,fixed_crusher,2026-09-01T16:18:06.854Z,2,running,71.2,3.91,3106.9,1.0,21835.85,24.0,[]
65d955cf-da5b-46e3-b105-e914f8d8b0dc,1.0,acme-mining,site-02,equipment_health,ACME-S02-CRUSHER-001,fixed_crusher,2026-09-01T16:18:06.854Z,2,running,74.0,4.55,3110.4,1.0,21531.71,23.8,[]
a6f27bbe-0367-47c6-bd6a-063acf4a2f9f,1.0,acme-mining,site-02,equipment_health,ACME-S02-CRUSHER-002,fixed_crusher,2026-09-01T16:18:06.854Z,2,running,77.2,3.94,3046.5,1.0,7608.76,25.1,[]
234cfbc7-6fea-4177-b7ce-b2e9f613bfbc,1.0,acme-mining,site-02,equipment_health,ACME-S02-CRUSHER-003,fixed_crusher,2026-09-01T16:18:06.854Z,2,running,72.2,4.41,2963.2,1.0,20160.47,24.2,[]
590a42cd-f068-43c2-8020-d8f75aeb13b5,1.0,acme-mining,site-02,equipment_health,ACME-S02-CRUSHER-004,fixed_crusher,2026-09-01T16:18:06.854Z,2,running,71.8,3.84,3002.9,0.999,4749.81,25.0,[]
08f2da9d-6d2b-4a60-b3a3-9200d8ea8752,1.0,acme-mining,site-02,equipment_health,ACME-S02-CRUSHER-005,fixed_crusher,2026-09-01T16:18:06.854Z,2,running,74.4,4.35,2986.1,1.0,6832.71,24.0,[]
9fb12f54-4bbf-4492-8c8b-f976ce0decfc,1.0,acme-mining,site-02,equipment_health,ACME-S02-CRUSHER-006,fixed_crusher,2026-09-01T16:18:06.854Z,2,running,72.0,3.84,3146.8,1.0,17946.86,24.9,[]
d4d27ff9-55eb-4a2e-a93d-601c431f93f1,1.0,acme-mining,site-02,equipment_health,ACME-S02-CRUSHER-007,fixed_crusher,2026-09-01T16:18:06.854Z,2,faulted,104.8,7.93,3063.6,0.58,12836.96,24.3,"[""BEARING_OVERHEAT"",""VIBRATION_HIGH""]"
0bef8e12-a9eb-418b-b593-6e3dfe96c5d9,1.0,acme-mining,site-02,equipment_health,ACME-S02-CRUSHER-008,fixed_crusher,2026-09-01T16:18:06.854Z,2,running,69.8,4.54,3012.7,1.0,9297.67,24.9,[]
a12c6082-29a5-49cc-831d-0c6c2b5aa31e,1.0,acme-mining,site-02,equipment_health,ACME-S02-CRUSHER-009,fixed_crusher,2026-09-01T16:18:06.854Z,2,running,69.8,4.34,2964.8,1.0,16779.64,25.1,[]
f1368c3b-91ce-40ab-8148-d9f614e1a4fc,1.0,acme-mining,site-02,equipment_health,ACME-S02-CRUSHER-010,fixed_crusher,2026-09-01T16:18:06.854Z,2,running,74.2,4.46,2941.5,1.0,14957.07,24.2,[]
c22aba0c-83a2-4542-a6cb-23874f397d2a,1.0,acme-mining,site-02,equipment_health,ACME-S02-CRUSHER-011,fixed_crusher,2026-09-01T16:18:06.854Z,2,running,71.4,4.14,3019.5,1.0,14340.68,24.7,[]
651278f0-511c-46b3-95ea-107a5b12cd19,1.0,acme-mining,site-02,equipment_health,ACME-S02-CRUSHER-012,fixed_crusher,2026-09-01T16:18:06.854Z,2,running,75.5,3.51,3045.6,1.0,9615.93,25.2,[]
3724b417-a877-444a-8e40-1c0525df5607,1.0,acme-mining,site-02,equipment_health,ACME-S02-CRUSHER-013,fixed_crusher,2026-09-01T16:18:06.854Z,2,running,68.1,4.16,3146.7,0.999,11940.74,24.9,[]
f49f5667-1c90-4a54-8a85-b395978a7ebc,1.0,acme-mining,site-02,equipment_health,ACME-S02-CRUSHER-014,fixed_crusher,2026-09-01T16:18:06.854Z,2,running,71.4,3.97,2992.7,1.0,12941.28,25.0,[]
f740256b-7a97-4570-b1e5-b64498dd1d35,1.0,acme-mining,site-02,equipment_health,ACME-S02-CRUSHER-015,fixed_crusher,2026-09-01T16:18:06.854Z,2,running,77.4,4.23,2994.6,1.0,19856.46,23.9,[]
2c29682d-cc62-4341-8a3f-a6d0b70b01cf,1.0,acme-mining,site-02,equipment_health,ACME-S02-CRUSHER-016,fixed_crusher,2026-09-01T16:18:06.854Z,2,running,69.0,4.0,3074.6,1.0,16133.54,24.8,[]
435dc757-f0f0-4bfa-a3b6-066cf33b80dc,1.0,acme-mining,site-02,equipment_health,ACME-S02-CRUSHER-017,fixed_crusher,2026-09-01T16:18:06.854Z,2,running,74.0,4.46,2969.9,1.0,12272.67,24.8,[]
feea0ce4-1c3b-4ee5-8d2b-1312e487b121,1.0,acme-mining,site-02,equipment_health,ACME-S02-CRUSHER-018,fixed_crusher,2026-09-01T16:18:06.854Z,2,running,74.2,4.22,3018.8,1.0,17035.55,24.4,[]
9cc8a556-1135-4d50-9b64-2d25ff3c7246,1.0,acme-mining,site-02,equipment_health,ACME-S02-CRUSHER-019,fixed_crusher,2026-09-01T16:18:06.854Z,2,running,77.6,4.39,2904.2,0.999,8763.69,24.3,[]
422b85ab-d2a7-418c-971b-8bf4b7554c3c,1.0,acme-mining,site-02,equipment_health,ACME-S02-CRUSHER-020,fixed_crusher,2026-09-01T16:18:06.854Z,2,faulted,100.8,9.03,3051.7,0.58,9132.85,23.9,"[""BEARING_OVERHEAT"",""VIBRATION_HIGH""]"
9f446bb5-2313-48fb-8f10-495e14775b28,1.0,beta-minerals,north-site,equipment_health,BETA-NORTH-CRUSHER-001,fixed_crusher,2026-09-01T16:18:06.854Z,2,running,71.8,4.14,3005.5,1.0,10268.56,24.6,[]
e11801b7-4686-46cb-972a-64c90db4cd8f,1.0,beta-minerals,north-site,equipment_health,BETA-NORTH-CRUSHER-002,fixed_crusher,2026-09-01T16:18:06.854Z,2,running,75.0,3.76,2900.7,1.0,10090.27,25.2,[]
e9b3551b-9518-4c45-8a60-c650d8ba7d5d,1.0,beta-minerals,north-site,equipment_health,BETA-NORTH-CRUSHER-003,fixed_crusher,2026-09-01T16:18:06.854Z,2,faulted,100.2,9.62,2914.9,0.58,17521.08,25.0,"[""BEARING_OVERHEAT"",""VIBRATION_HIGH""]"
dc9a3fcb-995b-4950-a675-da1b18250d2a,1.0,beta-minerals,north-site,equipment_health,BETA-NORTH-CRUSHER-004,fixed_crusher,2026-09-01T16:18:06.854Z,2,running,69.4,4.44,3143.0,1.0,7556.8,25.1,[]
bf1e371b-b806-49ad-b68f-79c1dbf6c713,1.0,beta-minerals,north-site,equipment_health,BETA-NORTH-CRUSHER-005,fixed_crusher,2026-09-01T16:18:06.854Z,2,running,68.6,3.65,3140.5,1.0,7964.56,24.8,[]
606d7366-75fa-4c06-bacc-33a861613212,1.0,beta-minerals,north-site,equipment_health,BETA-NORTH-CRUSHER-006,fixed_crusher,2026-09-01T16:18:06.854Z,2,running,77.6,3.91,3075.4,1.0,4130.6,24.7,[]
0597209e-58ce-49e3-9ed3-d268db6479af,1.0,beta-minerals,north-site,equipment_health,BETA-NORTH-CRUSHER-007,fixed_crusher,2026-09-01T16:18:06.854Z,2,running,76.7,3.53,2991.3,1.0,14804.68,23.9,[]
d5d79564-cff4-4cf3-8dca-65646bfd3138,1.0,beta-minerals,north-site,equipment_health,BETA-NORTH-CRUSHER-008,fixed_crusher,2026-09-01T16:18:06.854Z,2,running,76.1,3.66,2945.6,1.0,9865.25,24.8,[]
b59e9754-2048-48ea-88e2-f06ec37493c3,1.0,beta-minerals,north-site,equipment_health,BETA-NORTH-CRUSHER-009,fixed_crusher,2026-09-01T16:18:06.854Z,2,running,71.0,3.95,2984.3,1.0,21513.63,24.9,[]
cb464ef5-4e18-4e4c-841a-d5d1ff0333de,1.0,beta-minerals,north-site,equipment_health,BETA-NORTH-CRUSHER-010,fixed_crusher,2026-09-01T16:18:06.854Z,2,running,69.6,4.47,2908.0,1.0,9015.58,24.9,[]
587a5434-c001-437d-b210-66702bbb2a21,1.0,beta-minerals,north-site,equipment_health,BETA-NORTH-CRUSHER-011,fixed_crusher,2026-09-01T16:18:06.854Z,2,running,76.3,4.25,3119.0,1.0,12762.03,24.6,[]
01949861-f770-4685-a1af-1dcf9260a8d1,1.0,beta-minerals,north-site,equipment_health,BETA-NORTH-CRUSHER-012,fixed_crusher,2026-09-01T16:18:06.854Z,2,running,73.0,4.28,3005.9,0.999,5623.27,24.0,[]
6a73bcb5-1d13-432e-b90c-4dc1117e16b8,1.0,beta-minerals,north-site,equipment_health,BETA-NORTH-CRUSHER-013,fixed_crusher,2026-09-01T16:18:06.854Z,2,running,77.8,3.64,2953.0,1.0,19491.06,24.7,[]
bd0634b7-f4b6-4263-a891-8e236a7042b2,1.0,beta-minerals,north-site,equipment_health,BETA-NORTH-CRUSHER-014,fixed_crusher,2026-09-01T16:18:06.854Z,2,running,75.5,4.12,3110.4,1.0,15163.74,24.9,[]
beff2f7b-dd73-41d8-b033-c98c8e3ac46a,1.0,beta-minerals,north-site,equipment_health,BETA-NORTH-CRUSHER-015,fixed_crusher,2026-09-01T16:18:06.854Z,2,running,74.4,4.41,2941.2,1.0,3475.15,24.9,[]
35bd444c-73cb-4a95-b517-72c7f3e080a7,1.0,beta-minerals,north-site,equipment_health,BETA-NORTH-CRUSHER-016,fixed_crusher,2026-09-01T16:18:06.854Z,2,running,69.1,3.59,3050.8,1.0,7578.69,25.0,[]
48f72148-1270-41ef-b11a-88aaca7f6bf1,1.0,beta-minerals,north-site,equipment_health,BETA-NORTH-CRUSHER-017,fixed_crusher,2026-09-01T16:18:06.854Z,2,faulted,105.1,8.27,3049.3,0.58,10512.94,24.6,"[""BEARING_OVERHEAT"",""VIBRATION_HIGH""]"
675e2f91-d685-49bd-9082-9930d352afd2,1.0,beta-minerals,north-site,equipment_health,BETA-NORTH-CRUSHER-018,fixed_crusher,2026-09-01T16:18:06.854Z,2,running,70.7,4.57,3041.2,1.0,12811.79,24.6,[]
b85eee42-a82d-46db-bce4-15c28e6a9fee,1.0,beta-minerals,north-site,equipment_health,BETA-NORTH-CRUSHER-019,fixed_crusher,2026-09-01T16:18:06.854Z,2,running,71.1,4.54,2902.1,1.0,19458.88,24.3,[]
62df7ff8-fb61-41c1-b311-684e53da6567,1.0,beta-minerals,north-site,equipment_health,BETA-NORTH-CRUSHER-020,fixed_crusher,2026-09-01T16:18:06.854Z,2,running,69.9,4.33,3081.4,1.0,3849.68,25.2,[]
632f1ca7-ab2f-4907-84e0-025e95e458e6,1.0,beta-minerals,north-site,equipment_health,BETA-NORTH-CRUSHER-021,fixed_crusher,2026-09-01T16:18:06.854Z,2,running,72.1,4.32,2925.3,1.0,20321.7,24.9,[]
1ca25b46-c305-4c44-b3b0-46fbd9f47a35,1.0,beta-minerals,north-site,equipment_health,BETA-NORTH-CRUSHER-022,fixed_crusher,2026-09-01T16:18:06.854Z,2,running,71.8,4.14,3113.0,1.0,21416.93,24.2,[]
d7ea1538-f9f2-41cd-aae0-17bd8b34bdf4,1.0,beta-minerals,north-site,equipment_health,BETA-NORTH-CRUSHER-023,fixed_crusher,2026-09-01T16:18:06.854Z,2,running,76.9,3.6,3079.6,1.0,4784.24,25.0,[]
7c4af833-e77a-4ed3-ba0d-ececc822abd0,1.0,beta-minerals,north-site,equipment_health,BETA-NORTH-CRUSHER-024,fixed_crusher,2026-09-01T16:18:06.854Z,2,running,75.7,3.68,3140.9,1.0,17579.6,24.5,[]
7c68f4eb-da88-4606-8937-b2ba8af6c5a4,1.0,beta-minerals,north-site,equipment_health,BETA-NORTH-CRUSHER-025,fixed_crusher,2026-09-01T16:18:06.854Z,2,running,77.3,3.88,3096.3,1.0,4886.59,24.3,[]
860bf07e-c907-41c4-a443-e266b2dbd9ec,1.0,beta-minerals,north-site,equipment_health,BETA-NORTH-CRUSHER-026,fixed_crusher,2026-09-01T16:18:06.854Z,2,running,72.3,4.48,3093.5,0.999,8609.06,24.3,[]
97e8609c-abb5-49c9-bccb-545f638c8672,1.0,beta-minerals,north-site,equipment_health,BETA-NORTH-CRUSHER-027,fixed_crusher,2026-09-01T16:18:06.854Z,2,running,68.7,3.67,3056.9,1.0,4564.78,24.5,[]
dc0320ea-8600-497b-9eb1-42c8b50c15cd,1.0,beta-minerals,north-site,equipment_health,BETA-NORTH-CRUSHER-028,fixed_crusher,2026-09-01T16:18:06.854Z,2,running,76.7,4.1,3142.2,1.0,6843.47,24.9,[]
103115d9-757f-4e77-a329-a9c97bd6f2df,1.0,beta-minerals,north-site,equipment_health,BETA-NORTH-CRUSHER-029,fixed_crusher,2026-09-01T16:18:06.854Z,2,running,71.1,4.53,2940.4,1.0,6504.57,24.2,[]
52954aef-f253-4f95-b3be-b89db4bdb25a,1.0,beta-minerals,north-site,equipment_health,BETA-NORTH-CRUSHER-030,fixed_crusher,2026-09-01T16:18:06.854Z,2,running,69.8,4.35,2964.5,1.0,13544.21,24.5,[]
a7f52ad2-4837-4d6e-8255-346629c03db3,1.0,acme-mining,site-01,equipment_health,ACME-S01-CRUSHER-001,fixed_crusher,2026-09-01T16:18:11.854Z,3,running,71.5,4.42,2912.5,1.0,16458.42,24.0,[]
b017ba0c-2f09-4868-a785-e8b5b1726d45,1.0,acme-mining,site-01,equipment_health,ACME-S01-CRUSHER-002,fixed_crusher,2026-09-01T16:18:11.854Z,3,running,73.0,4.55,3040.2,0.999,5622.65,25.1,[]
cf0532d2-51a4-4f7d-9e9b-7f7c0df706d8,1.0,acme-mining,site-01,equipment_health,ACME-S01-CRUSHER-003,fixed_crusher,2026-09-01T16:18:11.854Z,3,running,75.3,3.98,3129.6,1.0,14322.84,24.2,[]
2f316e7b-f8d1-4c51-8e66-84f4d1a65b58,1.0,acme-mining,site-01,equipment_health,ACME-S01-CRUSHER-004,fixed_crusher,2026-09-01T16:18:11.854Z,3,faulted,100.8,9.76,2996.6,0.58,6152.55,25.1,"[""BEARING_OVERHEAT"",""VIBRATION_HIGH""]"
1fd19fcd-4193-411d-b06f-0000685cc9b6,1.0,acme-mining,site-01,equipment_health,ACME-S01-CRUSHER-005,fixed_crusher,2026-09-01T16:18:11.854Z,3,running,69.7,3.98,3119.0,0.999,3962.99,24.9,[]
8791d639-ad91-4c80-b61e-bc9cefdc4ab2,1.0,acme-mining,site-01,equipment_health,ACME-S01-CRUSHER-006,fixed_crusher,2026-09-01T16:18:11.854Z,3,running,70.5,3.96,2949.9,0.999,17244.71,24.2,[]
707a67a4-fa05-485d-87a7-1a0383b6aaaa,1.0,acme-mining,site-01,equipment_health,ACME-S01-CRUSHER-007,fixed_crusher,2026-09-01T16:18:11.854Z,3,running,72.6,3.7,3095.6,0.999,13724.18,25.0,[]
f45f2fc4-ff8d-4076-9708-cd54f578cc08,1.0,acme-mining,site-01,equipment_health,ACME-S01-CRUSHER-008,fixed_crusher,2026-09-01T16:18:11.854Z,3,running,74.9,4.05,3071.3,0.999,12502.24,24.3,[]
d0028211-cb88-4ab8-983d-8154764093b7,1.0,acme-mining,site-01,equipment_health,ACME-S01-CRUSHER-009,fixed_crusher,2026-09-01T16:18:11.854Z,3,running,77.6,4.01,3128.1,0.999,15703.34,23.8,[]
97c4f8ad-c547-4c52-85f3-5b9e0256781b,1.0,acme-mining,site-01,equipment_health,ACME-S01-CRUSHER-010,fixed_crusher,2026-09-01T16:18:11.854Z,3,running,69.4,4.5,3096.7,0.999,9812.95,24.6,[]
7da1eec0-c63a-49cb-9989-0c2e5873751b,1.0,acme-mining,site-01,equipment_health,ACME-S01-CRUSHER-011,fixed_crusher,2026-09-01T16:18:11.854Z,3,running,77.0,4.47,2913.4,0.999,13414.94,25.0,[]
e1a021eb-bfb9-41cb-918b-2f2b5fc4d4b3,1.0,acme-mining,site-01,equipment_health,ACME-S01-CRUSHER-012,fixed_crusher,2026-09-01T16:18:11.854Z,3,running,72.6,4.34,3029.5,0.999,11410.01,25.0,[]
f056c366-331e-4602-890c-b04de70a6ab9,1.0,acme-mining,site-01,equipment_health,ACME-S01-CRUSHER-013,fixed_crusher,2026-09-01T16:18:11.854Z,3,running,77.9,3.62,3048.6,0.999,5653.2,25.0,[]
75e91fe3-98b0-4764-8782-6887b70e1661,1.0,acme-mining,site-01,equipment_health,ACME-S01-CRUSHER-014,fixed_crusher,2026-09-01T16:18:11.854Z,3,running,76.6,3.63,3046.2,0.999,1652.92,24.5,[]
eb0367e8-af11-4e0e-8bc0-30b5929b1bda,1.0,acme-mining,site-01,equipment_health,ACME-S01-CRUSHER-015,fixed_crusher,2026-09-01T16:18:11.854Z,3,running,73.2,4.12,3141.8,1.0,21343.98,24.0,[]
3e75c061-89bc-4f94-ba38-b5e00c68a8ce,1.0,acme-mining,site-01,equipment_health,ACME-S01-CRUSHER-016,fixed_crusher,2026-09-01T16:18:11.854Z,3,running,69.5,4.19,3079.8,0.999,6910.22,25.1,[]
ab138745-6b53-4bfc-90f7-e22fd1fc82a5,1.0,acme-mining,site-01,equipment_health,ACME-S01-CRUSHER-017,fixed_crusher,2026-09-01T16:18:11.854Z,3,running,70.0,3.57,2938.3,0.999,19136.11,25.0,[]
ed7929ad-881b-4c8e-a2ce-d20de9879f54,1.0,acme-mining,site-01,equipment_health,ACME-S01-CRUSHER-018,fixed_crusher,2026-09-01T16:18:11.854Z,3,running,69.0,3.53,3026.5,1.0,14058.67,24.3,[]
41d95eda-3e99-48eb-a390-de5996ea8948,1.0,acme-mining,site-01,equipment_health,ACME-S01-CRUSHER-019,fixed_crusher,2026-09-01T16:18:11.854Z,3,running,72.8,3.7,2958.7,0.999,1412.04,25.0,[]
9665176e-18c4-43b9-913a-bd3437180c10,1.0,acme-mining,site-01,equipment_health,ACME-S01-CRUSHER-020,fixed_crusher,2026-09-01T16:18:11.854Z,3,running,72.4,4.22,2930.8,0.999,21835.86,24.0,[]
87851f42-451c-4c59-b0df-06053107a3fb,1.0,acme-mining,site-02,equipment_health,ACME-S02-CRUSHER-001,fixed_crusher,2026-09-01T16:18:11.854Z,3,running,73.2,4.41,2973.7,0.999,21531.71,24.0,[]
c53f42d8-7342-47cd-a010-9914a291d5ef,1.0,acme-mining,site-02,equipment_health,ACME-S02-CRUSHER-002,fixed_crusher,2026-09-01T16:18:11.854Z,3,running,72.4,3.98,2965.8,0.999,7608.76,25.0,[]
055a47aa-38a9-4482-a17f-87b482cc8b7e,1.0,acme-mining,site-02,equipment_health,ACME-S02-CRUSHER-003,fixed_crusher,2026-09-01T16:18:11.854Z,3,running,69.2,3.89,2919.8,0.999,20160.47,24.9,[]
f4dc231e-c374-4dc5-b533-7e201bec9195,1.0,acme-mining,site-02,equipment_health,ACME-S02-CRUSHER-004,fixed_crusher,2026-09-01T16:18:11.854Z,3,running,73.1,3.8,3057.7,0.999,4749.81,24.5,[]
fe53fca5-06f5-4163-aa60-0cd097eaeaea,1.0,acme-mining,site-02,equipment_health,ACME-S02-CRUSHER-005,fixed_crusher,2026-09-01T16:18:11.854Z,3,running,71.1,4.52,3008.3,0.999,6832.71,25.1,[]
7a4a458c-82b7-4692-bb6a-33fb4f223a51,1.0,acme-mining,site-02,equipment_health,ACME-S02-CRUSHER-006,fixed_crusher,2026-09-01T16:18:11.854Z,3,running,76.4,4.23,3119.4,0.999,17946.86,23.8,[]
9b3d4163-2905-4696-b9f4-3f963d38994e,1.0,acme-mining,site-02,equipment_health,ACME-S02-CRUSHER-007,fixed_crusher,2026-09-01T16:18:11.854Z,3,running,69.4,3.91,3135.8,1.0,12836.97,24.7,[]
5a3a6549-eeea-4f49-b754-49f6b7bca3ea,1.0,acme-mining,site-02,equipment_health,ACME-S02-CRUSHER-008,fixed_crusher,2026-09-01T16:18:11.854Z,3,running,76.1,4.31,2970.6,1.0,9297.67,24.1,[]
d4b73353-2979-4d37-9be6-ee26bd5ae0a5,1.0,acme-mining,site-02,equipment_health,ACME-S02-CRUSHER-009,fixed_crusher,2026-09-01T16:18:11.854Z,3,running,76.6,4.32,2900.8,0.999,16779.65,23.9,[]
3e8acd47-2672-4453-bb57-1e4bbffd25d6,1.0,acme-mining,site-02,equipment_health,ACME-S02-CRUSHER-010,fixed_crusher,2026-09-01T16:18:11.854Z,3,running,69.8,3.96,2965.8,0.999,14957.07,24.3,[]
2a54e83e-a18e-4ee4-9389-b38ff8b3c462,1.0,acme-mining,site-02,equipment_health,ACME-S02-CRUSHER-011,fixed_crusher,2026-09-01T16:18:11.854Z,3,running,72.8,4.22,2945.0,0.999,14340.68,24.2,[]
de7c96ed-9dc1-4093-96f3-158982d06323,1.0,acme-mining,site-02,equipment_health,ACME-S02-CRUSHER-012,fixed_crusher,2026-09-01T16:18:11.854Z,3,running,72.9,4.38,2998.1,0.999,9615.93,24.3,[]
c81c2204-bd78-43e2-81dd-d0ef92255a41,1.0,acme-mining,site-02,equipment_health,ACME-S02-CRUSHER-013,fixed_crusher,2026-09-01T16:18:11.854Z,3,running,69.1,4.47,3088.7,0.999,11940.75,24.2,[]
2d1e71d9-9dff-4dcc-90b8-0b96112e8111,1.0,acme-mining,site-02,equipment_health,ACME-S02-CRUSHER-014,fixed_crusher,2026-09-01T16:18:11.854Z,3,running,74.6,3.63,3016.2,0.999,12941.28,24.2,[]
c3fe0707-b81a-4cc5-bda9-9d6389fdf24f,1.0,acme-mining,site-02,equipment_health,ACME-S02-CRUSHER-015,fixed_crusher,2026-09-01T16:18:11.854Z,3,running,75.0,4.35,3020.9,0.999,19856.46,24.9,[]
7009929e-96fa-4ca1-829e-ab3973222a1d,1.0,acme-mining,site-02,equipment_health,ACME-S02-CRUSHER-016,fixed_crusher,2026-09-01T16:18:11.854Z,3,running,70.3,3.82,3026.9,0.999,16133.54,25.0,[]
8cedd39c-4704-42ae-97c7-20c4a69504d7,1.0,acme-mining,site-02,equipment_health,ACME-S02-CRUSHER-017,fixed_crusher,2026-09-01T16:18:11.854Z,3,running,75.7,3.79,2979.4,1.0,12272.67,24.3,[]
c05402a2-abff-446b-8a9f-18fb7513913c,1.0,acme-mining,site-02,equipment_health,ACME-S02-CRUSHER-018,fixed_crusher,2026-09-01T16:18:11.854Z,3,running,77.1,3.8,3082.0,0.999,17035.55,24.3,[]
45f5ac1a-39ae-4be0-98c4-11fe181967e2,1.0,acme-mining,site-02,equipment_health,ACME-S02-CRUSHER-019,fixed_crusher,2026-09-01T16:18:11.854Z,3,running,72.1,4.13,2941.6,0.999,8763.69,24.1,[]
beafb81a-6243-4bba-9081-6ca572d52a51,1.0,acme-mining,site-02,equipment_health,ACME-S02-CRUSHER-020,fixed_crusher,2026-09-01T16:18:11.854Z,3,running,74.1,3.86,3051.2,0.999,9132.85,23.8,[]
656525c6-3ee6-4547-a5ed-f8a2dffd21e9,1.0,beta-minerals,north-site,equipment_health,BETA-NORTH-CRUSHER-001,fixed_crusher,2026-09-01T16:18:11.854Z,3,running,72.5,3.83,2908.9,0.999,10268.56,24.0,[]
b05eadf8-bd19-4ddc-a6bf-911d7cdcf773,1.0,beta-minerals,north-site,equipment_health,BETA-NORTH-CRUSHER-002,fixed_crusher,2026-09-01T16:18:11.854Z,3,running,72.0,3.69,3033.7,0.999,10090.27,24.0,[]
f12ecbaf-55e5-4a72-87e4-7fdbbcd4eb88,1.0,beta-minerals,north-site,equipment_health,BETA-NORTH-CRUSHER-003,fixed_crusher,2026-09-01T16:18:11.854Z,3,running,76.9,3.88,3014.5,0.999,17521.08,24.7,[]
3eb98be8-0e9f-49d9-85ca-9728d035e891,1.0,beta-minerals,north-site,equipment_health,BETA-NORTH-CRUSHER-004,fixed_crusher,2026-09-01T16:18:11.854Z,3,running,77.3,4.4,3042.3,0.999,7556.8,23.9,[]
9a2503f7-ae6e-43cf-9153-9626e141c7c4,1.0,beta-minerals,north-site,equipment_health,BETA-NORTH-CRUSHER-005,fixed_crusher,2026-09-01T16:18:11.854Z,3,running,74.1,4.3,3103.1,1.0,7964.56,23.9,[]
5c2d3b28-b747-43d2-aa18-a08823de65b4,1.0,beta-minerals,north-site,equipment_health,BETA-NORTH-CRUSHER-006,fixed_crusher,2026-09-01T16:18:11.854Z,3,running,71.4,4.2,2975.5,1.0,4130.6,24.4,[]
8ee88c60-6ea6-4faa-aa7a-098256ae7891,1.0,beta-minerals,north-site,equipment_health,BETA-NORTH-CRUSHER-007,fixed_crusher,2026-09-01T16:18:11.854Z,3,running,75.2,4.32,2919.8,0.999,14804.68,25.1,[]
43bb1cc0-b9d8-47ae-9c0c-e4cb182d8d0e,1.0,beta-minerals,north-site,equipment_health,BETA-NORTH-CRUSHER-008,fixed_crusher,2026-09-01T16:18:11.854Z,3,running,73.7,4.59,3053.9,0.999,9865.25,24.6,[]
9fa197e9-0363-486c-a2cf-ea76057dac81,1.0,beta-minerals,north-site,equipment_health,BETA-NORTH-CRUSHER-009,fixed_crusher,2026-09-01T16:18:11.854Z,3,running,68.5,4.13,2953.8,0.999,21513.63,25.1,[]
6838b16d-4633-477f-ab2f-51df2239eaca,1.0,beta-minerals,north-site,equipment_health,BETA-NORTH-CRUSHER-010,fixed_crusher,2026-09-01T16:18:11.854Z,3,running,69.9,4.05,2911.4,0.999,9015.58,24.4,[]
7a54da4b-e97c-4d34-954e-36a6abf848f4,1.0,beta-minerals,north-site,equipment_health,BETA-NORTH-CRUSHER-011,fixed_crusher,2026-09-01T16:18:11.854Z,3,running,68.1,3.73,3095.5,1.0,12762.03,24.7,[]
45b82028-e3da-4164-bb39-9ac964e348a4,1.0,beta-minerals,north-site,equipment_health,BETA-NORTH-CRUSHER-012,fixed_crusher,2026-09-01T16:18:11.854Z,3,running,75.9,4.2,2924.3,0.999,5623.27,24.1,[]
00373cd7-550b-49dc-8dce-cf093bee0cea,1.0,beta-minerals,north-site,equipment_health,BETA-NORTH-CRUSHER-013,fixed_crusher,2026-09-01T16:18:11.854Z,3,running,74.1,4.3,3052.3,0.999,19491.07,24.4,[]
d6f49923-5c72-4cd3-bf36-7026de97d361,1.0,beta-minerals,north-site,equipment_health,BETA-NORTH-CRUSHER-014,fixed_crusher,2026-09-01T16:18:11.854Z,3,running,73.4,4.02,3039.4,0.999,15163.74,24.3,[]
ab39b000-2fbc-4c60-806a-bf5cb90f40a3,1.0,beta-minerals,north-site,equipment_health,BETA-NORTH-CRUSHER-015,fixed_crusher,2026-09-01T16:18:11.854Z,3,running,69.5,4.44,3024.7,0.999,3475.15,24.5,[]
09d89acd-5510-4fce-a0cd-16796004291f,1.0,beta-minerals,north-site,equipment_health,BETA-NORTH-CRUSHER-016,fixed_crusher,2026-09-01T16:18:11.854Z,3,running,72.0,4.23,3042.8,0.999,7578.69,23.9,[]
29e749cd-0292-4e39-ba15-1d4acb8dc560,1.0,beta-minerals,north-site,equipment_health,BETA-NORTH-CRUSHER-017,fixed_crusher,2026-09-01T16:18:11.854Z,3,running,68.8,4.32,3032.4,0.999,10512.94,24.2,[]
fc1efda8-0595-4a6d-9d71-536f29276616,1.0,beta-minerals,north-site,equipment_health,BETA-NORTH-CRUSHER-018,fixed_crusher,2026-09-01T16:18:11.854Z,3,running,72.7,3.67,3046.2,1.0,12811.8,24.7,[]
09d77612-c4c3-418c-8bd8-d6205a73ace8,1.0,beta-minerals,north-site,equipment_health,BETA-NORTH-CRUSHER-019,fixed_crusher,2026-09-01T16:18:11.854Z,3,running,75.6,4.33,2971.0,1.0,19458.88,24.8,[]
bf67effa-0fb7-4d1f-8aa2-ec3a394febf1,1.0,beta-minerals,north-site,equipment_health,BETA-NORTH-CRUSHER-020,fixed_crusher,2026-09-01T16:18:11.854Z,3,running,73.4,3.92,3137.2,1.0,3849.68,24.0,[]
20e99be5-dbd7-429d-a3cb-e3b6cf109563,1.0,beta-minerals,north-site,equipment_health,BETA-NORTH-CRUSHER-021,fixed_crusher,2026-09-01T16:18:11.854Z,3,running,69.1,3.82,3116.2,1.0,20321.71,24.9,[]
69942030-a20f-4dd6-a1aa-580c45cca646,1.0,beta-minerals,north-site,equipment_health,BETA-NORTH-CRUSHER-022,fixed_crusher,2026-09-01T16:18:11.854Z,3,running,73.5,3.89,2954.4,0.999,21416.93,25.1,[]
472421d8-1e59-4720-8ae0-48bb4e488968,1.0,beta-minerals,north-site,equipment_health,BETA-NORTH-CRUSHER-023,fixed_crusher,2026-09-01T16:18:11.854Z,3,running,74.3,4.23,3071.7,0.999,4784.24,24.7,[]
a022659f-7b08-40f0-94e5-0b3c2b0ce3d1,1.0,beta-minerals,north-site,equipment_health,BETA-NORTH-CRUSHER-024,fixed_crusher,2026-09-01T16:18:11.854Z,3,running,73.3,3.75,3001.0,0.999,17579.6,24.9,[]
76972a17-7e5e-4df6-b67e-f87a6e7fd013,1.0,beta-minerals,north-site,equipment_health,BETA-NORTH-CRUSHER-025,fixed_crusher,2026-09-01T16:18:11.854Z,3,running,69.6,4.46,3000.0,0.999,4886.59,23.8,[]
03a56f2f-2960-4f09-9435-5eca4cc4cda2,1.0,beta-minerals,north-site,equipment_health,BETA-NORTH-CRUSHER-026,fixed_crusher,2026-09-01T16:18:11.854Z,3,running,74.6,4.25,2924.6,0.999,8609.07,24.6,[]
4df6f45a-46a7-4c71-acf2-38719094972f,1.0,beta-minerals,north-site,equipment_health,BETA-NORTH-CRUSHER-027,fixed_crusher,2026-09-01T16:18:11.854Z,3,running,69.9,3.53,2956.0,0.999,4564.78,24.7,[]
9cd5e0a8-b221-4da8-8377-f73a8e6e6be3,1.0,beta-minerals,north-site,equipment_health,BETA-NORTH-CRUSHER-028,fixed_crusher,2026-09-01T16:18:11.854Z,3,running,73.7,3.95,2905.7,1.0,6843.47,24.7,[]
72d25229-312c-4fc5-bcae-a4d994e449e9,1.0,beta-minerals,north-site,equipment_health,BETA-NORTH-CRUSHER-029,fixed_crusher,2026-09-01T16:18:11.854Z,3,running,74.8,4.55,2905.7,0.999,6504.58,24.6,[]
f108e73f-51e9-4c4f-9c8c-5df5c2afb6ba,1.0,beta-minerals,north-site,equipment_health,BETA-NORTH-CRUSHER-030,fixed_crusher,2026-09-01T16:18:11.854Z,3,running,73.1,3.71,3128.3,1.0,13544.21,24.4,[]
68834ec0-109f-47be-b81c-008221674c8b,1.0,acme-mining,site-01,equipment_health,ACME-S01-CRUSHER-001,fixed_crusher,2026-09-01T16:18:16.854Z,4,running,73.4,3.94,3073.9,0.999,16458.42,24.1,[]
bcaac886-c573-42ee-a311-a6f0347977de,1.0,acme-mining,site-01,equipment_health,ACME-S01-CRUSHER-002,fixed_crusher,2026-09-01T16:18:16.854Z,4,running,76.8,3.95,2965.8,0.999,5622.65,24.8,[]
aa04e35d-3bbd-4afe-a07c-4028b73fc54c,1.0,acme-mining,site-01,equipment_health,ACME-S01-CRUSHER-003,fixed_crusher,2026-09-01T16:18:16.854Z,4,running,77.2,3.61,3139.0,0.999,14322.84,24.9,[]
7716e77d-e5c3-4262-be78-389c8d77c9cd,1.0,acme-mining,site-01,equipment_health,ACME-S01-CRUSHER-004,fixed_crusher,2026-09-01T16:18:16.854Z,4,running,73.7,3.59,3149.9,0.999,6152.55,24.4,[]
f6dd92bb-0a72-4e8a-adfe-b940c14a150a,1.0,acme-mining,site-01,equipment_health,ACME-S01-CRUSHER-005,fixed_crusher,2026-09-01T16:18:16.854Z,4,faulted,106.0,9.96,3023.6,0.58,3962.99,24.1,"[""BEARING_OVERHEAT"",""VIBRATION_HIGH""]"
dab4f5f2-04cb-4d81-9d9d-5294e3712c09,1.0,acme-mining,site-01,equipment_health,ACME-S01-CRUSHER-006,fixed_crusher,2026-09-01T16:18:16.854Z,4,running,70.2,3.51,2960.9,0.999,17244.71,23.8,[]
f918400f-6837-4e61-bc97-3239b83f6d16,1.0,acme-mining,site-01,equipment_health,ACME-S01-CRUSHER-007,fixed_crusher,2026-09-01T16:18:16.854Z,4,running,72.1,4.11,3042.0,0.999,13724.18,24.4,[]
4d0c2785-affa-44ea-a4c9-c0aba04641a0,1.0,acme-mining,site-01,equipment_health,ACME-S01-CRUSHER-008,fixed_crusher,2026-09-01T16:18:16.854Z,4,running,74.3,4.48,3144.8,0.999,12502.24,24.8,[]
e4ca166b-3240-4195-932e-68ec01a06a1e,1.0,acme-mining,site-01,equipment_health,ACME-S01-CRUSHER-009,fixed_crusher,2026-09-01T16:18:16.854Z,4,running,76.0,3.79,2992.6,0.999,15703.34,25.1,[]
55c2b7cd-9165-4494-ab6d-8e307576714e,1.0,acme-mining,site-01,equipment_health,ACME-S01-CRUSHER-010,fixed_crusher,2026-09-01T16:18:16.854Z,4,running,71.6,4.55,2933.6,0.999,9812.95,25.0,[]
46c6f7c2-2420-4a5b-af1b-81560bbb548e,1.0,acme-mining,site-01,equipment_health,ACME-S01-CRUSHER-011,fixed_crusher,2026-09-01T16:18:16.854Z,4,running,73.4,3.64,3145.3,0.999,13414.94,24.9,[]
2192b12f-ecbd-4a97-96d8-19bce962c204,1.0,acme-mining,site-01,equipment_health,ACME-S01-CRUSHER-012,fixed_crusher,2026-09-01T16:18:16.854Z,4,running,71.1,4.39,3051.0,0.999,11410.02,24.8,[]
07c62f58-9ed0-40d8-be3f-d4979e72da4d,1.0,acme-mining,site-01,equipment_health,ACME-S01-CRUSHER-013,fixed_crusher,2026-09-01T16:18:16.854Z,4,running,73.5,4.58,3016.3,0.999,5653.2,24.6,[]
197b17a0-1e0f-4350-ba90-4a507f3bb7db,1.0,acme-mining,site-01,equipment_health,ACME-S01-CRUSHER-014,fixed_crusher,2026-09-01T16:18:16.854Z,4,running,73.0,3.98,3138.3,0.999,1652.92,24.0,[]
66b9a109-025a-4606-ab19-6563b8df0297,1.0,acme-mining,site-01,equipment_health,ACME-S01-CRUSHER-015,fixed_crusher,2026-09-01T16:18:16.854Z,4,running,68.6,3.88,3116.9,0.999,21343.98,24.0,[]
9fc537b1-0889-4eac-b6f5-d4984870172f,1.0,acme-mining,site-01,equipment_health,ACME-S01-CRUSHER-016,fixed_crusher,2026-09-01T16:18:16.854Z,4,running,75.2,4.13,3136.8,0.999,6910.22,24.8,[]
d06c4fd7-bc8c-46dd-94bc-4949cb2d4a95,1.0,acme-mining,site-01,equipment_health,ACME-S01-CRUSHER-017,fixed_crusher,2026-09-01T16:18:16.854Z,4,running,75.0,4.54,3146.6,0.999,19136.11,24.1,[]
c7008baa-19a9-4a6c-87e8-2513d92a2984,1.0,acme-mining,site-01,equipment_health,ACME-S01-CRUSHER-018,fixed_crusher,2026-09-01T16:18:16.854Z,4,running,74.7,3.86,3042.5,0.999,14058.67,25.0,[]
99c1a453-d5bd-4314-bc10-bba3a952e951,1.0,acme-mining,site-01,equipment_health,ACME-S01-CRUSHER-019,fixed_crusher,2026-09-01T16:18:16.854Z,4,running,73.4,4.25,2978.6,0.999,1412.04,23.8,[]
03bcd8c2-8624-47e1-aadf-4958c7a7b78b,1.0,acme-mining,site-01,equipment_health,ACME-S01-CRUSHER-020,fixed_crusher,2026-09-01T16:18:16.854Z,4,running,71.6,3.63,3144.3,0.999,21835.86,24.7,[]
ab4b4b00-3e9a-4dc1-8f51-96e9c6167f76,1.0,acme-mining,site-02,equipment_health,ACME-S02-CRUSHER-001,fixed_crusher,2026-09-01T16:18:16.854Z,4,running,71.0,3.72,2974.0,0.999,21531.71,23.8,[]
c8d3bc81-6730-4ced-9122-c4e2a1e7cdb3,1.0,acme-mining,site-02,equipment_health,ACME-S02-CRUSHER-002,fixed_crusher,2026-09-01T16:18:16.854Z,4,running,71.7,4.35,3148.2,0.999,7608.76,24.4,[]
e1f4043f-8389-483c-bbe3-8b1bcc422821,1.0,acme-mining,site-02,equipment_health,ACME-S02-CRUSHER-003,fixed_crusher,2026-09-01T16:18:16.854Z,4,running,72.4,3.85,3134.2,0.999,20160.48,24.4,[]
80ddeb18-34c0-499e-9b6f-4238c1e6992a,1.0,acme-mining,site-02,equipment_health,ACME-S02-CRUSHER-004,fixed_crusher,2026-09-01T16:18:16.854Z,4,running,70.8,4.15,2980.7,0.999,4749.81,23.8,[]
fea2e85e-f228-462f-a7ca-294543c6d69e,1.0,acme-mining,site-02,equipment_health,ACME-S02-CRUSHER-005,fixed_crusher,2026-09-01T16:18:16.854Z,4,running,72.8,3.66,3108.0,0.999,6832.71,24.3,[]
19b60847-1827-4146-8bac-47d647e861ef,1.0,acme-mining,site-02,equipment_health,ACME-S02-CRUSHER-006,fixed_crusher,2026-09-01T16:18:16.854Z,4,faulted,105.1,9.11,3053.3,0.58,17946.86,24.3,"[""BEARING_OVERHEAT"",""VIBRATION_HIGH""]"
6ffb0b52-6cf4-4d1d-8505-de86e262a661,1.0,acme-mining,site-02,equipment_health,ACME-S02-CRUSHER-007,fixed_crusher,2026-09-01T16:18:16.854Z,4,running,73.1,4.3,3078.4,0.999,12836.97,24.5,[]
31a8d72e-c5ba-49e7-b53f-0fc91e303a5d,1.0,acme-mining,site-02,equipment_health,ACME-S02-CRUSHER-008,fixed_crusher,2026-09-01T16:18:16.854Z,4,running,69.0,3.68,3078.5,0.999,9297.67,23.9,[]
d0fa8a4b-5954-4a36-8d96-9f16baf695ce,1.0,acme-mining,site-02,equipment_health,ACME-S02-CRUSHER-009,fixed_crusher,2026-09-01T16:18:16.854Z,4,running,68.8,3.88,2917.4,0.999,16779.65,24.4,[]
3719abef-1c8d-4090-8891-bb64b9e465c1,1.0,acme-mining,site-02,equipment_health,ACME-S02-CRUSHER-010,fixed_crusher,2026-09-01T16:18:16.854Z,4,running,75.9,4.26,3037.0,0.999,14957.07,23.9,[]
22f5b817-24f3-4bee-8e26-ff10b86d52c5,1.0,acme-mining,site-02,equipment_health,ACME-S02-CRUSHER-011,fixed_crusher,2026-09-01T16:18:16.854Z,4,running,75.6,4.46,2956.8,0.999,14340.69,23.9,[]
049d827a-08fe-4beb-b85f-f6d11778aa56,1.0,acme-mining,site-02,equipment_health,ACME-S02-CRUSHER-012,fixed_crusher,2026-09-01T16:18:16.854Z,4,running,74.4,4.27,3019.7,0.999,9615.93,23.9,[]
0247e17e-bc5a-4f32-9e1f-1feb49b4569c,1.0,acme-mining,site-02,equipment_health,ACME-S02-CRUSHER-013,fixed_crusher,2026-09-01T16:18:16.854Z,4,running,77.5,3.65,2979.9,0.999,11940.75,24.3,[]
faa73825-7b4e-427c-9002-2ef1ff9c5794,1.0,acme-mining,site-02,equipment_health,ACME-S02-CRUSHER-014,fixed_crusher,2026-09-01T16:18:16.854Z,4,running,73.1,3.82,2905.9,0.999,12941.28,24.8,[]
3286cd82-1136-4252-bfc8-bad61b50dc93,1.0,acme-mining,site-02,equipment_health,ACME-S02-CRUSHER-015,fixed_crusher,2026-09-01T16:18:16.854Z,4,running,70.0,3.54,2957.4,0.999,19856.46,24.5,[]
015fa492-26f1-48a7-a281-deb633ae429b,1.0,acme-mining,site-02,equipment_health,ACME-S02-CRUSHER-016,fixed_crusher,2026-09-01T16:18:16.854Z,4,running,76.8,4.06,3107.3,0.999,16133.54,24.4,[]
be182058-23ac-493f-8f8a-5e3d06258c59,1.0,acme-mining,site-02,equipment_health,ACME-S02-CRUSHER-017,fixed_crusher,2026-09-01T16:18:16.854Z,4,running,74.3,4.19,2966.4,0.999,12272.67,24.3,[]
dd597091-2991-4e35-a3a6-a8b0798f7650,1.0,acme-mining,site-02,equipment_health,ACME-S02-CRUSHER-018,fixed_crusher,2026-09-01T16:18:16.854Z,4,running,75.5,3.78,2948.9,0.999,17035.55,25.1,[]
bcae6e97-0138-4582-a85e-37dd93877101,1.0,acme-mining,site-02,equipment_health,ACME-S02-CRUSHER-019,fixed_crusher,2026-09-01T16:18:16.854Z,4,running,72.5,3.99,3141.9,0.999,8763.69,24.7,[]
36fd0450-0aa9-4ddc-ade8-27890a27ca15,1.0,acme-mining,site-02,equipment_health,ACME-S02-CRUSHER-020,fixed_crusher,2026-09-01T16:18:16.854Z,4,running,69.1,3.93,2926.7,0.999,9132.85,25.1,[]
c6de7506-ef98-4957-b394-9a290df3cf63,1.0,beta-minerals,north-site,equipment_health,BETA-NORTH-CRUSHER-001,fixed_crusher,2026-09-01T16:18:16.854Z,4,running,69.9,4.51,2941.5,0.999,10268.56,25.2,[]
407279a8-e287-4c1f-ad67-2179f5c7b9cc,1.0,beta-minerals,north-site,equipment_health,BETA-NORTH-CRUSHER-002,fixed_crusher,2026-09-01T16:18:16.854Z,4,running,70.7,3.53,2954.7,0.999,10090.27,24.5,[]
17bf323b-3aff-46a0-a407-5affe6a80d1c,1.0,beta-minerals,north-site,equipment_health,BETA-NORTH-CRUSHER-003,fixed_crusher,2026-09-01T16:18:16.854Z,4,faulted,99.4,7.63,3055.4,0.58,17521.08,24.5,"[""BEARING_OVERHEAT"",""VIBRATION_HIGH""]"
2f30efee-5810-4792-9252-85c3d3ca9b70,1.0,beta-minerals,north-site,equipment_health,BETA-NORTH-CRUSHER-004,fixed_crusher,2026-09-01T16:18:16.854Z,4,running,72.9,4.34,2909.0,0.999,7556.8,24.9,[]
2e882c31-98e4-4f33-b667-a3519af4c1ac,1.0,beta-minerals,north-site,equipment_health,BETA-NORTH-CRUSHER-005,fixed_crusher,2026-09-01T16:18:16.854Z,4,running,68.7,4.56,3133.2,0.999,7964.56,24.3,[]
a5469470-09c8-4543-969d-218c06a87427,1.0,beta-minerals,north-site,equipment_health,BETA-NORTH-CRUSHER-006,fixed_crusher,2026-09-01T16:18:16.854Z,4,running,75.2,3.79,2935.6,0.999,4130.61,25.1,[]
a501ccf3-b2f7-4c43-8b5b-c42498341e96,1.0,beta-minerals,north-site,equipment_health,BETA-NORTH-CRUSHER-007,fixed_crusher,2026-09-01T16:18:16.854Z,4,running,71.9,3.55,2975.7,0.999,14804.68,25.1,[]
13f4359e-6e5f-4279-b218-3f0ff98a03c8,1.0,beta-minerals,north-site,equipment_health,BETA-NORTH-CRUSHER-008,fixed_crusher,2026-09-01T16:18:16.854Z,4,running,72.2,4.41,2937.9,0.999,9865.25,24.6,[]
72baf673-965c-4efb-81c8-d5e1c325914f,1.0,beta-minerals,north-site,equipment_health,BETA-NORTH-CRUSHER-009,fixed_crusher,2026-09-01T16:18:16.854Z,4,running,68.0,3.57,3114.7,0.999,21513.63,24.2,[]
d0b8f930-1bd1-4d2a-aa82-ea082a585c58,1.0,beta-minerals,north-site,equipment_health,BETA-NORTH-CRUSHER-010,fixed_crusher,2026-09-01T16:18:16.854Z,4,running,72.7,4.58,3131.2,0.999,9015.58,24.5,[]
77ad7167-f1e5-4666-b372-3e389447ee0b,1.0,beta-minerals,north-site,equipment_health,BETA-NORTH-CRUSHER-011,fixed_crusher,2026-09-01T16:18:16.854Z,4,running,77.0,4.18,3144.9,0.999,12762.03,25.0,[]
dcada1bd-046c-4878-bf2f-2a66e6dd7c2e,1.0,beta-minerals,north-site,equipment_health,BETA-NORTH-CRUSHER-012,fixed_crusher,2026-09-01T16:18:16.854Z,4,running,73.6,4.48,3103.6,0.999,5623.28,24.3,[]
3ac6814b-a008-46e8-a844-aecf6ef0e47e,1.0,beta-minerals,north-site,equipment_health,BETA-NORTH-CRUSHER-013,fixed_crusher,2026-09-01T16:18:16.854Z,4,running,74.7,4.42,3047.4,0.999,19491.07,24.8,[]
e5082b57-235d-44d1-ae4b-05e8d28059a2,1.0,beta-minerals,north-site,equipment_health,BETA-NORTH-CRUSHER-014,fixed_crusher,2026-09-01T16:18:16.854Z,4,running,70.5,4.4,3008.5,0.999,15163.75,24.2,[]
b8eaefbe-f230-43a4-888f-8ffa91bb9766,1.0,beta-minerals,north-site,equipment_health,BETA-NORTH-CRUSHER-015,fixed_crusher,2026-09-01T16:18:16.854Z,4,running,77.7,4.59,2912.8,0.999,3475.15,24.6,[]
8e2386d6-2229-4c1b-812a-bd933f6b335b,1.0,beta-minerals,north-site,equipment_health,BETA-NORTH-CRUSHER-016,fixed_crusher,2026-09-01T16:18:16.854Z,4,running,76.2,4.11,3111.1,0.999,7578.69,24.1,[]
12512565-dab0-4465-982d-b946bce76b23,1.0,beta-minerals,north-site,equipment_health,BETA-NORTH-CRUSHER-017,fixed_crusher,2026-09-01T16:18:16.854Z,4,running,69.5,3.61,3035.6,0.999,10512.94,24.3,[]
efcd820a-3657-4296-8ba7-4e6ac1aee8f2,1.0,beta-minerals,north-site,equipment_health,BETA-NORTH-CRUSHER-018,fixed_crusher,2026-09-01T16:18:16.854Z,4,running,71.3,3.59,2940.6,0.999,12811.8,24.5,[]
f14cc80c-fb51-440d-b5c8-0118686c26e3,1.0,beta-minerals,north-site,equipment_health,BETA-NORTH-CRUSHER-019,fixed_crusher,2026-09-01T16:18:16.854Z,4,running,71.1,4.48,3008.9,0.999,19458.88,24.9,[]
58af346e-424b-4bb5-9c88-2a429e65b1c8,1.0,beta-minerals,north-site,equipment_health,BETA-NORTH-CRUSHER-020,fixed_crusher,2026-09-01T16:18:16.854Z,4,running,68.3,4.53,2929.6,0.999,3849.68,24.1,[]
aad08141-d95c-4dbd-8552-6870286d04cf,1.0,beta-minerals,north-site,equipment_health,BETA-NORTH-CRUSHER-021,fixed_crusher,2026-09-01T16:18:16.854Z,4,running,77.6,4.15,3001.3,0.999,20321.71,25.0,[]
771a4129-af79-43e9-a66d-8d206c2a370c,1.0,beta-minerals,north-site,equipment_health,BETA-NORTH-CRUSHER-022,fixed_crusher,2026-09-01T16:18:16.854Z,4,running,69.6,3.68,2981.8,0.999,21416.93,24.3,[]
6d23a4d5-4c3b-4e57-aa25-d8bf028cba43,1.0,beta-minerals,north-site,equipment_health,BETA-NORTH-CRUSHER-023,fixed_crusher,2026-09-01T16:18:16.854Z,4,running,76.0,3.51,3035.1,0.999,4784.24,24.5,[]
a9f1a42d-920e-4e5e-a427-cd41823265c4,1.0,beta-minerals,north-site,equipment_health,BETA-NORTH-CRUSHER-024,fixed_crusher,2026-09-01T16:18:16.854Z,4,running,76.1,4.21,3148.0,0.999,17579.6,23.8,[]
dba9eb76-f939-4cb9-a56a-66c669e5d757,1.0,beta-minerals,north-site,equipment_health,BETA-NORTH-CRUSHER-025,fixed_crusher,2026-09-01T16:18:16.854Z,4,running,77.8,3.9,3071.4,0.999,4886.59,25.0,[]
890eb2e3-d466-4263-b7ff-bc998fdecbfd,1.0,beta-minerals,north-site,equipment_health,BETA-NORTH-CRUSHER-026,fixed_crusher,2026-09-01T16:18:16.854Z,4,running,68.4,4.48,2982.5,0.999,8609.07,23.9,[]
481649ae-a405-4a6b-a2f1-806ae784bc41,1.0,beta-minerals,north-site,equipment_health,BETA-NORTH-CRUSHER-027,fixed_crusher,2026-09-01T16:18:16.854Z,4,running,74.1,4.4,2948.1,0.999,4564.78,24.0,[]
9c854918-4938-4ad0-8fe6-879f8e29d6f1,1.0,beta-minerals,north-site,equipment_health,BETA-NORTH-CRUSHER-028,fixed_crusher,2026-09-01T16:18:16.854Z,4,running,69.1,4.15,3053.9,0.999,6843.48,24.5,[]
748e1109-e2e0-4153-8a1c-4c1558b027bd,1.0,beta-minerals,north-site,equipment_health,BETA-NORTH-CRUSHER-029,fixed_crusher,2026-09-01T16:18:16.854Z,4,running,68.6,4.17,2965.0,0.999,6504.58,24.7,[]
896d2cd3-0d41-46ab-9538-c23dd5df9a8a,1.0,beta-minerals,north-site,equipment_health,BETA-NORTH-CRUSHER-030,fixed_crusher,2026-09-01T16:18:16.854Z,4,running,74.1,4.26,2908.0,0.999,13544.21,25.0,[]
a878a66f-a482-4e71-b2c2-550cf6d4fd9f,1.0,acme-mining,site-01,equipment_health,ACME-S01-CRUSHER-001,fixed_crusher,2026-09-01T16:18:21.854Z,5,running,68.5,3.63,2997.9,0.999,16458.43,25.0,[]
f23da610-4481-4498-af36-7ee22e7e00e5,1.0,acme-mining,site-01,equipment_health,ACME-S01-CRUSHER-002,fixed_crusher,2026-09-01T16:18:21.854Z,5,running,73.3,3.51,3056.4,0.999,5622.65,24.2,[]
3ee3b1f7-14c4-4517-865b-68b771007f8b,1.0,acme-mining,site-01,equipment_health,ACME-S01-CRUSHER-003,fixed_crusher,2026-09-01T16:18:21.854Z,5,running,77.5,4.05,3132.7,0.999,14322.84,24.5,[]
218564eb-b5a7-40de-9ab0-edbe787e861e,1.0,acme-mining,site-01,equipment_health,ACME-S01-CRUSHER-004,fixed_crusher,2026-09-01T16:18:21.854Z,5,running,73.3,3.57,2966.9,0.999,6152.55,24.0,[]
7447b1dd-e4a6-4ff1-beea-c1a7c12f2215,1.0,acme-mining,site-01,equipment_health,ACME-S01-CRUSHER-005,fixed_crusher,2026-09-01T16:18:21.854Z,5,running,74.2,3.82,2942.7,0.999,3963.0,24.6,[]
b5907ebe-1b05-49b7-8ee3-94624efe9905,1.0,acme-mining,site-01,equipment_health,ACME-S01-CRUSHER-006,fixed_crusher,2026-09-01T16:18:21.854Z,5,running,72.1,3.67,2960.7,0.999,17244.71,24.4,[]
0182e183-3649-40ec-b4c8-26ab23f33e94,1.0,acme-mining,site-01,equipment_health,ACME-S01-CRUSHER-007,fixed_crusher,2026-09-01T16:18:21.854Z,5,running,75.3,4.08,2953.5,0.999,13724.18,24.2,[]
e58e548e-b7b5-4e70-b38e-c8a2d23977ea,1.0,acme-mining,site-01,equipment_health,ACME-S01-CRUSHER-008,fixed_crusher,2026-09-01T16:18:21.854Z,5,running,76.7,4.4,2972.9,0.999,12502.24,25.2,[]
be169be1-f9f0-4e8c-bde9-19301f8ee1ee,1.0,acme-mining,site-01,equipment_health,ACME-S01-CRUSHER-009,fixed_crusher,2026-09-01T16:18:21.854Z,5,running,75.5,4.33,3116.6,0.999,15703.34,23.9,[]
01a1f482-4d39-4c99-81ad-d3940c097ebe,1.0,acme-mining,site-01,equipment_health,ACME-S01-CRUSHER-010,fixed_crusher,2026-09-01T16:18:21.854Z,5,running,74.8,3.87,3070.8,0.999,9812.95,24.2,[]
b200ee7e-0a80-404e-a876-e04c286e37da,1.0,acme-mining,site-01,equipment_health,ACME-S01-CRUSHER-011,fixed_crusher,2026-09-01T16:18:21.854Z,5,running,68.2,3.59,2994.3,0.999,13414.94,24.4,[]
62c10b58-c583-496b-91c1-64ed4f45a5ef,1.0,acme-mining,site-01,equipment_health,ACME-S01-CRUSHER-012,fixed_crusher,2026-09-01T16:18:21.854Z,5,running,73.8,4.4,3026.3,0.999,11410.02,25.1,[]
e3a2ad8d-6797-4716-b7d3-59f22d5e5a84,1.0,acme-mining,site-01,equipment_health,ACME-S01-CRUSHER-013,fixed_crusher,2026-09-01T16:18:21.854Z,5,running,71.7,4.11,3025.2,0.999,5653.2,24.0,[]
92e6ed70-a588-4758-98be-d05ab7282115,1.0,acme-mining,site-01,equipment_health,ACME-S01-CRUSHER-014,fixed_crusher,2026-09-01T16:18:21.854Z,5,running,77.7,4.01,3107.9,0.999,1652.92,23.9,[]
d90bfb9e-9097-4723-b364-deb025a5a181,1.0,acme-mining,site-01,equipment_health,ACME-S01-CRUSHER-015,fixed_crusher,2026-09-01T16:18:21.854Z,5,running,74.9,3.56,3113.2,0.999,21343.98,24.1,[]
431b48bd-5923-4268-b4d7-6120dff46301,1.0,acme-mining,site-01,equipment_health,ACME-S01-CRUSHER-016,fixed_crusher,2026-09-01T16:18:21.854Z,5,running,75.7,3.89,3107.1,0.999,6910.22,24.2,[]
34a50ecd-1dcd-4a37-a893-bf90d5942dc4,1.0,acme-mining,site-01,equipment_health,ACME-S01-CRUSHER-017,fixed_crusher,2026-09-01T16:18:21.854Z,5,running,71.9,3.74,2935.4,0.999,19136.11,23.9,[]
4664d2a9-44c6-4d53-abb9-89ac7f2de3a5,1.0,acme-mining,site-01,equipment_health,ACME-S01-CRUSHER-018,fixed_crusher,2026-09-01T16:18:21.854Z,5,running,73.3,4.29,3096.8,0.999,14058.67,24.6,[]
19f96063-e960-4891-8637-fcb77213e6ca,1.0,acme-mining,site-01,equipment_health,ACME-S01-CRUSHER-019,fixed_crusher,2026-09-01T16:18:21.854Z,5,running,73.9,4.19,2949.5,0.999,1412.04,24.1,[]
a69774d9-3bc9-4a19-910f-3177e233fd1a,1.0,acme-mining,site-01,equipment_health,ACME-S01-CRUSHER-020,fixed_crusher,2026-09-01T16:18:21.854Z,5,running,70.3,4.47,3113.7,0.999,21835.86,24.8,[]
c16cfe93-7817-4d33-a140-36c3d2e9df8b,1.0,acme-mining,site-02,equipment_health,ACME-S02-CRUSHER-001,fixed_crusher,2026-09-01T16:18:21.854Z,5,running,75.3,3.9,3121.5,0.999,21531.71,24.9,[]
04589845-ad56-4a79-982d-4b87c719c6c2,1.0,acme-mining,site-02,equipment_health,ACME-S02-CRUSHER-002,fixed_crusher,2026-09-01T16:18:21.854Z,5,running,73.2,3.76,3006.6,0.999,7608.76,25.0,[]
710247ec-a296-4c7a-994d-a048276c6330,1.0,acme-mining,site-02,equipment_health,ACME-S02-CRUSHER-003,fixed_crusher,2026-09-01T16:18:21.854Z,5,faulted,103.7,7.77,3074.3,0.58,20160.48,25.1,"[""BEARING_OVERHEAT"",""VIBRATION_HIGH""]"
56ab00bd-136b-4535-9fa3-42dc60f72046,1.0,acme-mining,site-02,equipment_health,ACME-S02-CRUSHER-004,fixed_crusher,2026-09-01T16:18:21.854Z,5,running,71.5,4.0,3053.9,0.999,4749.81,25.1,[]
8cab3ecb-6e99-4f5c-aa42-a440ff222b12,1.0,acme-mining,site-02,equipment_health,ACME-S02-CRUSHER-005,fixed_crusher,2026-09-01T16:18:21.854Z,5,running,72.7,3.57,3083.1,0.999,6832.71,24.0,[]
54274f96-bf33-4cbf-8c5b-90c327a1494f,1.0,acme-mining,site-02,equipment_health,ACME-S02-CRUSHER-006,fixed_crusher,2026-09-01T16:18:21.854Z,5,running,69.3,4.43,3031.7,0.999,17946.86,25.0,[]
edefcb4e-b04b-4ddb-9613-2d1f8930834f,1.0,acme-mining,site-02,equipment_health,ACME-S02-CRUSHER-007,fixed_crusher,2026-09-01T16:18:21.854Z,5,running,69.4,3.86,3102.3,0.999,12836.97,24.9,[]
49214428-0e79-4142-bee9-9ca5141a8369,1.0,acme-mining,site-02,equipment_health,ACME-S02-CRUSHER-008,fixed_crusher,2026-09-01T16:18:21.854Z,5,running,71.2,4.35,3026.6,0.999,9297.67,24.9,[]
7fb9bcb6-e1af-4be7-9ccd-3a98664e0ddf,1.0,acme-mining,site-02,equipment_health,ACME-S02-CRUSHER-009,fixed_crusher,2026-09-01T16:18:21.854Z,5,running,71.0,3.68,3023.2,0.999,16779.65,24.3,[]
6d0b1490-15de-4eb1-83b3-46bd8586555a,1.0,acme-mining,site-02,equipment_health,ACME-S02-CRUSHER-010,fixed_crusher,2026-09-01T16:18:21.854Z,5,running,74.7,4.1,2984.9,0.999,14957.07,24.6,[]
b279bdfa-e8f3-4203-91e4-8ebf5420fcbd,1.0,acme-mining,site-02,equipment_health,ACME-S02-CRUSHER-011,fixed_crusher,2026-09-01T16:18:21.854Z,5,running,71.2,4.28,3053.4,0.999,14340.69,24.0,[]
1ecf9b63-b86b-4d0d-9711-2818b89bbb75,1.0,acme-mining,site-02,equipment_health,ACME-S02-CRUSHER-012,fixed_crusher,2026-09-01T16:18:21.854Z,5,running,77.1,4.56,3103.1,0.999,9615.93,24.4,[]
7198e08d-a542-4b06-9101-81458d6cf8d2,1.0,acme-mining,site-02,equipment_health,ACME-S02-CRUSHER-013,fixed_crusher,2026-09-01T16:18:21.854Z,5,running,76.5,4.47,2910.7,0.999,11940.75,24.9,[]
4cedb867-48c8-479d-8c98-065878dce2d2,1.0,acme-mining,site-02,equipment_health,ACME-S02-CRUSHER-014,fixed_crusher,2026-09-01T16:18:21.854Z,5,running,74.5,3.76,3139.6,0.999,12941.28,24.0,[]
57d1cf9a-5884-42ec-ae0b-0019024c537a,1.0,acme-mining,site-02,equipment_health,ACME-S02-CRUSHER-015,fixed_crusher,2026-09-01T16:18:21.854Z,5,running,76.3,4.38,3117.1,0.999,19856.46,23.9,[]
974068b1-9803-48af-b7f9-496d2bbf6ecf,1.0,acme-mining,site-02,equipment_health,ACME-S02-CRUSHER-016,fixed_crusher,2026-09-01T16:18:21.854Z,5,faulted,102.7,7.96,3058.3,0.58,16133.54,23.9,"[""BEARING_OVERHEAT"",""VIBRATION_HIGH""]"
8ac08c32-5902-45d1-8d4b-92252f205a50,1.0,acme-mining,site-02,equipment_health,ACME-S02-CRUSHER-017,fixed_crusher,2026-09-01T16:18:21.854Z,5,running,73.2,3.92,3046.6,0.999,12272.67,25.2,[]
c88b162c-2a3e-4c05-879b-ff513db624d6,1.0,acme-mining,site-02,equipment_health,ACME-S02-CRUSHER-018,fixed_crusher,2026-09-01T16:18:21.854Z,5,running,76.5,4.59,2955.5,0.999,17035.55,24.4,[]
e81da38c-a6d7-402e-bb66-be31e6bb465b,1.0,acme-mining,site-02,equipment_health,ACME-S02-CRUSHER-019,fixed_crusher,2026-09-01T16:18:21.854Z,5,running,77.5,4.21,2937.4,0.999,8763.69,23.8,[]
e53e8c83-574a-42df-9352-2ca5d165a1fa,1.0,acme-mining,site-02,equipment_health,ACME-S02-CRUSHER-020,fixed_crusher,2026-09-01T16:18:21.854Z,5,running,75.4,3.68,2992.2,0.999,9132.85,24.1,[]
10c9e546-4ae4-4ea4-a6ae-c49ef660238f,1.0,beta-minerals,north-site,equipment_health,BETA-NORTH-CRUSHER-001,fixed_crusher,2026-09-01T16:18:21.854Z,5,running,68.6,3.83,2953.6,0.999,10268.56,25.0,[]
b8455fdd-fd36-48b0-ab05-2e0e830baac5,1.0,beta-minerals,north-site,equipment_health,BETA-NORTH-CRUSHER-002,fixed_crusher,2026-09-01T16:18:21.854Z,5,running,75.2,3.89,3088.9,0.999,10090.27,24.6,[]
c13a99c4-4c26-429c-bda2-10cb69e16012,1.0,beta-minerals,north-site,equipment_health,BETA-NORTH-CRUSHER-003,fixed_crusher,2026-09-01T16:18:21.854Z,5,running,76.7,4.29,2927.0,0.999,17521.08,24.1,[]
e2bdafb4-1559-4d8b-97c8-c79de2baf6f7,1.0,beta-minerals,north-site,equipment_health,BETA-NORTH-CRUSHER-004,fixed_crusher,2026-09-01T16:18:21.854Z,5,running,71.4,4.58,2910.9,0.999,7556.81,24.2,[]
780c59ea-da7d-4efb-998a-159d9d8d2c4f,1.0,beta-minerals,north-site,equipment_health,BETA-NORTH-CRUSHER-005,fixed_crusher,2026-09-01T16:18:21.854Z,5,running,71.3,4.41,2905.5,0.999,7964.56,24.0,[]
be41923c-ed8c-4fe6-974f-6335cc46bcfd,1.0,beta-minerals,north-site,equipment_health,BETA-NORTH-CRUSHER-006,fixed_crusher,2026-09-01T16:18:21.854Z,5,running,71.0,3.66,2931.1,0.999,4130.61,23.9,[]
2fb01a7f-63cf-4f21-87d3-8881035ebcb8,1.0,beta-minerals,north-site,equipment_health,BETA-NORTH-CRUSHER-007,fixed_crusher,2026-09-01T16:18:21.854Z,5,running,69.9,3.82,2907.1,0.999,14804.68,24.6,[]
0cb015ed-aa37-45c3-8bf6-e4341342b04e,1.0,beta-minerals,north-site,equipment_health,BETA-NORTH-CRUSHER-008,fixed_crusher,2026-09-01T16:18:21.854Z,5,running,75.6,4.03,3127.9,0.999,9865.25,24.8,[]
e2cb467e-27ce-4d2b-a9f2-d1da1299a24b,1.0,beta-minerals,north-site,equipment_health,BETA-NORTH-CRUSHER-009,fixed_crusher,2026-09-01T16:18:21.854Z,5,running,70.6,4.09,3088.3,0.999,21513.63,24.7,[]
a113b50a-ce5c-42af-9ea3-9fb89eefb4b8,1.0,beta-minerals,north-site,equipment_health,BETA-NORTH-CRUSHER-010,fixed_crusher,2026-09-01T16:18:21.854Z,5,running,75.3,4.45,3015.4,0.999,9015.58,24.6,[]
5070d1c0-ef2a-44ae-9b54-74976cb5d521,1.0,beta-minerals,north-site,equipment_health,BETA-NORTH-CRUSHER-011,fixed_crusher,2026-09-01T16:18:21.854Z,5,running,70.7,4.07,3148.8,0.999,12762.03,24.9,[]
ee360d64-0f42-4493-b294-fc649fcba46a,1.0,beta-minerals,north-site,equipment_health,BETA-NORTH-CRUSHER-012,fixed_crusher,2026-09-01T16:18:21.854Z,5,running,77.2,4.19,3136.8,0.999,5623.28,24.6,[]
51faa531-c8ea-4185-86cf-6e185a4e22dc,1.0,beta-minerals,north-site,equipment_health,BETA-NORTH-CRUSHER-013,fixed_crusher,2026-09-01T16:18:21.854Z,5,running,76.0,3.77,3143.8,0.999,19491.07,24.4,[]
924f0bef-5c30-46d6-b2a2-9cfca98fac41,1.0,beta-minerals,north-site,equipment_health,BETA-NORTH-CRUSHER-014,fixed_crusher,2026-09-01T16:18:21.854Z,5,running,77.3,3.92,2978.1,0.999,15163.75,25.0,[]
4f206a35-9bdc-4bac-88c5-3c4124caed03,1.0,beta-minerals,north-site,equipment_health,BETA-NORTH-CRUSHER-015,fixed_crusher,2026-09-01T16:18:21.854Z,5,running,70.6,3.84,3065.0,0.999,3475.15,24.0,[]
0445a38c-e807-4588-a8cd-86b5ae1ca1e8,1.0,beta-minerals,north-site,equipment_health,BETA-NORTH-CRUSHER-016,fixed_crusher,2026-09-01T16:18:21.854Z,5,running,74.8,3.56,3071.9,0.999,7578.7,24.5,[]
c2be1ab7-263e-4973-af99-5240483e6daf,1.0,beta-minerals,north-site,equipment_health,BETA-NORTH-CRUSHER-017,fixed_crusher,2026-09-01T16:18:21.854Z,5,running,71.8,4.26,2987.8,0.999,10512.94,23.9,[]
b559279b-4344-4e2e-b5e1-5d952214409a,1.0,beta-minerals,north-site,equipment_health,BETA-NORTH-CRUSHER-018,fixed_crusher,2026-09-01T16:18:21.854Z,5,running,68.6,4.42,3034.5,0.999,12811.8,24.9,[]
f922b512-01a3-4547-affb-a65b6956c94d,1.0,beta-minerals,north-site,equipment_health,BETA-NORTH-CRUSHER-019,fixed_crusher,2026-09-01T16:18:21.854Z,5,running,71.1,3.95,3077.3,0.999,19458.89,24.0,[]
4fdcf567-1891-43ba-bfc1-6e2eac9b034c,1.0,beta-minerals,north-site,equipment_health,BETA-NORTH-CRUSHER-020,fixed_crusher,2026-09-01T16:18:21.854Z,5,running,71.7,3.56,3021.4,0.999,3849.68,23.9,[]
33bf6bea-9d0e-4dca-a91a-850b341abf6c,1.0,beta-minerals,north-site,equipment_health,BETA-NORTH-CRUSHER-021,fixed_crusher,2026-09-01T16:18:21.854Z,5,running,71.0,3.65,3032.6,0.999,20321.71,24.6,[]
481047be-7956-492b-990f-62982c7001cb,1.0,beta-minerals,north-site,equipment_health,BETA-NORTH-CRUSHER-022,fixed_crusher,2026-09-01T16:18:21.854Z,5,running,71.8,3.91,3116.3,0.999,21416.94,24.9,[]
df895466-d514-4c9c-85f5-041879c7c807,1.0,beta-minerals,north-site,equipment_health,BETA-NORTH-CRUSHER-023,fixed_crusher,2026-09-01T16:18:21.854Z,5,running,72.3,4.05,2912.5,0.999,4784.24,24.9,[]
7d6304c9-ad36-46f6-bdab-cf8a306de567,1.0,beta-minerals,north-site,equipment_health,BETA-NORTH-CRUSHER-024,fixed_crusher,2026-09-01T16:18:21.854Z,5,running,75.9,3.84,3005.9,0.999,17579.6,24.3,[]
81e8dfa0-807a-4ef8-ad39-771685f6e2a7,1.0,beta-minerals,north-site,equipment_health,BETA-NORTH-CRUSHER-025,fixed_crusher,2026-09-01T16:18:21.854Z,5,running,76.9,4.13,3095.6,0.999,4886.59,24.2,[]
d0fc6a07-86fa-4150-9f29-500bb82acf0a,1.0,beta-minerals,north-site,equipment_health,BETA-NORTH-CRUSHER-026,fixed_crusher,2026-09-01T16:18:21.854Z,5,running,75.8,4.39,2907.2,0.999,8609.07,24.0,[]
58037d1c-8e2e-4eb0-bb8d-ca8848d7578f,1.0,beta-minerals,north-site,equipment_health,BETA-NORTH-CRUSHER-027,fixed_crusher,2026-09-01T16:18:21.854Z,5,running,76.0,4.46,3095.8,0.999,4564.78,25.0,[]
b9be950c-2747-43be-9493-33b5da0ddab0,1.0,beta-minerals,north-site,equipment_health,BETA-NORTH-CRUSHER-028,fixed_crusher,2026-09-01T16:18:21.854Z,5,running,75.0,3.56,2999.1,0.999,6843.48,24.3,[]
23f538da-5b2a-4c21-8f4d-e6ee83beb758,1.0,beta-minerals,north-site,equipment_health,BETA-NORTH-CRUSHER-029,fixed_crusher,2026-09-01T16:18:21.854Z,5,running,68.5,4.26,3068.8,0.999,6504.58,24.0,[]
9cdd6ca8-435b-48b6-8624-7dcdc3917651,1.0,beta-minerals,north-site,equipment_health,BETA-NORTH-CRUSHER-030,fixed_crusher,2026-09-01T16:18:21.854Z,5,running,70.9,4.56,3099.5,0.999,13544.22,24.4,[]
5dfb094f-d3b7-4ad3-a3b8-eaeae4da183b,1.0,acme-mining,site-01,equipment_health,ACME-S01-CRUSHER-001,fixed_crusher,2026-09-01T16:18:26.854Z,6,running,77.3,3.98,3014.9,0.999,16458.43,24.4,[]
bdb69eb0-f647-451f-8a42-7522c6ca57f1,1.0,acme-mining,site-01,equipment_health,ACME-S01-CRUSHER-002,fixed_crusher,2026-09-01T16:18:26.854Z,6,running,70.2,4.34,3070.9,0.999,5622.65,24.7,[]
a172146a-b135-44c1-b047-fe558896624a,1.0,acme-mining,site-01,equipment_health,ACME-S01-CRUSHER-003,fixed_crusher,2026-09-01T16:18:26.854Z,6,running,74.8,4.39,3144.6,0.999,14322.85,23.9,[]
69ed9cb5-5a3d-44c7-a7bd-97cf8e24e8f3,1.0,acme-mining,site-01,equipment_health,ACME-S01-CRUSHER-004,fixed_crusher,2026-09-01T16:18:26.854Z,6,running,68.4,4.54,3045.5,0.999,6152.55,25.1,[]
179343f6-9b13-4c8c-b469-917a40ea8b12,1.0,acme-mining,site-01,equipment_health,ACME-S01-CRUSHER-005,fixed_crusher,2026-09-01T16:18:26.854Z,6,running,68.3,3.77,3141.3,0.999,3963.0,24.6,[]
2c6f84c6-341c-4998-91c7-5a5b023ad944,1.0,acme-mining,site-01,equipment_health,ACME-S01-CRUSHER-006,fixed_crusher,2026-09-01T16:18:26.854Z,6,running,71.9,3.67,2920.3,0.999,17244.71,25.0,[]
59abd060-914a-42e8-b890-efbc3304d53f,1.0,acme-mining,site-01,equipment_health,ACME-S01-CRUSHER-007,fixed_crusher,2026-09-01T16:18:26.854Z,6,running,68.1,3.56,3001.5,0.999,13724.18,25.0,[]
e3375183-8b0d-4cfa-81d4-3aca0e0d5a11,1.0,acme-mining,site-01,equipment_health,ACME-S01-CRUSHER-008,fixed_crusher,2026-09-01T16:18:26.854Z,6,running,77.7,3.93,3138.5,0.999,12502.24,25.0,[]
5a48f79c-b2eb-48bf-a206-24ee358efa2f,1.0,acme-mining,site-01,equipment_health,ACME-S01-CRUSHER-009,fixed_crusher,2026-09-01T16:18:26.854Z,6,faulted,105.7,8.41,3042.6,0.58,15703.34,23.9,"[""BEARING_OVERHEAT"",""VIBRATION_HIGH""]"
befc77ca-f5f2-46e9-ad0e-161583d73769,1.0,acme-mining,site-01,equipment_health,ACME-S01-CRUSHER-010,fixed_crusher,2026-09-01T16:18:26.854Z,6,running,75.8,3.83,2909.0,0.999,9812.95,25.2,[]
018033f7-4965-4174-a9e9-304a58e187c6,1.0,acme-mining,site-01,equipment_health,ACME-S01-CRUSHER-011,fixed_crusher,2026-09-01T16:18:26.854Z,6,running,71.1,4.35,3079.3,0.999,13414.94,24.6,[]
f43d4a13-6fb1-445e-a40b-452814bdf6be,1.0,acme-mining,site-01,equipment_health,ACME-S01-CRUSHER-012,fixed_crusher,2026-09-01T16:18:26.854Z,6,running,74.0,3.68,2947.4,0.999,11410.02,25.0,[]
18cee2ec-597a-4b5e-88d3-bbdc92b55ce7,1.0,acme-mining,site-01,equipment_health,ACME-S01-CRUSHER-013,fixed_crusher,2026-09-01T16:18:26.854Z,6,running,76.3,3.6,3142.2,0.999,5653.21,24.2,[]
6d5d0e19-caf9-46bb-8c48-54342a6a51ab,1.0,acme-mining,site-01,equipment_health,ACME-S01-CRUSHER-014,fixed_crusher,2026-09-01T16:18:26.854Z,6,running,77.2,4.31,3135.2,0.999,1652.92,24.6,[]
839659ec-b312-4da8-a6e0-19de1ffe02a8,1.0,acme-mining,site-01,equipment_health,ACME-S01-CRUSHER-015,fixed_crusher,2026-09-01T16:18:26.854Z,6,running,69.0,4.07,3028.3,0.999,21343.98,25.0,[]
1be5e6d8-137b-481f-a613-8476261289c2,1.0,acme-mining,site-01,equipment_health,ACME-S01-CRUSHER-016,fixed_crusher,2026-09-01T16:18:26.854Z,6,faulted,97.2,9.06,3071.8,0.58,6910.23,24.4,"[""BEARING_OVERHEAT"",""VIBRATION_HIGH""]"
46b42ee4-0534-4324-aad6-f9a2dcf2fb2d,1.0,acme-mining,site-01,equipment_health,ACME-S01-CRUSHER-017,fixed_crusher,2026-09-01T16:18:26.854Z,6,running,77.1,4.28,3064.5,0.999,19136.11,24.6,[]
b2a84a12-c2f1-4e70-92a4-60fd13321d88,1.0,acme-mining,site-01,equipment_health,ACME-S01-CRUSHER-018,fixed_crusher,2026-09-01T16:18:26.854Z,6,running,73.6,4.39,3121.8,0.999,14058.67,24.8,[]
d7ec3334-171c-49f8-9475-c891deaf7689,1.0,acme-mining,site-01,equipment_health,ACME-S01-CRUSHER-019,fixed_crusher,2026-09-01T16:18:26.854Z,6,running,72.6,4.55,3122.2,0.999,1412.04,24.7,[]
595276a2-1163-4438-9b24-237fe4ecdb41,1.0,acme-mining,site-01,equipment_health,ACME-S01-CRUSHER-020,fixed_crusher,2026-09-01T16:18:26.854Z,6,running,70.5,4.54,3137.3,0.999,21835.86,23.8,[]
682f2d5d-22b0-43cd-bb9e-e2aff5921d1d,1.0,acme-mining,site-02,equipment_health,ACME-S02-CRUSHER-001,fixed_crusher,2026-09-01T16:18:26.854Z,6,running,76.4,4.05,3049.8,0.999,21531.72,25.1,[]
11b51f77-b475-473e-8831-5676d18a3d56,1.0,acme-mining,site-02,equipment_health,ACME-S02-CRUSHER-002,fixed_crusher,2026-09-01T16:18:26.854Z,6,faulted,104.2,9.41,2993.5,0.58,7608.76,24.8,"[""BEARING_OVERHEAT"",""VIBRATION_HIGH""]"
86d8cdec-ecfa-4441-b577-fcd2d4804e1f,1.0,acme-mining,site-02,equipment_health,ACME-S02-CRUSHER-003,fixed_crusher,2026-09-01T16:18:26.854Z,6,running,71.1,4.37,3012.0,0.999,20160.48,24.2,[]
7482ca69-103a-4a04-aaa5-ef8dc48d88af,1.0,acme-mining,site-02,equipment_health,ACME-S02-CRUSHER-004,fixed_crusher,2026-09-01T16:18:26.854Z,6,running,72.3,4.22,2940.0,0.999,4749.81,25.0,[]
0e953406-367c-44db-8918-2ee69a0d2518,1.0,acme-mining,site-02,equipment_health,ACME-S02-CRUSHER-005,fixed_crusher,2026-09-01T16:18:26.854Z,6,running,70.7,4.0,3024.5,0.999,6832.72,24.2,[]
29c4d208-ed7a-4b71-9e5e-d9499f8326b4,1.0,acme-mining,site-02,equipment_health,ACME-S02-CRUSHER-006,fixed_crusher,2026-09-01T16:18:26.854Z,6,running,73.7,3.52,2920.1,0.999,17946.86,24.4,[]
da0372b7-f9eb-48aa-b6e2-eb41dc443f47,1.0,acme-mining,site-02,equipment_health,ACME-S02-CRUSHER-007,fixed_crusher,2026-09-01T16:18:26.854Z,6,running,74.0,3.53,2992.2,0.999,12836.97,24.8,[]
2bfcfc7a-7d03-43ec-b40c-52a1423b4476,1.0,acme-mining,site-02,equipment_health,ACME-S02-CRUSHER-008,fixed_crusher,2026-09-01T16:18:26.854Z,6,running,69.2,3.85,3116.2,0.999,9297.67,25.1,[]
71b7fbaf-350d-4c3f-ba1f-eb60e2029762,1.0,acme-mining,site-02,equipment_health,ACME-S02-CRUSHER-009,fixed_crusher,2026-09-01T16:18:26.854Z,6,running,73.9,3.85,3066.2,0.999,16779.65,24.6,[]
e7fa15f0-59c4-4ecf-8b3c-d33576e3d745,1.0,acme-mining,site-02,equipment_health,ACME-S02-CRUSHER-010,fixed_crusher,2026-09-01T16:18:26.854Z,6,running,74.7,4.39,3061.4,0.999,14957.07,24.0,[]
2d49be4d-5302-4194-9569-030c1eb7aeb0,1.0,acme-mining,site-02,equipment_health,ACME-S02-CRUSHER-011,fixed_crusher,2026-09-01T16:18:26.854Z,6,running,75.6,3.7,3007.9,0.999,14340.69,23.9,[]
e7ae46c3-3492-4f9f-b907-3776aa92a92c,1.0,acme-mining,site-02,equipment_health,ACME-S02-CRUSHER-012,fixed_crusher,2026-09-01T16:18:26.854Z,6,running,68.3,4.24,2984.9,0.999,9615.94,24.1,[]
54e01730-c077-4aef-b059-80d55f9cc712,1.0,acme-mining,site-02,equipment_health,ACME-S02-CRUSHER-013,fixed_crusher,2026-09-01T16:18:26.854Z,6,running,73.4,4.44,2910.9,0.999,11940.75,24.6,[]
b697dc8b-43ef-4d21-8957-1c07682be908,1.0,acme-mining,site-02,equipment_health,ACME-S02-CRUSHER-014,fixed_crusher,2026-09-01T16:18:26.854Z,6,running,76.6,3.57,3060.6,0.999,12941.28,24.0,[]
a9f535ad-9722-4a16-99aa-d2021248d83b,1.0,acme-mining,site-02,equipment_health,ACME-S02-CRUSHER-015,fixed_crusher,2026-09-01T16:18:26.854Z,6,running,69.7,3.58,3087.3,0.999,19856.46,24.5,[]
99f2042e-6675-4801-85f9-439b94c2c48a,1.0,acme-mining,site-02,equipment_health,ACME-S02-CRUSHER-016,fixed_crusher,2026-09-01T16:18:26.854Z,6,running,71.7,3.67,3008.9,0.999,16133.55,24.4,[]
110a153b-dbbf-48d8-b567-3d4b6541e225,1.0,acme-mining,site-02,equipment_health,ACME-S02-CRUSHER-017,fixed_crusher,2026-09-01T16:18:26.854Z,6,running,76.9,3.61,3045.7,0.999,12272.67,24.5,[]
d41bacb2-50bf-4b71-bb7c-229270fb6587,1.0,acme-mining,site-02,equipment_health,ACME-S02-CRUSHER-018,fixed_crusher,2026-09-01T16:18:26.854Z,6,running,71.9,4.59,3087.5,0.999,17035.56,25.0,[]
faea7aeb-b7d4-437e-bcaa-50eaa2978a85,1.0,acme-mining,site-02,equipment_health,ACME-S02-CRUSHER-019,fixed_crusher,2026-09-01T16:18:26.854Z,6,running,71.9,4.13,3025.6,0.999,8763.69,25.1,[]
7d1cd57d-11ff-4925-81f8-733d2f290a72,1.0,acme-mining,site-02,equipment_health,ACME-S02-CRUSHER-020,fixed_crusher,2026-09-01T16:18:26.854Z,6,running,70.4,3.85,2981.8,0.999,9132.85,24.8,[]
55e6f8b5-047a-477a-b923-93cdaaa901d2,1.0,beta-minerals,north-site,equipment_health,BETA-NORTH-CRUSHER-001,fixed_crusher,2026-09-01T16:18:26.854Z,6,running,75.2,3.89,3015.5,0.999,10268.56,23.8,[]
8c985cb8-4993-47bc-9402-16f46d0fe406,1.0,beta-minerals,north-site,equipment_health,BETA-NORTH-CRUSHER-002,fixed_crusher,2026-09-01T16:18:26.854Z,6,running,68.6,4.26,3072.4,0.999,10090.28,25.0,[]
b5ed2230-ac0a-4c92-befa-57d03d4940f6,1.0,beta-minerals,north-site,equipment_health,BETA-NORTH-CRUSHER-003,fixed_crusher,2026-09-01T16:18:26.854Z,6,running,69.6,3.91,3095.2,0.999,17521.08,25.0,[]
1c5fb8f4-e338-482c-98a3-ffac7a1c0825,1.0,beta-minerals,north-site,equipment_health,BETA-NORTH-CRUSHER-004,fixed_crusher,2026-09-01T16:18:26.854Z,6,running,72.8,4.18,2924.7,0.999,7556.81,24.7,[]
c72c4a9c-e6de-4418-922b-d51923e99d9c,1.0,beta-minerals,north-site,equipment_health,BETA-NORTH-CRUSHER-005,fixed_crusher,2026-09-01T16:18:26.854Z,6,running,73.4,4.01,3046.8,0.999,7964.56,24.8,[]
ede777ec-6bd9-4ccc-9794-127fa37724db,1.0,beta-minerals,north-site,equipment_health,BETA-NORTH-CRUSHER-006,fixed_crusher,2026-09-01T16:18:26.854Z,6,running,77.8,4.45,3043.6,0.999,4130.61,24.1,[]
3d4d1241-4cce-4ab9-a310-9603fe1b8660,1.0,beta-minerals,north-site,equipment_health,BETA-NORTH-CRUSHER-007,fixed_crusher,2026-09-01T16:18:26.854Z,6,running,73.0,3.83,2936.0,0.999,14804.68,24.2,[]
89728aeb-3972-4c4b-9eed-27888f746566,1.0,beta-minerals,north-site,equipment_health,BETA-NORTH-CRUSHER-008,fixed_crusher,2026-09-01T16:18:26.854Z,6,running,74.5,3.74,3004.8,0.999,9865.25,24.0,[]
34f78e93-9cb7-4e6e-9229-4e3ea513dd43,1.0,beta-minerals,north-site,equipment_health,BETA-NORTH-CRUSHER-009,fixed_crusher,2026-09-01T16:18:26.854Z,6,running,69.9,3.92,3007.9,0.999,21513.63,24.8,[]
2ca7c393-92e7-4e2b-bc7a-cd8af589e10f,1.0,beta-minerals,north-site,equipment_health,BETA-NORTH-CRUSHER-010,fixed_crusher,2026-09-01T16:18:26.854Z,6,running,69.5,3.94,3073.6,0.999,9015.58,24.0,[]
5c0ad5ac-c28c-4606-9874-4a0955f484a6,1.0,beta-minerals,north-site,equipment_health,BETA-NORTH-CRUSHER-011,fixed_crusher,2026-09-01T16:18:26.854Z,6,running,68.4,4.15,3094.9,0.999,12762.04,24.1,[]
e954d5bb-e579-4584-83b2-b99cbba98bcd,1.0,beta-minerals,north-site,equipment_health,BETA-NORTH-CRUSHER-012,fixed_crusher,2026-09-01T16:18:26.854Z,6,running,69.4,4.13,2949.1,0.999,5623.28,25.1,[]
e7b88117-7e64-4f91-b7dd-aff8b51e0255,1.0,beta-minerals,north-site,equipment_health,BETA-NORTH-CRUSHER-013,fixed_crusher,2026-09-01T16:18:26.854Z,6,running,72.6,4.17,2907.5,0.999,19491.07,23.9,[]
76e4734b-a946-4981-9950-0fd844103f71,1.0,beta-minerals,north-site,equipment_health,BETA-NORTH-CRUSHER-014,fixed_crusher,2026-09-01T16:18:26.854Z,6,running,76.0,4.56,2906.5,0.999,15163.75,24.4,[]
31ce101c-74a8-405b-981d-016933ff18e1,1.0,beta-minerals,north-site,equipment_health,BETA-NORTH-CRUSHER-015,fixed_crusher,2026-09-01T16:18:26.854Z,6,running,75.5,3.54,3012.9,0.999,3475.15,24.0,[]
9272e154-d82a-41b2-9c3c-cdc2cfc15227,1.0,beta-minerals,north-site,equipment_health,BETA-NORTH-CRUSHER-016,fixed_crusher,2026-09-01T16:18:26.854Z,6,running,71.8,3.55,3027.3,0.999,7578.7,25.0,[]
85c96034-c71a-4ad5-9bc7-a9a42c31edec,1.0,beta-minerals,north-site,equipment_health,BETA-NORTH-CRUSHER-017,fixed_crusher,2026-09-01T16:18:26.854Z,6,running,69.9,3.53,3105.9,0.999,10512.94,24.2,[]
d65b188e-4ee1-4486-bacf-e01f114c8d47,1.0,beta-minerals,north-site,equipment_health,BETA-NORTH-CRUSHER-018,fixed_crusher,2026-09-01T16:18:26.854Z,6,running,75.4,4.37,3149.7,0.999,12811.8,24.0,[]
de3c1a5d-a2cb-4dde-95c7-1eb80dc0219a,1.0,beta-minerals,north-site,equipment_health,BETA-NORTH-CRUSHER-019,fixed_crusher,2026-09-01T16:18:26.854Z,6,running,77.6,4.02,2901.6,0.999,19458.89,24.2,[]
372b0b2f-fa25-4757-a536-dc2192fa346f,1.0,beta-minerals,north-site,equipment_health,BETA-NORTH-CRUSHER-020,fixed_crusher,2026-09-01T16:18:26.854Z,6,running,77.8,4.41,3089.9,0.999,3849.68,24.2,[]
b1134162-1f95-4144-b388-26eb1054f080,1.0,beta-minerals,north-site,equipment_health,BETA-NORTH-CRUSHER-021,fixed_crusher,2026-09-01T16:18:26.854Z,6,running,69.8,3.66,3062.0,0.999,20321.71,23.8,[]
1b4069ac-075d-402a-8cc9-6fc533b01995,1.0,beta-minerals,north-site,equipment_health,BETA-NORTH-CRUSHER-022,fixed_crusher,2026-09-01T16:18:26.854Z,6,running,73.9,4.33,2935.5,0.999,21416.94,24.8,[]
606eae57-3a26-4652-94a0-7d971c616819,1.0,beta-minerals,north-site,equipment_health,BETA-NORTH-CRUSHER-023,fixed_crusher,2026-09-01T16:18:26.854Z,6,running,73.8,3.84,3105.8,0.999,4784.24,24.9,[]
3cf0f23c-2bb5-499c-8c05-5370d55c6208,1.0,beta-minerals,north-site,equipment_health,BETA-NORTH-CRUSHER-024,fixed_crusher,2026-09-01T16:18:26.854Z,6,running,74.2,3.73,2945.7,0.999,17579.6,24.7,[]
f8953607-fb85-463d-806d-7e445ddd8ac7,1.0,beta-minerals,north-site,equipment_health,BETA-NORTH-CRUSHER-025,fixed_crusher,2026-09-01T16:18:26.854Z,6,running,77.2,4.02,2919.7,0.999,4886.59,24.5,[]
bf208ed5-d57b-42f9-97f0-d2ebb7df42b8,1.0,beta-minerals,north-site,equipment_health,BETA-NORTH-CRUSHER-026,fixed_crusher,2026-09-01T16:18:26.854Z,6,running,68.2,4.57,2933.5,0.999,8609.07,25.1,[]
8e973277-edf8-4006-8116-043688a7387e,1.0,beta-minerals,north-site,equipment_health,BETA-NORTH-CRUSHER-027,fixed_crusher,2026-09-01T16:18:26.854Z,6,running,73.4,3.62,2909.3,0.999,4564.78,23.9,[]
6a914cc4-bb51-4dbb-afd0-5d0d8898ce55,1.0,beta-minerals,north-site,equipment_health,BETA-NORTH-CRUSHER-028,fixed_crusher,2026-09-01T16:18:26.854Z,6,running,77.6,4.09,3130.5,0.999,6843.48,23.9,[]
ea950240-31f0-4cdf-9ac2-c4ab9792b3fc,1.0,beta-minerals,north-site,equipment_health,BETA-NORTH-CRUSHER-029,fixed_crusher,2026-09-01T16:18:26.854Z,6,running,72.0,4.33,2971.4,0.999,6504.58,24.6,[]
f0a98f91-20ad-4432-8e5e-1a95beeab4c1,1.0,beta-minerals,north-site,equipment_health,BETA-NORTH-CRUSHER-030,fixed_crusher,2026-09-01T16:18:26.854Z,6,running,72.8,3.97,3119.7,0.999,13544.22,25.2,[]
180965f2-f97d-4f74-87a9-6dec11cad178,1.0,acme-mining,site-01,equipment_health,ACME-S01-CRUSHER-001,fixed_crusher,2026-09-01T16:18:31.854Z,7,running,73.0,4.02,2913.0,0.999,16458.43,25.1,[]
860a569b-7fd8-486c-9903-a41386a42de8,1.0,acme-mining,site-01,equipment_health,ACME-S01-CRUSHER-002,fixed_crusher,2026-09-01T16:18:31.854Z,7,running,73.2,4.53,3148.4,0.998,5622.65,24.6,[]
16d90be0-afa5-4092-b555-06ba5662100a,1.0,acme-mining,site-01,equipment_health,ACME-S01-CRUSHER-003,fixed_crusher,2026-09-01T16:18:31.854Z,7,running,71.3,3.91,2958.8,0.999,14322.85,23.8,[]
24a7227b-8c1c-4e52-8de3-e16280b893d7,1.0,acme-mining,site-01,equipment_health,ACME-S01-CRUSHER-004,fixed_crusher,2026-09-01T16:18:31.854Z,7,running,77.4,4.16,2936.2,0.998,6152.55,24.1,[]
cc0e0f78-67d7-491b-83b0-d82225c0d0bb,1.0,acme-mining,site-01,equipment_health,ACME-S01-CRUSHER-005,fixed_crusher,2026-09-01T16:18:31.854Z,7,running,77.0,4.16,3012.3,0.999,3963.0,25.1,[]
c4fe5f7d-d900-4aaa-a636-a5db03fd06bd,1.0,acme-mining,site-01,equipment_health,ACME-S01-CRUSHER-006,fixed_crusher,2026-09-01T16:18:31.854Z,7,running,74.8,4.31,3002.9,0.998,17244.71,23.9,[]
7d34d9f9-2f06-424e-b33a-d06b49c8c88c,1.0,acme-mining,site-01,equipment_health,ACME-S01-CRUSHER-007,fixed_crusher,2026-09-01T16:18:31.854Z,7,running,72.6,4.28,2986.1,0.999,13724.19,24.0,[]
bfadd99d-e4e2-4a23-998c-a47711c6d08e,1.0,acme-mining,site-01,equipment_health,ACME-S01-CRUSHER-008,fixed_crusher,2026-09-01T16:18:31.854Z,7,running,76.6,3.77,3095.3,0.999,12502.25,24.2,[]
7e44397f-5968-4053-bae1-7def96630717,1.0,acme-mining,site-01,equipment_health,ACME-S01-CRUSHER-009,fixed_crusher,2026-09-01T16:18:31.854Z,7,running,76.6,4.32,2932.6,0.998,15703.35,24.8,[]
18a6e56a-67f3-4a26-b8ef-38c62b1a7e82,1.0,acme-mining,site-01,equipment_health,ACME-S01-CRUSHER-010,fixed_crusher,2026-09-01T16:18:31.854Z,7,running,69.8,4.21,3020.5,0.999,9812.96,23.9,[]
5ee5b1ba-be9d-43cf-b5dc-e1c8baa8c6b9,1.0,acme-mining,site-01,equipment_health,ACME-S01-CRUSHER-011,fixed_crusher,2026-09-01T16:18:31.854Z,7,running,71.7,4.48,3006.5,0.999,13414.94,24.0,[]
66b5fdc6-ac13-452d-ba2a-ef2112c4190a,1.0,acme-mining,site-01,equipment_health,ACME-S01-CRUSHER-012,fixed_crusher,2026-09-01T16:18:31.854Z,7,running,68.6,3.82,3054.2,0.999,11410.02,24.6,[]
fb348527-dce4-491c-8330-a249e3545459,1.0,acme-mining,site-01,equipment_health,ACME-S01-CRUSHER-013,fixed_crusher,2026-09-01T16:18:31.854Z,7,running,73.5,4.13,2958.2,0.999,5653.21,24.3,[]
8b21c5bb-3559-4e8c-9067-4f54d74f3541,1.0,acme-mining,site-01,equipment_health,ACME-S01-CRUSHER-014,fixed_crusher,2026-09-01T16:18:31.854Z,7,running,77.6,3.51,3046.1,0.999,1652.92,24.9,[]
08433b9d-2f46-4f49-8555-2b861e954926,1.0,acme-mining,site-01,equipment_health,ACME-S01-CRUSHER-015,fixed_crusher,2026-09-01T16:18:31.854Z,7,running,75.5,4.59,3146.0,0.999,21343.98,24.9,[]
170cc9c4-3463-4a36-a38f-ebf4f215c816,1.0,acme-mining,site-01,equipment_health,ACME-S01-CRUSHER-016,fixed_crusher,2026-09-01T16:18:31.854Z,7,faulted,101.9,7.69,2999.4,0.58,6910.23,24.4,"[""BEARING_OVERHEAT"",""VIBRATION_HIGH""]"
36f4f53a-cb2a-4579-8d19-2a72fe07a386,1.0,acme-mining,site-01,equipment_health,ACME-S01-CRUSHER-017,fixed_crusher,2026-09-01T16:18:31.854Z,7,faulted,98.6,9.99,2904.8,0.58,19136.11,24.4,"[""BEARING_OVERHEAT"",""VIBRATION_HIGH""]"
29292558-537d-475f-b936-862a9574d91e,1.0,acme-mining,site-01,equipment_health,ACME-S01-CRUSHER-018,fixed_crusher,2026-09-01T16:18:31.854Z,7,running,68.4,3.88,2902.7,0.999,14058.68,23.8,[]
0746ed73-ac59-4955-b2c3-fa409d0fedfd,1.0,acme-mining,site-01,equipment_health,ACME-S01-CRUSHER-019,fixed_crusher,2026-09-01T16:18:31.854Z,7,running,72.1,4.0,2963.5,0.999,1412.04,24.2,[]
16b9de4d-c677-4b63-979f-c2281b572479,1.0,acme-mining,site-01,equipment_health,ACME-S01-CRUSHER-020,fixed_crusher,2026-09-01T16:18:31.854Z,7,running,76.6,3.98,3040.8,0.999,21835.86,24.9,[]
4683a232-8c12-43b7-a4a4-803219acddbb,1.0,acme-mining,site-02,equipment_health,ACME-S02-CRUSHER-001,fixed_crusher,2026-09-01T16:18:31.854Z,7,running,75.6,4.14,3140.5,0.999,21531.72,25.1,[]
77f0067b-e2a4-4a79-b879-1341dc4f6c22,1.0,acme-mining,site-02,equipment_health,ACME-S02-CRUSHER-002,fixed_crusher,2026-09-01T16:18:31.854Z,7,faulted,102.1,9.04,3091.7,0.58,7608.77,24.7,"[""BEARING_OVERHEAT"",""VIBRATION_HIGH""]"
b212e94b-31ff-4c46-979b-83daa77515b5,1.0,acme-mining,site-02,equipment_health,ACME-S02-CRUSHER-003,fixed_crusher,2026-09-01T16:18:31.854Z,7,running,69.6,3.63,2938.5,0.999,20160.48,24.8,[]
e0fefa25-345d-4c0f-a8cd-c5a8585c41cb,1.0,acme-mining,site-02,equipment_health,ACME-S02-CRUSHER-004,fixed_crusher,2026-09-01T16:18:31.854Z,7,running,75.7,3.76,2922.6,0.999,4749.82,24.8,[]
e5b33c0a-8ad1-443e-8b2c-d90cf6f58bbb,1.0,acme-mining,site-02,equipment_health,ACME-S02-CRUSHER-005,fixed_crusher,2026-09-01T16:18:31.854Z,7,running,76.2,3.84,2965.6,0.999,6832.72,24.4,[]
1a8685ec-9597-43ed-8609-bef6b0c5fe37,1.0,acme-mining,site-02,equipment_health,ACME-S02-CRUSHER-006,fixed_crusher,2026-09-01T16:18:31.854Z,7,running,75.2,4.15,3071.7,0.999,17946.86,24.7,[]
45fab169-802f-42a6-90da-8f4ceb7399ac,1.0,acme-mining,site-02,equipment_health,ACME-S02-CRUSHER-007,fixed_crusher,2026-09-01T16:18:31.854Z,7,running,75.7,4.55,2975.6,0.999,12836.97,25.2,[]
f23d23b1-3716-44f9-8856-30453a186e51,1.0,acme-mining,site-02,equipment_health,ACME-S02-CRUSHER-008,fixed_crusher,2026-09-01T16:18:31.854Z,7,running,70.8,4.35,3052.6,0.999,9297.67,24.4,[]
c324359b-829b-4811-bb05-9fef3b218ef7,1.0,acme-mining,site-02,equipment_health,ACME-S02-CRUSHER-009,fixed_crusher,2026-09-01T16:18:31.854Z,7,faulted,101.3,7.5,3104.9,0.58,16779.65,24.2,"[""BEARING_OVERHEAT"",""VIBRATION_HIGH""]"
0565c892-51f4-453c-8f60-959b2398b9c9,1.0,acme-mining,site-02,equipment_health,ACME-S02-CRUSHER-010,fixed_crusher,2026-09-01T16:18:31.854Z,7,running,78.0,3.76,3128.1,0.999,14957.08,24.8,[]
bec17faf-7e2e-4ee4-9c3c-85618c41f0c1,1.0,acme-mining,site-02,equipment_health,ACME-S02-CRUSHER-011,fixed_crusher,2026-09-01T16:18:31.854Z,7,running,76.1,4.27,3095.7,0.999,14340.69,24.8,[]
2e7f552d-5a76-4060-b20a-746646a72148,1.0,acme-mining,site-02,equipment_health,ACME-S02-CRUSHER-012,fixed_crusher,2026-09-01T16:18:31.854Z,7,running,75.2,3.62,3017.9,0.999,9615.94,25.0,[]
7fcbe18d-09b6-4464-8af8-8b71ff7629cc,1.0,acme-mining,site-02,equipment_health,ACME-S02-CRUSHER-013,fixed_crusher,2026-09-01T16:18:31.854Z,7,faulted,97.4,9.71,2955.4,0.58,11940.75,24.5,"[""BEARING_OVERHEAT"",""VIBRATION_HIGH""]"
104e5b73-df91-4a1f-81bf-592ed512f16b,1.0,acme-mining,site-02,equipment_health,ACME-S02-CRUSHER-014,fixed_crusher,2026-09-01T16:18:31.854Z,7,running,77.2,3.61,3062.6,0.999,12941.29,24.2,[]
de9eb4db-c32d-49c1-b3bc-12b5a5763df2,1.0,acme-mining,site-02,equipment_health,ACME-S02-CRUSHER-015,fixed_crusher,2026-09-01T16:18:31.854Z,7,running,74.6,4.49,3063.5,0.998,19856.46,23.9,[]
04ea8b75-7eae-456c-ad7a-64bf823d0293,1.0,acme-mining,site-02,equipment_health,ACME-S02-CRUSHER-016,fixed_crusher,2026-09-01T16:18:31.854Z,7,faulted,103.2,7.89,2913.6,0.58,16133.55,24.7,"[""BEARING_OVERHEAT"",""VIBRATION_HIGH""]"
5f2373ef-c14e-4891-80bb-99daf6e8a198,1.0,acme-mining,site-02,equipment_health,ACME-S02-CRUSHER-017,fixed_crusher,2026-09-01T16:18:31.854Z,7,faulted,102.2,9.75,3034.9,0.58,12272.68,25.1,"[""BEARING_OVERHEAT"",""VIBRATION_HIGH""]"
92d571bf-0867-45cf-a052-0a935638ae17,1.0,acme-mining,site-02,equipment_health,ACME-S02-CRUSHER-018,fixed_crusher,2026-09-01T16:18:31.854Z,7,running,69.5,3.68,3136.5,0.999,17035.56,24.6,[]
777f2d41-ce61-4351-8bae-52ce529433bf,1.0,acme-mining,site-02,equipment_health,ACME-S02-CRUSHER-019,fixed_crusher,2026-09-01T16:18:31.854Z,7,running,76.3,4.43,2981.6,0.998,8763.7,25.1,[]
185bb7b0-2790-48f7-929a-9b779a9d6e17,1.0,acme-mining,site-02,equipment_health,ACME-S02-CRUSHER-020,fixed_crusher,2026-09-01T16:18:31.854Z,7,running,69.5,4.06,3044.9,0.999,9132.85,24.3,[]
9f31d23f-0425-444f-a537-108a9434efd7,1.0,beta-minerals,north-site,equipment_health,BETA-NORTH-CRUSHER-001,fixed_crusher,2026-09-01T16:18:31.854Z,7,running,71.5,4.59,2991.5,0.999,10268.56,24.3,[]
a95f89af-5349-4987-84f5-1d1160e55954,1.0,beta-minerals,north-site,equipment_health,BETA-NORTH-CRUSHER-002,fixed_crusher,2026-09-01T16:18:31.854Z,7,running,74.8,3.57,2957.6,0.998,10090.28,24.8,[]
2c483e4b-af4a-4bb6-8211-ebbcfca84671,1.0,beta-minerals,north-site,equipment_health,BETA-NORTH-CRUSHER-003,fixed_crusher,2026-09-01T16:18:31.854Z,7,running,76.1,3.85,2913.5,0.999,17521.09,24.5,[]
5311c5d1-3306-47cc-aeca-21cf6a686de3,1.0,beta-minerals,north-site,equipment_health,BETA-NORTH-CRUSHER-004,fixed_crusher,2026-09-01T16:18:31.854Z,7,running,69.8,3.83,2952.3,0.999,7556.81,24.6,[]
2fb8ccb0-3dad-44d1-83bc-d3cd85edd241,1.0,beta-minerals,north-site,equipment_health,BETA-NORTH-CRUSHER-005,fixed_crusher,2026-09-01T16:18:31.854Z,7,running,68.6,3.91,2966.1,0.999,7964.56,24.8,[]
30307f9a-95d4-499f-8111-feed73dbc9de,1.0,beta-minerals,north-site,equipment_health,BETA-NORTH-CRUSHER-006,fixed_crusher,2026-09-01T16:18:31.854Z,7,running,71.2,4.53,3129.5,0.999,4130.61,24.6,[]
79bd623b-de9b-453a-b40f-73adfd16dcb1,1.0,beta-minerals,north-site,equipment_health,BETA-NORTH-CRUSHER-007,fixed_crusher,2026-09-01T16:18:31.854Z,7,running,73.7,4.31,3089.6,0.999,14804.69,25.1,[]
78e02d5e-4de0-4db5-af28-3af788f92e59,1.0,beta-minerals,north-site,equipment_health,BETA-NORTH-CRUSHER-008,fixed_crusher,2026-09-01T16:18:31.854Z,7,running,72.3,4.32,2975.1,0.999,9865.26,24.8,[]
3efa5fd1-0ce9-44a0-a710-192413b53d63,1.0,beta-minerals,north-site,equipment_health,BETA-NORTH-CRUSHER-009,fixed_crusher,2026-09-01T16:18:31.854Z,7,running,71.9,3.64,2958.8,0.999,21513.63,25.0,[]
ecb109d5-b5a7-413a-8e83-b56adf7f394e,1.0,beta-minerals,north-site,equipment_health,BETA-NORTH-CRUSHER-010,fixed_crusher,2026-09-01T16:18:31.854Z,7,running,74.3,4.12,2999.0,0.999,9015.58,25.1,[]
dfaa8334-6c60-4699-870a-2696e6b70fab,1.0,beta-minerals,north-site,equipment_health,BETA-NORTH-CRUSHER-011,fixed_crusher,2026-09-01T16:18:31.854Z,7,running,75.7,4.57,3148.5,0.999,12762.04,24.8,[]
7b8c1498-6c2b-45f6-b83b-b5f0b579a78b,1.0,beta-minerals,north-site,equipment_health,BETA-NORTH-CRUSHER-012,fixed_crusher,2026-09-01T16:18:31.854Z,7,running,68.9,3.79,3113.9,0.998,5623.28,24.9,[]
01450764-4efb-464d-9db2-da7964568dc8,1.0,beta-minerals,north-site,equipment_health,BETA-NORTH-CRUSHER-013,fixed_crusher,2026-09-01T16:18:31.854Z,7,running,68.3,3.9,3022.2,0.999,19491.07,24.1,[]
98946232-0d22-4485-a268-e997ead762c9,1.0,beta-minerals,north-site,equipment_health,BETA-NORTH-CRUSHER-014,fixed_crusher,2026-09-01T16:18:31.854Z,7,running,75.1,4.27,2953.2,0.999,15163.75,24.8,[]
f795999a-63ca-439e-8315-5fc4fa47c8ed,1.0,beta-minerals,north-site,equipment_health,BETA-NORTH-CRUSHER-015,fixed_crusher,2026-09-01T16:18:31.854Z,7,running,72.0,3.78,2946.5,0.999,3475.15,24.6,[]
bb15e90f-b9d4-4fcd-8118-d4e330440aff,1.0,beta-minerals,north-site,equipment_health,BETA-NORTH-CRUSHER-016,fixed_crusher,2026-09-01T16:18:31.854Z,7,running,69.6,3.93,3101.0,0.999,7578.7,25.1,[]
2e9b644a-a70a-4743-a26b-b50795513d3f,1.0,beta-minerals,north-site,equipment_health,BETA-NORTH-CRUSHER-017,fixed_crusher,2026-09-01T16:18:31.854Z,7,running,74.5,3.78,3009.8,0.998,10512.94,25.1,[]
89c00fff-f95f-4335-b6e3-5827de3f1fc6,1.0,beta-minerals,north-site,equipment_health,BETA-NORTH-CRUSHER-018,fixed_crusher,2026-09-01T16:18:31.854Z,7,running,70.2,4.09,2984.5,0.999,12811.8,24.0,[]
033ddf8d-0a78-4436-a441-3382ce2c6fa1,1.0,beta-minerals,north-site,equipment_health,BETA-NORTH-CRUSHER-019,fixed_crusher,2026-09-01T16:18:31.854Z,7,running,68.2,3.6,3072.2,0.999,19458.89,23.8,[]
c98371dd-a1cd-4a8b-a9bb-29108027439c,1.0,beta-minerals,north-site,equipment_health,BETA-NORTH-CRUSHER-020,fixed_crusher,2026-09-01T16:18:31.854Z,7,running,75.6,3.69,2969.7,0.999,3849.69,24.0,[]
b090b29b-6deb-420a-8a80-1ad3106259c9,1.0,beta-minerals,north-site,equipment_health,BETA-NORTH-CRUSHER-021,fixed_crusher,2026-09-01T16:18:31.854Z,7,running,68.7,4.15,2937.3,0.999,20321.71,24.7,[]
216e6f74-d912-48df-a44c-e732181663e0,1.0,beta-minerals,north-site,equipment_health,BETA-NORTH-CRUSHER-022,fixed_crusher,2026-09-01T16:18:31.854Z,7,running,76.2,4.45,2982.1,0.999,21416.94,24.2,[]
cbf96e6b-7499-48d2-827f-2587f33a4c68,1.0,beta-minerals,north-site,equipment_health,BETA-NORTH-CRUSHER-023,fixed_crusher,2026-09-01T16:18:31.854Z,7,running,68.6,4.52,2980.9,0.998,4784.25,24.6,[]
27f41db1-8dfc-45e0-be34-5516d08f3c5f,1.0,beta-minerals,north-site,equipment_health,BETA-NORTH-CRUSHER-024,fixed_crusher,2026-09-01T16:18:31.854Z,7,running,73.5,3.74,2907.4,0.999,17579.61,24.8,[]
9a926f76-b75e-4263-ab96-29849e9fc04b,1.0,beta-minerals,north-site,equipment_health,BETA-NORTH-CRUSHER-025,fixed_crusher,2026-09-01T16:18:31.854Z,7,running,70.5,4.24,2946.1,0.999,4886.59,24.9,[]
fb80ce90-6f22-412b-9f80-f076378fd4f7,1.0,beta-minerals,north-site,equipment_health,BETA-NORTH-CRUSHER-026,fixed_crusher,2026-09-01T16:18:31.854Z,7,running,69.5,3.64,3012.4,0.998,8609.07,24.5,[]
f506c923-b8b7-4e91-9792-b910148f7c4f,1.0,beta-minerals,north-site,equipment_health,BETA-NORTH-CRUSHER-027,fixed_crusher,2026-09-01T16:18:31.854Z,7,running,76.9,4.06,3140.0,0.999,4564.78,25.1,[]
41275a74-32d4-4d70-940b-6a0cb82d56c7,1.0,beta-minerals,north-site,equipment_health,BETA-NORTH-CRUSHER-028,fixed_crusher,2026-09-01T16:18:31.854Z,7,running,72.8,4.52,3010.7,0.999,6843.48,24.1,[]
f8298e45-0f0f-4af6-94ee-6986377a26fa,1.0,beta-minerals,north-site,equipment_health,BETA-NORTH-CRUSHER-029,fixed_crusher,2026-09-01T16:18:31.854Z,7,running,76.0,3.87,2978.3,0.999,6504.58,24.7,[]
b88c4740-64db-4c96-baac-97ae880dc85d,1.0,beta-minerals,north-site,equipment_health,BETA-NORTH-CRUSHER-030,fixed_crusher,2026-09-01T16:18:31.854Z,7,running,70.9,4.3,2909.4,0.999,13544.22,24.5,[]
5efe8fa1-876b-4861-b0c4-4e9ed1f771ea,1.0,acme-mining,site-01,equipment_health,ACME-S01-CRUSHER-001,fixed_crusher,2026-09-01T16:18:36.854Z,8,running,71.4,4.26,3068.8,0.999,16458.43,25.1,[]
f6e99e3f-dbd7-4b77-8b9e-88e8eb761048,1.0,acme-mining,site-01,equipment_health,ACME-S01-CRUSHER-002,fixed_crusher,2026-09-01T16:18:36.854Z,8,running,69.0,3.82,2938.4,0.998,5622.65,24.4,[]
95d112a8-a42d-4760-92aa-3c4ca24b889b,1.0,acme-mining,site-01,equipment_health,ACME-S01-CRUSHER-003,fixed_crusher,2026-09-01T16:18:36.854Z,8,running,68.8,3.85,3047.2,0.999,14322.85,24.0,[]
dd551d10-8cfe-4bcb-9e49-77044e520685,1.0,acme-mining,site-01,equipment_health,ACME-S01-CRUSHER-004,fixed_crusher,2026-09-01T16:18:36.854Z,8,running,72.2,3.77,3112.2,0.998,6152.55,24.5,[]
6faf0985-0e90-45c7-ae6c-8a65890873c8,1.0,acme-mining,site-01,equipment_health,ACME-S01-CRUSHER-005,fixed_crusher,2026-09-01T16:18:36.854Z,8,running,70.8,3.53,2979.9,0.998,3963.0,25.0,[]
40068537-3c29-4eba-8bcb-d4e597058a62,1.0,acme-mining,site-01,equipment_health,ACME-S01-CRUSHER-006,fixed_crusher,2026-09-01T16:18:36.854Z,8,running,69.8,3.91,2935.0,0.998,17244.71,23.8,[]
3ccf4365-5ceb-4917-ad66-eb9da36c0c4c,1.0,acme-mining,site-01,equipment_health,ACME-S01-CRUSHER-007,fixed_crusher,2026-09-01T16:18:36.854Z,8,running,75.6,4.44,2928.5,0.998,13724.19,24.1,[]
6ae4511c-7771-4851-8de8-53e52f594488,1.0,acme-mining,site-01,equipment_health,ACME-S01-CRUSHER-008,fixed_crusher,2026-09-01T16:18:36.854Z,8,running,73.8,3.71,3060.4,0.998,12502.25,24.3,[]
78414339-bf47-4475-bdd3-07f30d7436aa,1.0,acme-mining,site-01,equipment_health,ACME-S01-CRUSHER-009,fixed_crusher,2026-09-01T16:18:36.854Z,8,running,69.2,3.74,2960.8,0.998,15703.35,24.6,[]
2f593fd8-8713-41fe-80bf-1d0762824e18,1.0,acme-mining,site-01,equipment_health,ACME-S01-CRUSHER-010,fixed_crusher,2026-09-01T16:18:36.854Z,8,running,74.8,3.87,2954.1,0.998,9812.96,24.1,[]
00034a2a-5ffa-4c80-b653-2c8125b9a458,1.0,acme-mining,site-01,equipment_health,ACME-S01-CRUSHER-011,fixed_crusher,2026-09-01T16:18:36.854Z,8,running,71.0,3.99,3098.3,0.998,13414.94,24.0,[]
b8c061a6-8cfd-45a3-889e-ccaf296e6fda,1.0,acme-mining,site-01,equipment_health,ACME-S01-CRUSHER-012,fixed_crusher,2026-09-01T16:18:36.854Z,8,running,69.9,3.69,2913.6,0.998,11410.02,24.9,[]
067792c0-4266-4043-a7ba-c3b81c6038de,1.0,acme-mining,site-01,equipment_health,ACME-S01-CRUSHER-013,fixed_crusher,2026-09-01T16:18:36.854Z,8,running,75.5,4.2,3018.4,0.999,5653.21,25.1,[]
517ba6d4-e29c-45f4-af5c-58431977f361,1.0,acme-mining,site-01,equipment_health,ACME-S01-CRUSHER-014,fixed_crusher,2026-09-01T16:18:36.854Z,8,running,73.7,4.2,2990.1,0.998,1652.92,24.7,[]
72a87473-c20e-43b5-8992-c4526b84500d,1.0,acme-mining,site-01,equipment_health,ACME-S01-CRUSHER-015,fixed_crusher,2026-09-01T16:18:36.854Z,8,running,76.3,3.6,3072.1,0.999,21343.98,25.2,[]
7da0ecbf-bcc7-414e-b594-a479907c9357,1.0,acme-mining,site-01,equipment_health,ACME-S01-CRUSHER-016,fixed_crusher,2026-09-01T16:18:36.854Z,8,running,76.1,4.12,2916.6,0.998,6910.23,24.5,[]
b0f7d82c-8e6d-43ba-8283-05e3f4a93dc7,1.0,acme-mining,site-01,equipment_health,ACME-S01-CRUSHER-017,fixed_crusher,2026-09-01T16:18:36.854Z,8,running,71.7,3.77,3059.9,0.998,19136.12,23.9,[]
88b02015-806b-4da1-b4a8-c95292713884,1.0,acme-mining,site-01,equipment_health,ACME-S01-CRUSHER-018,fixed_crusher,2026-09-01T16:18:36.854Z,8,running,69.1,4.02,3148.2,0.999,14058.68,24.1,[]
2dbf9be9-0ffa-4c4e-9bfe-94c40af4c308,1.0,acme-mining,site-01,equipment_health,ACME-S01-CRUSHER-019,fixed_crusher,2026-09-01T16:18:36.854Z,8,running,71.7,3.82,3010.4,0.999,1412.04,25.2,[]
66785246-8c01-40b0-a1e8-560a0fa4c4da,1.0,acme-mining,site-01,equipment_health,ACME-S01-CRUSHER-020,fixed_crusher,2026-09-01T16:18:36.854Z,8,running,72.3,3.85,2958.3,0.998,21835.86,24.1,[]
d6540f28-f195-49db-92f7-70248848b376,1.0,acme-mining,site-02,equipment_health,ACME-S02-CRUSHER-001,fixed_crusher,2026-09-01T16:18:36.854Z,8,running,71.9,3.89,3075.1,0.999,21531.72,24.4,[]
89d735a9-aafd-4f16-ba8a-7370a9ccc2a7,1.0,acme-mining,site-02,equipment_health,ACME-S02-CRUSHER-002,fixed_crusher,2026-09-01T16:18:36.854Z,8,running,75.9,3.74,3121.9,0.998,7608.77,23.9,[]
a26ddc27-e764-40a2-92c0-40a1dcbcca6c,1.0,acme-mining,site-02,equipment_health,ACME-S02-CRUSHER-003,fixed_crusher,2026-09-01T16:18:36.854Z,8,running,70.8,4.54,2955.2,0.998,20160.48,24.9,[]
1cbf95a1-75ee-465d-8985-013ce7c15c5c,1.0,acme-mining,site-02,equipment_health,ACME-S02-CRUSHER-004,fixed_crusher,2026-09-01T16:18:36.854Z,8,running,71.7,3.93,3132.6,0.998,4749.82,24.3,[]
02ff87d8-25d8-4b14-b1b0-23681a77d392,1.0,acme-mining,site-02,equipment_health,ACME-S02-CRUSHER-005,fixed_crusher,2026-09-01T16:18:36.854Z,8,running,73.3,4.06,3047.2,0.998,6832.72,24.0,[]
4cb9680e-3574-489d-b6a9-897ef20622a8,1.0,acme-mining,site-02,equipment_health,ACME-S02-CRUSHER-006,fixed_crusher,2026-09-01T16:18:36.854Z,8,running,70.9,3.9,2930.1,0.998,17946.87,24.2,[]
b69b27b9-7e61-4821-8e5e-fc082d2ccdc8,1.0,acme-mining,site-02,equipment_health,ACME-S02-CRUSHER-007,fixed_crusher,2026-09-01T16:18:36.854Z,8,running,77.6,4.14,3142.7,0.999,12836.97,24.4,[]
2db01941-3236-47e8-8dcc-675aabba0c01,1.0,acme-mining,site-02,equipment_health,ACME-S02-CRUSHER-008,fixed_crusher,2026-09-01T16:18:36.854Z,8,running,76.6,3.66,3068.0,0.999,9297.68,25.0,[]
536b60e2-942b-4d23-afa2-52d3d29ed8ae,1.0,acme-mining,site-02,equipment_health,ACME-S02-CRUSHER-009,fixed_crusher,2026-09-01T16:18:36.854Z,8,running,76.8,4.28,2944.8,0.999,16779.65,25.1,[]
7aff0314-3992-4f0b-b9b9-77370511760d,1.0,acme-mining,site-02,equipment_health,ACME-S02-CRUSHER-010,fixed_crusher,2026-09-01T16:18:36.854Z,8,running,74.1,4.14,2953.9,0.999,14957.08,24.8,[]
939c5a6c-3e60-497b-a8ba-7a49a10dd49b,1.0,acme-mining,site-02,equipment_health,ACME-S02-CRUSHER-011,fixed_crusher,2026-09-01T16:18:36.854Z,8,running,69.3,3.62,3009.3,0.998,14340.69,24.9,[]
6e6fac82-30a0-430b-8851-964df9de7673,1.0,acme-mining,site-02,equipment_health,ACME-S02-CRUSHER-012,fixed_crusher,2026-09-01T16:18:36.854Z,8,running,69.5,3.72,3123.2,0.999,9615.94,24.4,[]
47a99ceb-1c17-4484-a050-eb2138d68db3,1.0,acme-mining,site-02,equipment_health,ACME-S02-CRUSHER-013,fixed_crusher,2026-09-01T16:18:36.854Z,8,running,76.5,4.23,3074.8,0.998,11940.75,24.2,[]
cabc74f4-78be-42a4-b0f1-ba3bf93bc5da,1.0,acme-mining,site-02,equipment_health,ACME-S02-CRUSHER-014,fixed_crusher,2026-09-01T16:18:36.854Z,8,running,73.7,4.44,2934.2,0.998,12941.29,24.0,[]
5897fe1a-2b2c-46f1-95bc-94728f859644,1.0,acme-mining,site-02,equipment_health,ACME-S02-CRUSHER-015,fixed_crusher,2026-09-01T16:18:36.854Z,8,running,68.5,3.53,2957.5,0.998,19856.47,24.7,[]
46ce3cdd-db3e-4ff3-876c-0c8510222a5a,1.0,acme-mining,site-02,equipment_health,ACME-S02-CRUSHER-016,fixed_crusher,2026-09-01T16:18:36.854Z,8,running,73.6,4.42,3135.9,0.999,16133.55,25.1,[]
43a7e4aa-45cb-4ffe-b43b-982a800308f7,1.0,acme-mining,site-02,equipment_health,ACME-S02-CRUSHER-017,fixed_crusher,2026-09-01T16:18:36.854Z,8,running,74.5,4.47,3073.4,0.999,12272.68,25.1,[]
99c683d2-55a7-4f21-b415-281bd36f047c,1.0,acme-mining,site-02,equipment_health,ACME-S02-CRUSHER-018,fixed_crusher,2026-09-01T16:18:36.854Z,8,running,68.6,4.51,3022.1,0.998,17035.56,24.9,[]
9445cb98-a7f1-4743-952a-1c886af7b3f5,1.0,acme-mining,site-02,equipment_health,ACME-S02-CRUSHER-019,fixed_crusher,2026-09-01T16:18:36.854Z,8,running,72.1,3.74,2935.2,0.998,8763.7,25.0,[]
c91700f3-767d-4e52-b98f-0ff0fa52ec2a,1.0,acme-mining,site-02,equipment_health,ACME-S02-CRUSHER-020,fixed_crusher,2026-09-01T16:18:36.854Z,8,running,70.0,3.62,3147.1,0.998,9132.85,25.0,[]
8cee9e92-47aa-4d24-a24e-7b5922f32a75,1.0,beta-minerals,north-site,equipment_health,BETA-NORTH-CRUSHER-001,fixed_crusher,2026-09-01T16:18:36.854Z,8,faulted,105.8,7.87,3121.2,0.58,10268.57,24.4,"[""BEARING_OVERHEAT"",""VIBRATION_HIGH""]"
f00efd08-8f96-4c64-80e7-a9e31fbc8b1d,1.0,beta-minerals,north-site,equipment_health,BETA-NORTH-CRUSHER-002,fixed_crusher,2026-09-01T16:18:36.854Z,8,running,76.1,3.88,3073.0,0.998,10090.28,24.5,[]
07b8ad3b-0110-4ae6-84b3-cc3a116bbf87,1.0,beta-minerals,north-site,equipment_health,BETA-NORTH-CRUSHER-003,fixed_crusher,2026-09-01T16:18:36.854Z,8,running,73.5,4.24,2987.1,0.998,17521.09,24.3,[]
f55d0a73-d68e-4aa4-945e-5d88b41bede1,1.0,beta-minerals,north-site,equipment_health,BETA-NORTH-CRUSHER-004,fixed_crusher,2026-09-01T16:18:36.854Z,8,running,72.3,3.55,3050.9,0.998,7556.81,25.1,[]
00a7c696-2952-4518-86b9-ea9c24dde24e,1.0,beta-minerals,north-site,equipment_health,BETA-NORTH-CRUSHER-005,fixed_crusher,2026-09-01T16:18:36.854Z,8,running,68.9,4.02,3125.5,0.999,7964.56,24.2,[]
e5cc6cd6-c4ed-48f2-90a6-7a238f2cec50,1.0,beta-minerals,north-site,equipment_health,BETA-NORTH-CRUSHER-006,fixed_crusher,2026-09-01T16:18:36.854Z,8,running,74.8,4.26,3074.6,0.999,4130.61,25.1,[]
3667542e-93a4-490b-baa8-a16da6a7ed30,1.0,beta-minerals,north-site,equipment_health,BETA-NORTH-CRUSHER-007,fixed_crusher,2026-09-01T16:18:36.854Z,8,running,73.4,3.62,3013.9,0.999,14804.69,24.1,[]
98fd20e2-575f-4201-a1fb-049adf8fb41d,1.0,beta-minerals,north-site,equipment_health,BETA-NORTH-CRUSHER-008,fixed_crusher,2026-09-01T16:18:36.854Z,8,running,76.4,4.43,3067.0,0.998,9865.26,25.0,[]
026b160e-5131-4acb-b718-6bb240b0b5ba,1.0,beta-minerals,north-site,equipment_health,BETA-NORTH-CRUSHER-009,fixed_crusher,2026-09-01T16:18:36.854Z,8,running,75.2,4.46,2941.7,0.998,21513.63,24.4,[]
65daf26e-bbd4-4196-aedf-d2f5487f01f8,1.0,beta-minerals,north-site,equipment_health,BETA-NORTH-CRUSHER-010,fixed_crusher,2026-09-01T16:18:36.854Z,8,running,72.2,4.07,3031.4,0.998,9015.59,24.5,[]
a2a63380-d1e8-4330-a809-51eb32bc49f6,1.0,beta-minerals,north-site,equipment_health,BETA-NORTH-CRUSHER-011,fixed_crusher,2026-09-01T16:18:36.854Z,8,running,69.6,4.15,3133.2,0.999,12762.04,24.4,[]
c832a996-07f6-4da9-941f-29ecfc2cda25,1.0,beta-minerals,north-site,equipment_health,BETA-NORTH-CRUSHER-012,fixed_crusher,2026-09-01T16:18:36.854Z,8,running,72.3,3.52,3111.0,0.998,5623.28,25.1,[]
6d767186-7ecd-4966-baab-e67fa0b011d4,1.0,beta-minerals,north-site,equipment_health,BETA-NORTH-CRUSHER-013,fixed_crusher,2026-09-01T16:18:36.854Z,8,running,72.4,4.04,2914.8,0.999,19491.07,24.3,[]
3f42dbe4-e945-4d63-8840-8c487b8481c1,1.0,beta-minerals,north-site,equipment_health,BETA-NORTH-CRUSHER-014,fixed_crusher,2026-09-01T16:18:36.854Z,8,running,76.2,4.09,3129.4,0.998,15163.75,24.0,[]
4df68608-3ad6-4337-a29a-ac99145cdf41,1.0,beta-minerals,north-site,equipment_health,BETA-NORTH-CRUSHER-015,fixed_crusher,2026-09-01T16:18:36.854Z,8,running,72.4,4.24,2925.0,0.998,3475.15,24.0,[]
b0330d4a-1dd0-473a-a2ea-663669e9552d,1.0,beta-minerals,north-site,equipment_health,BETA-NORTH-CRUSHER-016,fixed_crusher,2026-09-01T16:18:36.854Z,8,running,70.3,4.35,3129.9,0.999,7578.7,24.5,[]
42a0beb9-09af-4b1e-a921-ecdae4c25aa0,1.0,beta-minerals,north-site,equipment_health,BETA-NORTH-CRUSHER-017,fixed_crusher,2026-09-01T16:18:36.854Z,8,faulted,97.8,7.86,2972.9,0.58,10512.94,24.7,"[""BEARING_OVERHEAT"",""VIBRATION_HIGH""]"
667f2d9d-1528-42f0-8625-8296508e05c6,1.0,beta-minerals,north-site,equipment_health,BETA-NORTH-CRUSHER-018,fixed_crusher,2026-09-01T16:18:36.854Z,8,running,68.5,4.25,3038.2,0.998,12811.8,24.9,[]
2f272307-92d3-411e-91d1-85647c8d14a3,1.0,beta-minerals,north-site,equipment_health,BETA-NORTH-CRUSHER-019,fixed_crusher,2026-09-01T16:18:36.854Z,8,running,69.3,3.9,2992.8,0.999,19458.89,24.3,[]
83d89497-4b78-42d3-b921-18f8f5a6e6ba,1.0,beta-minerals,north-site,equipment_health,BETA-NORTH-CRUSHER-020,fixed_crusher,2026-09-01T16:18:36.854Z,8,running,69.1,3.86,3047.6,0.999,3849.69,24.8,[]
f5e2bdc8-e56c-4d53-9dd7-e940c8aa152c,1.0,beta-minerals,north-site,equipment_health,BETA-NORTH-CRUSHER-021,fixed_crusher,2026-09-01T16:18:36.854Z,8,running,68.9,4.44,2950.8,0.998,20321.71,24.2,[]
6b915250-acc8-4fb7-b6a9-8c374f1726d5,1.0,beta-minerals,north-site,equipment_health,BETA-NORTH-CRUSHER-022,fixed_crusher,2026-09-01T16:18:36.854Z,8,running,70.3,4.38,3121.6,0.998,21416.94,24.8,[]
f863e408-891e-46f0-b150-efc3f2bc2c3f,1.0,beta-minerals,north-site,equipment_health,BETA-NORTH-CRUSHER-023,fixed_crusher,2026-09-01T16:18:36.854Z,8,running,73.9,4.03,3069.6,0.998,4784.25,24.0,[]
0fc10d49-ee3a-49dd-ada2-f08134d640ae,1.0,beta-minerals,north-site,equipment_health,BETA-NORTH-CRUSHER-024,fixed_crusher,2026-09-01T16:18:36.854Z,8,faulted,103.3,8.47,3134.0,0.58,17579.61,24.9,"[""BEARING_OVERHEAT"",""VIBRATION_HIGH""]"
b45069e8-b802-4af5-bf08-ab46c7fcab38,1.0,beta-minerals,north-site,equipment_health,BETA-NORTH-CRUSHER-025,fixed_crusher,2026-09-01T16:18:36.854Z,8,running,72.5,4.44,3027.3,0.999,4886.6,25.0,[]
f833bffc-ce1e-4d49-8d82-25fffb25985c,1.0,beta-minerals,north-site,equipment_health,BETA-NORTH-CRUSHER-026,fixed_crusher,2026-09-01T16:18:36.854Z,8,running,75.4,4.3,3022.3,0.998,8609.07,24.9,[]
c5ca88aa-4072-4782-9533-967c012c0542,1.0,beta-minerals,north-site,equipment_health,BETA-NORTH-CRUSHER-027,fixed_crusher,2026-09-01T16:18:36.854Z,8,running,73.5,3.94,3125.0,0.998,4564.79,24.9,[]
5f96341a-7ffd-43a2-a973-9935cd8adb5b,1.0,beta-minerals,north-site,equipment_health,BETA-NORTH-CRUSHER-028,fixed_crusher,2026-09-01T16:18:36.854Z,8,running,72.4,4.03,3093.2,0.999,6843.48,24.3,[]
a4967fd6-5aba-47cb-979a-2dbc0e715609,1.0,beta-minerals,north-site,equipment_health,BETA-NORTH-CRUSHER-029,fixed_crusher,2026-09-01T16:18:36.854Z,8,running,72.9,3.99,2973.0,0.999,6504.58,25.0,[]
7c33ff02-a7a7-4801-84f1-80ccae882ecd,1.0,beta-minerals,north-site,equipment_health,BETA-NORTH-CRUSHER-030,fixed_crusher,2026-09-01T16:18:36.854Z,8,running,68.8,4.45,2914.1,0.999,13544.22,24.2,[]
85e10b2a-9cbb-4f53-9c71-844e12df371b,1.0,acme-mining,site-01,equipment_health,ACME-S01-CRUSHER-001,fixed_crusher,2026-09-01T16:18:41.854Z,9,running,72.6,4.47,2943.3,0.998,16458.43,24.4,[]
a240a9be-5a68-4971-a761-0261abba9376,1.0,acme-mining,site-01,equipment_health,ACME-S01-CRUSHER-002,fixed_crusher,2026-09-01T16:18:41.854Z,9,running,71.9,4.09,3074.2,0.998,5622.66,24.5,[]
36bd9aeb-2b48-4874-94fc-ad8169a56ee1,1.0,acme-mining,site-01,equipment_health,ACME-S01-CRUSHER-003,fixed_crusher,2026-09-01T16:18:41.854Z,9,running,76.9,4.04,3024.0,0.999,14322.85,24.9,[]
3d1132dc-740b-4324-9a9d-c9a4914056d5,1.0,acme-mining,site-01,equipment_health,ACME-S01-CRUSHER-004,fixed_crusher,2026-09-01T16:18:41.854Z,9,running,74.1,4.25,3062.5,0.998,6152.55,25.1,[]
3e4c7538-68f5-4498-8482-bc6aae8497fd,1.0,acme-mining,site-01,equipment_health,ACME-S01-CRUSHER-005,fixed_crusher,2026-09-01T16:18:41.854Z,9,running,69.4,3.89,2947.6,0.998,3963.0,24.8,[]
9c156ae8-5ef5-4766-9c3b-b72636ff4caf,1.0,acme-mining,site-01,equipment_health,ACME-S01-CRUSHER-006,fixed_crusher,2026-09-01T16:18:41.854Z,9,running,76.7,4.56,3096.0,0.998,17244.72,24.5,[]
1c6a25a6-d698-4b5e-abbd-42ee8c30d618,1.0,acme-mining,site-01,equipment_health,ACME-S01-CRUSHER-007,fixed_crusher,2026-09-01T16:18:41.854Z,9,running,70.8,3.79,2937.6,0.998,13724.19,25.1,[]
53f5c766-f396-4d0a-bd2b-593d0b77ab8e,1.0,acme-mining,site-01,equipment_health,ACME-S01-CRUSHER-008,fixed_crusher,2026-09-01T16:18:41.854Z,9,running,68.8,4.16,2987.7,0.998,12502.25,24.2,[]
e0ff866f-9a13-42a5-9021-490f7c392fb8,1.0,acme-mining,site-01,equipment_health,ACME-S01-CRUSHER-009,fixed_crusher,2026-09-01T16:18:41.854Z,9,running,75.7,4.22,2952.0,0.998,15703.35,24.7,[]
49d0730d-60be-48fc-9431-dea72ca7fb93,1.0,acme-mining,site-01,equipment_health,ACME-S01-CRUSHER-010,fixed_crusher,2026-09-01T16:18:41.854Z,9,running,75.2,4.13,2969.4,0.998,9812.96,23.8,[]
1cae85e8-93cd-42c6-9747-9bcf6f1f2f37,1.0,acme-mining,site-01,equipment_health,ACME-S01-CRUSHER-011,fixed_crusher,2026-09-01T16:18:41.854Z,9,running,75.3,3.67,3086.2,0.998,13414.95,24.8,[]
a1b3e765-9c34-4434-9df1-2748964a5269,1.0,acme-mining,site-01,equipment_health,ACME-S01-CRUSHER-012,fixed_crusher,2026-09-01T16:18:41.854Z,9,running,77.6,3.87,3064.3,0.998,11410.02,24.3,[]
e3788c01-334e-4981-b5d9-5eaa925ab9fa,1.0,acme-mining,site-01,equipment_health,ACME-S01-CRUSHER-013,fixed_crusher,2026-09-01T16:18:41.854Z,9,running,70.0,4.24,3135.4,0.998,5653.21,24.4,[]
5aa0e598-af6a-4d5e-9a6f-a5efe9dc8241,1.0,acme-mining,site-01,equipment_health,ACME-S01-CRUSHER-014,fixed_crusher,2026-09-01T16:18:41.854Z,9,faulted,96.4,8.67,3115.4,0.58,1652.92,25.0,"[""BEARING_OVERHEAT"",""VIBRATION_HIGH""]"
fba354a5-4ea6-4f0b-84c2-60f21e6b7085,1.0,acme-mining,site-01,equipment_health,ACME-S01-CRUSHER-015,fixed_crusher,2026-09-01T16:18:41.854Z,9,running,68.6,3.77,2976.9,0.998,21343.98,25.2,[]
4c9bba61-92c5-4c68-b593-c1051f0883c2,1.0,acme-mining,site-01,equipment_health,ACME-S01-CRUSHER-016,fixed_crusher,2026-09-01T16:18:41.854Z,9,running,68.8,4.16,3091.3,0.998,6910.23,24.5,[]
eda7f293-e662-4901-aaa3-b030b73d5dee,1.0,acme-mining,site-01,equipment_health,ACME-S01-CRUSHER-017,fixed_crusher,2026-09-01T16:18:41.854Z,9,running,71.1,3.59,3036.9,0.998,19136.12,24.8,[]
b3a7ecac-f93b-409f-a76e-6378e27703da,1.0,acme-mining,site-01,equipment_health,ACME-S01-CRUSHER-018,fixed_crusher,2026-09-01T16:18:41.854Z,9,running,77.6,4.37,2969.2,0.998,14058.68,24.4,[]
dca9d0a6-1ee6-4a24-bbb1-30057124d5c9,1.0,acme-mining,site-01,equipment_health,ACME-S01-CRUSHER-019,fixed_crusher,2026-09-01T16:18:41.854Z,9,running,72.5,4.52,3027.7,0.999,1412.04,24.9,[]
b2976cab-f7cd-4764-909f-8295752d5b85,1.0,acme-mining,site-01,equipment_health,ACME-S01-CRUSHER-020,fixed_crusher,2026-09-01T16:18:41.854Z,9,running,68.0,4.29,3083.3,0.998,21835.86,24.4,[]
41ee1bbf-be14-4e61-8625-219411f8ab3a,1.0,acme-mining,site-02,equipment_health,ACME-S02-CRUSHER-001,fixed_crusher,2026-09-01T16:18:41.854Z,9,running,71.5,3.9,3140.5,0.998,21531.72,24.3,[]
538ea94b-69f6-4c52-a8ca-564d8106376e,1.0,acme-mining,site-02,equipment_health,ACME-S02-CRUSHER-002,fixed_crusher,2026-09-01T16:18:41.854Z,9,running,70.7,4.56,3058.5,0.998,7608.77,24.2,[]
1890fdee-389f-4b69-becb-441473e10860,1.0,acme-mining,site-02,equipment_health,ACME-S02-CRUSHER-003,fixed_crusher,2026-09-01T16:18:41.854Z,9,running,74.5,4.01,3054.9,0.998,20160.48,24.2,[]
c6d5667c-ddd5-4b43-9914-7ec603ed23ff,1.0,acme-mining,site-02,equipment_health,ACME-S02-CRUSHER-004,fixed_crusher,2026-09-01T16:18:41.854Z,9,running,71.7,3.91,3038.2,0.998,4749.82,25.0,[]
7ca5f52d-c57d-4585-85a5-b7c161e07c42,1.0,acme-mining,site-02,equipment_health,ACME-S02-CRUSHER-005,fixed_crusher,2026-09-01T16:18:41.854Z,9,running,77.7,3.88,3086.7,0.998,6832.72,24.2,[]
2fe68637-5833-4875-a5ca-70aadc33a698,1.0,acme-mining,site-02,equipment_health,ACME-S02-CRUSHER-006,fixed_crusher,2026-09-01T16:18:41.854Z,9,running,69.0,3.95,2911.1,0.998,17946.87,24.9,[]
d49ec8e8-e184-4b1c-935e-9eeebc561db9,1.0,acme-mining,site-02,equipment_health,ACME-S02-CRUSHER-007,fixed_crusher,2026-09-01T16:18:41.854Z,9,running,70.6,4.2,3094.2,0.999,12836.97,24.4,[]
c8fc48af-8735-42dd-84ae-30708fcbc072,1.0,acme-mining,site-02,equipment_health,ACME-S02-CRUSHER-008,fixed_crusher,2026-09-01T16:18:41.854Z,9,running,74.6,4.56,2975.5,0.999,9297.68,23.8,[]
aa4c92cc-0c7c-4ad8-b0da-6d1fef3a6509,1.0,acme-mining,site-02,equipment_health,ACME-S02-CRUSHER-009,fixed_crusher,2026-09-01T16:18:41.854Z,9,faulted,103.6,7.74,3144.0,0.58,16779.65,24.8,"[""BEARING_OVERHEAT"",""VIBRATION_HIGH""]"
cc08165d-6ab7-4f83-96dd-07f89e4db292,1.0,acme-mining,site-02,equipment_health,ACME-S02-CRUSHER-010,fixed_crusher,2026-09-01T16:18:41.854Z,9,running,75.2,4.39,3073.4,0.998,14957.08,25.2,[]
dd4b93f3-9203-481f-b4bf-772203634cff,1.0,acme-mining,site-02,equipment_health,ACME-S02-CRUSHER-011,fixed_crusher,2026-09-01T16:18:41.854Z,9,running,71.2,3.87,2910.4,0.998,14340.69,24.8,[]
437cb26c-db80-41c8-907a-30932ba91e7b,1.0,acme-mining,site-02,equipment_health,ACME-S02-CRUSHER-012,fixed_crusher,2026-09-01T16:18:41.854Z,9,running,75.1,3.94,2930.7,0.998,9615.94,23.8,[]
73edea66-89c8-4fe8-9b42-b6344ee0e507,1.0,acme-mining,site-02,equipment_health,ACME-S02-CRUSHER-013,fixed_crusher,2026-09-01T16:18:41.854Z,9,running,68.2,4.01,3053.9,0.998,11940.75,23.8,[]
52d59686-8df4-4fff-8623-5a9759fa9040,1.0,acme-mining,site-02,equipment_health,ACME-S02-CRUSHER-014,fixed_crusher,2026-09-01T16:18:41.854Z,9,running,72.4,3.54,2995.8,0.998,12941.29,24.6,[]
7fbb074c-412a-4ce2-aaf2-8b5b1e426b7a,1.0,acme-mining,site-02,equipment_health,ACME-S02-CRUSHER-015,fixed_crusher,2026-09-01T16:18:41.854Z,9,running,72.9,3.98,3049.3,0.998,19856.47,25.1,[]
d57413c2-affa-48fe-b76f-1ce97e9c680a,1.0,acme-mining,site-02,equipment_health,ACME-S02-CRUSHER-016,fixed_crusher,2026-09-01T16:18:41.854Z,9,running,72.0,4.27,2927.5,0.998,16133.55,24.9,[]
ff931825-9b77-4814-ac4a-4823d43f5667,1.0,acme-mining,site-02,equipment_health,ACME-S02-CRUSHER-017,fixed_crusher,2026-09-01T16:18:41.854Z,9,running,74.6,4.35,3130.8,0.998,12272.68,24.4,[]
393b04a6-4b8b-44e0-ac88-8da448b45a01,1.0,acme-mining,site-02,equipment_health,ACME-S02-CRUSHER-018,fixed_crusher,2026-09-01T16:18:41.854Z,9,running,78.0,4.37,3021.7,0.998,17035.56,24.1,[]
03b102e0-bb26-4cb5-a111-a05921117277,1.0,acme-mining,site-02,equipment_health,ACME-S02-CRUSHER-019,fixed_crusher,2026-09-01T16:18:41.854Z,9,running,75.0,4.15,2911.4,0.998,8763.7,23.9,[]
9ea0ff00-7227-4e08-8483-d0a7b47f46c6,1.0,acme-mining,site-02,equipment_health,ACME-S02-CRUSHER-020,fixed_crusher,2026-09-01T16:18:41.854Z,9,running,70.1,4.36,3141.8,0.998,9132.86,24.1,[]
6f38d585-4ce4-46e2-b427-c3b4d5e630b8,1.0,beta-minerals,north-site,equipment_health,BETA-NORTH-CRUSHER-001,fixed_crusher,2026-09-01T16:18:41.854Z,9,running,74.9,3.7,3063.3,0.998,10268.57,25.1,[]
4bc1c562-17a5-4155-aaf3-383203ee48e4,1.0,beta-minerals,north-site,equipment_health,BETA-NORTH-CRUSHER-002,fixed_crusher,2026-09-01T16:18:41.854Z,9,running,75.3,3.76,3131.0,0.998,10090.28,24.4,[]
ffb0dd61-cc8e-4e9e-b924-602fb6bccad5,1.0,beta-minerals,north-site,equipment_health,BETA-NORTH-CRUSHER-003,fixed_crusher,2026-09-01T16:18:41.854Z,9,running,76.8,3.78,2947.8,0.998,17521.09,24.2,[]
9cc55965-eba9-4e66-9936-7f26e52337f5,1.0,beta-minerals,north-site,equipment_health,BETA-NORTH-CRUSHER-004,fixed_crusher,2026-09-01T16:18:41.854Z,9,running,71.0,4.49,3029.7,0.998,7556.81,24.0,[]
1e83a8b2-4eb5-4949-b73f-783ef20e946d,1.0,beta-minerals,north-site,equipment_health,BETA-NORTH-CRUSHER-005,fixed_crusher,2026-09-01T16:18:41.854Z,9,running,72.8,3.87,3001.5,0.998,7964.56,24.8,[]
99fcccff-4d81-4f6d-90af-ce891ff00f4b,1.0,beta-minerals,north-site,equipment_health,BETA-NORTH-CRUSHER-006,fixed_crusher,2026-09-01T16:18:41.854Z,9,running,76.7,4.21,3108.7,0.998,4130.61,24.7,[]
bd066cd1-5480-4e53-9fb1-db4b57e5a57f,1.0,beta-minerals,north-site,equipment_health,BETA-NORTH-CRUSHER-007,fixed_crusher,2026-09-01T16:18:41.854Z,9,running,70.3,4.52,3061.8,0.998,14804.69,24.7,[]
2ddaf64a-a3d2-435a-8802-ae65692b719e,1.0,beta-minerals,north-site,equipment_health,BETA-NORTH-CRUSHER-008,fixed_crusher,2026-09-01T16:18:41.854Z,9,running,76.6,4.56,3056.6,0.998,9865.26,24.8,[]
f1929578-1a9a-4567-a914-9dda21d87cde,1.0,beta-minerals,north-site,equipment_health,BETA-NORTH-CRUSHER-009,fixed_crusher,2026-09-01T16:18:41.854Z,9,running,68.7,4.27,3020.7,0.998,21513.64,24.5,[]
993788f6-91d5-42ad-b6c8-88579c497752,1.0,beta-minerals,north-site,equipment_health,BETA-NORTH-CRUSHER-010,fixed_crusher,2026-09-01T16:18:41.854Z,9,running,72.1,4.26,3142.3,0.998,9015.59,25.0,[]
ba12a066-d6b1-4a0e-8a47-5feeacc67113,1.0,beta-minerals,north-site,equipment_health,BETA-NORTH-CRUSHER-011,fixed_crusher,2026-09-01T16:18:41.854Z,9,running,69.5,3.54,3003.1,0.999,12762.04,24.6,[]
767541b7-a69d-4e11-bc23-df17b0b60e04,1.0,beta-minerals,north-site,equipment_health,BETA-NORTH-CRUSHER-012,fixed_crusher,2026-09-01T16:18:41.854Z,9,running,75.2,3.8,3107.5,0.998,5623.28,25.2,[]
50171a95-0ef1-4ecf-863e-fb30c4a1c7d5,1.0,beta-minerals,north-site,equipment_health,BETA-NORTH-CRUSHER-013,fixed_crusher,2026-09-01T16:18:41.854Z,9,running,69.5,3.77,3136.1,0.998,19491.07,24.0,[]
e001cfc0-3190-4a59-93c2-41185d24fb08,1.0,beta-minerals,north-site,equipment_health,BETA-NORTH-CRUSHER-014,fixed_crusher,2026-09-01T16:18:41.854Z,9,running,72.0,4.5,2964.7,0.998,15163.75,25.1,[]
21cc9b04-a08c-4556-af42-d20c821cf150,1.0,beta-minerals,north-site,equipment_health,BETA-NORTH-CRUSHER-015,fixed_crusher,2026-09-01T16:18:41.854Z,9,running,75.9,4.47,3058.5,0.998,3475.16,24.5,[]
174f1968-b068-427e-886e-7c7e99c08bd2,1.0,beta-minerals,north-site,equipment_health,BETA-NORTH-CRUSHER-016,fixed_crusher,2026-09-01T16:18:41.854Z,9,running,70.2,4.58,3052.7,0.998,7578.7,25.2,[]
6e38b07e-ba84-4481-8766-9115cd0011ef,1.0,beta-minerals,north-site,equipment_health,BETA-NORTH-CRUSHER-017,fixed_crusher,2026-09-01T16:18:41.854Z,9,running,69.6,4.13,3059.3,0.998,10512.94,25.0,[]
94035bbe-c5f4-402b-804b-631cce9e5cf9,1.0,beta-minerals,north-site,equipment_health,BETA-NORTH-CRUSHER-018,fixed_crusher,2026-09-01T16:18:41.854Z,9,running,71.2,3.96,3003.9,0.998,12811.8,24.8,[]
5b068a09-1cd4-403f-8446-4043583187a0,1.0,beta-minerals,north-site,equipment_health,BETA-NORTH-CRUSHER-019,fixed_crusher,2026-09-01T16:18:41.854Z,9,running,68.8,3.89,3115.8,0.998,19458.89,23.8,[]
82d92a72-c3fb-417c-8865-c199cbf4550c,1.0,beta-minerals,north-site,equipment_health,BETA-NORTH-CRUSHER-020,fixed_crusher,2026-09-01T16:18:41.854Z,9,running,77.1,4.32,3016.2,0.999,3849.69,24.9,[]
52f37ee5-1079-42e3-b432-c582a417304b,1.0,beta-minerals,north-site,equipment_health,BETA-NORTH-CRUSHER-021,fixed_crusher,2026-09-01T16:18:41.854Z,9,running,75.2,3.66,3040.7,0.998,20321.71,24.6,[]
91a5fbf9-77be-497a-8c41-303f63c10f37,1.0,beta-minerals,north-site,equipment_health,BETA-NORTH-CRUSHER-022,fixed_crusher,2026-09-01T16:18:41.854Z,9,running,72.3,4.43,3001.6,0.998,21416.94,25.0,[]
daf14b90-f72b-456d-bf7c-5e05981cfb35,1.0,beta-minerals,north-site,equipment_health,BETA-NORTH-CRUSHER-023,fixed_crusher,2026-09-01T16:18:41.854Z,9,running,72.5,4.04,3110.5,0.998,4784.25,24.8,[]
b011c851-48da-42ef-a150-672569fa8c83,1.0,beta-minerals,north-site,equipment_health,BETA-NORTH-CRUSHER-024,fixed_crusher,2026-09-01T16:18:41.854Z,9,running,68.5,4.51,2944.0,0.998,17579.61,24.1,[]
8088293c-c6d1-4dbe-82cf-7b0b2df26a33,1.0,beta-minerals,north-site,equipment_health,BETA-NORTH-CRUSHER-025,fixed_crusher,2026-09-01T16:18:41.854Z,9,running,69.4,4.28,2915.3,0.998,4886.6,24.4,[]
87a84d7e-0bd5-4169-8613-da29cb63fa32,1.0,beta-minerals,north-site,equipment_health,BETA-NORTH-CRUSHER-026,fixed_crusher,2026-09-01T16:18:41.854Z,9,running,70.7,4.13,3055.5,0.998,8609.07,24.2,[]
da35760d-697b-48ae-bfa9-6e8e47ff2577,1.0,beta-minerals,north-site,equipment_health,BETA-NORTH-CRUSHER-027,fixed_crusher,2026-09-01T16:18:41.854Z,9,running,73.9,3.8,3113.4,0.998,4564.79,24.8,[]
22e876ff-b7a0-48d2-a007-17287254c435,1.0,beta-minerals,north-site,equipment_health,BETA-NORTH-CRUSHER-028,fixed_crusher,2026-09-01T16:18:41.854Z,9,running,75.9,4.26,2943.6,0.998,6843.48,24.5,[]
d3ff4264-7a04-4864-b3d8-7bc297428e00,1.0,beta-minerals,north-site,equipment_health,BETA-NORTH-CRUSHER-029,fixed_crusher,2026-09-01T16:18:41.854Z,9,running,70.0,4.41,3106.5,0.998,6504.58,23.9,[]
03483af1-26f6-4f3b-b6b3-d58be086a5ab,1.0,beta-minerals,north-site,equipment_health,BETA-NORTH-CRUSHER-030,fixed_crusher,2026-09-01T16:18:41.854Z,9,running,72.8,3.8,2962.1,0.999,13544.22,25.1,[]
6452dbf0-dd4d-40de-b2cb-f585aa68068e,1.0,acme-mining,site-01,equipment_health,ACME-S01-CRUSHER-001,fixed_crusher,2026-09-01T16:18:46.854Z,10,running,68.7,4.19,3082.7,0.998,16458.43,24.3,[]
a187fe34-c6f0-4855-aa5f-98db0d54ba62,1.0,acme-mining,site-01,equipment_health,ACME-S01-CRUSHER-002,fixed_crusher,2026-09-01T16:18:46.854Z,10,running,68.2,3.9,2920.2,0.998,5622.66,24.5,[]
8e79f717-14bb-4399-8ce7-3f4de337224c,1.0,acme-mining,site-01,equipment_health,ACME-S01-CRUSHER-003,fixed_crusher,2026-09-01T16:18:46.854Z,10,running,75.7,4.28,2932.2,0.998,14322.85,25.0,[]
a396ac2a-33ae-44be-a459-a1872a4e5616,1.0,acme-mining,site-01,equipment_health,ACME-S01-CRUSHER-004,fixed_crusher,2026-09-01T16:18:46.854Z,10,running,70.1,3.51,3012.9,0.998,6152.56,24.0,[]
927b6c5d-32d2-438e-a049-af6f50e1516d,1.0,acme-mining,site-01,equipment_health,ACME-S01-CRUSHER-005,fixed_crusher,2026-09-01T16:18:46.854Z,10,running,74.5,3.75,3076.3,0.998,3963.0,24.1,[]
7b67b5cb-59d8-4287-b6ee-3e9a24c79c9f,1.0,acme-mining,site-01,equipment_health,ACME-S01-CRUSHER-006,fixed_crusher,2026-09-01T16:18:46.854Z,10,running,76.2,3.8,3148.9,0.998,17244.72,24.3,[]
d5e7e6cf-7a86-40bd-97d6-f08b11d8ebe5,1.0,acme-mining,site-01,equipment_health,ACME-S01-CRUSHER-007,fixed_crusher,2026-09-01T16:18:46.854Z,10,running,72.3,4.13,3112.4,0.998,13724.19,24.6,[]
b502da76-ced3-4528-aed9-ace7f15cd17c,1.0,acme-mining,site-01,equipment_health,ACME-S01-CRUSHER-008,fixed_crusher,2026-09-01T16:18:46.854Z,10,running,72.2,3.94,2931.0,0.998,12502.25,25.0,[]
091f0de8-773d-4b65-817b-cc98a54fbce1,1.0,acme-mining,site-01,equipment_health,ACME-S01-CRUSHER-009,fixed_crusher,2026-09-01T16:18:46.854Z,10,running,76.4,4.02,3069.0,0.998,15703.35,23.8,[]
9a8025f3-297e-4bbb-84c3-f1c27f007447,1.0,acme-mining,site-01,equipment_health,ACME-S01-CRUSHER-010,fixed_crusher,2026-09-01T16:18:46.854Z,10,running,71.7,4.5,2916.1,0.998,9812.96,23.8,[]
08553a02-e828-41c0-a213-5551507605f2,1.0,acme-mining,site-01,equipment_health,ACME-S01-CRUSHER-011,fixed_crusher,2026-09-01T16:18:46.854Z,10,running,73.8,3.5,3071.4,0.998,13414.95,24.2,[]
194d93af-19f7-4177-8379-09f6660de9f3,1.0,acme-mining,site-01,equipment_health,ACME-S01-CRUSHER-012,fixed_crusher,2026-09-01T16:18:46.854Z,10,running,68.3,3.86,3064.0,0.998,11410.02,24.5,[]
7f934a88-8622-4897-82fa-ec327bd493e7,1.0,acme-mining,site-01,equipment_health,ACME-S01-CRUSHER-013,fixed_crusher,2026-09-01T16:18:46.854Z,10,running,72.1,4.26,3028.9,0.998,5653.21,24.6,[]
082a334a-0164-4fa3-9e7b-1675a577ffa2,1.0,acme-mining,site-01,equipment_health,ACME-S01-CRUSHER-014,fixed_crusher,2026-09-01T16:18:46.854Z,10,running,68.1,4.4,3063.5,0.998,1652.93,25.2,[]
35ee79fd-893a-44d6-8510-897e6872ee9a,1.0,acme-mining,site-01,equipment_health,ACME-S01-CRUSHER-015,fixed_crusher,2026-09-01T16:18:46.854Z,10,running,75.1,3.61,3079.7,0.998,21343.98,24.1,[]
6c53f72e-4f84-4e49-a563-8c0cfcf63f2b,1.0,acme-mining,site-01,equipment_health,ACME-S01-CRUSHER-016,fixed_crusher,2026-09-01T16:18:46.854Z,10,running,71.3,3.68,2961.1,0.998,6910.23,24.0,[]
7fcb4a3e-f5bc-4a91-9818-9ba45d9273c5,1.0,acme-mining,site-01,equipment_health,ACME-S01-CRUSHER-017,fixed_crusher,2026-09-01T16:18:46.854Z,10,running,77.4,3.86,3109.4,0.998,19136.12,24.1,[]
2fe65d9a-e260-406e-a639-47e04c7fc3eb,1.0,acme-mining,site-01,equipment_health,ACME-S01-CRUSHER-018,fixed_crusher,2026-09-01T16:18:46.854Z,10,running,71.0,3.88,2967.8,0.998,14058.68,23.9,[]
f88bd329-5bf7-475e-9fa2-7f9dc439be82,1.0,acme-mining,site-01,equipment_health,ACME-S01-CRUSHER-019,fixed_crusher,2026-09-01T16:18:46.854Z,10,running,73.0,3.95,3134.6,0.998,1412.05,24.8,[]
0522caa8-0a41-4d81-a351-f68a31196346,1.0,acme-mining,site-01,equipment_health,ACME-S01-CRUSHER-020,fixed_crusher,2026-09-01T16:18:46.854Z,10,running,68.5,3.62,2929.0,0.998,21835.87,24.3,[]
e33e1dd0-6a86-4a23-ad52-e5e7fad4258e,1.0,acme-mining,site-02,equipment_health,ACME-S02-CRUSHER-001,fixed_crusher,2026-09-01T16:18:46.854Z,10,running,68.6,4.39,2932.5,0.998,21531.72,23.9,[]
667834ba-9e30-487c-a381-fe006ae55ed0,1.0,acme-mining,site-02,equipment_health,ACME-S02-CRUSHER-002,fixed_crusher,2026-09-01T16:18:46.854Z,10,running,73.4,3.7,3126.0,0.998,7608.77,24.6,[]
3e3663e6-de56-4ebc-a895-47ef7cd91ae6,1.0,acme-mining,site-02,equipment_health,ACME-S02-CRUSHER-003,fixed_crusher,2026-09-01T16:18:46.854Z,10,running,72.2,3.85,3120.5,0.998,20160.48,24.3,[]
aa3d9cdc-f422-4d63-97b1-d9301b0a4eef,1.0,acme-mining,site-02,equipment_health,ACME-S02-CRUSHER-004,fixed_crusher,2026-09-01T16:18:46.854Z,10,running,72.0,3.75,3008.3,0.998,4749.82,24.8,[]
efe76cb7-1213-435c-8ba7-0bcef16d8e67,1.0,acme-mining,site-02,equipment_health,ACME-S02-CRUSHER-005,fixed_crusher,2026-09-01T16:18:46.854Z,10,running,68.3,4.19,3037.7,0.998,6832.72,24.5,[]
3c6ec77a-35d1-4308-bfc1-68f387cbd955,1.0,acme-mining,site-02,equipment_health,ACME-S02-CRUSHER-006,fixed_crusher,2026-09-01T16:18:46.854Z,10,running,69.7,4.23,3076.2,0.998,17946.87,24.3,[]
cf2523ec-6821-4fa1-adbb-9887fe07e3ab,1.0,acme-mining,site-02,equipment_health,ACME-S02-CRUSHER-007,fixed_crusher,2026-09-01T16:18:46.854Z,10,running,71.2,4.55,2968.1,0.998,12836.98,24.6,[]
1341ab87-a3f0-44b4-a4af-56631fb1ddd8,1.0,acme-mining,site-02,equipment_health,ACME-S02-CRUSHER-008,fixed_crusher,2026-09-01T16:18:46.854Z,10,running,71.1,4.09,3122.6,0.998,9297.68,25.2,[]
ca6becaf-e39b-4d4a-9476-501d5cdd61d1,1.0,acme-mining,site-02,equipment_health,ACME-S02-CRUSHER-009,fixed_crusher,2026-09-01T16:18:46.854Z,10,running,72.5,3.54,2938.5,0.998,16779.65,24.1,[]
ab718d99-9512-46c8-8b8f-d5bbf338bd9a,1.0,acme-mining,site-02,equipment_health,ACME-S02-CRUSHER-010,fixed_crusher,2026-09-01T16:18:46.854Z,10,running,69.7,4.18,3038.9,0.998,14957.08,25.1,[]
974b2d2c-decc-47ce-a0c3-f07f56b21155,1.0,acme-mining,site-02,equipment_health,ACME-S02-CRUSHER-011,fixed_crusher,2026-09-01T16:18:46.854Z,10,running,76.6,3.73,2939.8,0.998,14340.69,23.8,[]
64d59c30-6b5c-4554-8ace-9b8b8a89fc86,1.0,acme-mining,site-02,equipment_health,ACME-S02-CRUSHER-012,fixed_crusher,2026-09-01T16:18:46.854Z,10,running,73.2,4.58,2931.7,0.998,9615.94,24.4,[]
88421da0-20ef-4eb3-87f5-a8ecdfb3fc8a,1.0,acme-mining,site-02,equipment_health,ACME-S02-CRUSHER-013,fixed_crusher,2026-09-01T16:18:46.854Z,10,running,71.9,3.97,3035.4,0.998,11940.76,24.7,[]
708ed3d8-8841-4023-9576-17b7402488af,1.0,acme-mining,site-02,equipment_health,ACME-S02-CRUSHER-014,fixed_crusher,2026-09-01T16:18:46.854Z,10,running,73.3,4.31,3145.4,0.998,12941.29,24.8,[]
c892c4b8-ef22-40b5-952a-c549835c3334,1.0,acme-mining,site-02,equipment_health,ACME-S02-CRUSHER-015,fixed_crusher,2026-09-01T16:18:46.854Z,10,running,77.1,3.99,2956.6,0.998,19856.47,24.2,[]
e8aac596-df97-497b-acb8-e06062aa3b8c,1.0,acme-mining,site-02,equipment_health,ACME-S02-CRUSHER-016,fixed_crusher,2026-09-01T16:18:46.854Z,10,running,68.1,3.7,3034.2,0.998,16133.55,25.0,[]
18050ac7-9982-4207-b401-dd989302b26d,1.0,acme-mining,site-02,equipment_health,ACME-S02-CRUSHER-017,fixed_crusher,2026-09-01T16:18:46.854Z,10,running,76.1,4.33,3144.7,0.998,12272.68,24.7,[]
9c7ba392-0d4a-4ecc-bf6b-ed1b45a7b358,1.0,acme-mining,site-02,equipment_health,ACME-S02-CRUSHER-018,fixed_crusher,2026-09-01T16:18:46.854Z,10,running,76.9,3.69,3138.5,0.998,17035.56,24.0,[]
4489971c-5629-4659-b3a8-fa97581d04d3,1.0,acme-mining,site-02,equipment_health,ACME-S02-CRUSHER-019,fixed_crusher,2026-09-01T16:18:46.854Z,10,running,73.0,4.29,2909.1,0.998,8763.7,24.2,[]
0ae2aee2-9553-4a64-9243-8d62b0847e2b,1.0,acme-mining,site-02,equipment_health,ACME-S02-CRUSHER-020,fixed_crusher,2026-09-01T16:18:46.854Z,10,running,75.1,4.02,2915.2,0.998,9132.86,24.0,[]
8956b73b-718e-4489-a4fa-fa1eecd79851,1.0,beta-minerals,north-site,equipment_health,BETA-NORTH-CRUSHER-001,fixed_crusher,2026-09-01T16:18:46.854Z,10,running,69.3,4.32,3065.8,0.998,10268.57,25.1,[]
9cfaec39-541d-4ebd-817c-371e38adacc6,1.0,beta-minerals,north-site,equipment_health,BETA-NORTH-CRUSHER-002,fixed_crusher,2026-09-01T16:18:46.854Z,10,running,71.7,3.99,2960.4,0.998,10090.28,24.7,[]
4a42149e-534c-41ab-99f4-aebc3a883685,1.0,beta-minerals,north-site,equipment_health,BETA-NORTH-CRUSHER-003,fixed_crusher,2026-09-01T16:18:46.854Z,10,running,77.9,4.33,3105.0,0.998,17521.09,24.9,[]
5979a5eb-d5d6-4fb0-9833-c6715e8a12b9,1.0,beta-minerals,north-site,equipment_health,BETA-NORTH-CRUSHER-004,fixed_crusher,2026-09-01T16:18:46.854Z,10,faulted,103.8,8.18,2985.7,0.58,7556.81,24.4,"[""BEARING_OVERHEAT"",""VIBRATION_HIGH""]"
af9ae823-86cb-4c5c-bdbd-297c27e169b7,1.0,beta-minerals,north-site,equipment_health,BETA-NORTH-CRUSHER-005,fixed_crusher,2026-09-01T16:18:46.854Z,10,running,71.4,4.11,3020.5,0.998,7964.57,24.7,[]
474c4bd3-c074-49d2-9f66-19997358fdc7,1.0,beta-minerals,north-site,equipment_health,BETA-NORTH-CRUSHER-006,fixed_crusher,2026-09-01T16:18:46.854Z,10,running,75.2,3.89,3109.6,0.998,4130.61,24.1,[]
32b0f966-ac63-474d-bb8e-2abe2213e243,1.0,beta-minerals,north-site,equipment_health,BETA-NORTH-CRUSHER-007,fixed_crusher,2026-09-01T16:18:46.854Z,10,running,74.0,3.73,2934.0,0.998,14804.69,24.4,[]
8a468725-390b-401b-8430-80a2c558fe0f,1.0,beta-minerals,north-site,equipment_health,BETA-NORTH-CRUSHER-008,fixed_crusher,2026-09-01T16:18:46.854Z,10,running,69.5,4.54,3074.3,0.998,9865.26,24.0,[]
d488f555-3041-48e3-8c64-a508c6a71650,1.0,beta-minerals,north-site,equipment_health,BETA-NORTH-CRUSHER-009,fixed_crusher,2026-09-01T16:18:46.854Z,10,running,72.7,4.48,3108.2,0.998,21513.64,24.9,[]
66f9f1e4-f321-4ca1-91f6-b27aa533ee59,1.0,beta-minerals,north-site,equipment_health,BETA-NORTH-CRUSHER-010,fixed_crusher,2026-09-01T16:18:46.854Z,10,running,71.4,4.14,2925.5,0.998,9015.59,24.1,[]
ba20f336-4153-4ccf-8819-3af0043dbf21,1.0,beta-minerals,north-site,equipment_health,BETA-NORTH-CRUSHER-011,fixed_crusher,2026-09-01T16:18:46.854Z,10,running,75.7,4.27,3121.3,0.998,12762.04,23.8,[]
7d97ec78-c5e3-4c0d-929f-c47c8243711d,1.0,beta-minerals,north-site,equipment_health,BETA-NORTH-CRUSHER-012,fixed_crusher,2026-09-01T16:18:46.854Z,10,running,74.5,3.78,3124.0,0.998,5623.28,24.1,[]
b13d4c39-3ce5-4ea5-995c-8fb9f5db5b14,1.0,beta-minerals,north-site,equipment_health,BETA-NORTH-CRUSHER-013,fixed_crusher,2026-09-01T16:18:46.854Z,10,running,69.9,4.48,2949.2,0.998,19491.08,24.0,[]
ab69931c-598e-40b3-91c3-5ac322fd7d19,1.0,beta-minerals,north-site,equipment_health,BETA-NORTH-CRUSHER-014,fixed_crusher,2026-09-01T16:18:46.854Z,10,running,73.1,4.09,2991.8,0.998,15163.75,24.7,[]
6337c043-4d53-4b19-ada6-c3059e9e0f42,1.0,beta-minerals,north-site,equipment_health,BETA-NORTH-CRUSHER-015,fixed_crusher,2026-09-01T16:18:46.854Z,10,running,74.5,4.48,3056.5,0.998,3475.16,23.8,[]
c6148a58-213e-4174-8fc4-5e004e789a41,1.0,beta-minerals,north-site,equipment_health,BETA-NORTH-CRUSHER-016,fixed_crusher,2026-09-01T16:18:46.854Z,10,running,73.9,4.38,3060.4,0.998,7578.7,24.3,[]
1ee5a34b-8624-4145-89eb-9c6e7d5ad2bd,1.0,beta-minerals,north-site,equipment_health,BETA-NORTH-CRUSHER-017,fixed_crusher,2026-09-01T16:18:46.854Z,10,running,72.8,3.96,3064.7,0.998,10512.95,24.6,[]
d4858858-1d11-4474-90a2-426144894b5c,1.0,beta-minerals,north-site,equipment_health,BETA-NORTH-CRUSHER-018,fixed_crusher,2026-09-01T16:18:46.854Z,10,running,71.9,3.91,3076.5,0.998,12811.81,24.2,[]
ee0185c6-069c-4857-b737-e5bbe3725981,1.0,beta-minerals,north-site,equipment_health,BETA-NORTH-CRUSHER-019,fixed_crusher,2026-09-01T16:18:46.854Z,10,running,69.0,4.04,3074.2,0.998,19458.89,24.9,[]
50f1094d-7c26-4d40-904f-7e2b576aeae2,1.0,beta-minerals,north-site,equipment_health,BETA-NORTH-CRUSHER-020,fixed_crusher,2026-09-01T16:18:46.854Z,10,running,72.4,3.53,2951.6,0.998,3849.69,24.0,[]
5fbbcce0-2f63-42eb-a002-8c7ec7fef779,1.0,beta-minerals,north-site,equipment_health,BETA-NORTH-CRUSHER-021,fixed_crusher,2026-09-01T16:18:46.854Z,10,running,77.7,4.57,3007.2,0.998,20321.72,24.5,[]
d231dd88-9e12-4b88-ab33-6c2e94b54479,1.0,beta-minerals,north-site,equipment_health,BETA-NORTH-CRUSHER-022,fixed_crusher,2026-09-01T16:18:46.854Z,10,running,77.6,4.08,3039.0,0.998,21416.94,24.7,[]
30c9efcf-c895-4147-92f4-43533cbfbcaa,1.0,beta-minerals,north-site,equipment_health,BETA-NORTH-CRUSHER-023,fixed_crusher,2026-09-01T16:18:46.854Z,10,running,72.6,4.5,3017.2,0.998,4784.25,25.1,[]
d1a5ec25-a373-4ac9-a1b3-f5c87cb6a1ae,1.0,beta-minerals,north-site,equipment_health,BETA-NORTH-CRUSHER-024,fixed_crusher,2026-09-01T16:18:46.854Z,10,running,74.8,3.59,2993.1,0.998,17579.61,24.1,[]
9c00fae7-4ca5-4704-ab6d-802ae658acdd,1.0,beta-minerals,north-site,equipment_health,BETA-NORTH-CRUSHER-025,fixed_crusher,2026-09-01T16:18:46.854Z,10,running,75.6,4.41,3005.2,0.998,4886.6,24.3,[]
2c09a131-21ec-4206-9042-f2f33d519451,1.0,beta-minerals,north-site,equipment_health,BETA-NORTH-CRUSHER-026,fixed_crusher,2026-09-01T16:18:46.854Z,10,running,74.8,3.53,2982.9,0.998,8609.07,24.4,[]
8de20927-8d22-4e94-b32e-ea32e5668b4f,1.0,beta-minerals,north-site,equipment_health,BETA-NORTH-CRUSHER-027,fixed_crusher,2026-09-01T16:18:46.854Z,10,running,74.5,3.95,3067.8,0.998,4564.79,23.9,[]
a49b06bb-7ff9-46c4-a1d2-4211695feb13,1.0,beta-minerals,north-site,equipment_health,BETA-NORTH-CRUSHER-028,fixed_crusher,2026-09-01T16:18:46.854Z,10,running,71.0,3.96,2923.4,0.998,6843.48,24.2,[]
cc8c905f-6554-434d-b729-8c641a2f082a,1.0,beta-minerals,north-site,equipment_health,BETA-NORTH-CRUSHER-029,fixed_crusher,2026-09-01T16:18:46.854Z,10,running,72.3,3.66,3045.9,0.998,6504.59,24.8,[]
185bf314-f9b8-493b-8f8d-1a71fbbb84a8,1.0,beta-minerals,north-site,equipment_health,BETA-NORTH-CRUSHER-030,fixed_crusher,2026-09-01T16:18:46.854Z,10,running,70.3,3.87,2977.6,0.998,13544.22,25.0,[]
820fcfa5-9417-40d8-9bab-3565bf2ceb49,1.0,acme-mining,site-01,equipment_health,ACME-S01-CRUSHER-001,fixed_crusher,2026-09-01T16:18:51.854Z,11,running,74.2,3.53,2906.3,0.998,16458.43,23.9,[]
5c4a3606-f01a-41e8-8468-56cdf70a0012,1.0,acme-mining,site-01,equipment_health,ACME-S01-CRUSHER-002,fixed_crusher,2026-09-01T16:18:51.854Z,11,running,70.3,3.83,3049.9,0.998,5622.66,24.3,[]
e1b25f7d-6e47-48fb-895a-9f4225dfd98a,1.0,acme-mining,site-01,equipment_health,ACME-S01-CRUSHER-003,fixed_crusher,2026-09-01T16:18:51.854Z,11,running,76.1,4.29,3056.7,0.998,14322.85,24.8,[]
f6b599bf-cf6f-44a6-967b-983a1920b8e7,1.0,acme-mining,site-01,equipment_health,ACME-S01-CRUSHER-004,fixed_crusher,2026-09-01T16:18:51.854Z,11,running,77.3,4.06,2913.4,0.998,6152.56,24.8,[]
3f899740-c177-49de-87a4-b6329043ea38,1.0,acme-mining,site-01,equipment_health,ACME-S01-CRUSHER-005,fixed_crusher,2026-09-01T16:18:51.854Z,11,running,69.2,4.13,2938.4,0.998,3963.0,24.6,[]
fd24d79a-adfb-4c05-ba57-4f4e8a6707c3,1.0,acme-mining,site-01,equipment_health,ACME-S01-CRUSHER-006,fixed_crusher,2026-09-01T16:18:51.854Z,11,running,77.2,4.07,3022.8,0.998,17244.72,24.2,[]
21aa3171-9e19-473e-9571-edd2a1160fb2,1.0,acme-mining,site-01,equipment_health,ACME-S01-CRUSHER-007,fixed_crusher,2026-09-01T16:18:51.854Z,11,running,70.1,3.63,2941.8,0.998,13724.19,24.1,[]
a12fef2e-973f-4586-904b-dbd91d2086c6,1.0,acme-mining,site-01,equipment_health,ACME-S01-CRUSHER-008,fixed_crusher,2026-09-01T16:18:51.854Z,11,running,68.4,4.47,2903.4,0.998,12502.25,24.4,[]
049bf7f4-f520-4953-811f-82d6cd7e7634,1.0,acme-mining,site-01,equipment_health,ACME-S01-CRUSHER-009,fixed_crusher,2026-09-01T16:18:51.854Z,11,running,75.3,4.47,3119.5,0.997,15703.35,24.5,[]
6af1c50b-fea5-43c8-b66f-5f4758066d78,1.0,acme-mining,site-01,equipment_health,ACME-S01-CRUSHER-010,fixed_crusher,2026-09-01T16:18:51.854Z,11,running,71.1,4.02,3114.6,0.998,9812.96,24.2,[]
b7c9ba81-d1fc-4e45-b692-ecf93f6d4a1f,1.0,acme-mining,site-01,equipment_health,ACME-S01-CRUSHER-011,fixed_crusher,2026-09-01T16:18:51.854Z,11,running,71.8,4.45,3145.5,0.998,13414.95,24.3,[]
3363a68d-bb6f-48e4-b023-4cb8bd176f3b,1.0,acme-mining,site-01,equipment_health,ACME-S01-CRUSHER-012,fixed_crusher,2026-09-01T16:18:51.854Z,11,faulted,106.3,8.87,2934.8,0.58,11410.03,24.0,"[""BEARING_OVERHEAT"",""VIBRATION_HIGH""]"
adb65595-6562-4e5e-96b4-8178587e294e,1.0,acme-mining,site-01,equipment_health,ACME-S01-CRUSHER-013,fixed_crusher,2026-09-01T16:18:51.854Z,11,running,74.9,4.09,2930.2,0.998,5653.21,25.0,[]
fff0911f-3863-4d05-8d25-3fedd5da212c,1.0,acme-mining,site-01,equipment_health,ACME-S01-CRUSHER-014,fixed_crusher,2026-09-01T16:18:51.854Z,11,running,72.2,4.55,2941.3,0.998,1652.93,24.6,[]
e1f8001e-28b2-44a5-9aab-8c91a18c97aa,1.0,acme-mining,site-01,equipment_health,ACME-S01-CRUSHER-015,fixed_crusher,2026-09-01T16:18:51.854Z,11,running,72.3,4.28,2953.9,0.998,21343.99,24.1,[]
f68c8b2d-632c-49cc-921e-ccfbfae6d75c,1.0,acme-mining,site-01,equipment_health,ACME-S01-CRUSHER-016,fixed_crusher,2026-09-01T16:18:51.854Z,11,running,75.2,3.9,3046.6,0.998,6910.23,25.0,[]
ffc6ad77-7492-41df-91d7-9e565b6392f2,1.0,acme-mining,site-01,equipment_health,ACME-S01-CRUSHER-017,fixed_crusher,2026-09-01T16:18:51.854Z,11,running,68.4,3.94,3065.0,0.998,19136.12,24.4,[]
d6057d03-fb49-47bf-a13f-dd1833d21d7c,1.0,acme-mining,site-01,equipment_health,ACME-S01-CRUSHER-018,fixed_crusher,2026-09-01T16:18:51.854Z,11,running,77.9,3.6,2950.6,0.998,14058.68,24.7,[]
fac82529-2302-4b81-a02e-fc9f838cc7e8,1.0,acme-mining,site-01,equipment_health,ACME-S01-CRUSHER-019,fixed_crusher,2026-09-01T16:18:51.854Z,11,running,73.2,4.3,3044.6,0.998,1412.05,25.2,[]
bf843ab3-b1a3-46b9-ab29-aed356ecc9a6,1.0,acme-mining,site-01,equipment_health,ACME-S01-CRUSHER-020,fixed_crusher,2026-09-01T16:18:51.854Z,11,running,74.6,4.58,3099.6,0.998,21835.87,24.3,[]
b0e04eb2-b8fd-4773-825f-ed26d1a1e81e,1.0,acme-mining,site-02,equipment_health,ACME-S02-CRUSHER-001,fixed_crusher,2026-09-01T16:18:51.854Z,11,running,71.3,3.99,3109.1,0.998,21531.72,24.7,[]
3add8530-53e8-468e-bcc8-c9b82c2009e1,1.0,acme-mining,site-02,equipment_health,ACME-S02-CRUSHER-002,fixed_crusher,2026-09-01T16:18:51.854Z,11,running,73.7,3.7,2971.0,0.998,7608.77,24.8,[]
50db07eb-48f7-4152-8639-105c84d8116c,1.0,acme-mining,site-02,equipment_health,ACME-S02-CRUSHER-003,fixed_crusher,2026-09-01T16:18:51.854Z,11,running,69.5,3.82,3046.7,0.998,20160.49,24.9,[]
7dd2598c-296a-4ccc-914e-21ae7e81b569,1.0,acme-mining,site-02,equipment_health,ACME-S02-CRUSHER-004,fixed_crusher,2026-09-01T16:18:51.854Z,11,running,68.4,4.04,3077.7,0.998,4749.82,25.0,[]
04c3a25e-9562-4ff8-b5ac-5053d1e499a5,1.0,acme-mining,site-02,equipment_health,ACME-S02-CRUSHER-005,fixed_crusher,2026-09-01T16:18:51.854Z,11,running,70.8,4.42,3042.3,0.998,6832.72,24.8,[]
f4aeb16d-b6cd-4b32-a85f-be4c89454261,1.0,acme-mining,site-02,equipment_health,ACME-S02-CRUSHER-006,fixed_crusher,2026-09-01T16:18:51.854Z,11,running,75.2,4.48,3009.1,0.998,17946.87,24.0,[]
1aa72859-0e8f-4074-aad5-d4087d063575,1.0,acme-mining,site-02,equipment_health,ACME-S02-CRUSHER-007,fixed_crusher,2026-09-01T16:18:51.854Z,11,running,72.2,4.43,2929.4,0.998,12836.98,24.3,[]
5dd225bf-3d95-443e-9763-3bedcafddbf0,1.0,acme-mining,site-02,equipment_health,ACME-S02-CRUSHER-008,fixed_crusher,2026-09-01T16:18:51.854Z,11,running,68.3,3.69,3012.6,0.998,9297.68,24.4,[]
7c67718f-fdbc-4694-9f11-7a926774c7b2,1.0,acme-mining,site-02,equipment_health,ACME-S02-CRUSHER-009,fixed_crusher,2026-09-01T16:18:51.854Z,11,running,71.8,3.64,2938.7,0.998,16779.66,24.9,[]
bac53a4a-bdb5-436e-979a-be92fce8cb8b,1.0,acme-mining,site-02,equipment_health,ACME-S02-CRUSHER-010,fixed_crusher,2026-09-01T16:18:51.854Z,11,running,72.8,3.9,3101.3,0.998,14957.08,25.1,[]
f732a0c6-64fa-4347-9d83-9fa2e2e17cbf,1.0,acme-mining,site-02,equipment_health,ACME-S02-CRUSHER-011,fixed_crusher,2026-09-01T16:18:51.854Z,11,running,74.9,3.72,2925.8,0.998,14340.7,25.1,[]
a0eeb29f-0d34-4a01-8958-b81d689a4bca,1.0,acme-mining,site-02,equipment_health,ACME-S02-CRUSHER-012,fixed_crusher,2026-09-01T16:18:51.854Z,11,running,71.4,4.56,2984.1,0.998,9615.94,24.1,[]
39abf084-40af-4dbf-b46b-f7d5bddcba35,1.0,acme-mining,site-02,equipment_health,ACME-S02-CRUSHER-013,fixed_crusher,2026-09-01T16:18:51.854Z,11,running,77.6,4.48,2990.9,0.998,11940.76,24.4,[]
54286e6d-ad70-4dd1-b20d-e19c293728e2,1.0,acme-mining,site-02,equipment_health,ACME-S02-CRUSHER-014,fixed_crusher,2026-09-01T16:18:51.854Z,11,running,77.9,4.55,3065.9,0.998,12941.29,24.1,[]
55a51245-299e-4a50-aaf2-862c69dd3e9c,1.0,acme-mining,site-02,equipment_health,ACME-S02-CRUSHER-015,fixed_crusher,2026-09-01T16:18:51.854Z,11,running,72.8,4.57,3091.1,0.997,19856.47,24.4,[]
1169a49d-447f-469d-941c-a73e4b0522b7,1.0,acme-mining,site-02,equipment_health,ACME-S02-CRUSHER-016,fixed_crusher,2026-09-01T16:18:51.854Z,11,running,74.1,4.33,2975.4,0.998,16133.55,24.9,[]
3df9da3c-6dd5-4f86-a826-44eacd43b8d7,1.0,acme-mining,site-02,equipment_health,ACME-S02-CRUSHER-017,fixed_crusher,2026-09-01T16:18:51.854Z,11,running,72.2,4.29,2973.4,0.998,12272.68,23.9,[]
498a103e-ac6a-4b37-a61c-411f43355a23,1.0,acme-mining,site-02,equipment_health,ACME-S02-CRUSHER-018,fixed_crusher,2026-09-01T16:18:51.854Z,11,running,74.8,4.12,3091.5,0.998,17035.56,23.9,[]
04d11e0c-8948-467d-96ba-7b53d59a43bb,1.0,acme-mining,site-02,equipment_health,ACME-S02-CRUSHER-019,fixed_crusher,2026-09-01T16:18:51.854Z,11,running,70.3,3.93,2995.9,0.998,8763.7,23.9,[]
bdac250d-8e71-40e6-9de0-5b75761ba0ef,1.0,acme-mining,site-02,equipment_health,ACME-S02-CRUSHER-020,fixed_crusher,2026-09-01T16:18:51.854Z,11,running,70.4,3.58,3070.0,0.998,9132.86,23.9,[]
91868717-e422-4c52-824c-75bb0b1d79c3,1.0,beta-minerals,north-site,equipment_health,BETA-NORTH-CRUSHER-001,fixed_crusher,2026-09-01T16:18:51.854Z,11,running,74.1,4.19,3069.5,0.998,10268.57,24.3,[]
3b577a6a-acc2-46f5-a505-644a250b2074,1.0,beta-minerals,north-site,equipment_health,BETA-NORTH-CRUSHER-002,fixed_crusher,2026-09-01T16:18:51.854Z,11,running,70.4,3.93,3044.7,0.997,10090.28,24.5,[]
7211b0fc-ae41-45a3-a703-4c912dc184a9,1.0,beta-minerals,north-site,equipment_health,BETA-NORTH-CRUSHER-003,fixed_crusher,2026-09-01T16:18:51.854Z,11,running,75.7,4.43,3052.9,0.998,17521.09,23.9,[]
187881c1-9f70-413c-b506-7c6604fb25eb,1.0,beta-minerals,north-site,equipment_health,BETA-NORTH-CRUSHER-004,fixed_crusher,2026-09-01T16:18:51.854Z,11,running,74.4,3.64,2995.4,0.998,7556.81,24.5,[]
ea17a377-ae37-4eee-bbb5-87c5f157e4f9,1.0,beta-minerals,north-site,equipment_health,BETA-NORTH-CRUSHER-005,fixed_crusher,2026-09-01T16:18:51.854Z,11,running,77.6,4.13,2952.7,0.998,7964.57,24.1,[]
fff1cc1c-26ed-4de9-a25a-6e341d631488,1.0,beta-minerals,north-site,equipment_health,BETA-NORTH-CRUSHER-006,fixed_crusher,2026-09-01T16:18:51.854Z,11,faulted,96.5,9.1,3039.2,0.58,4130.62,24.5,"[""BEARING_OVERHEAT"",""VIBRATION_HIGH""]"
2d306a5b-08e1-468a-9568-d522b250387b,1.0,beta-minerals,north-site,equipment_health,BETA-NORTH-CRUSHER-007,fixed_crusher,2026-09-01T16:18:51.854Z,11,running,75.8,3.91,2958.9,0.998,14804.69,25.0,[]
58310954-9421-4cd8-a909-1383c7ca123e,1.0,beta-minerals,north-site,equipment_health,BETA-NORTH-CRUSHER-008,fixed_crusher,2026-09-01T16:18:51.854Z,11,running,68.5,4.16,2969.2,0.998,9865.26,24.6,[]
884c7d6c-3504-4bfb-82b4-6059131da729,1.0,beta-minerals,north-site,equipment_health,BETA-NORTH-CRUSHER-009,fixed_crusher,2026-09-01T16:18:51.854Z,11,running,69.2,3.7,2939.4,0.998,21513.64,24.6,[]
05600276-e447-491a-8af2-7a4872fbe98d,1.0,beta-minerals,north-site,equipment_health,BETA-NORTH-CRUSHER-010,fixed_crusher,2026-09-01T16:18:51.854Z,11,running,75.5,3.63,2957.7,0.998,9015.59,25.2,[]
bfaee966-e226-4d72-b9ca-f075739e2b68,1.0,beta-minerals,north-site,equipment_health,BETA-NORTH-CRUSHER-011,fixed_crusher,2026-09-01T16:18:51.854Z,11,running,70.2,3.98,3015.0,0.998,12762.04,24.4,[]
15fca1b5-72aa-46a0-966e-973a2277dfd0,1.0,beta-minerals,north-site,equipment_health,BETA-NORTH-CRUSHER-012,fixed_crusher,2026-09-01T16:18:51.854Z,11,running,70.4,4.22,3071.4,0.998,5623.29,24.9,[]
41385de1-790a-44c0-8a6f-acf4a5a80fee,1.0,beta-minerals,north-site,equipment_health,BETA-NORTH-CRUSHER-013,fixed_crusher,2026-09-01T16:18:51.854Z,11,running,74.4,3.56,2981.4,0.998,19491.08,24.5,[]
598484cc-4c4a-4488-bbd3-85c08fb433b2,1.0,beta-minerals,north-site,equipment_health,BETA-NORTH-CRUSHER-014,fixed_crusher,2026-09-01T16:18:51.854Z,11,running,75.8,4.12,3014.7,0.998,15163.75,24.1,[]
5c8872e4-1d60-43d6-b1e7-ef03b83ec88f,1.0,beta-minerals,north-site,equipment_health,BETA-NORTH-CRUSHER-015,fixed_crusher,2026-09-01T16:18:51.854Z,11,running,70.1,4.2,2951.6,0.998,3475.16,24.1,[]
72d89000-3d1e-4a99-bb6f-e9f88ca82ee3,1.0,beta-minerals,north-site,equipment_health,BETA-NORTH-CRUSHER-016,fixed_crusher,2026-09-01T16:18:51.854Z,11,running,74.9,4.04,2907.9,0.998,7578.7,24.6,[]
0b73da3c-f4d1-4feb-b27c-bdbb32b676d7,1.0,beta-minerals,north-site,equipment_health,BETA-NORTH-CRUSHER-017,fixed_crusher,2026-09-01T16:18:51.854Z,11,running,68.5,3.8,2908.7,0.998,10512.95,24.9,[]
22482651-b6cd-457d-a79a-3d5031177779,1.0,beta-minerals,north-site,equipment_health,BETA-NORTH-CRUSHER-018,fixed_crusher,2026-09-01T16:18:51.854Z,11,running,71.7,4.21,3148.0,0.998,12811.81,24.1,[]
9ec32052-dcaf-419e-806d-93ccbeb9f633,1.0,beta-minerals,north-site,equipment_health,BETA-NORTH-CRUSHER-019,fixed_crusher,2026-09-01T16:18:51.854Z,11,running,73.8,3.95,2994.4,0.998,19458.89,25.0,[]
d1932f3c-b95e-4f56-822b-c79fad2d0b89,1.0,beta-minerals,north-site,equipment_health,BETA-NORTH-CRUSHER-020,fixed_crusher,2026-09-01T16:18:51.854Z,11,running,73.2,3.85,2904.1,0.998,3849.69,24.6,[]
eed614d6-921b-4768-b14c-21a52e83f16b,1.0,beta-minerals,north-site,equipment_health,BETA-NORTH-CRUSHER-021,fixed_crusher,2026-09-01T16:18:51.854Z,11,running,73.8,4.51,2966.5,0.998,20321.72,23.9,[]
5f1da608-2d58-4ed5-a4ba-640b5db026e4,1.0,beta-minerals,north-site,equipment_health,BETA-NORTH-CRUSHER-022,fixed_crusher,2026-09-01T16:18:51.854Z,11,running,71.0,4.44,3094.9,0.998,21416.94,24.6,[]
2e3c1fdd-7a58-4d8e-a12e-8016d140b161,1.0,beta-minerals,north-site,equipment_health,BETA-NORTH-CRUSHER-023,fixed_crusher,2026-09-01T16:18:51.854Z,11,running,70.8,4.14,2928.7,0.998,4784.25,25.1,[]
f9364324-bcfe-4d0c-b9de-967dea186bc8,1.0,beta-minerals,north-site,equipment_health,BETA-NORTH-CRUSHER-024,fixed_crusher,2026-09-01T16:18:51.854Z,11,running,68.7,4.1,3060.1,0.998,17579.61,24.4,[]
1498e8ae-01f4-48ca-beab-37ab2fd4c11c,1.0,beta-minerals,north-site,equipment_health,BETA-NORTH-CRUSHER-025,fixed_crusher,2026-09-01T16:18:51.854Z,11,running,69.1,4.56,3090.7,0.998,4886.6,25.0,[]
dd33c67c-f454-4758-9874-135a1b95cbc6,1.0,beta-minerals,north-site,equipment_health,BETA-NORTH-CRUSHER-026,fixed_crusher,2026-09-01T16:18:51.854Z,11,running,77.7,3.85,3032.2,0.998,8609.08,24.9,[]
1392323c-db85-4063-aa50-b76c003032a3,1.0,beta-minerals,north-site,equipment_health,BETA-NORTH-CRUSHER-027,fixed_crusher,2026-09-01T16:18:51.854Z,11,running,68.9,4.29,2909.4,0.998,4564.79,24.1,[]
a999add9-9dca-42a5-932e-0f601beec583,1.0,beta-minerals,north-site,equipment_health,BETA-NORTH-CRUSHER-028,fixed_crusher,2026-09-01T16:18:51.854Z,11,running,74.4,4.46,3109.3,0.998,6843.49,24.2,[]
4cda8acc-b35c-44e2-a5c0-eef05ef5f53a,1.0,beta-minerals,north-site,equipment_health,BETA-NORTH-CRUSHER-029,fixed_crusher,2026-09-01T16:18:51.854Z,11,running,71.8,3.83,3135.2,0.998,6504.59,25.1,[]
a0fa09f9-7faf-4b37-aa93-bb074c3ae780,1.0,beta-minerals,north-site,equipment_health,BETA-NORTH-CRUSHER-030,fixed_crusher,2026-09-01T16:18:51.854Z,11,running,68.0,3.7,2930.9,0.998,13544.22,24.1,[]
e116f358-9586-461a-b88d-5ac0de8d5abc,1.0,acme-mining,site-01,equipment_health,ACME-S01-CRUSHER-001,fixed_crusher,2026-09-01T16:18:56.854Z,12,running,68.2,4.43,2906.1,0.998,16458.44,24.0,[]
9c21e484-a232-4b25-9220-a9bdaaf4b7cd,1.0,acme-mining,site-01,equipment_health,ACME-S01-CRUSHER-002,fixed_crusher,2026-09-01T16:18:56.854Z,12,running,71.5,3.72,3008.8,0.997,5622.66,23.9,[]
eb94e1c9-5622-4490-a7dd-142182a76914,1.0,acme-mining,site-01,equipment_health,ACME-S01-CRUSHER-003,fixed_crusher,2026-09-01T16:18:56.854Z,12,running,77.9,4.44,3103.6,0.998,14322.85,24.0,[]
e1dae457-e111-4b50-95e7-d7f9d2a9a194,1.0,acme-mining,site-01,equipment_health,ACME-S01-CRUSHER-004,fixed_crusher,2026-09-01T16:18:56.854Z,12,running,68.3,4.12,2999.3,0.997,6152.56,24.0,[]
891f6451-04eb-43bf-9174-55811866e8da,1.0,acme-mining,site-01,equipment_health,ACME-S01-CRUSHER-005,fixed_crusher,2026-09-01T16:18:56.854Z,12,running,69.0,4.02,2950.3,0.997,3963.01,24.8,[]
204ec08e-9f9e-4c9c-9384-123b3aaab55e,1.0,acme-mining,site-01,equipment_health,ACME-S01-CRUSHER-006,fixed_crusher,2026-09-01T16:18:56.854Z,12,running,71.7,4.21,2957.8,0.998,17244.72,24.8,[]
d356a4b7-66df-466b-9a27-d69c48105ff1,1.0,acme-mining,site-01,equipment_health,ACME-S01-CRUSHER-007,fixed_crusher,2026-09-01T16:18:56.854Z,12,running,70.5,4.2,3027.1,0.997,13724.19,24.5,[]
d2ffde08-58c5-458c-83ec-d5e2cd085db9,1.0,acme-mining,site-01,equipment_health,ACME-S01-CRUSHER-008,fixed_crusher,2026-09-01T16:18:56.854Z,12,running,72.6,4.13,2938.8,0.998,12502.25,25.1,[]
95d09039-99ab-4dc3-894c-41fa37cb0168,1.0,acme-mining,site-01,equipment_health,ACME-S01-CRUSHER-009,fixed_crusher,2026-09-01T16:18:56.854Z,12,running,73.0,4.5,3042.5,0.997,15703.35,24.8,[]
12bdb329-41bb-4442-9896-0cb0ff656ff6,1.0,acme-mining,site-01,equipment_health,ACME-S01-CRUSHER-010,fixed_crusher,2026-09-01T16:18:56.854Z,12,running,74.0,4.32,2988.6,0.998,9812.96,24.7,[]
41079f17-504e-4584-9717-f01a47e213d2,1.0,acme-mining,site-01,equipment_health,ACME-S01-CRUSHER-011,fixed_crusher,2026-09-01T16:18:56.854Z,12,running,76.8,3.69,3081.3,0.998,13414.95,24.8,[]
58c671af-a2cc-45ae-9cf5-50b3b8a88abb,1.0,acme-mining,site-01,equipment_health,ACME-S01-CRUSHER-012,fixed_crusher,2026-09-01T16:18:56.854Z,12,running,74.8,4.45,3100.3,0.997,11410.03,24.4,[]
630d36aa-5d18-4a28-a7c4-b7ea0ffca015,1.0,acme-mining,site-01,equipment_health,ACME-S01-CRUSHER-013,fixed_crusher,2026-09-01T16:18:56.854Z,12,running,76.5,4.52,2970.0,0.998,5653.21,23.8,[]
ee4a1e60-7d89-426a-ade8-e464d955d856,1.0,acme-mining,site-01,equipment_health,ACME-S01-CRUSHER-014,fixed_crusher,2026-09-01T16:18:56.854Z,12,running,71.9,4.23,2932.3,0.997,1652.93,24.3,[]
e27d7eb9-a53c-423c-9f93-b62808a38692,1.0,acme-mining,site-01,equipment_health,ACME-S01-CRUSHER-015,fixed_crusher,2026-09-01T16:18:56.854Z,12,running,70.7,3.53,3066.6,0.998,21343.99,25.2,[]
0397fdda-bb85-4c54-8b30-f741eeacae00,1.0,acme-mining,site-01,equipment_health,ACME-S01-CRUSHER-016,fixed_crusher,2026-09-01T16:18:56.854Z,12,running,71.4,3.9,2920.2,0.997,6910.23,24.6,[]
f30ba371-e135-4411-b42c-47a2527e9f1f,1.0,acme-mining,site-01,equipment_health,ACME-S01-CRUSHER-017,fixed_crusher,2026-09-01T16:18:56.854Z,12,running,69.2,3.52,2901.6,0.997,19136.12,24.0,[]
e9d57232-17a1-4a06-b823-4f1e56a7f94a,1.0,acme-mining,site-01,equipment_health,ACME-S01-CRUSHER-018,fixed_crusher,2026-09-01T16:18:56.854Z,12,running,75.2,3.68,3019.2,0.998,14058.68,24.7,[]
a436407d-5c27-4ce9-96ad-71098269b34d,1.0,acme-mining,site-01,equipment_health,ACME-S01-CRUSHER-019,fixed_crusher,2026-09-01T16:18:56.854Z,12,running,71.6,4.37,3133.0,0.998,1412.05,25.2,[]
5fe821b6-72a9-440a-b47d-fde40abb356c,1.0,acme-mining,site-01,equipment_health,ACME-S01-CRUSHER-020,fixed_crusher,2026-09-01T16:18:56.854Z,12,running,77.3,3.96,3020.4,0.997,21835.87,24.2,[]
1bf62aa8-694d-4a0c-ab23-5a6dbe4695f7,1.0,acme-mining,site-02,equipment_health,ACME-S02-CRUSHER-001,fixed_crusher,2026-09-01T16:18:56.854Z,12,running,72.5,4.1,3067.2,0.998,21531.72,23.9,[]
f4427110-f075-4624-ac63-34707477468f,1.0,acme-mining,site-02,equipment_health,ACME-S02-CRUSHER-002,fixed_crusher,2026-09-01T16:18:56.854Z,12,running,73.4,3.91,2909.9,0.998,7608.77,23.9,[]
0ba97617-ebf6-42a7-85df-3450582ebd12,1.0,acme-mining,site-02,equipment_health,ACME-S02-CRUSHER-003,fixed_crusher,2026-09-01T16:18:56.854Z,12,faulted,102.2,9.65,2935.1,0.58,20160.49,24.7,"[""BEARING_OVERHEAT"",""VIBRATION_HIGH""]"
83a943f2-e583-4b63-b704-185db4633871,1.0,acme-mining,site-02,equipment_health,ACME-S02-CRUSHER-004,fixed_crusher,2026-09-01T16:18:56.854Z,12,running,71.3,3.94,3037.9,0.998,4749.82,24.0,[]
87a484fd-9a40-4581-9aaf-bb744abb5621,1.0,acme-mining,site-02,equipment_health,ACME-S02-CRUSHER-005,fixed_crusher,2026-09-01T16:18:56.854Z,12,running,77.6,4.22,2960.3,0.998,6832.72,24.2,[]
dcdae9d8-168d-4472-9ddf-c2717de0ad48,1.0,acme-mining,site-02,equipment_health,ACME-S02-CRUSHER-006,fixed_crusher,2026-09-01T16:18:56.854Z,12,running,69.8,3.82,2994.6,0.998,17946.87,24.7,[]
ca8c43f5-4c0c-45cf-a20c-767085a22247,1.0,acme-mining,site-02,equipment_health,ACME-S02-CRUSHER-007,fixed_crusher,2026-09-01T16:18:56.854Z,12,running,76.6,4.08,3134.6,0.998,12836.98,24.9,[]
2798869d-9e9f-474d-a6de-12d823cf520f,1.0,acme-mining,site-02,equipment_health,ACME-S02-CRUSHER-008,fixed_crusher,2026-09-01T16:18:56.854Z,12,running,75.3,3.87,3016.4,0.998,9297.68,24.5,[]
5fddc543-9ef8-4658-8a0c-0d157de89f01,1.0,acme-mining,site-02,equipment_health,ACME-S02-CRUSHER-009,fixed_crusher,2026-09-01T16:18:56.854Z,12,running,68.7,4.59,2991.6,0.998,16779.66,24.9,[]
c13bb446-b7c1-44e6-bc40-b769b3fd867b,1.0,acme-mining,site-02,equipment_health,ACME-S02-CRUSHER-010,fixed_crusher,2026-09-01T16:18:56.854Z,12,running,73.7,3.93,3075.9,0.998,14957.08,24.6,[]
92072a71-c8f0-4781-96c7-b96ca3c6df95,1.0,acme-mining,site-02,equipment_health,ACME-S02-CRUSHER-011,fixed_crusher,2026-09-01T16:18:56.854Z,12,running,75.9,3.51,3096.4,0.998,14340.7,24.7,[]
faa776ba-79aa-44eb-a55f-f8172da3c5cc,1.0,acme-mining,site-02,equipment_health,ACME-S02-CRUSHER-012,fixed_crusher,2026-09-01T16:18:56.854Z,12,running,75.1,3.99,2978.7,0.998,9615.94,24.1,[]
5a4899f1-dfe4-4c7e-a656-e3e4f8b77e66,1.0,acme-mining,site-02,equipment_health,ACME-S02-CRUSHER-013,fixed_crusher,2026-09-01T16:18:56.854Z,12,running,73.2,4.2,2922.1,0.998,11940.76,24.6,[]
bff4b7de-4483-4fc7-bedd-24cd99fc008f,1.0,acme-mining,site-02,equipment_health,ACME-S02-CRUSHER-014,fixed_crusher,2026-09-01T16:18:56.854Z,12,running,71.3,4.31,2984.6,0.998,12941.29,24.5,[]
e32eca38-1b57-4fc6-bac8-a0c0f198c227,1.0,acme-mining,site-02,equipment_health,ACME-S02-CRUSHER-015,fixed_crusher,2026-09-01T16:18:56.854Z,12,running,75.2,4.0,2932.6,0.997,19856.47,24.5,[]
d0d9062f-e48d-4ea4-9af1-0acf5f0b659b,1.0,acme-mining,site-02,equipment_health,ACME-S02-CRUSHER-016,fixed_crusher,2026-09-01T16:18:56.854Z,12,running,70.8,4.53,2976.7,0.998,16133.55,23.9,[]
7210e091-0805-4b5d-aee8-3cb90790d423,1.0,acme-mining,site-02,equipment_health,ACME-S02-CRUSHER-017,fixed_crusher,2026-09-01T16:18:56.854Z,12,running,73.5,3.74,3021.7,0.998,12272.68,24.1,[]
fd46a0a6-a294-4708-ba5c-8246b961061f,1.0,acme-mining,site-02,equipment_health,ACME-S02-CRUSHER-018,fixed_crusher,2026-09-01T16:18:56.854Z,12,running,74.2,3.72,3059.6,0.998,17035.56,24.0,[]
f6b20d0a-64e9-4797-ac27-f9952bb86f9c,1.0,acme-mining,site-02,equipment_health,ACME-S02-CRUSHER-019,fixed_crusher,2026-09-01T16:18:56.854Z,12,running,74.1,3.68,3059.5,0.997,8763.7,23.8,[]
27de2604-267b-4581-be17-964bcb07f93b,1.0,acme-mining,site-02,equipment_health,ACME-S02-CRUSHER-020,fixed_crusher,2026-09-01T16:18:56.854Z,12,running,77.4,3.84,2998.5,0.997,9132.86,24.0,[]
29856ef1-dcea-415b-ba96-c9364b39c76d,1.0,beta-minerals,north-site,equipment_health,BETA-NORTH-CRUSHER-001,fixed_crusher,2026-09-01T16:18:56.854Z,12,running,75.9,4.2,2980.4,0.998,10268.57,24.3,[]
e893d329-5535-470f-9510-663435c8462b,1.0,beta-minerals,north-site,equipment_health,BETA-NORTH-CRUSHER-002,fixed_crusher,2026-09-01T16:18:56.854Z,12,running,74.4,4.02,3013.3,0.997,10090.28,24.8,[]
f57ce363-7917-4765-8fd4-ba25939e2fbd,1.0,beta-minerals,north-site,equipment_health,BETA-NORTH-CRUSHER-003,fixed_crusher,2026-09-01T16:18:56.854Z,12,running,72.5,4.48,3130.3,0.998,17521.09,25.1,[]
a6b0e88c-6acd-4272-9e72-903cccbc2385,1.0,beta-minerals,north-site,equipment_health,BETA-NORTH-CRUSHER-004,fixed_crusher,2026-09-01T16:18:56.854Z,12,running,77.0,4.03,3114.9,0.998,7556.82,24.6,[]
b5a51bfe-1c30-42a3-b028-bdc5df679d86,1.0,beta-minerals,north-site,equipment_health,BETA-NORTH-CRUSHER-005,fixed_crusher,2026-09-01T16:18:56.854Z,12,running,75.3,4.32,2982.6,0.998,7964.57,24.0,[]
ca818778-fbd3-479f-9c78-f1f54cf247a5,1.0,beta-minerals,north-site,equipment_health,BETA-NORTH-CRUSHER-006,fixed_crusher,2026-09-01T16:18:56.854Z,12,running,75.4,4.41,3004.8,0.998,4130.62,24.9,[]
5c1c78aa-530e-4ee6-ab29-b1a4944014fe,1.0,beta-minerals,north-site,equipment_health,BETA-NORTH-CRUSHER-007,fixed_crusher,2026-09-01T16:18:56.854Z,12,running,74.6,4.39,3093.2,0.998,14804.69,25.0,[]
58035a4f-1a79-4803-ac5b-f60c4f9d11f8,1.0,beta-minerals,north-site,equipment_health,BETA-NORTH-CRUSHER-008,fixed_crusher,2026-09-01T16:18:56.854Z,12,running,74.3,3.69,2968.4,0.998,9865.26,24.8,[]
23e38cb7-5200-4f60-9b6e-73241371866a,1.0,beta-minerals,north-site,equipment_health,BETA-NORTH-CRUSHER-009,fixed_crusher,2026-09-01T16:18:56.854Z,12,running,76.8,3.73,3056.0,0.998,21513.64,24.5,[]
f2e996e5-fe6b-40dd-a98f-bde251cfb2cc,1.0,beta-minerals,north-site,equipment_health,BETA-NORTH-CRUSHER-010,fixed_crusher,2026-09-01T16:18:56.854Z,12,running,77.4,4.18,2935.6,0.998,9015.59,24.9,[]
0722b271-7dbe-428e-a2d2-db5d9d027fd6,1.0,beta-minerals,north-site,equipment_health,BETA-NORTH-CRUSHER-011,fixed_crusher,2026-09-01T16:18:56.854Z,12,running,68.4,3.5,3040.1,0.998,12762.04,24.9,[]
561bf48e-8111-4ad8-a8a9-ba361a958e47,1.0,beta-minerals,north-site,equipment_health,BETA-NORTH-CRUSHER-012,fixed_crusher,2026-09-01T16:18:56.854Z,12,running,77.4,3.81,3003.7,0.997,5623.29,24.8,[]
9e51d4c3-aeb4-4b2e-9ab6-ce0ecde6613b,1.0,beta-minerals,north-site,equipment_health,BETA-NORTH-CRUSHER-013,fixed_crusher,2026-09-01T16:18:56.854Z,12,running,76.4,4.1,2917.3,0.998,19491.08,25.2,[]
298e5774-6296-493a-9cbf-eb527cf586fd,1.0,beta-minerals,north-site,equipment_health,BETA-NORTH-CRUSHER-014,fixed_crusher,2026-09-01T16:18:56.854Z,12,running,72.8,4.28,2983.4,0.997,15163.76,24.7,[]
db4c397c-ec1a-443c-9214-e88c54bb12d7,1.0,beta-minerals,north-site,equipment_health,BETA-NORTH-CRUSHER-015,fixed_crusher,2026-09-01T16:18:56.854Z,12,running,75.2,4.32,2905.4,0.998,3475.16,23.9,[]
3ec179f6-b9c1-43a8-9e89-0a659a0da5fe,1.0,beta-minerals,north-site,equipment_health,BETA-NORTH-CRUSHER-016,fixed_crusher,2026-09-01T16:18:56.854Z,12,running,75.9,3.72,3121.3,0.998,7578.71,23.9,[]
c6ce93bb-e459-4f93-b094-729da26b9a62,1.0,beta-minerals,north-site,equipment_health,BETA-NORTH-CRUSHER-017,fixed_crusher,2026-09-01T16:18:56.854Z,12,running,73.0,3.99,3030.3,0.997,10512.95,24.7,[]
7deb37da-a414-41bd-8683-08fda4b8aace,1.0,beta-minerals,north-site,equipment_health,BETA-NORTH-CRUSHER-018,fixed_crusher,2026-09-01T16:18:56.854Z,12,running,76.9,3.71,2954.6,0.997,12811.81,24.5,[]
cabb3eb1-ee60-463f-bbf1-5f86fc751397,1.0,beta-minerals,north-site,equipment_health,BETA-NORTH-CRUSHER-019,fixed_crusher,2026-09-01T16:18:56.854Z,12,running,74.1,4.03,3101.1,0.998,19458.9,24.9,[]
66fda77b-d9be-4898-a5f3-f03bb107592c,1.0,beta-minerals,north-site,equipment_health,BETA-NORTH-CRUSHER-020,fixed_crusher,2026-09-01T16:18:56.854Z,12,faulted,96.7,9.54,3069.3,0.58,3849.69,24.2,"[""BEARING_OVERHEAT"",""VIBRATION_HIGH""]"
49423910-ee40-4ab6-971f-6d049955d8d6,1.0,beta-minerals,north-site,equipment_health,BETA-NORTH-CRUSHER-021,fixed_crusher,2026-09-01T16:18:56.854Z,12,running,70.5,4.22,3116.3,0.998,20321.72,23.9,[]
07ad4d11-86b8-41ac-bd1e-e9d41ad883b5,1.0,beta-minerals,north-site,equipment_health,BETA-NORTH-CRUSHER-022,fixed_crusher,2026-09-01T16:18:56.854Z,12,running,74.0,3.72,2955.6,0.998,21416.95,25.1,[]
d9a6191c-0c16-4f4d-8a8a-ad88a92ef2c1,1.0,beta-minerals,north-site,equipment_health,BETA-NORTH-CRUSHER-023,fixed_crusher,2026-09-01T16:18:56.854Z,12,running,74.8,3.57,3045.1,0.998,4784.25,25.1,[]
a702bc35-ca00-44c1-b886-e2d593ef3a04,1.0,beta-minerals,north-site,equipment_health,BETA-NORTH-CRUSHER-024,fixed_crusher,2026-09-01T16:18:56.854Z,12,running,77.3,4.05,3014.4,0.998,17579.61,24.4,[]
23eb1fbb-e760-49c9-8dd0-f469403454a9,1.0,beta-minerals,north-site,equipment_health,BETA-NORTH-CRUSHER-025,fixed_crusher,2026-09-01T16:18:56.854Z,12,running,75.7,4.0,2977.8,0.998,4886.6,24.3,[]
4228196c-c513-457c-bffa-4b4b3fe7387e,1.0,beta-minerals,north-site,equipment_health,BETA-NORTH-CRUSHER-026,fixed_crusher,2026-09-01T16:18:56.854Z,12,running,70.1,4.49,3026.1,0.997,8609.08,24.7,[]
b2b82e07-33a5-4614-b34d-ed8f886cba24,1.0,beta-minerals,north-site,equipment_health,BETA-NORTH-CRUSHER-027,fixed_crusher,2026-09-01T16:18:56.854Z,12,running,70.0,4.35,3080.5,0.998,4564.79,24.0,[]
a0348e25-2b66-467b-95a0-6d89d4b56ecf,1.0,beta-minerals,north-site,equipment_health,BETA-NORTH-CRUSHER-028,fixed_crusher,2026-09-01T16:18:56.854Z,12,running,70.0,3.85,2951.4,0.998,6843.49,25.0,[]
509ed7c6-e1c2-4957-bd5f-43932b5e020c,1.0,beta-minerals,north-site,equipment_health,BETA-NORTH-CRUSHER-029,fixed_crusher,2026-09-01T16:18:56.854Z,12,running,69.4,4.26,2947.1,0.998,6504.59,25.1,[]
e8aa7776-c616-4e3b-99a7-c00a15e9bafd,1.0,beta-minerals,north-site,equipment_health,BETA-NORTH-CRUSHER-030,fixed_crusher,2026-09-01T16:18:56.854Z,12,running,75.5,3.58,3143.5,0.998,13544.23,24.5,[]
