message_id,schema_version,tenant_id,site_id,message_type,asset_id,asset_type,timestamp,sequence_no,location.lat,location.lon,location.heading,location.speed_kmh,location.zone,haul_cycle.cycle_id,haul_cycle.cycle_state,haul_cycle.payload_tonnes,haul_cycle.target_payload_tonnes,fuel.total_litres,fuel.level_pct,fuel.engine_on,fuel.idle_flag,operating.engine_hours,operating.odometer_km,operating.geofence_violation,operating.harsh_braking_flag,operating.speeding_flag,diagnostics.engine_temp_c,diagnostics.battery_voltage,diagnostics.fault_codes,diagnostics.health_index
d2887a88-3132-40ee-80b5-7d7e4f7d757a,1.0,acme-mining,site-01,fleet_telemetry,ACME-S01-TRUCK-001,haul_truck,2026-09-01T16:18:01.854Z,1,-16.552565,-71.509228,127.0,0.8,Pit-A,cycle-acme-s01-truck-001-00001,loading,226.9,240.0,131012.92,40.6,True,True,14355.85,35756.78,False,False,False,91.2,25.0,[],1.0
7e0d0c89-a8c9-4a10-8390-530460b9dd1d,1.0,acme-mining,site-01,fleet_telemetry,ACME-S01-TRUCK-002,haul_truck,2026-09-01T16:18:01.854Z,1,-16.574077,-71.527701,50.0,0.7,Pit-A,cycle-acme-s01-truck-002-00001,loading,223.3,240.0,51225.92,41.3,True,True,13318.44,40023.09,False,False,False,91.0,24.0,[],1.0
dfa3c4df-e8ea-4d5d-bc13-35993f346876,1.0,acme-mining,site-01,fleet_telemetry,ACME-S01-TRUCK-003,haul_truck,2026-09-01T16:18:01.854Z,1,-16.548991,-71.591955,130.4,0.1,Pit-A,cycle-acme-s01-truck-003-00001,loading,218.5,240.0,132403.93,85.8,True,True,9693.82,303001.7,False,False,False,87.9,24.8,[],1.0
14fddb6f-f6eb-4b76-b795-3a36c3b12125,1.0,acme-mining,site-01,fleet_telemetry,ACME-S01-TRUCK-004,haul_truck,2026-09-01T16:18:01.854Z,1,-16.654925,-71.481901,173.3,0.2,Pit-A,cycle-acme-s01-truck-004-00001,loading,225.7,240.0,158101.62,31.5,True,True,4096.17,623044.24,False,False,False,93.2,24.5,[],1.0
0eed9416-15fd-43b1-9a84-583a733697fb,1.0,acme-mining,site-01,fleet_telemetry,ACME-S01-TRUCK-005,haul_truck,2026-09-01T16:18:01.854Z,1,-16.582073,-71.484795,15.5,0.3,Pit-A,cycle-acme-s01-truck-005-00001,loading,226.0,240.0,438170.96,51.5,True,True,16270.32,357823.7,False,False,False,86.2,24.6,[],1.0
5db363ca-a330-4543-b876-38e71d1bf39e,1.0,acme-mining,site-01,fleet_telemetry,ACME-S01-TRUCK-006,haul_truck,2026-09-01T16:18:01.854Z,1,-16.624098,-71.604733,20.1,0.2,Pit-A,cycle-acme-s01-truck-006-00001,loading,216.5,240.0,30162.75,41.0,True,True,13039.87,463880.26,False,False,False,91.7,24.2,[],1.0
76f60183-1b07-4464-9c4f-6cf2401c34c1,1.0,acme-mining,site-01,fleet_telemetry,ACME-S01-TRUCK-007,haul_truck,2026-09-01T16:18:01.854Z,1,-16.613557,-71.510272,6.7,0.3,Pit-A,cycle-acme-s01-truck-007-00001,loading,223.2,240.0,377008.61,36.4,True,True,8858.68,305648.49,False,False,False,91.6,24.8,[],1.0
7d51d50b-e730-4a9c-93cf-2fcc1287374f,1.0,acme-mining,site-01,fleet_telemetry,ACME-S01-TRUCK-008,haul_truck,2026-09-01T16:18:01.854Z,1,-16.609687,-71.459176,357.3,1.0,Pit-A,cycle-acme-s01-truck-008-00001,loading,217.0,240.0,330815.81,36.4,True,True,13713.58,127817.35,False,False,False,90.5,25.0,[],1.0
549462cb-4f3d-4f0b-bd9a-74413291b100,1.0,acme-mining,site-01,fleet_telemetry,ACME-S01-TRUCK-009,haul_truck,2026-09-01T16:18:01.854Z,1,-16.538912,-71.488693,295.3,0.3,Pit-A,cycle-acme-s01-truck-009-00001,loading,223.2,240.0,348057.99,28.9,True,True,5455.84,224298.12,False,False,False,93.9,24.1,[],1.0
de67178b-833a-4e15-952c-ff8fb4a02957,1.0,acme-mining,site-01,fleet_telemetry,ACME-S01-TRUCK-010,haul_truck,2026-09-01T16:18:01.854Z,1,-16.56553,-71.554199,163.2,1.0,Pit-A,cycle-acme-s01-truck-010-00001,loading,224.7,240.0,395601.78,47.0,True,True,5272.84,614033.12,False,False,False,89.4,24.6,[],1.0
7b946776-1e95-4ad7-a47b-d0c8e2baefea,1.0,acme-mining,site-01,fleet_telemetry,ACME-S01-TRUCK-011,haul_truck,2026-09-01T16:18:01.854Z,1,-16.550878,-71.548951,309.4,0.3,Pit-A,cycle-acme-s01-truck-011-00001,loading,217.3,240.0,337795.17,62.7,True,True,3828.88,107967.1,False,False,False,88.0,24.5,[],1.0
e2a8a9ab-c584-4275-86d0-7825939eda7c,1.0,acme-mining,site-01,fleet_telemetry,ACME-S01-TRUCK-012,haul_truck,2026-09-01T16:18:01.854Z,1,-16.662861,-71.599956,221.2,0.6,Pit-A,cycle-acme-s01-truck-012-00001,loading,217.2,240.0,234191.59,31.4,True,True,5449.6,648448.69,False,False,False,90.8,23.9,[],1.0
8146ef92-6533-4eb4-80df-010676c15adf,1.0,acme-mining,site-01,fleet_telemetry,ACME-S01-TRUCK-013,haul_truck,2026-09-01T16:18:01.854Z,1,-16.630174,-71.528984,46.9,1.2,Pit-A,cycle-acme-s01-truck-013-00001,loading,217.4,240.0,272190.93,57.8,True,True,13443.87,262403.41,False,False,False,90.8,24.6,[],1.0
22e6e5ff-3d86-49e3-bcec-3cde4a2cbe38,1.0,acme-mining,site-01,fleet_telemetry,ACME-S01-TRUCK-014,haul_truck,2026-09-01T16:18:01.854Z,1,-16.652552,-71.547938,187.9,1.2,Pit-A,cycle-acme-s01-truck-014-00001,loading,225.3,240.0,127403.1,69.9,True,True,15252.26,358291.31,False,False,False,92.5,24.3,[],1.0
8d290c7a-55c4-46de-9ac5-a666fc228bdc,1.0,acme-mining,site-01,fleet_telemetry,ACME-S01-TRUCK-015,haul_truck,2026-09-01T16:18:01.854Z,1,-16.570352,-71.482833,284.2,0.1,Pit-A,cycle-acme-s01-truck-015-00001,loading,218.8,240.0,233379.96,32.4,True,True,21404.03,500036.19,False,False,False,94.0,24.3,[],1.0
f06df778-03d5-487f-8235-dc66b0c82f17,1.0,acme-mining,site-01,fleet_telemetry,ACME-S01-TRUCK-016,haul_truck,2026-09-01T16:18:01.854Z,1,-16.585543,-71.617408,35.2,0.9,Pit-A,cycle-acme-s01-truck-016-00001,loading,225.1,240.0,247326.79,79.5,True,True,4040.19,500381.81,False,False,False,93.0,24.0,[],1.0
c54bf20b-2afd-4d1b-b654-74172091b76f,1.0,acme-mining,site-01,fleet_telemetry,ACME-S01-TRUCK-017,haul_truck,2026-09-01T16:18:01.854Z,1,-16.632088,-71.578961,315.5,0.7,Pit-A,cycle-acme-s01-truck-017-00001,loading,226.3,240.0,443541.43,81.5,True,True,3171.6,248677.88,False,False,False,88.8,24.4,[],1.0
397ac873-ef68-41d8-a2fe-ce2b8d5b72f5,1.0,acme-mining,site-01,fleet_telemetry,ACME-S01-TRUCK-018,haul_truck,2026-09-01T16:18:01.854Z,1,-16.547866,-71.596957,42.4,0.3,Pit-A,cycle-acme-s01-truck-018-00001,loading,225.5,240.0,40453.53,78.2,True,True,2615.85,326173.99,False,False,False,91.8,23.8,[],1.0
cd203b1f-eb7d-4f92-bc25-0882b073484f,1.0,acme-mining,site-01,fleet_telemetry,ACME-S01-TRUCK-019,haul_truck,2026-09-01T16:18:01.854Z,1,-16.521774,-71.496658,55.7,1.0,Pit-A,cycle-acme-s01-truck-019-00001,loading,219.8,240.0,276901.34,92.5,True,True,4300.69,352434.49,False,False,False,89.6,24.7,[],1.0
ce9ce392-7590-4240-939b-c3d418c1d367,1.0,acme-mining,site-01,fleet_telemetry,ACME-S01-TRUCK-020,haul_truck,2026-09-01T16:18:01.854Z,1,-16.598162,-71.577835,99.2,0.4,Pit-A,cycle-acme-s01-truck-020-00001,loading,221.1,240.0,174305.04,88.0,True,True,9258.64,443162.79,False,False,False,89.7,24.8,[],1.0
9effe16f-6a05-41a3-9061-11c4bb04f1b0,1.0,acme-mining,site-01,fleet_telemetry,ACME-S01-TRUCK-021,haul_truck,2026-09-01T16:18:01.854Z,1,-16.569424,-71.580869,133.2,1.1,Pit-A,cycle-acme-s01-truck-021-00001,loading,225.4,240.0,106895.67,30.0,True,True,13272.15,164972.28,False,False,False,90.8,24.6,[],1.0
27ee5a01-8322-484f-ac79-f3b5df8f8a94,1.0,acme-mining,site-01,fleet_telemetry,ACME-S01-TRUCK-022,haul_truck,2026-09-01T16:18:01.854Z,1,-16.64923,-71.467818,264.8,0.4,Pit-A,cycle-acme-s01-truck-022-00001,loading,220.1,240.0,304350.24,40.0,True,True,2302.18,169942.92,False,False,False,93.1,25.0,[],1.0
3fd9273b-0962-434b-a8fd-907cb7ffc8f0,1.0,acme-mining,site-01,fleet_telemetry,ACME-S01-TRUCK-023,haul_truck,2026-09-01T16:18:01.854Z,1,-16.564963,-71.560812,58.2,1.0,Pit-A,cycle-acme-s01-truck-023-00001,loading,221.4,240.0,189106.4,31.6,True,True,5951.54,317972.96,False,False,False,93.0,24.1,[],1.0
fa189fe7-9dfc-46e6-bc5c-9f179863bc0d,1.0,acme-mining,site-01,fleet_telemetry,ACME-S01-TRUCK-024,haul_truck,2026-09-01T16:18:01.854Z,1,-16.616112,-71.479632,254.4,0.6,Pit-A,cycle-acme-s01-truck-024-00001,loading,222.6,240.0,53303.88,53.2,True,True,15075.33,640024.08,False,False,False,93.0,24.0,[],1.0
1f87c407-0691-4e82-b0b2-229f1fa1df3c,1.0,acme-mining,site-01,fleet_telemetry,ACME-S01-TRUCK-025,haul_truck,2026-09-01T16:18:01.854Z,1,-16.530482,-71.605438,156.7,1.4,Pit-A,cycle-acme-s01-truck-025-00001,loading,217.1,240.0,90734.76,57.4,True,True,12169.26,108314.85,False,False,False,114.3,23.9,"[""ENG_OVERHEAT""]",0.72
a49129a2-e0d2-4d12-a6b3-a649f66c1eeb,1.0,acme-mining,site-01,fleet_telemetry,ACME-S01-TRUCK-026,haul_truck,2026-09-01T16:18:01.854Z,1,-16.655478,-71.49693,354.3,0.3,Pit-A,cycle-acme-s01-truck-026-00001,loading,216.5,240.0,247858.71,26.0,True,True,2875.67,430851.28,False,False,False,89.8,24.7,[],1.0
c2a8eb12-a031-401e-9a17-e63c2738c0ae,1.0,acme-mining,site-01,fleet_telemetry,ACME-S01-TRUCK-027,haul_truck,2026-09-01T16:18:01.854Z,1,-16.609764,-71.459851,295.2,0.8,Pit-A,cycle-acme-s01-truck-027-00001,loading,223.2,240.0,186457.75,29.1,True,True,11095.59,154660.8,False,False,False,95.5,24.7,[],1.0
bb7908c2-1e46-4745-9d9b-59d7e6d9d446,1.0,acme-mining,site-01,fleet_telemetry,ACME-S01-TRUCK-028,haul_truck,2026-09-01T16:18:01.854Z,1,-16.564501,-71.539633,102.9,0.7,Pit-A,cycle-acme-s01-truck-028-00001,loading,223.9,240.0,331422.36,79.8,True,True,6847.29,458852.65,False,False,False,94.0,23.8,[],1.0
96d7bbb9-60c9-4c10-b15a-6c5d4bfecc2a,1.0,acme-mining,site-01,fleet_telemetry,ACME-S01-TRUCK-029,haul_truck,2026-09-01T16:18:01.854Z,1,-16.661254,-71.524032,13.0,0.9,Pit-A,cycle-acme-s01-truck-029-00001,loading,218.8,240.0,248565.91,77.4,True,True,21336.64,384883.58,False,False,False,87.7,24.1,[],1.0
fd2d3626-8c93-42c2-bfb4-b287824e76e6,1.0,acme-mining,site-01,fleet_telemetry,ACME-S01-TRUCK-030,haul_truck,2026-09-01T16:18:01.854Z,1,-16.575194,-71.509466,127.1,0.0,Pit-A,cycle-acme-s01-truck-030-00001,loading,228.0,240.0,45249.06,38.0,True,True,4137.58,625290.71,False,False,False,93.8,24.4,[],1.0
c78d3b55-11cb-482f-987e-d589a442271a,1.0,acme-mining,site-01,fleet_telemetry,ACME-S01-TRUCK-031,haul_truck,2026-09-01T16:18:01.854Z,1,-16.657283,-71.51232,32.5,0.9,Pit-A,cycle-acme-s01-truck-031-00001,loading,224.8,240.0,264724.4,27.8,True,True,20761.84,378895.51,False,False,False,86.7,24.2,[],1.0
0dc3785f-a6e0-4763-ab5c-5f06893f309b,1.0,acme-mining,site-01,fleet_telemetry,ACME-S01-TRUCK-032,haul_truck,2026-09-01T16:18:01.854Z,1,-16.607074,-71.51003,99.5,1.2,Pit-A,cycle-acme-s01-truck-032-00001,loading,220.2,240.0,325124.41,41.7,True,True,20615.77,148683.3,False,False,False,95.6,24.6,[],1.0
adf91516-8b76-4d6d-b6b9-30d370e0d8ee,1.0,acme-mining,site-01,fleet_telemetry,ACME-S01-TRUCK-033,haul_truck,2026-09-01T16:18:01.854Z,1,-16.580321,-71.601503,146.5,0.3,Pit-A,cycle-acme-s01-truck-033-00001,loading,222.9,240.0,14098.82,68.5,True,True,20495.19,609512.6,False,False,False,88.6,23.9,[],1.0
2847c2dc-6210-4b94-96b8-9195774e36a0,1.0,acme-mining,site-01,fleet_telemetry,ACME-S01-TRUCK-034,haul_truck,2026-09-01T16:18:01.854Z,1,-16.611276,-71.592261,344.3,0.1,Pit-A,cycle-acme-s01-truck-034-00001,loading,227.4,240.0,397580.26,86.5,True,True,6422.25,607953.41,False,False,False,94.0,25.0,[],1.0
a597ec90-2001-4411-8de4-81e7d7a46341,1.0,acme-mining,site-01,fleet_telemetry,ACME-S01-TRUCK-035,haul_truck,2026-09-01T16:18:01.854Z,1,-16.539663,-71.569599,202.7,1.2,Pit-A,cycle-acme-s01-truck-035-00001,loading,224.3,240.0,297749.6,25.5,True,True,13767.57,641956.83,False,False,False,95.7,24.9,[],1.0
cdab1c5a-dbf5-47ac-88a4-d376e87655d7,1.0,acme-mining,site-01,fleet_telemetry,ACME-S01-TRUCK-036,haul_truck,2026-09-01T16:18:01.854Z,1,-16.625319,-71.583799,211.2,1.1,Pit-A,cycle-acme-s01-truck-036-00001,loading,221.5,240.0,336663.36,35.9,True,True,6406.68,580519.01,False,False,False,90.6,23.8,[],1.0
46e8a799-07dc-410c-969e-cd1ceb0a3c26,1.0,acme-mining,site-01,fleet_telemetry,ACME-S01-TRUCK-037,haul_truck,2026-09-01T16:18:01.854Z,1,-16.568914,-71.484804,243.6,0.2,Pit-A,cycle-acme-s01-truck-037-00001,loading,223.6,240.0,409590.0,28.6,True,True,11514.67,178206.39,False,False,False,95.9,24.1,[],1.0
cb00c3b4-b994-43b1-bd8d-d896eb6f23a1,1.0,acme-mining,site-01,fleet_telemetry,ACME-S01-TRUCK-038,haul_truck,2026-09-01T16:18:01.854Z,1,-16.582131,-71.54907,299.5,0.5,Pit-A,cycle-acme-s01-truck-038-00001,loading,222.2,240.0,125260.33,76.9,True,True,17147.73,421381.43,False,False,False,86.1,24.1,[],1.0
8d7e633a-e434-4125-8b9d-dbd5f2f37e7d,1.0,acme-mining,site-01,fleet_telemetry,ACME-S01-TRUCK-039,haul_truck,2026-09-01T16:18:01.854Z,1,-16.611325,-71.529096,335.2,0.1,Pit-A,cycle-acme-s01-truck-039-00001,loading,225.9,240.0,75583.91,27.5,True,True,20835.08,455342.36,False,False,False,86.8,24.5,[],1.0
be58fc77-98d1-4ce6-9b06-2ac26d50b403,1.0,acme-mining,site-01,fleet_telemetry,ACME-S01-TRUCK-040,haul_truck,2026-09-01T16:18:01.854Z,1,-16.526572,-71.583888,245.9,0.5,Pit-A,cycle-acme-s01-truck-040-00001,loading,219.2,240.0,360293.83,85.2,True,True,7335.08,586358.34,False,False,False,95.5,25.1,[],1.0
b16d3b33-2b2f-46af-a1f9-18b386014229,1.0,acme-mining,site-01,fleet_telemetry,ACME-S01-TRUCK-041,haul_truck,2026-09-01T16:18:01.854Z,1,-16.550484,-71.469378,74.4,0.7,Pit-A,cycle-acme-s01-truck-041-00001,loading,224.8,240.0,394873.62,93.2,True,True,8297.99,372726.62,False,False,False,94.7,24.1,[],1.0
972520d6-8d99-4d67-ade7-ee5498c5bbe2,1.0,acme-mining,site-01,fleet_telemetry,ACME-S01-TRUCK-042,haul_truck,2026-09-01T16:18:01.854Z,1,-16.55255,-71.56435,331.2,0.4,Pit-A,cycle-acme-s01-truck-042-00001,loading,217.9,240.0,397823.15,26.7,True,True,21495.57,530786.18,False,False,False,87.1,24.7,[],1.0
06a41d24-e97c-49bf-9da2-2b14c597c044,1.0,acme-mining,site-01,fleet_telemetry,ACME-S01-TRUCK-043,haul_truck,2026-09-01T16:18:01.854Z,1,-16.533025,-71.581911,15.2,1.0,Pit-A,cycle-acme-s01-truck-043-00001,loading,225.2,240.0,57562.1,86.1,True,True,6456.28,516045.94,False,False,False,91.4,24.5,[],1.0
d7f6ffbc-db1c-4ab4-a078-c7625f60b357,1.0,acme-mining,site-01,fleet_telemetry,ACME-S01-TRUCK-044,haul_truck,2026-09-01T16:18:01.854Z,1,-16.564795,-71.553745,312.7,0.9,Pit-A,cycle-acme-s01-truck-044-00001,loading,227.8,240.0,393382.16,40.6,True,True,8212.76,536937.92,False,False,False,95.0,24.5,[],1.0
5ca41581-e1c3-4b3a-aea9-c92802e768de,1.0,acme-mining,site-01,fleet_telemetry,ACME-S01-TRUCK-045,haul_truck,2026-09-01T16:18:01.854Z,1,-16.513416,-71.531705,207.5,1.5,Pit-A,cycle-acme-s01-truck-045-00001,loading,219.4,240.0,292251.98,53.0,True,True,21298.05,195848.75,False,False,False,88.2,23.9,[],1.0
a5e36a9a-1bb6-4535-a6de-a37ccd5a1ed2,1.0,acme-mining,site-01,fleet_telemetry,ACME-S01-TRUCK-046,haul_truck,2026-09-01T16:18:01.854Z,1,-16.664279,-71.522049,141.7,1.2,Pit-A,cycle-acme-s01-truck-046-00001,loading,222.5,240.0,265459.5,93.8,True,True,19393.22,184565.58,False,False,False,91.0,24.8,[],1.0
4f0bfcb3-bcdf-417c-96a0-af2c9507ac7a,1.0,acme-mining,site-01,fleet_telemetry,ACME-S01-TRUCK-047,haul_truck,2026-09-01T16:18:01.854Z,1,-16.639987,-71.610398,248.0,0.3,Pit-A,cycle-acme-s01-truck-047-00001,loading,224.4,240.0,60884.16,88.0,True,True,10051.55,640068.59,False,False,False,90.6,23.8,[],1.0
ae917d6f-ef0c-4ba5-9111-cd56232d1ff1,1.0,acme-mining,site-01,fleet_telemetry,ACME-S01-TRUCK-048,haul_truck,2026-09-01T16:18:01.854Z,1,-16.563099,-71.559225,93.5,0.3,Pit-A,cycle-acme-s01-truck-048-00001,loading,219.9,240.0,326549.22,76.9,True,True,20422.19,359224.76,False,False,False,92.1,24.6,[],1.0
e04df203-c07a-462d-ac83-5c821ccdedcc,1.0,acme-mining,site-01,fleet_telemetry,ACME-S01-TRUCK-049,haul_truck,2026-09-01T16:18:01.854Z,1,-16.58926,-71.510797,179.5,0.4,Pit-A,cycle-acme-s01-truck-049-00001,loading,223.4,240.0,64835.16,88.0,True,True,14010.9,437934.11,False,False,False,89.7,24.1,[],1.0
8a7fbd13-2ec0-44f6-a7c2-01bc7d057ffe,1.0,acme-mining,site-01,fleet_telemetry,ACME-S01-TRUCK-050,haul_truck,2026-09-01T16:18:01.854Z,1,-16.550698,-71.589656,64.7,1.1,Pit-A,cycle-acme-s01-truck-050-00001,loading,226.3,240.0,302568.97,51.5,True,True,12553.55,140859.26,False,False,False,88.8,24.0,[],1.0
190cecc9-ae59-43ff-aad2-cc9a616c1cc4,1.0,acme-mining,site-01,fleet_telemetry,ACME-S01-TRUCK-051,haul_truck,2026-09-01T16:18:01.854Z,1,-16.577602,-71.512747,84.9,0.9,Pit-A,cycle-acme-s01-truck-051-00001,loading,217.2,240.0,136242.05,55.1,True,True,12416.27,20255.74,False,False,False,88.7,24.4,[],1.0
d36f9c04-2ea7-4c5b-9db4-8a9dac24e7b4,1.0,acme-mining,site-01,fleet_telemetry,ACME-S01-TRUCK-052,haul_truck,2026-09-01T16:18:01.854Z,1,-16.552646,-71.512084,290.0,0.6,Pit-A,cycle-acme-s01-truck-052-00001,loading,227.5,240.0,359243.6,92.2,True,True,15123.3,342039.62,False,False,False,87.5,24.0,[],1.0
ec350be3-69fc-4cb2-958b-47017b240899,1.0,acme-mining,site-01,fleet_telemetry,ACME-S01-TRUCK-053,haul_truck,2026-09-01T16:18:01.854Z,1,-16.54135,-71.593923,259.3,0.7,Pit-A,cycle-acme-s01-truck-053-00001,loading,226.2,240.0,113342.2,46.7,True,True,2779.81,619759.79,False,False,False,91.2,24.9,[],1.0
c1252d3a-25e1-4dac-aad5-a0e1dbe85b95,1.0,acme-mining,site-01,fleet_telemetry,ACME-S01-TRUCK-054,haul_truck,2026-09-01T16:18:01.854Z,1,-16.578293,-71.502565,248.5,0.5,Pit-A,cycle-acme-s01-truck-054-00001,loading,222.8,240.0,210383.13,87.0,True,True,13759.01,504148.28,False,False,False,90.0,23.9,[],1.0
3d2683e1-dcbe-4077-873b-1071da636f27,1.0,acme-mining,site-01,fleet_telemetry,ACME-S01-TRUCK-055,haul_truck,2026-09-01T16:18:01.854Z,1,-16.547193,-71.600446,120.4,1.2,Pit-A,cycle-acme-s01-truck-055-00001,loading,223.6,240.0,12439.74,77.6,True,True,5972.47,433316.55,False,False,False,90.5,24.3,[],1.0
46ddfd1d-62ad-46fe-a31f-708f05eab929,1.0,acme-mining,site-01,fleet_telemetry,ACME-S01-TRUCK-056,haul_truck,2026-09-01T16:18:01.854Z,1,-16.523605,-71.598083,43.6,0.8,Pit-A,cycle-acme-s01-truck-056-00001,loading,219.1,240.0,214401.97,64.0,True,True,17847.13,458424.42,False,False,False,86.2,25.0,[],1.0
7de30fe1-8123-407c-9ea4-b8fe7d4ba284,1.0,acme-mining,site-01,fleet_telemetry,ACME-S01-TRUCK-057,haul_truck,2026-09-01T16:18:01.854Z,1,-16.527772,-71.519476,62.8,1.4,Pit-A,cycle-acme-s01-truck-057-00001,loading,222.9,240.0,271999.04,91.5,True,True,14952.65,642372.25,False,False,False,92.5,24.9,[],1.0
f500d2b5-5a4d-44e8-9b58-6de28157805f,1.0,acme-mining,site-01,fleet_telemetry,ACME-S01-TRUCK-058,haul_truck,2026-09-01T16:18:01.854Z,1,-16.532561,-71.545489,320.2,0.5,Pit-A,cycle-acme-s01-truck-058-00001,loading,221.8,240.0,206202.01,36.1,True,True,9846.91,591318.48,False,False,False,93.4,24.3,[],1.0
586fd109-0ec7-4258-812c-2b73ceacf623,1.0,acme-mining,site-01,fleet_telemetry,ACME-S01-TRUCK-059,haul_truck,2026-09-01T16:18:01.854Z,1,-16.658003,-71.571783,290.7,0.4,Pit-A,cycle-acme-s01-truck-059-00001,loading,217.7,240.0,285769.33,44.2,True,True,17035.25,348418.88,False,False,False,87.7,24.3,[],1.0
84ae4d40-6707-47e3-a476-e6d67866d3e4,1.0,acme-mining,site-01,fleet_telemetry,ACME-S01-TRUCK-060,haul_truck,2026-09-01T16:18:01.854Z,1,-16.645951,-71.583268,58.3,0.9,Pit-A,cycle-acme-s01-truck-060-00001,loading,226.2,240.0,76365.51,51.8,True,True,19732.17,70763.93,False,False,False,86.7,24.1,[],1.0
61d986af-96fb-4cf4-9ffe-8c430a21bdc1,1.0,acme-mining,site-01,fleet_telemetry,ACME-S01-TRUCK-061,haul_truck,2026-09-01T16:18:01.854Z,1,-16.525626,-71.524047,97.6,0.5,Pit-A,cycle-acme-s01-truck-061-00001,loading,219.2,240.0,101007.15,54.4,True,True,12303.36,281937.77,False,False,False,92.4,24.4,[],1.0
ef75bd84-a0e6-407c-aaa1-4faffa6579b8,1.0,acme-mining,site-01,fleet_telemetry,ACME-S01-TRUCK-062,haul_truck,2026-09-01T16:18:01.854Z,1,-16.533848,-71.464951,149.0,1.3,Pit-A,cycle-acme-s01-truck-062-00001,loading,223.0,240.0,164773.89,77.7,True,True,8864.08,23714.53,False,False,False,95.7,24.1,[],1.0
48cf6fa4-eb73-4b2f-8eae-1f1c370000c5,1.0,acme-mining,site-01,fleet_telemetry,ACME-S01-TRUCK-063,haul_truck,2026-09-01T16:18:01.854Z,1,-16.592697,-71.555283,252.2,0.0,Pit-A,cycle-acme-s01-truck-063-00001,loading,223.9,240.0,224820.99,44.1,True,True,17757.21,585621.15,False,False,False,95.4,23.9,[],1.0
f6cf4b77-4387-45f7-90a5-54fd3c4fcec2,1.0,acme-mining,site-01,fleet_telemetry,ACME-S01-TRUCK-064,haul_truck,2026-09-01T16:18:01.854Z,1,-16.58494,-71.472391,197.4,0.3,Pit-A,cycle-acme-s01-truck-064-00001,loading,216.8,240.0,414598.33,93.6,True,True,16152.65,549518.57,False,False,False,94.8,23.8,[],1.0
35f4a93c-61bc-4d7e-9c5b-7f60cea34314,1.0,acme-mining,site-01,fleet_telemetry,ACME-S01-TRUCK-065,haul_truck,2026-09-01T16:18:01.854Z,1,-16.628775,-71.565124,55.9,0.6,Pit-A,cycle-acme-s01-truck-065-00001,loading,217.0,240.0,391414.62,37.7,True,True,2579.69,290026.05,False,False,False,88.6,24.7,[],1.0
aa90e5a8-cb06-445e-b886-8fb1ed3fb74f,1.0,acme-mining,site-01,fleet_telemetry,ACME-S01-TRUCK-066,haul_truck,2026-09-01T16:18:01.854Z,1,-16.630037,-71.604395,225.5,1.3,Pit-A,cycle-acme-s01-truck-066-00001,loading,219.0,240.0,340884.34,83.2,True,True,16938.07,258849.52,False,False,False,88.8,24.0,[],1.0
59ff5ca2-9baa-4349-846a-c16b23b930df,1.0,acme-mining,site-01,fleet_telemetry,ACME-S01-TRUCK-067,haul_truck,2026-09-01T16:18:01.854Z,1,-16.517234,-71.611059,171.4,1.3,Pit-A,cycle-acme-s01-truck-067-00001,loading,224.0,240.0,108657.77,29.8,True,True,1904.22,619709.41,False,False,False,108.9,25.2,"[""ENG_OVERHEAT""]",0.72
eecdd812-deb5-4736-8232-b5182ab1a032,1.0,acme-mining,site-01,fleet_telemetry,ACME-S01-TRUCK-068,haul_truck,2026-09-01T16:18:01.854Z,1,-16.563287,-71.527265,251.1,0.8,Pit-A,cycle-acme-s01-truck-068-00001,loading,221.3,240.0,77048.25,33.8,True,True,5026.45,32839.41,False,False,False,95.7,24.0,[],1.0
c7e96ab6-289c-4ca9-b132-6aa9fa93712b,1.0,acme-mining,site-01,fleet_telemetry,ACME-S01-TRUCK-069,haul_truck,2026-09-01T16:18:01.854Z,1,-16.652075,-71.486412,188.4,0.9,Pit-A,cycle-acme-s01-truck-069-00001,loading,223.6,240.0,277188.92,77.4,True,True,17058.24,125707.16,False,False,False,91.6,24.7,[],1.0
facb41f8-baa9-476d-9041-d77c090d990d,1.0,acme-mining,site-01,fleet_telemetry,ACME-S01-TRUCK-070,haul_truck,2026-09-01T16:18:01.854Z,1,-16.610351,-71.466865,159.0,0.5,Pit-A,cycle-acme-s01-truck-070-00001,loading,222.5,240.0,263350.58,88.6,True,True,13068.12,605198.92,False,False,False,94.0,24.3,[],1.0
c29a4fa2-7c93-449a-8c8c-df541d9ed0e3,1.0,acme-mining,site-01,fleet_telemetry,ACME-S01-TRUCK-071,haul_truck,2026-09-01T16:18:01.854Z,1,-16.534353,-71.521434,305.2,0.4,Pit-A,cycle-acme-s01-truck-071-00001,loading,216.0,240.0,54836.59,79.1,True,True,15441.03,415162.71,False,False,False,94.2,24.3,[],1.0
0f2720f6-db4e-4af3-ab69-0e48a71320e1,1.0,acme-mining,site-01,fleet_telemetry,ACME-S01-TRUCK-072,haul_truck,2026-09-01T16:18:01.854Z,1,-16.589446,-71.562903,3.3,0.7,Pit-A,cycle-acme-s01-truck-072-00001,loading,227.1,240.0,198486.35,50.9,True,True,17391.87,238738.37,False,False,False,110.3,24.4,"[""ENG_OVERHEAT""]",0.72
57ad7538-61ed-4907-9904-fe67929490e6,1.0,acme-mining,site-01,fleet_telemetry,ACME-S01-TRUCK-073,haul_truck,2026-09-01T16:18:01.854Z,1,-16.557231,-71.547822,148.2,0.4,Pit-A,cycle-acme-s01-truck-073-00001,loading,216.1,240.0,289657.47,83.0,True,True,3037.43,625296.17,False,False,False,89.7,24.6,[],1.0
d896ac9c-87cb-45ac-a7ff-2a7b6baad473,1.0,acme-mining,site-01,fleet_telemetry,ACME-S01-TRUCK-074,haul_truck,2026-09-01T16:18:01.854Z,1,-16.538282,-71.522704,136.2,0.6,Pit-A,cycle-acme-s01-truck-074-00001,loading,224.8,240.0,350842.26,57.5,True,True,13857.34,599359.12,False,False,False,89.9,24.2,[],1.0
12543f94-9874-4167-b224-aa4c0911b1e1,1.0,acme-mining,site-01,fleet_telemetry,ACME-S01-TRUCK-075,haul_truck,2026-09-01T16:18:01.854Z,1,-16.596047,-71.519847,290.6,0.6,Pit-A,cycle-acme-s01-truck-075-00001,loading,225.2,240.0,397917.74,42.1,True,True,18411.5,74597.63,False,False,False,95.1,24.8,[],1.0
44392e7d-0298-4baa-ac0a-efc2319893f2,1.0,acme-mining,site-01,fleet_telemetry,ACME-S01-TRUCK-076,haul_truck,2026-09-01T16:18:01.854Z,1,-16.629064,-71.572755,307.2,0.4,Pit-A,cycle-acme-s01-truck-076-00001,loading,225.7,240.0,224521.99,49.8,True,True,11279.3,224758.93,False,False,False,90.1,24.1,[],1.0
9bc1cacf-2c6b-49ce-89ce-d98dd7c35fe1,1.0,acme-mining,site-01,fleet_telemetry,ACME-S01-TRUCK-077,haul_truck,2026-09-01T16:18:01.854Z,1,-16.605372,-71.528672,224.1,0.4,Pit-A,cycle-acme-s01-truck-077-00001,loading,223.4,240.0,94064.85,41.9,True,True,12582.77,345475.17,False,False,False,88.7,24.1,[],1.0
6dfc85e3-8bc1-4cac-89f9-a687a542e494,1.0,acme-mining,site-01,fleet_telemetry,ACME-S01-TRUCK-078,haul_truck,2026-09-01T16:18:01.854Z,1,-16.634945,-71.506814,96.9,0.0,Pit-A,cycle-acme-s01-truck-078-00001,loading,222.4,240.0,358890.48,31.5,True,True,14493.14,329217.44,False,False,False,106.9,24.8,"[""ENG_OVERHEAT""]",0.72
4876fce7-2054-4f0e-991b-7f285f55b2a5,1.0,acme-mining,site-01,fleet_telemetry,ACME-S01-TRUCK-079,haul_truck,2026-09-01T16:18:01.854Z,1,-16.582338,-71.56121,123.1,1.1,Pit-A,cycle-acme-s01-truck-079-00001,loading,217.8,240.0,161253.27,94.8,True,True,8623.23,368687.96,False,False,False,90.9,24.2,[],1.0
ea26b615-d7d4-4c7f-90be-9733c890ae4f,1.0,acme-mining,site-01,fleet_telemetry,ACME-S01-TRUCK-080,haul_truck,2026-09-01T16:18:01.854Z,1,-16.584662,-71.49555,118.9,1.2,Pit-A,cycle-acme-s01-truck-080-00001,loading,221.6,240.0,94737.11,33.4,True,True,6129.76,96013.21,False,False,False,93.9,25.0,[],1.0
9fbf827b-c560-417c-9ed4-879cc2102a9f,1.0,acme-mining,site-02,fleet_telemetry,ACME-S02-TRUCK-001,haul_truck,2026-09-01T16:18:01.854Z,1,-16.537063,-71.488508,266.2,1.0,Pit-A,cycle-acme-s02-truck-001-00001,loading,224.7,240.0,319615.38,60.0,True,True,4524.73,259530.69,False,False,False,86.9,24.1,[],1.0
1f79bcfc-ca6f-4028-a5f9-b51ace41cc33,1.0,acme-mining,site-02,fleet_telemetry,ACME-S02-TRUCK-002,haul_truck,2026-09-01T16:18:01.854Z,1,-16.601715,-71.552792,123.5,0.9,Pit-A,cycle-acme-s02-truck-002-00001,loading,226.0,240.0,44259.57,46.9,True,True,10047.86,309645.18,False,False,False,88.9,24.9,[],1.0
ec44b6e2-6a24-4285-8da5-ab03b85dab08,1.0,acme-mining,site-02,fleet_telemetry,ACME-S02-TRUCK-003,haul_truck,2026-09-01T16:18:01.854Z,1,-16.5715,-71.484376,76.3,0.5,Pit-A,cycle-acme-s02-truck-003-00001,loading,220.0,240.0,152898.02,81.1,True,True,3241.68,33139.63,False,False,False,93.4,24.6,[],1.0
b35d3576-783c-468f-8f04-ad2995b0b0b7,1.0,acme-mining,site-02,fleet_telemetry,ACME-S02-TRUCK-004,haul_truck,2026-09-01T16:18:01.854Z,1,-16.657816,-71.478216,250.2,1.1,Pit-A,cycle-acme-s02-truck-004-00001,loading,223.5,240.0,201697.69,53.0,True,True,10058.29,86693.78,False,False,False,95.9,24.7,[],1.0
3cc4c087-371c-4c66-b446-e0950490ecac,1.0,acme-mining,site-02,fleet_telemetry,ACME-S02-TRUCK-005,haul_truck,2026-09-01T16:18:01.854Z,1,-16.588808,-71.472552,21.6,0.6,Pit-A,cycle-acme-s02-truck-005-00001,loading,222.3,240.0,234612.66,33.0,True,True,7861.06,125923.61,False,False,False,88.6,24.1,[],1.0
7d730b24-a188-4b81-af7d-2ce26122eb98,1.0,acme-mining,site-02,fleet_telemetry,ACME-S02-TRUCK-006,haul_truck,2026-09-01T16:18:01.854Z,1,-16.548766,-71.512619,24.0,1.0,Pit-A,cycle-acme-s02-truck-006-00001,loading,221.6,240.0,96799.61,67.2,True,True,5808.9,112259.86,False,False,False,95.5,24.7,[],1.0
9c64da6e-a9e3-4f43-a9fc-c4fc9b553504,1.0,acme-mining,site-02,fleet_telemetry,ACME-S02-TRUCK-007,haul_truck,2026-09-01T16:18:01.854Z,1,-16.529272,-71.514621,105.3,1.0,Pit-A,cycle-acme-s02-truck-007-00001,loading,220.3,240.0,264965.98,72.7,True,True,10635.81,375153.36,False,False,False,87.1,25.0,[],1.0
dd0ab067-ecc0-4e78-bebc-19a2b065dab1,1.0,acme-mining,site-02,fleet_telemetry,ACME-S02-TRUCK-008,haul_truck,2026-09-01T16:18:01.854Z,1,-16.599647,-71.569049,325.3,0.6,Pit-A,cycle-acme-s02-truck-008-00001,loading,222.1,240.0,76421.28,29.8,True,True,19122.04,415146.97,False,False,False,93.1,24.5,[],1.0
cb7e2822-37c4-4db3-b355-30f48239d240,1.0,acme-mining,site-02,fleet_telemetry,ACME-S02-TRUCK-009,haul_truck,2026-09-01T16:18:01.854Z,1,-16.611402,-71.571568,201.8,0.9,Pit-A,cycle-acme-s02-truck-009-00001,loading,218.4,240.0,213166.71,27.6,True,True,8261.18,66740.11,False,False,False,95.7,24.8,[],1.0
e9ce0c16-f00a-4847-9126-e258265fe901,1.0,acme-mining,site-02,fleet_telemetry,ACME-S02-TRUCK-010,haul_truck,2026-09-01T16:18:01.854Z,1,-16.543709,-71.47416,267.9,0.1,Pit-A,cycle-acme-s02-truck-010-00001,loading,219.7,240.0,213593.15,63.8,True,True,13838.18,339452.73,False,False,False,90.9,23.8,[],1.0
94e37d73-c413-4afe-b356-1d4e3039b3b0,1.0,acme-mining,site-02,fleet_telemetry,ACME-S02-TRUCK-011,haul_truck,2026-09-01T16:18:01.854Z,1,-16.6605,-71.60094,352.2,1.0,Pit-A,cycle-acme-s02-truck-011-00001,loading,219.6,240.0,219276.79,35.6,True,True,14618.96,222561.86,False,False,False,96.0,24.2,[],1.0
17a5d7b1-e8cb-40d6-8df6-30aa209ef5ad,1.0,acme-mining,site-02,fleet_telemetry,ACME-S02-TRUCK-012,haul_truck,2026-09-01T16:18:01.854Z,1,-16.557181,-71.458942,356.4,0.1,Pit-A,cycle-acme-s02-truck-012-00001,loading,220.6,240.0,294295.94,27.7,True,True,21626.58,73127.35,False,False,False,96.0,25.1,[],1.0
4ecbd670-beca-4dc1-9a48-1d3e0c18b21d,1.0,acme-mining,site-02,fleet_telemetry,ACME-S02-TRUCK-013,haul_truck,2026-09-01T16:18:01.854Z,1,-16.561776,-71.609122,49.4,1.4,Pit-A,cycle-acme-s02-truck-013-00001,loading,220.1,240.0,180463.31,79.2,True,True,8514.64,598300.18,False,False,False,89.9,24.8,[],1.0
5ff7f222-52d6-4498-a2d4-39a6587fc183,1.0,acme-mining,site-02,fleet_telemetry,ACME-S02-TRUCK-014,haul_truck,2026-09-01T16:18:01.854Z,1,-16.554603,-71.51245,150.2,0.8,Pit-A,cycle-acme-s02-truck-014-00001,loading,226.5,240.0,308486.93,44.9,True,True,2197.33,79538.75,False,False,False,92.9,24.6,[],1.0
6e1cdcdb-2ace-4835-99b4-eae42699b4a7,1.0,acme-mining,site-02,fleet_telemetry,ACME-S02-TRUCK-015,haul_truck,2026-09-01T16:18:01.854Z,1,-16.515569,-71.505743,47.4,0.6,Pit-A,cycle-acme-s02-truck-015-00001,loading,223.3,240.0,72228.51,49.5,True,True,7867.28,387125.9,False,False,False,90.5,24.7,[],1.0
ad8f8248-8e74-4d1c-8e3e-5195e78ec71a,1.0,acme-mining,site-02,fleet_telemetry,ACME-S02-TRUCK-016,haul_truck,2026-09-01T16:18:01.854Z,1,-16.617844,-71.597053,247.8,0.9,Pit-A,cycle-acme-s02-truck-016-00001,loading,218.4,240.0,255925.73,70.0,True,True,15827.28,73372.98,False,False,False,87.4,25.1,[],1.0
6c63c7fb-cfe4-4b69-a52a-caef48bb4955,1.0,acme-mining,site-02,fleet_telemetry,ACME-S02-TRUCK-017,haul_truck,2026-09-01T16:18:01.854Z,1,-16.620981,-71.465313,236.2,1.4,Pit-A,cycle-acme-s02-truck-017-00001,loading,226.9,240.0,233734.95,26.3,True,True,2781.2,442387.31,False,False,False,93.7,24.6,[],1.0
9d8396df-6e0b-4d13-a248-93e10eb5402d,1.0,acme-mining,site-02,fleet_telemetry,ACME-S02-TRUCK-018,haul_truck,2026-09-01T16:18:01.854Z,1,-16.544301,-71.53627,66.3,0.2,Pit-A,cycle-acme-s02-truck-018-00001,loading,222.4,240.0,78175.9,45.7,True,True,4870.51,649985.27,False,False,False,93.2,25.0,[],1.0
79491e62-be22-430c-bbbd-7fea98041da8,1.0,acme-mining,site-02,fleet_telemetry,ACME-S02-TRUCK-019,haul_truck,2026-09-01T16:18:01.854Z,1,-16.610125,-71.59154,109.2,0.2,Pit-A,cycle-acme-s02-truck-019-00001,loading,219.8,240.0,347175.37,34.2,True,True,1600.25,232161.55,False,False,False,114.7,24.8,"[""ENG_OVERHEAT""]",0.72
cb6b12e1-92fa-41c9-8f85-6221cef05630,1.0,acme-mining,site-02,fleet_telemetry,ACME-S02-TRUCK-020,haul_truck,2026-09-01T16:18:01.854Z,1,-16.515266,-71.519805,67.6,1.2,Pit-A,cycle-acme-s02-truck-020-00001,loading,224.9,240.0,170291.76,75.4,True,True,16089.08,47526.23,False,False,False,87.5,24.0,[],1.0
380c5600-4cd0-40e6-b722-f1066501885c,1.0,acme-mining,site-02,fleet_telemetry,ACME-S02-TRUCK-021,haul_truck,2026-09-01T16:18:01.854Z,1,-16.525764,-71.586457,220.4,0.0,Pit-A,cycle-acme-s02-truck-021-00001,loading,223.4,240.0,434862.54,79.9,True,True,5760.86,170676.15,False,False,False,92.1,24.6,[],1.0
e73fddd5-a136-4576-9e48-b9c5a8ceeccb,1.0,acme-mining,site-02,fleet_telemetry,ACME-S02-TRUCK-022,haul_truck,2026-09-01T16:18:01.854Z,1,-16.586006,-71.462897,304.5,0.3,Pit-A,cycle-acme-s02-truck-022-00001,loading,217.0,240.0,133979.58,51.7,True,True,21670.13,310858.39,False,False,False,107.2,24.5,"[""ENG_OVERHEAT""]",0.72
362f221b-ecba-47d4-8b53-308245531a15,1.0,acme-mining,site-02,fleet_telemetry,ACME-S02-TRUCK-023,haul_truck,2026-09-01T16:18:01.854Z,1,-16.520913,-71.503676,58.9,1.0,Pit-A,cycle-acme-s02-truck-023-00001,loading,220.6,240.0,221459.91,51.0,True,True,19307.64,52873.28,False,False,False,90.7,24.1,[],1.0
6a0e0d79-9b21-48b9-8b64-ec5f9440d697,1.0,acme-mining,site-02,fleet_telemetry,ACME-S02-TRUCK-024,haul_truck,2026-09-01T16:18:01.854Z,1,-16.646824,-71.547504,80.1,0.6,Pit-A,cycle-acme-s02-truck-024-00001,loading,227.1,240.0,130028.19,88.4,True,True,6843.34,500763.6,False,False,False,95.5,24.7,[],1.0
cc1a7511-3907-4d45-924b-66a6bf299897,1.0,acme-mining,site-02,fleet_telemetry,ACME-S02-TRUCK-025,haul_truck,2026-09-01T16:18:01.854Z,1,-16.606967,-71.557666,158.1,0.3,Pit-A,cycle-acme-s02-truck-025-00001,loading,218.1,240.0,419407.67,54.0,True,True,18114.11,577316.76,False,False,False,95.5,24.7,[],1.0
e7753574-c43f-4848-87f4-2810eb6af260,1.0,acme-mining,site-02,fleet_telemetry,ACME-S02-TRUCK-026,haul_truck,2026-09-01T16:18:01.854Z,1,-16.566406,-71.490879,279.4,1.0,Pit-A,cycle-acme-s02-truck-026-00001,loading,226.7,240.0,419563.42,83.7,True,True,8748.15,37758.16,False,False,False,90.3,24.7,[],1.0
f8763051-122d-4c51-96ce-8a01f1a65e60,1.0,acme-mining,site-02,fleet_telemetry,ACME-S02-TRUCK-027,haul_truck,2026-09-01T16:18:01.854Z,1,-16.595342,-71.519044,205.8,1.2,Pit-A,cycle-acme-s02-truck-027-00001,loading,220.7,240.0,375688.63,78.1,True,True,20248.8,317646.61,False,False,False,95.4,24.6,[],1.0
dd6fe778-694c-46e3-99ee-2ae9c11ad038,1.0,acme-mining,site-02,fleet_telemetry,ACME-S02-TRUCK-028,haul_truck,2026-09-01T16:18:01.854Z,1,-16.585957,-71.59971,164.4,1.0,Pit-A,cycle-acme-s02-truck-028-00001,loading,216.5,240.0,251473.89,75.9,True,True,6225.59,546026.75,False,False,False,87.1,25.0,[],1.0
7cb93ae3-5c5e-448e-90b9-9738efe8279e,1.0,acme-mining,site-02,fleet_telemetry,ACME-S02-TRUCK-029,haul_truck,2026-09-01T16:18:01.854Z,1,-16.660351,-71.48363,14.1,1.3,Pit-A,cycle-acme-s02-truck-029-00001,loading,222.5,240.0,291138.78,68.6,True,True,3383.19,170216.89,False,False,False,95.8,24.3,[],1.0
7c77ab0f-cc34-4eff-9a12-486b0f4adf91,1.0,acme-mining,site-02,fleet_telemetry,ACME-S02-TRUCK-030,haul_truck,2026-09-01T16:18:01.854Z,1,-16.601722,-71.51913,318.3,1.1,Pit-A,cycle-acme-s02-truck-030-00001,loading,218.3,240.0,116452.8,35.0,True,True,1148.43,344686.71,False,False,False,90.4,24.9,[],1.0
4c07c520-4be2-4bfa-91d7-eb608a7e236f,1.0,acme-mining,site-02,fleet_telemetry,ACME-S02-TRUCK-031,haul_truck,2026-09-01T16:18:01.854Z,1,-16.517855,-71.530447,248.3,0.4,Pit-A,cycle-acme-s02-truck-031-00001,loading,219.5,240.0,240333.22,50.2,True,True,4771.06,440975.39,False,False,False,95.2,25.1,[],1.0
39755973-fe6b-478a-9722-b231a83bdb26,1.0,acme-mining,site-02,fleet_telemetry,ACME-S02-TRUCK-032,haul_truck,2026-09-01T16:18:01.854Z,1,-16.513434,-71.576916,64.7,0.7,Pit-A,cycle-acme-s02-truck-032-00001,loading,217.1,240.0,216859.45,69.5,True,True,12548.02,265985.85,False,False,False,91.0,24.6,[],1.0
1776837d-9555-4c1c-a3c7-c30772201d9c,1.0,acme-mining,site-02,fleet_telemetry,ACME-S02-TRUCK-033,haul_truck,2026-09-01T16:18:01.854Z,1,-16.55277,-71.564297,9.0,1.3,Pit-A,cycle-acme-s02-truck-033-00001,loading,220.7,240.0,286433.08,79.0,True,True,8109.81,481752.85,False,False,False,89.2,24.4,[],1.0
891c1d3f-33b2-48fe-9496-5ef6816ccc2e,1.0,acme-mining,site-02,fleet_telemetry,ACME-S02-TRUCK-034,haul_truck,2026-09-01T16:18:01.854Z,1,-16.513469,-71.540935,116.6,1.3,Pit-A,cycle-acme-s02-truck-034-00001,loading,226.6,240.0,375368.83,72.9,True,True,7977.2,424961.24,False,False,False,86.9,24.7,[],1.0
6b16806e-adf7-4191-8dbf-a3d1951b6654,1.0,acme-mining,site-02,fleet_telemetry,ACME-S02-TRUCK-035,haul_truck,2026-09-01T16:18:01.854Z,1,-16.663391,-71.585585,254.2,1.1,Pit-A,cycle-acme-s02-truck-035-00001,loading,224.8,240.0,211379.03,45.5,True,True,2137.73,508999.95,False,False,False,86.9,24.7,[],1.0
b876966a-ee6d-451c-8628-4cc2f3dd817a,1.0,acme-mining,site-02,fleet_telemetry,ACME-S02-TRUCK-036,haul_truck,2026-09-01T16:18:01.854Z,1,-16.549873,-71.586923,220.3,0.1,Pit-A,cycle-acme-s02-truck-036-00001,loading,224.7,240.0,248933.53,42.7,True,True,11726.13,643147.3,False,False,False,95.8,24.0,[],1.0
a7d5e473-20a4-43f1-bcb1-635ece1cf4a6,1.0,acme-mining,site-02,fleet_telemetry,ACME-S02-TRUCK-037,haul_truck,2026-09-01T16:18:01.854Z,1,-16.528082,-71.498571,310.5,0.8,Pit-A,cycle-acme-s02-truck-037-00001,loading,218.1,240.0,64769.02,50.8,True,True,19154.92,229112.55,False,False,False,113.8,24.0,"[""ENG_OVERHEAT""]",0.72
cad9aa6a-ac45-440e-abde-f401c30047a4,1.0,acme-mining,site-02,fleet_telemetry,ACME-S02-TRUCK-038,haul_truck,2026-09-01T16:18:01.854Z,1,-16.542833,-71.574825,262.8,0.2,Pit-A,cycle-acme-s02-truck-038-00001,loading,216.6,240.0,314510.16,50.7,True,True,7987.58,137694.85,False,False,False,89.1,25.1,[],1.0
32f48dab-ac42-472a-bfcc-10e77ed5fa23,1.0,acme-mining,site-02,fleet_telemetry,ACME-S02-TRUCK-039,haul_truck,2026-09-01T16:18:01.854Z,1,-16.619006,-71.604689,1.3,0.4,Pit-A,cycle-acme-s02-truck-039-00001,loading,226.8,240.0,371830.18,63.2,True,True,2473.25,399545.58,False,False,False,95.6,24.9,[],1.0
1ac229fa-6fae-48e7-952c-d33abdd90af5,1.0,acme-mining,site-02,fleet_telemetry,ACME-S02-TRUCK-040,haul_truck,2026-09-01T16:18:01.854Z,1,-16.598859,-71.50121,218.8,0.0,Pit-A,cycle-acme-s02-truck-040-00001,loading,222.0,240.0,83323.72,56.1,True,True,10253.42,472127.63,False,False,False,94.1,24.5,[],1.0
bf036088-7bfd-45e5-8b06-adf066710736,1.0,acme-mining,site-02,fleet_telemetry,ACME-S02-TRUCK-041,haul_truck,2026-09-01T16:18:01.854Z,1,-16.568398,-71.55937,216.4,0.3,Pit-A,cycle-acme-s02-truck-041-00001,loading,221.4,240.0,427077.95,30.3,True,True,6620.58,637417.19,False,False,False,90.4,23.8,[],1.0
87156502-c7c3-40dc-8b2f-a5547a71aa57,1.0,acme-mining,site-02,fleet_telemetry,ACME-S02-TRUCK-042,haul_truck,2026-09-01T16:18:01.854Z,1,-16.664832,-71.606743,74.7,1.3,Pit-A,cycle-acme-s02-truck-042-00001,loading,223.5,240.0,277332.1,79.7,True,True,20999.14,109951.07,False,False,False,94.2,24.1,[],1.0
32441e5f-6880-453e-b125-755c6a296de6,1.0,acme-mining,site-02,fleet_telemetry,ACME-S02-TRUCK-043,haul_truck,2026-09-01T16:18:01.854Z,1,-16.598412,-71.558146,208.1,0.1,Pit-A,cycle-acme-s02-truck-043-00001,loading,217.7,240.0,24249.56,35.7,True,True,8477.59,618164.28,False,False,False,86.3,24.6,[],1.0
d6adadf7-4d2d-42ab-8c7a-19ddb72d293f,1.0,acme-mining,site-02,fleet_telemetry,ACME-S02-TRUCK-044,haul_truck,2026-09-01T16:18:01.854Z,1,-16.630462,-71.599348,58.1,0.5,Pit-A,cycle-acme-s02-truck-044-00001,loading,217.3,240.0,185135.0,70.5,True,True,12967.14,353559.73,False,False,False,95.9,24.2,[],1.0
b6e17d6c-5fe8-4e59-8829-6c966e224f2a,1.0,acme-mining,site-02,fleet_telemetry,ACME-S02-TRUCK-045,haul_truck,2026-09-01T16:18:01.854Z,1,-16.557754,-71.583169,347.8,1.0,Pit-A,cycle-acme-s02-truck-045-00001,loading,222.9,240.0,61814.86,79.2,True,True,11776.2,595531.78,False,False,False,91.6,24.8,[],1.0
2c686039-c022-41d2-a67b-372c405684f0,1.0,acme-mining,site-02,fleet_telemetry,ACME-S02-TRUCK-046,haul_truck,2026-09-01T16:18:01.854Z,1,-16.556261,-71.457938,295.2,0.5,Pit-A,cycle-acme-s02-truck-046-00001,loading,225.2,240.0,42582.92,37.1,True,True,5043.78,105508.9,False,False,False,114.1,24.9,"[""ENG_OVERHEAT""]",0.72
5f4fe8f6-d975-428d-a38d-1aac3fa2621f,1.0,acme-mining,site-02,fleet_telemetry,ACME-S02-TRUCK-047,haul_truck,2026-09-01T16:18:01.854Z,1,-16.622407,-71.592299,309.3,1.3,Pit-A,cycle-acme-s02-truck-047-00001,loading,221.6,240.0,251998.76,45.3,True,True,14958.2,467010.51,False,False,False,87.2,24.3,[],1.0
29ea425d-2ce7-4ef1-bc12-b9992851193f,1.0,acme-mining,site-02,fleet_telemetry,ACME-S02-TRUCK-048,haul_truck,2026-09-01T16:18:01.854Z,1,-16.64818,-71.49104,205.6,0.6,Pit-A,cycle-acme-s02-truck-048-00001,loading,218.5,240.0,63399.5,39.1,True,True,17626.36,340516.12,False,False,False,86.6,25.2,[],1.0
659029b4-2319-4b50-8c1e-87c3a7856175,1.0,acme-mining,site-02,fleet_telemetry,ACME-S02-TRUCK-049,haul_truck,2026-09-01T16:18:01.854Z,1,-16.528921,-71.60698,283.7,0.8,Pit-A,cycle-acme-s02-truck-049-00001,loading,224.7,240.0,442525.28,34.1,True,True,12932.28,314465.68,False,False,False,92.0,24.8,[],1.0
9e744e3a-31c9-463b-a4a2-5fa7e68e8ee9,1.0,acme-mining,site-02,fleet_telemetry,ACME-S02-TRUCK-050,haul_truck,2026-09-01T16:18:01.854Z,1,-16.514819,-71.514726,224.3,0.6,Pit-A,cycle-acme-s02-truck-050-00001,loading,219.1,240.0,372269.36,30.2,True,True,11944.75,504573.67,False,False,False,91.8,25.1,[],1.0
8fb086dd-236f-4ebf-b675-53d15fc83cbc,1.0,acme-mining,site-02,fleet_telemetry,ACME-S02-TRUCK-051,haul_truck,2026-09-01T16:18:01.854Z,1,-16.641286,-71.462898,290.8,0.9,Pit-A,cycle-acme-s02-truck-051-00001,loading,224.8,240.0,353315.71,69.8,True,True,8103.71,573114.9,False,False,False,91.0,25.0,[],1.0
33acf735-61e7-4617-ac2b-3f0077055718,1.0,acme-mining,site-02,fleet_telemetry,ACME-S02-TRUCK-052,haul_truck,2026-09-01T16:18:01.854Z,1,-16.520842,-71.581425,167.3,0.3,Pit-A,cycle-acme-s02-truck-052-00001,loading,218.3,240.0,143814.82,36.3,True,True,18425.49,346404.34,False,False,False,87.2,24.9,[],1.0
9334b5cc-1b0f-4a60-b458-e0a2436206b0,1.0,acme-mining,site-02,fleet_telemetry,ACME-S02-TRUCK-053,haul_truck,2026-09-01T16:18:01.854Z,1,-16.582265,-71.597473,16.4,1.1,Pit-A,cycle-acme-s02-truck-053-00001,loading,223.4,240.0,120266.36,69.5,True,True,19772.43,552938.24,False,False,False,90.1,24.3,[],1.0
db2ba94f-98a6-4579-a65e-cb4d1502f35a,1.0,acme-mining,site-02,fleet_telemetry,ACME-S02-TRUCK-054,haul_truck,2026-09-01T16:18:01.854Z,1,-16.643008,-71.517583,91.6,1.2,Pit-A,cycle-acme-s02-truck-054-00001,loading,223.7,240.0,270395.74,65.6,True,True,2780.68,423822.08,False,False,False,92.9,23.9,[],1.0
99dfd7f3-77aa-4cbc-982f-aa340f393e3a,1.0,acme-mining,site-02,fleet_telemetry,ACME-S02-TRUCK-055,haul_truck,2026-09-01T16:18:01.854Z,1,-16.663126,-71.514867,119.9,0.5,Pit-A,cycle-acme-s02-truck-055-00001,loading,225.2,240.0,373103.98,27.0,True,True,18661.64,375079.36,False,False,False,87.1,24.4,[],1.0
f661204c-3f77-455c-9edd-caaa9bbef57b,1.0,acme-mining,site-02,fleet_telemetry,ACME-S02-TRUCK-056,haul_truck,2026-09-01T16:18:01.854Z,1,-16.570054,-71.571153,300.1,0.9,Pit-A,cycle-acme-s02-truck-056-00001,loading,226.0,240.0,291156.14,59.9,True,True,17059.53,282449.67,False,False,False,87.9,25.1,[],1.0
6a868298-846f-4a2e-80e1-dcfef4499883,1.0,acme-mining,site-02,fleet_telemetry,ACME-S02-TRUCK-057,haul_truck,2026-09-01T16:18:01.854Z,1,-16.560222,-71.592207,55.9,0.7,Pit-A,cycle-acme-s02-truck-057-00001,loading,216.4,240.0,188680.73,56.7,True,True,5991.41,528630.07,False,False,False,87.4,24.4,[],1.0
fdf273d8-f434-48b3-84ad-53a4f8e65d53,1.0,acme-mining,site-02,fleet_telemetry,ACME-S02-TRUCK-058,haul_truck,2026-09-01T16:18:01.854Z,1,-16.552928,-71.479776,333.9,1.3,Pit-A,cycle-acme-s02-truck-058-00001,loading,221.5,240.0,147536.32,75.3,True,True,5125.29,402195.97,False,False,False,94.1,23.9,[],1.0
2fffb6e2-b6d8-4196-97b7-8d2a387d18bb,1.0,acme-mining,site-02,fleet_telemetry,ACME-S02-TRUCK-059,haul_truck,2026-09-01T16:18:01.854Z,1,-16.650796,-71.545565,6.7,0.8,Pit-A,cycle-acme-s02-truck-059-00001,loading,224.1,240.0,56720.95,41.9,True,True,16926.1,344437.49,False,False,False,91.6,24.6,[],1.0
6230bd62-3364-4107-a302-59a6af7bf2fa,1.0,acme-mining,site-02,fleet_telemetry,ACME-S02-TRUCK-060,haul_truck,2026-09-01T16:18:01.854Z,1,-16.531951,-71.591948,53.7,0.5,Pit-A,cycle-acme-s02-truck-060-00001,loading,225.5,240.0,280766.09,42.4,True,True,6952.5,262014.4,False,False,False,86.7,25.0,[],1.0
9012b7bf-9274-4bb5-b7c8-f2443d8b7ca5,1.0,acme-mining,site-02,fleet_telemetry,ACME-S02-TRUCK-061,haul_truck,2026-09-01T16:18:01.854Z,1,-16.59571,-71.476848,218.0,0.5,Pit-A,cycle-acme-s02-truck-061-00001,loading,222.4,240.0,80110.68,94.7,True,True,16087.92,139595.48,False,False,False,87.7,24.1,[],1.0
10ff986f-375b-4c74-be47-3912682e875d,1.0,acme-mining,site-02,fleet_telemetry,ACME-S02-TRUCK-062,haul_truck,2026-09-01T16:18:01.854Z,1,-16.613937,-71.609414,255.5,0.2,Pit-A,cycle-acme-s02-truck-062-00001,loading,219.7,240.0,435342.14,40.1,True,True,20838.94,338430.01,False,False,False,94.6,24.2,[],1.0
c88fa5f5-53b9-4147-b959-f721fc5b10ae,1.0,acme-mining,site-02,fleet_telemetry,ACME-S02-TRUCK-063,haul_truck,2026-09-01T16:18:01.854Z,1,-16.628084,-71.558976,108.9,0.1,Pit-A,cycle-acme-s02-truck-063-00001,loading,220.5,240.0,57298.74,34.4,True,True,6857.87,25151.77,False,False,False,94.3,24.5,[],1.0
34cd11e3-8ffb-4cac-bd1b-54894c8f92a2,1.0,acme-mining,site-02,fleet_telemetry,ACME-S02-TRUCK-064,haul_truck,2026-09-01T16:18:01.854Z,1,-16.658635,-71.536819,33.3,0.3,Pit-A,cycle-acme-s02-truck-064-00001,loading,216.4,240.0,95648.35,63.7,True,True,9292.33,379277.44,False,False,False,88.0,24.5,[],1.0
a9fb98da-24f4-4c2e-9412-e2af1f1fa352,1.0,acme-mining,site-02,fleet_telemetry,ACME-S02-TRUCK-065,haul_truck,2026-09-01T16:18:01.854Z,1,-16.654931,-71.557788,174.0,1.2,Pit-A,cycle-acme-s02-truck-065-00001,loading,217.8,240.0,278859.0,34.0,True,True,18296.6,412642.2,False,False,False,89.4,25.0,[],1.0
b412e698-203c-4c91-bb22-9f73ccb979d6,1.0,acme-mining,site-02,fleet_telemetry,ACME-S02-TRUCK-066,haul_truck,2026-09-01T16:18:01.854Z,1,-16.590388,-71.610251,353.5,0.5,Pit-A,cycle-acme-s02-truck-066-00001,loading,225.2,240.0,97585.49,60.6,True,True,20705.71,495628.06,False,False,False,87.0,24.5,[],1.0
1f973356-29c1-40eb-80a3-a15d587f0fcb,1.0,acme-mining,site-02,fleet_telemetry,ACME-S02-TRUCK-067,haul_truck,2026-09-01T16:18:01.854Z,1,-16.648035,-71.468481,311.2,1.5,Pit-A,cycle-acme-s02-truck-067-00001,loading,216.4,240.0,75533.91,87.5,True,True,17844.08,347179.61,False,False,False,89.9,24.0,[],1.0
e0d6d914-7f48-4ce7-8985-de634c0777ae,1.0,acme-mining,site-02,fleet_telemetry,ACME-S02-TRUCK-068,haul_truck,2026-09-01T16:18:01.854Z,1,-16.537874,-71.532326,320.0,0.5,Pit-A,cycle-acme-s02-truck-068-00001,loading,226.2,240.0,141663.13,48.5,True,True,21801.06,485771.2,False,False,False,109.0,23.9,"[""ENG_OVERHEAT""]",0.72
1fc9d1a9-9f7f-4d45-bd1d-f21a080ca0dc,1.0,acme-mining,site-02,fleet_telemetry,ACME-S02-TRUCK-069,haul_truck,2026-09-01T16:18:01.854Z,1,-16.603754,-71.568272,229.9,1.1,Pit-A,cycle-acme-s02-truck-069-00001,loading,216.3,240.0,155745.44,32.7,True,True,10867.72,30481.28,False,False,False,93.6,24.1,[],1.0
5fbbcd5c-c436-4920-a7b6-0dbe1dc9c66a,1.0,acme-mining,site-02,fleet_telemetry,ACME-S02-TRUCK-070,haul_truck,2026-09-01T16:18:01.854Z,1,-16.577844,-71.581093,241.5,0.3,Pit-A,cycle-acme-s02-truck-070-00001,loading,222.4,240.0,298460.05,93.0,True,True,13454.49,187284.18,False,False,False,93.7,24.2,[],1.0
b2adb85f-a67d-4908-b030-2fe7e7187b2e,1.0,acme-mining,site-02,fleet_telemetry,ACME-S02-TRUCK-071,haul_truck,2026-09-01T16:18:01.854Z,1,-16.646756,-71.508584,36.8,0.2,Pit-A,cycle-acme-s02-truck-071-00001,loading,227.5,240.0,282683.77,83.9,True,True,4414.86,416285.9,False,False,False,91.6,24.6,[],1.0
af7f8c46-19d0-4aa8-80b2-59185df2c999,1.0,acme-mining,site-02,fleet_telemetry,ACME-S02-TRUCK-072,haul_truck,2026-09-01T16:18:01.854Z,1,-16.637777,-71.537209,206.6,0.8,Pit-A,cycle-acme-s02-truck-072-00001,loading,227.3,240.0,194263.35,53.9,True,True,4844.63,297854.3,False,False,False,94.0,24.0,[],1.0
8934dfc0-45bd-4d88-96f2-d0486692a523,1.0,acme-mining,site-02,fleet_telemetry,ACME-S02-TRUCK-073,haul_truck,2026-09-01T16:18:01.854Z,1,-16.637225,-71.565492,10.4,0.5,Pit-A,cycle-acme-s02-truck-073-00001,loading,222.5,240.0,37403.79,34.7,True,True,19303.74,483577.48,False,False,False,86.5,25.1,[],1.0
a8a3067e-0936-42c0-9bdf-3cf1d9cec002,1.0,acme-mining,site-02,fleet_telemetry,ACME-S02-TRUCK-074,haul_truck,2026-09-01T16:18:01.854Z,1,-16.582996,-71.509361,253.6,0.1,Pit-A,cycle-acme-s02-truck-074-00001,loading,217.0,240.0,212251.97,62.3,True,True,8788.69,622711.86,False,False,False,89.9,25.0,[],1.0
108dffa6-8d23-4dd0-a50c-45771e8f745f,1.0,acme-mining,site-02,fleet_telemetry,ACME-S02-TRUCK-075,haul_truck,2026-09-01T16:18:01.854Z,1,-16.634421,-71.461834,119.6,0.9,Pit-A,cycle-acme-s02-truck-075-00001,loading,221.4,240.0,118468.44,64.1,True,True,13733.62,141126.43,False,False,False,89.6,24.1,[],1.0
39e89e16-e928-4a65-bdcb-4f88fd92bf4e,1.0,acme-mining,site-02,fleet_telemetry,ACME-S02-TRUCK-076,haul_truck,2026-09-01T16:18:01.854Z,1,-16.580722,-71.467982,275.1,1.1,Pit-A,cycle-acme-s02-truck-076-00001,loading,216.9,240.0,225161.37,58.6,True,True,15743.9,454851.15,False,False,False,95.2,24.6,[],1.0
b9462a8c-c55a-423d-b771-af7559fb6129,1.0,acme-mining,site-02,fleet_telemetry,ACME-S02-TRUCK-077,haul_truck,2026-09-01T16:18:01.854Z,1,-16.53946,-71.464763,111.7,0.1,Pit-A,cycle-acme-s02-truck-077-00001,loading,224.4,240.0,177065.46,93.6,True,True,3383.73,446272.02,False,False,False,87.0,24.7,[],1.0
bbe66250-06ea-49a4-a144-6b18834abfa1,1.0,acme-mining,site-02,fleet_telemetry,ACME-S02-TRUCK-078,haul_truck,2026-09-01T16:18:01.854Z,1,-16.565444,-71.497926,322.4,1.1,Pit-A,cycle-acme-s02-truck-078-00001,loading,227.4,240.0,44772.97,89.7,True,True,1691.81,621847.64,False,False,False,87.4,24.2,[],1.0
fe395245-1bc5-4413-81a8-d51670231cb1,1.0,acme-mining,site-02,fleet_telemetry,ACME-S02-TRUCK-079,haul_truck,2026-09-01T16:18:01.854Z,1,-16.551857,-71.579215,309.8,0.5,Pit-A,cycle-acme-s02-truck-079-00001,loading,227.0,240.0,129513.46,32.6,True,True,6548.02,374071.35,False,False,False,89.3,24.3,[],1.0
0fb0ea5b-8b19-4e3a-ba99-627e6beffc0d,1.0,acme-mining,site-02,fleet_telemetry,ACME-S02-TRUCK-080,haul_truck,2026-09-01T16:18:01.854Z,1,-16.594815,-71.508509,304.4,0.7,Pit-A,cycle-acme-s02-truck-080-00001,loading,217.4,240.0,54087.12,48.1,True,True,5584.24,166687.03,False,False,False,90.8,24.2,[],1.0
089503e1-05ff-4256-ba37-aaa706a59d69,1.0,beta-minerals,north-site,fleet_telemetry,BETA-NORTH-TRUCK-001,haul_truck,2026-09-01T16:18:01.854Z,1,-16.562058,-71.591203,292.5,0.1,Pit-A,cycle-beta-north-truck-001-00001,loading,228.0,240.0,383639.22,70.4,True,True,17975.94,92503.72,False,False,False,88.6,24.0,[],1.0
6e12c728-6f6b-4f72-b2fc-bc69fa616959,1.0,beta-minerals,north-site,fleet_telemetry,BETA-NORTH-TRUCK-002,haul_truck,2026-09-01T16:18:01.854Z,1,-16.596471,-71.489859,232.3,0.1,Pit-A,cycle-beta-north-truck-002-00001,loading,218.4,240.0,155635.47,54.8,True,True,11739.07,367703.48,False,False,False,89.9,24.0,[],1.0
340227f6-3a75-4e1e-9fee-a86c4a34d3d0,1.0,beta-minerals,north-site,fleet_telemetry,BETA-NORTH-TRUCK-003,haul_truck,2026-09-01T16:18:01.854Z,1,-16.638828,-71.522747,158.9,0.8,Pit-A,cycle-beta-north-truck-003-00001,loading,223.4,240.0,22844.62,68.0,True,True,14378.15,292244.71,False,False,False,87.1,24.2,[],1.0
348225bc-9407-43b7-8241-200790ad2353,1.0,beta-minerals,north-site,fleet_telemetry,BETA-NORTH-TRUCK-004,haul_truck,2026-09-01T16:18:01.854Z,1,-16.65412,-71.477983,6.8,0.1,Pit-A,cycle-beta-north-truck-004-00001,loading,224.7,240.0,365841.13,29.4,True,True,5162.63,493965.06,False,False,False,93.8,24.5,[],1.0
cadfb591-40d7-49a5-afb3-c8316d3ee793,1.0,beta-minerals,north-site,fleet_telemetry,BETA-NORTH-TRUCK-005,haul_truck,2026-09-01T16:18:01.854Z,1,-16.515853,-71.567355,118.7,1.0,Pit-A,cycle-beta-north-truck-005-00001,loading,216.5,240.0,305108.65,59.3,True,True,4977.98,91791.63,False,False,False,107.4,24.3,"[""ENG_OVERHEAT""]",0.72
b91b6023-ed78-4272-95cb-c8e6bc1f1704,1.0,beta-minerals,north-site,fleet_telemetry,BETA-NORTH-TRUCK-006,haul_truck,2026-09-01T16:18:01.854Z,1,-16.540202,-71.504542,145.4,0.0,Pit-A,cycle-beta-north-truck-006-00001,loading,225.3,240.0,382027.85,68.2,True,True,13244.5,239192.52,False,False,False,90.8,24.8,[],1.0
92b143e1-011a-498d-a39f-a060caf43d32,1.0,beta-minerals,north-site,fleet_telemetry,BETA-NORTH-TRUCK-007,haul_truck,2026-09-01T16:18:01.854Z,1,-16.641113,-71.50655,248.1,1.2,Pit-A,cycle-beta-north-truck-007-00001,loading,218.7,240.0,61859.15,46.4,True,True,2596.74,104387.1,False,False,False,89.8,24.9,[],1.0
2fc70701-b0fe-42ab-b106-2831a9e158e5,1.0,beta-minerals,north-site,fleet_telemetry,BETA-NORTH-TRUCK-008,haul_truck,2026-09-01T16:18:01.854Z,1,-16.584419,-71.470434,109.0,0.2,Pit-A,cycle-beta-north-truck-008-00001,loading,227.9,240.0,196137.08,59.1,True,True,13444.23,382127.81,False,False,False,89.3,23.9,[],1.0
3a7a99b9-48e8-4df6-b95b-be21f38b5352,1.0,beta-minerals,north-site,fleet_telemetry,BETA-NORTH-TRUCK-009,haul_truck,2026-09-01T16:18:01.854Z,1,-16.59824,-71.608922,122.4,1.5,Pit-A,cycle-beta-north-truck-009-00001,loading,220.4,240.0,71730.49,47.0,True,True,12564.15,328474.48,False,False,False,94.5,25.0,[],1.0
fa412148-043d-4d7f-b07c-1c28b387d65b,1.0,beta-minerals,north-site,fleet_telemetry,BETA-NORTH-TRUCK-010,haul_truck,2026-09-01T16:18:01.854Z,1,-16.565909,-71.552039,348.2,1.1,Pit-A,cycle-beta-north-truck-010-00001,loading,218.4,240.0,178935.46,64.3,True,True,11073.71,142930.95,False,False,False,91.5,24.7,[],1.0
61ddf551-f3c7-449f-bc83-78efae338d5f,1.0,beta-minerals,north-site,fleet_telemetry,BETA-NORTH-TRUCK-011,haul_truck,2026-09-01T16:18:01.854Z,1,-16.623666,-71.573524,175.1,0.4,Pit-A,cycle-beta-north-truck-011-00001,loading,217.3,240.0,23578.73,78.3,True,True,11160.43,72082.49,False,False,False,92.9,25.0,[],1.0
e9c2883c-8472-4306-abd7-8d2599551289,1.0,beta-minerals,north-site,fleet_telemetry,BETA-NORTH-TRUCK-012,haul_truck,2026-09-01T16:18:01.854Z,1,-16.588671,-71.525866,358.6,0.7,Pit-A,cycle-beta-north-truck-012-00001,loading,216.4,240.0,349920.98,59.7,True,True,17351.69,376359.79,False,False,False,86.3,24.1,[],1.0
d9d30a2a-2902-4b68-96dd-e8fdf2fc3563,1.0,beta-minerals,north-site,fleet_telemetry,BETA-NORTH-TRUCK-013,haul_truck,2026-09-01T16:18:01.854Z,1,-16.555363,-71.530083,347.3,0.6,Pit-A,cycle-beta-north-truck-013-00001,loading,223.7,240.0,371948.83,27.9,True,True,18253.6,251122.92,False,False,False,91.0,24.9,[],1.0
073ac736-cf70-4681-8ed6-09aca7d82bff,1.0,beta-minerals,north-site,fleet_telemetry,BETA-NORTH-TRUCK-014,haul_truck,2026-09-01T16:18:01.854Z,1,-16.665243,-71.57545,145.9,1.4,Pit-A,cycle-beta-north-truck-014-00001,loading,220.1,240.0,118913.93,86.2,True,True,16402.96,431813.17,False,False,False,112.5,24.1,"[""ENG_OVERHEAT""]",0.72
f8733edf-1d8c-4d3b-9454-58d9ad78182c,1.0,beta-minerals,north-site,fleet_telemetry,BETA-NORTH-TRUCK-015,haul_truck,2026-09-01T16:18:01.854Z,1,-16.540688,-71.523432,193.1,1.0,Pit-A,cycle-beta-north-truck-015-00001,loading,227.3,240.0,351277.95,41.6,True,True,10108.28,646193.34,False,False,False,94.7,24.8,[],1.0
1fae326d-e80e-4319-abdb-ad38ae9c6285,1.0,beta-minerals,north-site,fleet_telemetry,BETA-NORTH-TRUCK-016,haul_truck,2026-09-01T16:18:01.854Z,1,-16.660903,-71.56137,6.9,0.3,Pit-A,cycle-beta-north-truck-016-00001,loading,224.8,240.0,100912.67,39.5,True,True,4318.81,107718.03,False,False,False,90.9,25.1,[],1.0
71eefe62-6445-41f3-a87d-85b02695be1a,1.0,beta-minerals,north-site,fleet_telemetry,BETA-NORTH-TRUCK-017,haul_truck,2026-09-01T16:18:01.854Z,1,-16.518016,-71.535194,227.7,0.9,Pit-A,cycle-beta-north-truck-017-00001,loading,223.8,240.0,138759.29,65.1,True,True,4369.6,636770.1,False,False,False,86.1,25.1,[],1.0
32ffee04-db01-4ada-847b-2339c748e7b5,1.0,beta-minerals,north-site,fleet_telemetry,BETA-NORTH-TRUCK-018,haul_truck,2026-09-01T16:18:01.854Z,1,-16.626028,-71.512557,23.0,1.2,Pit-A,cycle-beta-north-truck-018-00001,loading,223.3,240.0,191102.36,29.1,True,True,3674.49,492559.31,False,False,False,94.4,24.9,[],1.0
6c418ec1-4b0a-4c46-99c9-771d9a223bb1,1.0,beta-minerals,north-site,fleet_telemetry,BETA-NORTH-TRUCK-019,haul_truck,2026-09-01T16:18:01.854Z,1,-16.562202,-71.539187,72.9,0.2,Pit-A,cycle-beta-north-truck-019-00001,loading,223.4,240.0,374532.01,78.3,True,True,6093.16,468178.76,False,False,False,86.6,24.3,[],1.0
5ce33e52-b612-44a9-9900-4c89d91573ef,1.0,beta-minerals,north-site,fleet_telemetry,BETA-NORTH-TRUCK-020,haul_truck,2026-09-01T16:18:01.854Z,1,-16.547379,-71.553044,246.2,1.3,Pit-A,cycle-beta-north-truck-020-00001,loading,220.8,240.0,43227.18,80.6,True,True,14109.63,256358.57,False,False,False,87.2,24.6,[],1.0
d71eab31-8a36-4b48-aca8-f63a11b53780,1.0,beta-minerals,north-site,fleet_telemetry,BETA-NORTH-TRUCK-021,haul_truck,2026-09-01T16:18:01.854Z,1,-16.534853,-71.602597,62.4,0.5,Pit-A,cycle-beta-north-truck-021-00001,loading,218.6,240.0,266060.46,85.8,True,True,10439.55,327468.02,False,False,False,86.5,23.9,[],1.0
d305653f-bb5f-4770-9953-db243843c3f3,1.0,beta-minerals,north-site,fleet_telemetry,BETA-NORTH-TRUCK-022,haul_truck,2026-09-01T16:18:01.854Z,1,-16.538424,-71.538346,59.4,0.4,Pit-A,cycle-beta-north-truck-022-00001,loading,218.0,240.0,184995.0,92.8,True,True,18822.25,521277.09,False,False,False,89.7,24.1,[],1.0
e949de02-0c74-4b49-a8d7-a472411c9a78,1.0,beta-minerals,north-site,fleet_telemetry,BETA-NORTH-TRUCK-023,haul_truck,2026-09-01T16:18:01.854Z,1,-16.615402,-71.508292,135.4,0.9,Pit-A,cycle-beta-north-truck-023-00001,loading,225.5,240.0,259102.55,59.0,True,True,7960.41,384098.19,False,False,False,92.3,24.0,[],1.0
77c1ae2b-327b-4668-969b-e84d0874671f,1.0,beta-minerals,north-site,fleet_telemetry,BETA-NORTH-TRUCK-024,haul_truck,2026-09-01T16:18:01.854Z,1,-16.645123,-71.544457,254.4,1.3,Pit-A,cycle-beta-north-truck-024-00001,loading,216.1,240.0,17163.81,90.1,True,True,14075.01,547122.37,False,False,False,95.3,24.6,[],1.0
239d9ada-2ee9-458d-b0d2-0cf44cbe9e47,1.0,beta-minerals,north-site,fleet_telemetry,BETA-NORTH-TRUCK-025,haul_truck,2026-09-01T16:18:01.854Z,1,-16.644964,-71.468264,45.7,0.4,Pit-A,cycle-beta-north-truck-025-00001,loading,225.5,240.0,68041.78,70.5,True,True,5089.15,453812.89,False,False,False,90.8,24.0,[],1.0
40abca4b-8c39-473f-9524-7e8070609d11,1.0,beta-minerals,north-site,fleet_telemetry,BETA-NORTH-TRUCK-026,haul_truck,2026-09-01T16:18:01.854Z,1,-16.606985,-71.568619,248.9,0.4,Pit-A,cycle-beta-north-truck-026-00001,loading,218.9,240.0,407672.14,36.6,True,True,6108.25,254261.57,False,False,False,87.7,24.6,[],1.0
43caec00-37b2-4dc9-a460-c075baae5a8e,1.0,beta-minerals,north-site,fleet_telemetry,BETA-NORTH-TRUCK-027,haul_truck,2026-09-01T16:18:01.854Z,1,-16.65793,-71.522511,108.4,1.1,Pit-A,cycle-beta-north-truck-027-00001,loading,217.1,240.0,51880.84,39.9,True,True,9899.7,77455.49,False,False,False,94.3,24.4,[],1.0
a74c83b4-64f3-4e0c-acfd-6c7418e17a16,1.0,beta-minerals,north-site,fleet_telemetry,BETA-NORTH-TRUCK-028,haul_truck,2026-09-01T16:18:01.854Z,1,-16.60283,-71.596352,222.7,0.8,Pit-A,cycle-beta-north-truck-028-00001,loading,227.8,240.0,369527.99,94.2,True,True,996.88,458226.18,False,False,False,95.8,25.0,[],1.0
399eaece-0cc6-4940-b5c8-9282a0fee791,1.0,beta-minerals,north-site,fleet_telemetry,BETA-NORTH-TRUCK-029,haul_truck,2026-09-01T16:18:01.854Z,1,-16.622519,-71.556265,74.9,1.5,Pit-A,cycle-beta-north-truck-029-00001,loading,221.6,240.0,55408.69,50.7,True,True,2693.82,527752.81,False,False,False,92.3,23.9,[],1.0
a4af960d-a0e4-41bb-a1ca-852ba33f020e,1.0,beta-minerals,north-site,fleet_telemetry,BETA-NORTH-TRUCK-030,haul_truck,2026-09-01T16:18:01.854Z,1,-16.572749,-71.591241,179.1,0.2,Pit-A,cycle-beta-north-truck-030-00001,loading,226.1,240.0,40101.13,64.4,True,True,14401.42,446596.36,False,False,False,95.1,24.0,[],1.0
b4ec38cf-1555-4a59-965f-8d57b9efd0d7,1.0,beta-minerals,north-site,fleet_telemetry,BETA-NORTH-TRUCK-031,haul_truck,2026-09-01T16:18:01.854Z,1,-16.532806,-71.60363,90.5,1.4,Pit-A,cycle-beta-north-truck-031-00001,loading,220.4,240.0,191152.37,73.1,True,True,14115.3,115365.7,False,False,False,88.1,24.7,[],1.0
42d234f9-8b4f-4bd9-a242-5832565d983c,1.0,beta-minerals,north-site,fleet_telemetry,BETA-NORTH-TRUCK-032,haul_truck,2026-09-01T16:18:01.854Z,1,-16.648027,-71.573185,193.4,1.3,Pit-A,cycle-beta-north-truck-032-00001,loading,217.3,240.0,433829.45,47.0,True,True,13298.97,261940.1,False,False,False,86.5,24.0,[],1.0
4426e69b-a73e-4c64-bdc9-e78c9d9fd080,1.0,beta-minerals,north-site,fleet_telemetry,BETA-NORTH-TRUCK-033,haul_truck,2026-09-01T16:18:01.854Z,1,-16.666108,-71.481969,160.1,0.0,Pit-A,cycle-beta-north-truck-033-00001,loading,216.9,240.0,135365.18,90.9,True,True,13541.18,474343.17,False,False,False,88.4,24.6,[],1.0
c833082b-7d00-4eaa-8a38-0e644eb843f7,1.0,beta-minerals,north-site,fleet_telemetry,BETA-NORTH-TRUCK-034,haul_truck,2026-09-01T16:18:01.854Z,1,-16.661669,-71.473834,39.6,0.6,Pit-A,cycle-beta-north-truck-034-00001,loading,226.8,240.0,339051.22,45.7,True,True,11776.28,340999.22,False,False,False,88.3,24.1,[],1.0
c9a6b957-3d54-41c4-acb5-7d0704c58952,1.0,beta-minerals,north-site,fleet_telemetry,BETA-NORTH-TRUCK-035,haul_truck,2026-09-01T16:18:01.854Z,1,-16.528204,-71.615569,26.5,0.4,Pit-A,cycle-beta-north-truck-035-00001,loading,218.4,240.0,290756.24,30.0,True,True,8980.78,171881.51,False,False,False,94.9,24.6,[],1.0
d098572f-691e-48ad-a625-57f631035404,1.0,beta-minerals,north-site,fleet_telemetry,BETA-NORTH-TRUCK-036,haul_truck,2026-09-01T16:18:01.854Z,1,-16.561129,-71.495464,64.1,0.1,Pit-A,cycle-beta-north-truck-036-00001,loading,218.6,240.0,260087.39,50.6,True,True,3598.04,562312.82,False,False,False,92.1,24.3,[],1.0
cd2fb494-d449-4c73-840f-6c562d88dbd2,1.0,beta-minerals,north-site,fleet_telemetry,BETA-NORTH-TRUCK-037,haul_truck,2026-09-01T16:18:01.854Z,1,-16.660725,-71.491214,120.9,0.7,Pit-A,cycle-beta-north-truck-037-00001,loading,220.3,240.0,125361.54,27.8,True,True,1153.82,62545.52,False,False,False,88.7,23.8,[],1.0
f87ec6eb-24cb-463c-964c-7dfa112258d9,1.0,beta-minerals,north-site,fleet_telemetry,BETA-NORTH-TRUCK-038,haul_truck,2026-09-01T16:18:01.854Z,1,-16.584375,-71.593071,150.5,0.9,Pit-A,cycle-beta-north-truck-038-00001,loading,217.3,240.0,187002.08,69.8,True,True,17062.73,286852.4,False,False,False,90.7,24.9,[],1.0
804d0c5b-0545-465a-8122-fe7eafb7d860,1.0,beta-minerals,north-site,fleet_telemetry,BETA-NORTH-TRUCK-039,haul_truck,2026-09-01T16:18:01.854Z,1,-16.607883,-71.516013,342.9,0.3,Pit-A,cycle-beta-north-truck-039-00001,loading,217.9,240.0,365546.46,62.5,True,True,11639.66,148014.42,False,False,False,93.9,25.1,[],1.0
332a36aa-0efb-47d5-85b4-b93bb117708d,1.0,beta-minerals,north-site,fleet_telemetry,BETA-NORTH-TRUCK-040,haul_truck,2026-09-01T16:18:01.854Z,1,-16.631283,-71.46956,187.8,0.9,Pit-A,cycle-beta-north-truck-040-00001,loading,218.8,240.0,429508.33,41.7,True,True,7375.59,295616.21,False,False,False,90.1,25.0,[],1.0
e7dadd68-59bf-465f-be25-6e7cf6536c70,1.0,beta-minerals,north-site,fleet_telemetry,BETA-NORTH-TRUCK-041,haul_truck,2026-09-01T16:18:01.854Z,1,-16.557136,-71.50526,154.1,0.3,Pit-A,cycle-beta-north-truck-041-00001,loading,221.6,240.0,335889.62,33.4,True,True,7356.95,487266.91,False,False,False,86.1,25.0,[],1.0
978f606f-cc8f-449b-93f8-cbd89f89f88d,1.0,beta-minerals,north-site,fleet_telemetry,BETA-NORTH-TRUCK-042,haul_truck,2026-09-01T16:18:01.854Z,1,-16.650091,-71.49252,340.6,0.4,Pit-A,cycle-beta-north-truck-042-00001,loading,218.7,240.0,327136.85,36.7,True,True,11887.72,513281.87,False,False,False,95.3,25.1,[],1.0
380bae64-6c4f-48a5-b1f1-99f5f7d7f506,1.0,beta-minerals,north-site,fleet_telemetry,BETA-NORTH-TRUCK-043,haul_truck,2026-09-01T16:18:01.854Z,1,-16.66018,-71.503528,264.0,1.3,Pit-A,cycle-beta-north-truck-043-00001,loading,216.5,240.0,365127.47,44.0,True,True,17154.32,38494.44,False,False,False,95.9,24.5,[],1.0
1476d629-24b7-496d-ac0f-d78f14436063,1.0,beta-minerals,north-site,fleet_telemetry,BETA-NORTH-TRUCK-044,haul_truck,2026-09-01T16:18:01.854Z,1,-16.643699,-71.59233,35.3,0.6,Pit-A,cycle-beta-north-truck-044-00001,loading,225.7,240.0,34393.23,85.2,True,True,11318.33,341792.58,False,False,False,93.0,24.5,[],1.0
2681f843-9750-43bd-87a5-00e29bcccbb6,1.0,beta-minerals,north-site,fleet_telemetry,BETA-NORTH-TRUCK-045,haul_truck,2026-09-01T16:18:01.854Z,1,-16.53301,-71.615534,78.5,0.1,Pit-A,cycle-beta-north-truck-045-00001,loading,224.3,240.0,335943.2,25.2,True,True,15091.35,92660.17,False,False,False,90.1,24.3,[],1.0
67d81208-3a0e-4732-aa37-4b8fcf335563,1.0,beta-minerals,north-site,fleet_telemetry,BETA-NORTH-TRUCK-046,haul_truck,2026-09-01T16:18:01.854Z,1,-16.581942,-71.471268,58.2,0.4,Pit-A,cycle-beta-north-truck-046-00001,loading,216.2,240.0,419710.45,85.0,True,True,8919.17,114553.34,False,False,False,92.7,24.4,[],1.0
d07e785a-6ce6-4b3a-9f03-4ceebca72922,1.0,beta-minerals,north-site,fleet_telemetry,BETA-NORTH-TRUCK-047,haul_truck,2026-09-01T16:18:01.854Z,1,-16.53824,-71.526054,49.9,0.9,Pit-A,cycle-beta-north-truck-047-00001,loading,227.7,240.0,412976.12,47.4,True,True,5559.73,176405.81,False,False,False,90.6,24.8,[],1.0
0f7c2c1c-292a-482b-9b9e-a09d4c7de7c7,1.0,beta-minerals,north-site,fleet_telemetry,BETA-NORTH-TRUCK-048,haul_truck,2026-09-01T16:18:01.854Z,1,-16.659372,-71.543085,0.5,0.3,Pit-A,cycle-beta-north-truck-048-00001,loading,223.5,240.0,441822.12,91.8,True,True,4602.1,526732.95,False,False,False,93.0,24.7,[],1.0
eb655f4c-814d-4ac7-99fd-c735bdc95475,1.0,beta-minerals,north-site,fleet_telemetry,BETA-NORTH-TRUCK-049,haul_truck,2026-09-01T16:18:01.854Z,1,-16.580191,-71.568875,271.0,0.6,Pit-A,cycle-beta-north-truck-049-00001,loading,222.4,240.0,13506.46,39.0,True,True,7738.78,368447.58,False,False,False,89.0,24.8,[],1.0
89166c34-8bd9-4f39-ae3d-6d2fbf766bec,1.0,beta-minerals,north-site,fleet_telemetry,BETA-NORTH-TRUCK-050,haul_truck,2026-09-01T16:18:01.854Z,1,-16.553206,-71.530051,223.3,0.9,Pit-A,cycle-beta-north-truck-050-00001,loading,218.5,240.0,449026.35,79.3,True,True,8607.4,632270.38,False,False,False,92.8,24.3,[],1.0
1c96a952-ad17-49af-8180-5d7bfb209a27,1.0,beta-minerals,north-site,fleet_telemetry,BETA-NORTH-TRUCK-051,haul_truck,2026-09-01T16:18:01.854Z,1,-16.536068,-71.477148,18.6,1.4,Pit-A,cycle-beta-north-truck-051-00001,loading,226.9,240.0,112519.03,49.2,True,True,935.21,278322.75,False,False,False,89.6,24.3,[],1.0
f2954009-a577-43f1-831f-e6e00c6862ca,1.0,beta-minerals,north-site,fleet_telemetry,BETA-NORTH-TRUCK-052,haul_truck,2026-09-01T16:18:01.854Z,1,-16.637569,-71.460201,201.8,0.7,Pit-A,cycle-beta-north-truck-052-00001,loading,220.4,240.0,334756.39,46.5,True,True,16889.3,257053.14,False,False,False,112.3,24.9,"[""ENG_OVERHEAT""]",0.72
55c08a96-7f56-4cb5-aa04-72b1b5a931c2,1.0,beta-minerals,north-site,fleet_telemetry,BETA-NORTH-TRUCK-053,haul_truck,2026-09-01T16:18:01.854Z,1,-16.633364,-71.482219,265.4,0.2,Pit-A,cycle-beta-north-truck-053-00001,loading,222.5,240.0,133123.14,28.1,True,True,21418.26,109695.3,False,False,False,92.5,24.9,[],1.0
44495d6c-8ec8-47ba-969e-2a609aebf425,1.0,beta-minerals,north-site,fleet_telemetry,BETA-NORTH-TRUCK-054,haul_truck,2026-09-01T16:18:01.854Z,1,-16.568445,-71.554404,115.3,1.3,Pit-A,cycle-beta-north-truck-054-00001,loading,225.0,240.0,265539.1,60.4,True,True,10519.31,491176.62,False,False,False,93.6,25.1,[],1.0
94638101-207b-4381-af4d-16d7aa2786ba,1.0,beta-minerals,north-site,fleet_telemetry,BETA-NORTH-TRUCK-055,haul_truck,2026-09-01T16:18:01.854Z,1,-16.619999,-71.489369,162.8,0.8,Pit-A,cycle-beta-north-truck-055-00001,loading,216.7,240.0,114179.58,43.3,True,True,10021.64,627457.51,False,False,False,89.7,24.5,[],1.0
e101131b-0af5-4363-85e8-0aca9eac7e64,1.0,beta-minerals,north-site,fleet_telemetry,BETA-NORTH-TRUCK-056,haul_truck,2026-09-01T16:18:01.854Z,1,-16.54561,-71.523947,323.7,1.2,Pit-A,cycle-beta-north-truck-056-00001,loading,222.4,240.0,42862.49,39.2,True,True,7542.83,191332.2,False,False,False,94.3,24.4,[],1.0
ca10d1d6-4235-446a-a21f-b348de810731,1.0,beta-minerals,north-site,fleet_telemetry,BETA-NORTH-TRUCK-057,haul_truck,2026-09-01T16:18:01.854Z,1,-16.547146,-71.545193,317.8,0.6,Pit-A,cycle-beta-north-truck-057-00001,loading,224.3,240.0,63124.18,50.1,True,True,10330.82,217840.97,False,False,False,95.8,24.1,[],1.0
7f6053b9-c413-4e47-80bf-9cf5f744686a,1.0,beta-minerals,north-site,fleet_telemetry,BETA-NORTH-TRUCK-058,haul_truck,2026-09-01T16:18:01.854Z,1,-16.573872,-71.583097,344.9,1.3,Pit-A,cycle-beta-north-truck-058-00001,loading,220.7,240.0,143854.61,74.3,True,True,2716.92,528786.05,False,False,False,87.8,23.9,[],1.0
cbdd02c8-df70-4412-9dcc-c99d3c1f2e3a,1.0,beta-minerals,north-site,fleet_telemetry,BETA-NORTH-TRUCK-059,haul_truck,2026-09-01T16:18:01.854Z,1,-16.562051,-71.575873,73.5,0.2,Pit-A,cycle-beta-north-truck-059-00001,loading,217.8,240.0,166526.83,60.9,True,True,2733.71,176377.84,False,False,False,87.5,25.1,[],1.0
4695a152-7baa-49fe-9efa-cbd7a7e086c8,1.0,beta-minerals,north-site,fleet_telemetry,BETA-NORTH-TRUCK-060,haul_truck,2026-09-01T16:18:01.854Z,1,-16.655244,-71.601195,170.6,0.0,Pit-A,cycle-beta-north-truck-060-00001,loading,224.2,240.0,254619.67,63.5,True,True,20984.45,558398.82,False,False,False,95.3,24.4,[],1.0
8024a405-8e7b-4167-89c8-8a765cd74d1a,1.0,beta-minerals,north-site,fleet_telemetry,BETA-NORTH-TRUCK-061,haul_truck,2026-09-01T16:18:01.854Z,1,-16.538612,-71.557942,300.5,1.1,Pit-A,cycle-beta-north-truck-061-00001,loading,218.3,240.0,442329.6,34.1,True,True,1053.49,543134.57,False,False,False,113.2,24.5,"[""ENG_OVERHEAT""]",0.72
fa460c97-b208-4688-a2fd-0a56a187237e,1.0,beta-minerals,north-site,fleet_telemetry,BETA-NORTH-TRUCK-062,haul_truck,2026-09-01T16:18:01.854Z,1,-16.660084,-71.473101,175.0,0.5,Pit-A,cycle-beta-north-truck-062-00001,loading,223.9,240.0,367608.74,26.5,True,True,13145.27,183057.01,False,False,False,93.9,24.7,[],1.0
0e180ccf-7ccb-4978-bb19-3d700cba84c2,1.0,beta-minerals,north-site,fleet_telemetry,BETA-NORTH-TRUCK-063,haul_truck,2026-09-01T16:18:01.854Z,1,-16.519635,-71.609398,323.3,0.8,Pit-A,cycle-beta-north-truck-063-00001,loading,221.5,240.0,365910.39,33.6,True,True,2749.95,553783.52,False,False,False,91.7,24.2,[],1.0
5c982d67-78b7-4ff4-8191-43d96e02ccb9,1.0,beta-minerals,north-site,fleet_telemetry,BETA-NORTH-TRUCK-064,haul_truck,2026-09-01T16:18:01.854Z,1,-16.642751,-71.583145,304.3,1.2,Pit-A,cycle-beta-north-truck-064-00001,loading,220.5,240.0,22972.23,72.8,True,True,18219.73,268849.18,False,False,False,88.9,24.0,[],1.0
1be9a5b8-7ea7-4de5-aae0-71ceb100e2c6,1.0,beta-minerals,north-site,fleet_telemetry,BETA-NORTH-TRUCK-065,haul_truck,2026-09-01T16:18:01.854Z,1,-16.566835,-71.537677,192.7,0.4,Pit-A,cycle-beta-north-truck-065-00001,loading,223.4,240.0,280206.91,68.2,True,True,10255.44,113637.79,False,False,False,87.6,24.1,[],1.0
07a85ede-84bf-46a7-a5db-9ff419e0aaf2,1.0,beta-minerals,north-site,fleet_telemetry,BETA-NORTH-TRUCK-066,haul_truck,2026-09-01T16:18:01.854Z,1,-16.528856,-71.53337,58.0,0.3,Pit-A,cycle-beta-north-truck-066-00001,loading,226.9,240.0,70383.87,39.0,True,True,2092.76,196258.87,False,False,False,93.9,24.0,[],1.0
70fcdf4f-f49b-438a-98fd-d23893334e48,1.0,beta-minerals,north-site,fleet_telemetry,BETA-NORTH-TRUCK-067,haul_truck,2026-09-01T16:18:01.854Z,1,-16.583277,-71.539951,73.8,1.5,Pit-A,cycle-beta-north-truck-067-00001,loading,221.3,240.0,354042.96,50.1,True,True,17650.74,643324.28,False,False,False,89.7,24.8,[],1.0
f08c84f8-67c9-4462-b79c-f68a786b95f5,1.0,beta-minerals,north-site,fleet_telemetry,BETA-NORTH-TRUCK-068,haul_truck,2026-09-01T16:18:01.854Z,1,-16.665711,-71.48779,351.1,1.0,Pit-A,cycle-beta-north-truck-068-00001,loading,217.8,240.0,21467.73,66.8,True,True,7618.02,190374.48,False,False,False,90.5,24.5,[],1.0
f1919039-e396-4f12-9e5d-406e5271b536,1.0,beta-minerals,north-site,fleet_telemetry,BETA-NORTH-TRUCK-069,haul_truck,2026-09-01T16:18:01.854Z,1,-16.654379,-71.512402,333.9,0.2,Pit-A,cycle-beta-north-truck-069-00001,loading,227.2,240.0,449826.55,93.2,True,True,12023.97,503110.57,False,False,False,114.5,24.0,"[""ENG_OVERHEAT""]",0.72
d3fe4b9d-81c2-4dd8-88da-7b537c4eaed3,1.0,beta-minerals,north-site,fleet_telemetry,BETA-NORTH-TRUCK-070,haul_truck,2026-09-01T16:18:01.854Z,1,-16.608252,-71.467867,106.4,1.5,Pit-A,cycle-beta-north-truck-070-00001,loading,222.1,240.0,263304.55,93.8,True,True,16997.86,617115.56,False,False,False,92.5,25.1,[],1.0
4912854b-a8d0-4da9-a4ae-438867a88a88,1.0,beta-minerals,north-site,fleet_telemetry,BETA-NORTH-TRUCK-071,haul_truck,2026-09-01T16:18:01.854Z,1,-16.524163,-71.612987,287.8,1.5,Pit-A,cycle-beta-north-truck-071-00001,loading,227.9,240.0,364732.52,73.8,True,True,4533.33,393287.29,False,False,False,92.7,24.8,[],1.0
d313c412-0c55-4c7f-b716-06de12d25f49,1.0,beta-minerals,north-site,fleet_telemetry,BETA-NORTH-TRUCK-072,haul_truck,2026-09-01T16:18:01.854Z,1,-16.52934,-71.538744,14.4,1.4,Pit-A,cycle-beta-north-truck-072-00001,loading,217.3,240.0,92822.83,94.2,True,True,12748.46,374758.6,False,False,False,90.8,24.7,[],1.0
d80b2487-a18b-48a3-98ab-9eedffeedfc1,1.0,beta-minerals,north-site,fleet_telemetry,BETA-NORTH-TRUCK-073,haul_truck,2026-09-01T16:18:01.854Z,1,-16.593922,-71.564423,117.5,0.2,Pit-A,cycle-beta-north-truck-073-00001,loading,223.4,240.0,274731.65,26.4,True,True,1604.83,55385.83,False,False,False,109.2,24.7,"[""ENG_OVERHEAT""]",0.72
39f8bdcb-5736-4f68-bc17-b7652ddb96de,1.0,beta-minerals,north-site,fleet_telemetry,BETA-NORTH-TRUCK-074,haul_truck,2026-09-01T16:18:01.854Z,1,-16.660871,-71.593866,70.4,0.3,Pit-A,cycle-beta-north-truck-074-00001,loading,225.4,240.0,363066.78,85.8,True,True,8024.09,131799.72,False,False,False,93.7,23.9,[],1.0
36291c98-9155-49b6-a2b7-c3313065ba7a,1.0,beta-minerals,north-site,fleet_telemetry,BETA-NORTH-TRUCK-075,haul_truck,2026-09-01T16:18:01.854Z,1,-16.610625,-71.466792,142.0,1.3,Pit-A,cycle-beta-north-truck-075-00001,loading,227.5,240.0,388694.58,92.2,True,True,17216.57,553282.96,False,False,False,95.8,24.5,[],1.0
7823b3e2-1de5-4f8e-8cd8-6fc93969bb30,1.0,beta-minerals,north-site,fleet_telemetry,BETA-NORTH-TRUCK-076,haul_truck,2026-09-01T16:18:01.854Z,1,-16.600501,-71.515217,143.1,0.9,Pit-A,cycle-beta-north-truck-076-00001,loading,216.7,240.0,439378.71,76.3,True,True,7935.1,223240.02,False,False,False,92.7,24.8,[],1.0
c586e915-90b9-4670-8f33-8df946b3cf63,1.0,beta-minerals,north-site,fleet_telemetry,BETA-NORTH-TRUCK-077,haul_truck,2026-09-01T16:18:01.854Z,1,-16.544481,-71.581782,110.9,0.6,Pit-A,cycle-beta-north-truck-077-00001,loading,216.1,240.0,315166.59,90.0,True,True,4493.1,630308.03,False,False,False,89.4,24.4,[],1.0
dc47e759-9f3e-4504-878d-6b54e27fa096,1.0,beta-minerals,north-site,fleet_telemetry,BETA-NORTH-TRUCK-078,haul_truck,2026-09-01T16:18:01.854Z,1,-16.670112,-71.505179,149.6,0.8,Pit-A,cycle-beta-north-truck-078-00001,loading,226.7,240.0,139587.62,37.4,True,True,8821.74,482416.83,False,False,False,93.4,24.4,[],1.0
aaf26ac6-f1ab-4c4d-b5b9-c7b5352c3aad,1.0,beta-minerals,north-site,fleet_telemetry,BETA-NORTH-TRUCK-079,haul_truck,2026-09-01T16:18:01.854Z,1,-16.635057,-71.527012,149.1,0.2,Pit-A,cycle-beta-north-truck-079-00001,loading,226.8,240.0,415256.83,92.7,True,True,1486.52,399504.86,False,False,False,93.3,25.0,[],1.0
b86cc112-63e0-447b-a562-94f87e42f52f,1.0,beta-minerals,north-site,fleet_telemetry,BETA-NORTH-TRUCK-080,haul_truck,2026-09-01T16:18:01.854Z,1,-16.56861,-71.463407,189.1,0.9,Pit-A,cycle-beta-north-truck-080-00001,loading,219.6,240.0,162596.47,47.4,True,True,7820.77,69018.18,False,False,False,95.9,24.3,[],1.0
68d5b94e-e034-4b22-b071-97ea0fd8dfd4,1.0,acme-mining,site-01,fleet_telemetry,ACME-S01-TRUCK-001,haul_truck,2026-09-01T16:18:06.854Z,2,-16.552552,-71.509235,269.3,28.3,Pit-A,cycle-acme-s01-truck-001-00001,hauling,223.0,240.0,131013.04,40.6,True,False,14355.85,35756.82,False,False,False,89.9,24.1,[],1.0
2af75ffc-3415-4423-854b-2d3f45799e34,1.0,acme-mining,site-01,fleet_telemetry,ACME-S01-TRUCK-002,haul_truck,2026-09-01T16:18:06.854Z,2,-16.57409,-71.527682,212.2,31.6,Pit-A,cycle-acme-s01-truck-002-00001,hauling,221.3,240.0,51226.05,41.3,True,False,13318.44,40023.13,False,False,False,88.5,24.5,[],1.0
767b3a3b-3672-411d-ad90-181e4316242d,1.0,acme-mining,site-01,fleet_telemetry,ACME-S01-TRUCK-003,haul_truck,2026-09-01T16:18:06.854Z,2,-16.548998,-71.591958,316.5,30.7,Pit-A,cycle-acme-s01-truck-003-00001,hauling,224.2,240.0,132404.05,85.8,True,False,9693.82,303001.74,False,False,False,95.6,25.1,[],1.0
9f8d8c15-b661-416e-9bd6-fcfa317ef72e,1.0,acme-mining,site-01,fleet_telemetry,ACME-S01-TRUCK-004,haul_truck,2026-09-01T16:18:06.854Z,2,-16.654913,-71.48192,302.8,30.5,Pit-A,cycle-acme-s01-truck-004-00001,hauling,227.6,240.0,158101.74,31.5,True,False,4096.17,623044.28,False,False,False,92.1,24.7,[],1.0
843fe711-c701-40c6-9e51-3e041c3fc2b6,1.0,acme-mining,site-01,fleet_telemetry,ACME-S01-TRUCK-005,haul_truck,2026-09-01T16:18:06.854Z,2,-16.582062,-71.484806,345.0,40.9,Pit-A,cycle-acme-s01-truck-005-00001,hauling,222.6,240.0,438171.08,51.5,True,False,16270.32,357823.75,False,False,False,89.1,24.3,[],1.0
981efe17-71c5-4709-8154-73adfb475e09,1.0,acme-mining,site-01,fleet_telemetry,ACME-S01-TRUCK-006,haul_truck,2026-09-01T16:18:06.854Z,2,-16.624083,-71.604719,141.4,38.6,Pit-A,cycle-acme-s01-truck-006-00001,hauling,220.7,240.0,30162.87,40.9,True,False,13039.87,463880.31,False,False,False,95.1,25.2,[],1.0
9b47e6e4-0fc9-4159-a8f5-3c8f3e81c19c,1.0,acme-mining,site-01,fleet_telemetry,ACME-S01-TRUCK-007,haul_truck,2026-09-01T16:18:06.854Z,2,-16.613544,-71.510283,329.6,28.6,Pit-A,cycle-acme-s01-truck-007-00001,hauling,218.5,240.0,377008.73,36.4,True,False,8858.68,305648.53,False,False,False,94.9,24.7,[],1.0
7b9062c3-28ed-43cc-bbd9-07dd65811c20,1.0,acme-mining,site-01,fleet_telemetry,ACME-S01-TRUCK-008,haul_truck,2026-09-01T16:18:06.854Z,2,-16.609691,-71.459195,338.5,39.8,Pit-A,cycle-acme-s01-truck-008-00001,hauling,226.4,240.0,330815.93,36.4,True,False,13713.58,127817.41,False,False,False,94.2,24.5,[],1.0
fd29eb5d-8e37-41e1-a82a-8b5f5b7c0f11,1.0,acme-mining,site-01,fleet_telemetry,ACME-S01-TRUCK-009,haul_truck,2026-09-01T16:18:06.854Z,2,-16.538903,-71.488678,251.4,31.4,Pit-A,cycle-acme-s01-truck-009-00001,hauling,225.8,240.0,348058.12,28.9,True,False,5455.84,224298.17,False,False,False,94.2,24.5,[],1.0
1c67610e-553d-4cc3-9ccb-21c04fc4fe9d,1.0,acme-mining,site-01,fleet_telemetry,ACME-S01-TRUCK-010,haul_truck,2026-09-01T16:18:06.854Z,2,-16.565517,-71.554189,18.8,30.3,Pit-A,cycle-acme-s01-truck-010-00001,hauling,221.4,240.0,395601.9,47.0,True,False,5272.84,614033.16,False,False,False,86.3,24.7,[],1.0
1dfd3e27-21de-4c0b-ac49-17550bce3ad9,1.0,acme-mining,site-01,fleet_telemetry,ACME-S01-TRUCK-011,haul_truck,2026-09-01T16:18:06.854Z,2,-16.550892,-71.548955,29.6,35.3,Pit-A,cycle-acme-s01-truck-011-00001,hauling,223.5,240.0,337795.29,62.7,True,False,3828.88,107967.15,False,False,False,89.1,24.0,[],1.0
ca3ea987-7955-40d5-af6c-b9bd526e2bde,1.0,acme-mining,site-01,fleet_telemetry,ACME-S01-TRUCK-012,haul_truck,2026-09-01T16:18:06.854Z,2,-16.662848,-71.599946,285.3,33.3,Pit-A,cycle-acme-s01-truck-012-00001,hauling,226.2,240.0,234191.71,31.4,True,False,5449.6,648448.74,False,False,False,92.9,24.2,[],1.0
881a9b59-376b-41a4-8d5b-78543a10af1b,1.0,acme-mining,site-01,fleet_telemetry,ACME-S01-TRUCK-013,haul_truck,2026-09-01T16:18:06.854Z,2,-16.630183,-71.528976,71.5,32.6,Pit-A,cycle-acme-s01-truck-013-00001,hauling,225.9,240.0,272191.05,57.8,True,False,13443.87,262403.45,False,False,False,94.0,24.4,[],1.0
4fd5b967-3d56-4297-89f8-ed891101d16a,1.0,acme-mining,site-01,fleet_telemetry,ACME-S01-TRUCK-014,haul_truck,2026-09-01T16:18:06.854Z,2,-16.652534,-71.547922,332.2,27.3,Pit-A,cycle-acme-s01-truck-014-00001,hauling,218.7,240.0,127403.23,69.9,True,False,15252.26,358291.35,False,False,False,95.5,24.7,[],1.0
a2f80966-115a-4a9d-9481-bb0f6cf1f8af,1.0,acme-mining,site-01,fleet_telemetry,ACME-S01-TRUCK-015,haul_truck,2026-09-01T16:18:06.854Z,2,-16.570333,-71.482845,144.3,35.3,Pit-A,cycle-acme-s01-truck-015-00001,hauling,224.4,240.0,233380.08,32.4,True,False,21404.03,500036.23,False,False,False,87.7,24.4,[],1.0
afe1cc94-4d55-4c07-89af-3d65c7490703,1.0,acme-mining,site-01,fleet_telemetry,ACME-S01-TRUCK-016,haul_truck,2026-09-01T16:18:06.854Z,2,-16.585549,-71.617391,156.6,28.7,Pit-A,cycle-acme-s01-truck-016-00001,hauling,217.4,240.0,247326.91,79.5,True,False,4040.2,500381.85,False,False,False,93.2,25.1,[],1.0
dc00b0e1-e94c-492a-b62e-f2e0f30971f5,1.0,acme-mining,site-01,fleet_telemetry,ACME-S01-TRUCK-017,haul_truck,2026-09-01T16:18:06.854Z,2,-16.632103,-71.578952,281.5,32.2,Pit-A,cycle-acme-s01-truck-017-00001,hauling,218.3,240.0,443541.55,81.5,True,False,3171.6,248677.93,False,False,False,94.6,24.2,[],1.0
33ea1d1e-71c2-433a-a374-0291c42fe0cc,1.0,acme-mining,site-01,fleet_telemetry,ACME-S01-TRUCK-018,haul_truck,2026-09-01T16:18:06.854Z,2,-16.547852,-71.596953,243.7,32.9,Pit-A,cycle-acme-s01-truck-018-00001,hauling,227.9,240.0,40453.65,78.2,True,False,2615.86,326174.04,False,False,False,88.8,24.4,[],1.0
9b82a21d-a56d-4e77-8f32-56065090a8fa,1.0,acme-mining,site-01,fleet_telemetry,ACME-S01-TRUCK-019,haul_truck,2026-09-01T16:18:06.854Z,2,-16.521782,-71.496667,133.0,31.4,Pit-A,cycle-acme-s01-truck-019-00001,hauling,223.4,240.0,276901.47,92.5,True,False,4300.69,352434.53,False,False,False,95.1,24.8,[],1.0
ae945c6a-642c-4a24-8a94-c821f72d0aa6,1.0,acme-mining,site-01,fleet_telemetry,ACME-S01-TRUCK-020,haul_truck,2026-09-01T16:18:06.854Z,2,-16.598169,-71.577827,255.0,52.5,Pit-A,cycle-acme-s01-truck-020-00001,hauling,224.2,240.0,174305.16,88.0,True,False,9258.64,443162.86,False,False,True,93.1,24.8,[],1.0
9bd022bd-a45d-475c-882c-c8ee97476f80,1.0,acme-mining,site-01,fleet_telemetry,ACME-S01-TRUCK-021,haul_truck,2026-09-01T16:18:06.854Z,2,-16.569441,-71.580876,358.7,28.6,Pit-A,cycle-acme-s01-truck-021-00001,hauling,218.8,240.0,106895.79,30.0,True,False,13272.15,164972.32,False,False,False,95.1,25.1,[],1.0
6e000fdd-b2d2-47f6-b02e-a1e79b81e4fd,1.0,acme-mining,site-01,fleet_telemetry,ACME-S01-TRUCK-022,haul_truck,2026-09-01T16:18:06.854Z,2,-16.64922,-71.467836,108.9,41.4,Pit-A,cycle-acme-s01-truck-022-00001,hauling,219.0,240.0,304350.36,40.0,True,False,2302.18,169942.98,False,False,False,92.2,24.4,[],1.0
4833d1df-aa12-49fc-87ee-e31b34b6e71e,1.0,acme-mining,site-01,fleet_telemetry,ACME-S01-TRUCK-023,haul_truck,2026-09-01T16:18:06.854Z,2,-16.56496,-71.560809,334.8,30.7,Pit-A,cycle-acme-s01-truck-023-00001,hauling,219.1,240.0,189106.52,31.6,True,False,5951.54,317973.0,False,False,False,91.0,25.0,[],1.0
1cbf859f-3a44-4d41-bb00-2a0474212d75,1.0,acme-mining,site-01,fleet_telemetry,ACME-S01-TRUCK-024,haul_truck,2026-09-01T16:18:06.854Z,2,-16.61611,-71.479647,46.0,26.4,Pit-A,cycle-acme-s01-truck-024-00001,hauling,217.4,240.0,53304.0,53.2,True,False,15075.33,640024.12,False,False,False,86.4,25.0,[],1.0
fccb1e63-4546-4fd9-b56d-48981b992ab6,1.0,acme-mining,site-01,fleet_telemetry,ACME-S01-TRUCK-025,haul_truck,2026-09-01T16:18:06.854Z,2,-16.530465,-71.605447,274.1,39.0,Pit-A,cycle-acme-s01-truck-025-00001,hauling,226.5,240.0,90734.88,57.4,True,False,12169.26,108314.9,False,False,False,92.1,24.2,[],1.0
90e38531-f636-4ca3-86fd-f2e84bc015e2,1.0,acme-mining,site-01,fleet_telemetry,ACME-S01-TRUCK-026,haul_truck,2026-09-01T16:18:06.854Z,2,-16.655485,-71.49691,307.0,29.6,Pit-A,cycle-acme-s01-truck-026-00001,hauling,225.2,240.0,247858.83,26.0,True,False,2875.67,430851.32,False,False,False,87.5,24.7,[],1.0
6781b1fe-423a-4566-94e9-ee8372790094,1.0,acme-mining,site-01,fleet_telemetry,ACME-S01-TRUCK-027,haul_truck,2026-09-01T16:18:06.854Z,2,-16.609778,-71.459861,254.1,38.4,Pit-A,cycle-acme-s01-truck-027-00001,hauling,216.4,240.0,186457.87,29.1,True,False,11095.59,154660.85,False,False,False,88.6,24.4,[],1.0
0c760080-ceda-4569-a578-ad6cd57275d3,1.0,acme-mining,site-01,fleet_telemetry,ACME-S01-TRUCK-028,haul_truck,2026-09-01T16:18:06.854Z,2,-16.564519,-71.539638,177.4,41.9,Pit-A,cycle-acme-s01-truck-028-00001,hauling,224.5,240.0,331422.48,79.8,True,False,6847.29,458852.71,False,False,False,90.9,25.0,[],1.0
beaa7f04-9cbd-4250-83aa-36254d5a73a4,1.0,acme-mining,site-01,fleet_telemetry,ACME-S01-TRUCK-029,haul_truck,2026-09-01T16:18:06.854Z,2,-16.66127,-71.524017,183.1,39.6,Pit-A,cycle-acme-s01-truck-029-00001,hauling,218.2,240.0,248566.03,77.3,True,False,21336.64,384883.64,False,False,False,87.7,24.2,[],1.0
7e3b8f44-e3b4-496b-9ffb-097609336852,1.0,acme-mining,site-01,fleet_telemetry,ACME-S01-TRUCK-030,haul_truck,2026-09-01T16:18:06.854Z,2,-16.575191,-71.509447,149.9,40.0,Pit-A,cycle-acme-s01-truck-030-00001,hauling,222.3,240.0,45249.19,38.0,True,False,4137.58,625290.76,False,False,False,91.7,23.9,[],1.0
5c9e00e9-df56-46b4-928c-bc8e8f61144f,1.0,acme-mining,site-01,fleet_telemetry,ACME-S01-TRUCK-031,haul_truck,2026-09-01T16:18:06.854Z,2,-16.657267,-71.512339,141.9,37.8,Pit-A,cycle-acme-s01-truck-031-00001,hauling,224.2,240.0,264724.53,27.8,True,False,20761.84,378895.56,False,False,False,92.8,24.6,[],1.0
6aac0903-cbc8-40b9-b13a-7d22f7050502,1.0,acme-mining,site-01,fleet_telemetry,ACME-S01-TRUCK-032,haul_truck,2026-09-01T16:18:06.854Z,2,-16.607088,-71.510046,163.4,41.1,Pit-A,cycle-acme-s01-truck-032-00001,hauling,226.0,240.0,325124.53,41.7,True,False,20615.78,148683.35,False,False,False,92.6,25.1,[],1.0
ac013c66-9dc7-4c29-8e3c-e0b540a3e1cf,1.0,acme-mining,site-01,fleet_telemetry,ACME-S01-TRUCK-033,haul_truck,2026-09-01T16:18:06.854Z,2,-16.580315,-71.601485,264.3,61.7,Pit-A,cycle-acme-s01-truck-033-00001,hauling,219.9,240.0,14098.94,68.5,True,False,20495.19,609512.69,False,False,True,93.3,25.1,[],1.0
79537b5b-abf5-4ec9-a238-3abf518b6da6,1.0,acme-mining,site-01,fleet_telemetry,ACME-S01-TRUCK-034,haul_truck,2026-09-01T16:18:06.854Z,2,-16.611294,-71.592255,25.5,34.2,Pit-A,cycle-acme-s01-truck-034-00001,hauling,219.9,240.0,397580.38,86.5,True,False,6422.25,607953.46,False,False,False,86.6,25.1,[],1.0
1ac8bc9b-07fb-4b10-9630-0f69de639980,1.0,acme-mining,site-01,fleet_telemetry,ACME-S01-TRUCK-035,haul_truck,2026-09-01T16:18:06.854Z,2,-16.539676,-71.569581,306.8,30.9,Pit-A,cycle-acme-s01-truck-035-00001,hauling,226.4,240.0,297749.72,25.5,True,False,13767.57,641956.87,False,False,False,86.9,24.0,[],1.0
214831fd-62b7-42f1-a972-e0da3a392baa,1.0,acme-mining,site-01,fleet_telemetry,ACME-S01-TRUCK-036,haul_truck,2026-09-01T16:18:06.854Z,2,-16.625309,-71.583793,155.6,38.0,Pit-A,cycle-acme-s01-truck-036-00001,hauling,217.4,240.0,336663.48,35.9,True,False,6406.68,580519.06,False,False,False,90.9,24.9,[],1.0
a889531d-9ea0-4b77-bcd9-93a5df15241a,1.0,acme-mining,site-01,fleet_telemetry,ACME-S01-TRUCK-037,haul_truck,2026-09-01T16:18:06.854Z,2,-16.568929,-71.484798,176.2,29.6,Pit-A,cycle-acme-s01-truck-037-00001,hauling,226.0,240.0,409590.12,28.5,True,False,11514.67,178206.43,False,False,False,91.1,25.0,[],1.0
65478f2b-8b4f-45a2-83ce-dc9f74a6d0b8,1.0,acme-mining,site-01,fleet_telemetry,ACME-S01-TRUCK-038,haul_truck,2026-09-01T16:18:06.854Z,2,-16.582134,-71.54906,156.2,32.6,Pit-A,cycle-acme-s01-truck-038-00001,hauling,225.7,240.0,125260.46,76.9,True,False,17147.73,421381.47,False,False,False,92.1,24.4,[],1.0
235c0992-ef9c-42d4-a8a5-e64a7487c456,1.0,acme-mining,site-01,fleet_telemetry,ACME-S01-TRUCK-039,haul_truck,2026-09-01T16:18:06.854Z,2,-16.611327,-71.529107,178.3,24.7,Pit-A,cycle-acme-s01-truck-039-00001,hauling,224.2,240.0,75584.03,27.5,True,False,20835.08,455342.4,False,False,False,87.6,24.7,[],1.0
216e6d43-82b1-4a25-a5d1-467367a40667,1.0,acme-mining,site-01,fleet_telemetry,ACME-S01-TRUCK-040,haul_truck,2026-09-01T16:18:06.854Z,2,-16.526575,-71.583871,46.0,33.4,Pit-A,cycle-acme-s01-truck-040-00001,hauling,221.7,240.0,360293.96,85.2,True,False,7335.08,586358.39,False,False,False,87.5,25.1,[],1.0
a728a1e0-d829-4ff3-b6ca-23c7e991686f,1.0,acme-mining,site-01,fleet_telemetry,ACME-S01-TRUCK-041,haul_truck,2026-09-01T16:18:06.854Z,2,-16.550492,-71.469396,38.7,39.1,Pit-A,cycle-acme-s01-truck-041-00001,hauling,216.9,240.0,394873.74,93.2,True,False,8297.99,372726.67,False,False,False,86.5,24.4,[],1.0
707fe2b7-1cd3-44b5-b471-dfb16a39b79b,1.0,acme-mining,site-01,fleet_telemetry,ACME-S01-TRUCK-042,haul_truck,2026-09-01T16:18:06.854Z,2,-16.552547,-71.56436,181.2,25.7,Pit-A,cycle-acme-s01-truck-042-00001,hauling,219.1,240.0,397823.27,26.7,True,False,21495.57,530786.22,False,False,False,86.8,24.0,[],1.0
7579e693-4080-4c88-9df5-4e4cb50a441a,1.0,acme-mining,site-01,fleet_telemetry,ACME-S01-TRUCK-043,haul_truck,2026-09-01T16:18:06.854Z,2,-16.533038,-71.581915,107.1,35.9,Pit-A,cycle-acme-s01-truck-043-00001,hauling,217.0,240.0,57562.22,86.0,True,False,6456.28,516045.99,False,False,False,94.8,24.6,[],1.0
3b34c5fc-359f-4860-b5c3-4ee10bd03c3b,1.0,acme-mining,site-01,fleet_telemetry,ACME-S01-TRUCK-044,haul_truck,2026-09-01T16:18:06.854Z,2,-16.56479,-71.553755,67.4,32.2,Pit-A,cycle-acme-s01-truck-044-00001,hauling,227.6,240.0,393382.28,40.6,True,False,8212.76,536937.97,False,False,False,94.7,24.1,[],1.0
808f2604-122f-4794-b3b7-86b1e842b84a,1.0,acme-mining,site-01,fleet_telemetry,ACME-S01-TRUCK-045,haul_truck,2026-09-01T16:18:06.854Z,2,-16.513401,-71.531721,42.0,37.4,Pit-A,cycle-acme-s01-truck-045-00001,hauling,222.4,240.0,292252.11,53.0,True,False,21298.05,195848.8,False,False,False,86.1,24.0,[],1.0
f5b2cb26-001c-41f7-b040-e901a09723d5,1.0,acme-mining,site-01,fleet_telemetry,ACME-S01-TRUCK-046,haul_truck,2026-09-01T16:18:06.854Z,2,-16.664264,-71.52203,222.6,32.6,Pit-A,cycle-acme-s01-truck-046-00001,hauling,223.2,240.0,265459.62,93.8,True,False,19393.22,184565.62,False,False,False,90.9,25.2,[],1.0
f09a1c51-54de-4502-9092-9aa40ba7f4b1,1.0,acme-mining,site-01,fleet_telemetry,ACME-S01-TRUCK-047,haul_truck,2026-09-01T16:18:06.854Z,2,-16.63998,-71.610402,5.0,30.5,Pit-A,cycle-acme-s01-truck-047-00001,hauling,219.6,240.0,60884.29,88.0,True,False,10051.55,640068.63,False,False,False,87.3,24.0,[],1.0
ad63efcd-cd91-4f15-905d-bc7036614845,1.0,acme-mining,site-01,fleet_telemetry,ACME-S01-TRUCK-048,haul_truck,2026-09-01T16:18:06.854Z,2,-16.563085,-71.559236,156.8,24.3,Pit-A,cycle-acme-s01-truck-048-00001,hauling,223.8,240.0,326549.34,76.9,True,False,20422.2,359224.79,False,False,False,92.5,24.7,[],1.0
5ad20a18-17b0-4ba5-af81-915a3403b9ea,1.0,acme-mining,site-01,fleet_telemetry,ACME-S01-TRUCK-049,haul_truck,2026-09-01T16:18:06.854Z,2,-16.589268,-71.510799,59.8,38.2,Pit-A,cycle-acme-s01-truck-049-00001,hauling,221.7,240.0,64835.28,88.0,True,False,14010.9,437934.16,False,False,False,86.2,24.0,[],1.0
57219ad5-bc47-42ee-8713-61aeb93954e6,1.0,acme-mining,site-01,fleet_telemetry,ACME-S01-TRUCK-050,haul_truck,2026-09-01T16:18:06.854Z,2,-16.5507,-71.589641,204.9,36.6,Pit-A,cycle-acme-s01-truck-050-00001,hauling,223.0,240.0,302569.09,51.5,True,False,12553.55,140859.31,False,False,False,88.0,25.0,[],1.0
ca4364c6-7926-468d-87f4-8c961947be09,1.0,acme-mining,site-01,fleet_telemetry,ACME-S01-TRUCK-051,haul_truck,2026-09-01T16:18:06.854Z,2,-16.577594,-71.512728,214.4,57.9,Pit-A,cycle-acme-s01-truck-051-00001,hauling,226.2,240.0,136242.18,55.1,True,False,12416.27,20255.82,False,False,True,93.4,24.6,[],1.0
36aa3673-3a4b-4aac-aea6-bab752bedd41,1.0,acme-mining,site-01,fleet_telemetry,ACME-S01-TRUCK-052,haul_truck,2026-09-01T16:18:06.854Z,2,-16.552647,-71.51208,293.9,29.2,Pit-A,cycle-acme-s01-truck-052-00001,hauling,223.3,240.0,359243.72,92.2,True,False,15123.3,342039.66,False,False,False,92.8,24.5,[],1.0
8dad0c49-4896-416a-827e-40c8bef7e326,1.0,acme-mining,site-01,fleet_telemetry,ACME-S01-TRUCK-053,haul_truck,2026-09-01T16:18:06.854Z,2,-16.541353,-71.593931,150.1,36.9,Pit-A,cycle-acme-s01-truck-053-00001,hauling,216.8,240.0,113342.33,46.7,True,False,2779.81,619759.84,False,False,False,94.9,24.5,[],1.0
b5859dab-155d-46a9-a5e6-83f94d1a7846,1.0,acme-mining,site-01,fleet_telemetry,ACME-S01-TRUCK-054,haul_truck,2026-09-01T16:18:06.854Z,2,-16.578299,-71.502557,69.2,32.9,Pit-A,cycle-acme-s01-truck-054-00001,hauling,216.2,240.0,210383.26,87.0,True,False,13759.01,504148.33,False,False,False,88.9,24.3,[],1.0
717c5c01-cb4d-4e67-be00-383d3ac8f89e,1.0,acme-mining,site-01,fleet_telemetry,ACME-S01-TRUCK-055,haul_truck,2026-09-01T16:18:06.854Z,2,-16.547176,-71.600452,236.4,28.2,Pit-A,cycle-acme-s01-truck-055-00001,hauling,223.2,240.0,12439.86,77.6,True,False,5972.47,433316.59,False,False,False,94.4,24.0,[],1.0
a7d6b0ee-5033-422b-9581-498502f21fe2,1.0,acme-mining,site-01,fleet_telemetry,ACME-S01-TRUCK-056,haul_truck,2026-09-01T16:18:06.854Z,2,-16.523586,-71.598069,286.5,29.3,Pit-A,cycle-acme-s01-truck-056-00001,hauling,224.1,240.0,214402.09,64.0,True,False,17847.13,458424.46,False,False,False,93.3,24.9,[],1.0
3b659934-c4e7-4139-9a51-2872adff7ae6,1.0,acme-mining,site-01,fleet_telemetry,ACME-S01-TRUCK-057,haul_truck,2026-09-01T16:18:06.854Z,2,-16.527781,-71.519466,71.8,39.2,Pit-A,cycle-acme-s01-truck-057-00001,hauling,224.0,240.0,271999.16,91.5,True,False,14952.65,642372.3,False,False,False,87.3,24.6,[],1.0
3d62a05e-a247-4808-a180-614d62a4f42c,1.0,acme-mining,site-01,fleet_telemetry,ACME-S01-TRUCK-058,haul_truck,2026-09-01T16:18:06.854Z,2,-16.532541,-71.545497,6.5,25.8,Pit-A,cycle-acme-s01-truck-058-00001,hauling,218.5,240.0,206202.13,36.1,True,False,9846.91,591318.52,False,False,False,86.5,25.0,[],1.0
dcce4d7d-6cee-4d8c-aa66-47d8b346c0c4,1.0,acme-mining,site-01,fleet_telemetry,ACME-S01-TRUCK-059,haul_truck,2026-09-01T16:18:06.854Z,2,-16.65799,-71.571768,155.0,30.4,Pit-A,cycle-acme-s01-truck-059-00001,hauling,216.4,240.0,285769.45,44.2,True,False,17035.25,348418.92,False,False,False,86.6,24.7,[],1.0
47d83f02-35f4-45f0-b7f6-902c83e86d8b,1.0,acme-mining,site-01,fleet_telemetry,ACME-S01-TRUCK-060,haul_truck,2026-09-01T16:18:06.854Z,2,-16.645961,-71.583274,315.9,26.2,Pit-A,cycle-acme-s01-truck-060-00001,hauling,220.3,240.0,76365.63,51.8,True,False,19732.17,70763.96,False,False,False,86.5,24.2,[],1.0
f9cbb11c-ecdc-449b-b9a4-e6cea37a2854,1.0,acme-mining,site-01,fleet_telemetry,ACME-S01-TRUCK-061,haul_truck,2026-09-01T16:18:06.854Z,2,-16.525625,-71.524041,157.6,26.7,Pit-A,cycle-acme-s01-truck-061-00001,hauling,224.5,240.0,101007.27,54.4,True,False,12303.36,281937.81,False,False,False,95.3,24.4,[],1.0
b9af966c-9df1-4ca7-8806-2a6debdee546,1.0,acme-mining,site-01,fleet_telemetry,ACME-S01-TRUCK-062,haul_truck,2026-09-01T16:18:06.854Z,2,-16.533864,-71.464947,296.4,39.1,Pit-A,cycle-acme-s01-truck-062-00001,hauling,225.4,240.0,164774.01,77.7,True,False,8864.08,23714.59,False,False,False,95.5,23.9,[],1.0
ebb0542f-679d-4dc9-b286-b86aa239550d,1.0,acme-mining,site-01,fleet_telemetry,ACME-S01-TRUCK-063,haul_truck,2026-09-01T16:18:06.854Z,2,-16.592682,-71.555266,158.9,25.9,Pit-A,cycle-acme-s01-truck-063-00001,hauling,217.9,240.0,224821.11,44.1,True,False,17757.21,585621.18,False,False,False,88.9,24.5,[],1.0
65790de3-3f19-4797-8a04-4e7f45c46368,1.0,acme-mining,site-01,fleet_telemetry,ACME-S01-TRUCK-064,haul_truck,2026-09-01T16:18:06.854Z,2,-16.584934,-71.472398,158.0,37.2,Pit-A,cycle-acme-s01-truck-064-00001,hauling,217.7,240.0,414598.45,93.6,True,False,16152.65,549518.62,False,False,False,94.5,24.4,[],1.0
fee011c3-e2a4-462c-9715-97e9f7329266,1.0,acme-mining,site-01,fleet_telemetry,ACME-S01-TRUCK-065,haul_truck,2026-09-01T16:18:06.854Z,2,-16.628763,-71.56513,134.0,37.8,Pit-A,cycle-acme-s01-truck-065-00001,hauling,222.1,240.0,391414.74,37.7,True,False,2579.69,290026.1,False,False,False,86.9,24.9,[],1.0
8d50d142-e028-4caf-b1fd-00f4014a575d,1.0,acme-mining,site-01,fleet_telemetry,ACME-S01-TRUCK-066,haul_truck,2026-09-01T16:18:06.854Z,2,-16.63005,-71.604385,288.6,30.5,Pit-A,cycle-acme-s01-truck-066-00001,hauling,221.1,240.0,340884.46,83.2,True,False,16938.07,258849.56,False,False,False,88.3,24.4,[],1.0
11a247a8-c7a3-47ab-a129-ba9a4a368faf,1.0,acme-mining,site-01,fleet_telemetry,ACME-S01-TRUCK-067,haul_truck,2026-09-01T16:18:06.854Z,2,-16.51722,-71.611047,52.4,31.4,Pit-A,cycle-acme-s01-truck-067-00001,hauling,220.3,240.0,108657.89,29.8,True,False,1904.22,619709.45,False,False,False,86.3,23.8,[],1.0
9d388815-c303-42fa-9284-59a2d69ef239,1.0,acme-mining,site-01,fleet_telemetry,ACME-S01-TRUCK-068,haul_truck,2026-09-01T16:18:06.854Z,2,-16.563303,-71.527272,22.1,38.5,Pit-A,cycle-acme-s01-truck-068-00001,hauling,227.8,240.0,77048.37,33.8,True,False,5026.45,32839.47,False,False,False,87.6,24.9,[],1.0
ec3ba947-7fec-4ae1-8459-149065cd06ef,1.0,acme-mining,site-01,fleet_telemetry,ACME-S01-TRUCK-069,haul_truck,2026-09-01T16:18:06.854Z,2,-16.652059,-71.486429,237.7,35.9,Pit-A,cycle-acme-s01-truck-069-00001,hauling,223.6,240.0,277189.04,77.3,True,False,17058.24,125707.21,False,False,False,93.1,24.5,[],1.0
ff422053-9f9f-45d5-963e-8a17eed7e8e7,1.0,acme-mining,site-01,fleet_telemetry,ACME-S01-TRUCK-070,haul_truck,2026-09-01T16:18:06.854Z,2,-16.610344,-71.466863,327.2,29.3,Pit-A,cycle-acme-s01-truck-070-00001,hauling,219.7,240.0,263350.7,88.6,True,False,13068.12,605198.96,False,False,False,93.4,23.8,[],1.0
ae04e062-c711-4809-bc35-765783c4c0c6,1.0,acme-mining,site-01,fleet_telemetry,ACME-S01-TRUCK-071,haul_truck,2026-09-01T16:18:06.854Z,2,-16.534336,-71.521426,195.9,29.0,Pit-A,cycle-acme-s01-truck-071-00001,hauling,221.4,240.0,54836.72,79.1,True,False,15441.03,415162.75,False,False,False,88.1,24.9,[],1.0
e84485e6-81be-4780-821d-c13d32a4adc3,1.0,acme-mining,site-01,fleet_telemetry,ACME-S01-TRUCK-072,haul_truck,2026-09-01T16:18:06.854Z,2,-16.589431,-71.562892,108.5,35.7,Pit-A,cycle-acme-s01-truck-072-00001,hauling,220.9,240.0,198486.47,50.9,True,False,17391.87,238738.42,False,False,False,88.0,23.9,[],1.0
4f114755-e6f3-4f56-9ea7-621dbe6bb299,1.0,acme-mining,site-01,fleet_telemetry,ACME-S01-TRUCK-073,haul_truck,2026-09-01T16:18:06.854Z,2,-16.557221,-71.547837,33.4,30.0,Pit-A,cycle-acme-s01-truck-073-00001,hauling,227.9,240.0,289657.59,83.0,True,False,3037.43,625296.21,False,False,False,88.8,24.6,[],1.0
02bd8682-8d69-4856-b8dc-1f44ff32e273,1.0,acme-mining,site-01,fleet_telemetry,ACME-S01-TRUCK-074,haul_truck,2026-09-01T16:18:06.854Z,2,-16.538296,-71.522723,86.9,33.4,Pit-A,cycle-acme-s01-truck-074-00001,hauling,225.6,240.0,350842.38,57.5,True,False,13857.34,599359.17,False,False,False,91.9,24.9,[],1.0
329a1161-5a71-496d-85c0-3e1238a1f002,1.0,acme-mining,site-01,fleet_telemetry,ACME-S01-TRUCK-075,haul_truck,2026-09-01T16:18:06.854Z,2,-16.596062,-71.519865,127.6,37.1,Pit-A,cycle-acme-s01-truck-075-00001,hauling,220.5,240.0,397917.86,42.1,True,False,18411.5,74597.68,False,False,False,92.3,23.9,[],1.0
45c26e5f-9a8f-4a47-b37a-6d3ce8392a88,1.0,acme-mining,site-01,fleet_telemetry,ACME-S01-TRUCK-076,haul_truck,2026-09-01T16:18:06.854Z,2,-16.629072,-71.572745,289.9,35.7,Pit-A,cycle-acme-s01-truck-076-00001,hauling,221.4,240.0,224522.11,49.8,True,False,11279.3,224758.98,False,False,False,95.8,25.2,[],1.0
83a67efc-e93f-416f-ae9c-0b3d7cc9c341,1.0,acme-mining,site-01,fleet_telemetry,ACME-S01-TRUCK-077,haul_truck,2026-09-01T16:18:06.854Z,2,-16.605366,-71.52867,102.4,34.2,Pit-A,cycle-acme-s01-truck-077-00001,hauling,223.1,240.0,94064.97,41.9,True,False,12582.77,345475.22,False,False,False,89.5,24.9,[],1.0
7a781e03-6d7c-4edd-8efa-01cbae37a8c3,1.0,acme-mining,site-01,fleet_telemetry,ACME-S01-TRUCK-078,haul_truck,2026-09-01T16:18:06.854Z,2,-16.634936,-71.506813,209.6,36.9,Pit-A,cycle-acme-s01-truck-078-00001,hauling,219.0,240.0,358890.6,31.5,True,False,14493.14,329217.49,False,False,False,89.3,25.0,[],1.0
c1042aac-40e7-42cd-8c3a-47671800055e,1.0,acme-mining,site-01,fleet_telemetry,ACME-S01-TRUCK-079,haul_truck,2026-09-01T16:18:06.854Z,2,-16.582329,-71.561197,319.8,30.5,Pit-A,cycle-acme-s01-truck-079-00001,hauling,217.0,240.0,161253.4,94.8,True,False,8623.24,368688.01,False,False,False,86.6,24.5,[],1.0
68088933-c76f-49de-8b26-20e88ca0c164,1.0,acme-mining,site-01,fleet_telemetry,ACME-S01-TRUCK-080,haul_truck,2026-09-01T16:18:06.854Z,2,-16.584661,-71.495546,94.9,32.0,Pit-A,cycle-acme-s01-truck-080-00001,hauling,222.2,240.0,94737.23,33.4,True,False,6129.76,96013.25,False,False,False,89.9,24.5,[],1.0
383ec817-1764-4616-9248-860a67a12b60,1.0,acme-mining,site-02,fleet_telemetry,ACME-S02-TRUCK-001,haul_truck,2026-09-01T16:18:06.854Z,2,-16.53708,-71.488505,352.0,24.1,Pit-A,cycle-acme-s02-truck-001-00001,hauling,216.3,240.0,319615.5,60.0,True,False,4524.73,259530.73,False,False,False,93.4,24.4,[],1.0
039f9375-8f34-4cc4-be1f-e2ab1aef74af,1.0,acme-mining,site-02,fleet_telemetry,ACME-S02-TRUCK-002,haul_truck,2026-09-01T16:18:06.854Z,2,-16.601728,-71.5528,172.7,25.3,Pit-A,cycle-acme-s02-truck-002-00001,hauling,223.5,240.0,44259.69,46.9,True,False,10047.86,309645.21,False,False,False,87.0,24.9,[],1.0
b7699596-22f8-4106-9b27-d0c8f34eda55,1.0,acme-mining,site-02,fleet_telemetry,ACME-S02-TRUCK-003,haul_truck,2026-09-01T16:18:06.854Z,2,-16.571507,-71.484386,122.7,34.7,Pit-A,cycle-acme-s02-truck-003-00001,hauling,217.3,240.0,152898.14,81.1,True,False,3241.68,33139.68,False,False,False,88.4,23.9,[],1.0
dcf92ca8-4eef-4ce3-9b46-f89543e9870e,1.0,acme-mining,site-02,fleet_telemetry,ACME-S02-TRUCK-004,haul_truck,2026-09-01T16:18:06.854Z,2,-16.657799,-71.478205,225.1,30.0,Pit-A,cycle-acme-s02-truck-004-00001,hauling,223.4,240.0,201697.81,53.0,True,False,10058.29,86693.82,False,False,False,93.6,24.6,[],1.0
18fe6cd1-82e0-4206-a63a-73178df09d14,1.0,acme-mining,site-02,fleet_telemetry,ACME-S02-TRUCK-005,haul_truck,2026-09-01T16:18:06.854Z,2,-16.588826,-71.47256,45.9,25.5,Pit-A,cycle-acme-s02-truck-005-00001,hauling,226.2,240.0,234612.79,33.0,True,False,7861.06,125923.64,False,False,False,86.7,25.1,[],1.0
8a6695c7-414f-42f6-b10d-2277237a18ff,1.0,acme-mining,site-02,fleet_telemetry,ACME-S02-TRUCK-006,haul_truck,2026-09-01T16:18:06.854Z,2,-16.548761,-71.512636,106.1,32.0,Pit-A,cycle-acme-s02-truck-006-00001,hauling,224.1,240.0,96799.73,67.2,True,False,5808.9,112259.9,False,False,False,91.6,24.3,[],1.0
6be3d832-a4f2-421b-a3bf-6f0e61b72110,1.0,acme-mining,site-02,fleet_telemetry,ACME-S02-TRUCK-007,haul_truck,2026-09-01T16:18:06.854Z,2,-16.529283,-71.514617,138.2,25.7,Pit-A,cycle-acme-s02-truck-007-00001,hauling,223.9,240.0,264966.1,72.7,True,False,10635.81,375153.39,False,False,False,86.1,24.9,[],1.0
4e1483cd-e520-4393-87bb-3024a44a3500,1.0,acme-mining,site-02,fleet_telemetry,ACME-S02-TRUCK-008,haul_truck,2026-09-01T16:18:06.854Z,2,-16.599653,-71.569031,118.1,39.8,Pit-A,cycle-acme-s02-truck-008-00001,hauling,225.4,240.0,76421.4,29.8,True,False,19122.04,415147.02,False,False,False,90.5,24.1,[],1.0
c14e9013-db37-4a6c-9e17-f65ffa3b5d13,1.0,acme-mining,site-02,fleet_telemetry,ACME-S02-TRUCK-009,haul_truck,2026-09-01T16:18:06.854Z,2,-16.611419,-71.571556,229.4,25.8,Pit-A,cycle-acme-s02-truck-009-00001,hauling,218.3,240.0,213166.84,27.6,True,False,8261.18,66740.15,False,False,False,91.7,24.2,[],1.0
32c12a0a-ab6a-4293-abae-f4a6a9cf9449,1.0,acme-mining,site-02,fleet_telemetry,ACME-S02-TRUCK-010,haul_truck,2026-09-01T16:18:06.854Z,2,-16.543711,-71.47417,112.2,31.6,Pit-A,cycle-acme-s02-truck-010-00001,hauling,225.6,240.0,213593.27,63.8,True,False,13838.18,339452.77,False,False,False,86.6,24.4,[],1.0
3d538d82-5684-447e-a447-0a65bd391618,1.0,acme-mining,site-02,fleet_telemetry,ACME-S02-TRUCK-011,haul_truck,2026-09-01T16:18:06.854Z,2,-16.660508,-71.600924,111.1,41.3,Pit-A,cycle-acme-s02-truck-011-00001,hauling,225.3,240.0,219276.91,35.5,True,False,14618.96,222561.92,False,False,False,87.5,24.3,[],1.0
7ba324ee-dd89-4f1c-819d-ebab515f27d8,1.0,acme-mining,site-02,fleet_telemetry,ACME-S02-TRUCK-012,haul_truck,2026-09-01T16:18:06.854Z,2,-16.557173,-71.45896,309.0,57.5,Pit-A,cycle-acme-s02-truck-012-00001,hauling,222.1,240.0,294296.06,27.7,True,False,21626.58,73127.43,False,False,True,94.4,24.4,[],1.0
fb6ac567-a490-4474-8346-c24844be5f28,1.0,acme-mining,site-02,fleet_telemetry,ACME-S02-TRUCK-013,haul_truck,2026-09-01T16:18:06.854Z,2,-16.56176,-71.60911,250.1,27.5,Pit-A,cycle-acme-s02-truck-013-00001,hauling,220.1,240.0,180463.43,79.2,True,False,8514.64,598300.22,False,False,False,92.7,25.2,[],1.0
7db59291-fac2-4cb2-a328-628f0602b07b,1.0,acme-mining,site-02,fleet_telemetry,ACME-S02-TRUCK-014,haul_truck,2026-09-01T16:18:06.854Z,2,-16.554599,-71.512431,58.4,34.8,Pit-A,cycle-acme-s02-truck-014-00001,hauling,223.4,240.0,308487.05,44.9,True,False,2197.33,79538.8,False,False,False,90.2,24.4,[],1.0
efe99d93-964a-4837-a87f-3c30508d2286,1.0,acme-mining,site-02,fleet_telemetry,ACME-S02-TRUCK-015,haul_truck,2026-09-01T16:18:06.854Z,2,-16.515588,-71.505754,86.0,53.4,Pit-A,cycle-acme-s02-truck-015-00001,hauling,218.8,240.0,72228.63,49.5,True,False,7867.28,387125.97,False,False,True,92.2,24.8,[],1.0
39e8ac3e-99ce-4c89-9365-144f9d18a62a,1.0,acme-mining,site-02,fleet_telemetry,ACME-S02-TRUCK-016,haul_truck,2026-09-01T16:18:06.854Z,2,-16.617834,-71.597065,130.6,41.1,Pit-A,cycle-acme-s02-truck-016-00001,hauling,218.2,240.0,255925.85,70.0,True,False,15827.28,73373.04,False,False,False,95.9,23.9,[],1.0
73560993-86fa-4eb8-ab20-9b3be5d20c29,1.0,acme-mining,site-02,fleet_telemetry,ACME-S02-TRUCK-017,haul_truck,2026-09-01T16:18:06.854Z,2,-16.62099,-71.465325,15.8,24.5,Pit-A,cycle-acme-s02-truck-017-00001,hauling,223.0,240.0,233735.08,26.3,True,False,2781.21,442387.34,False,False,False,93.7,23.8,[],1.0
e36adb77-3ed6-49ec-bd16-bb5d297407e3,1.0,acme-mining,site-02,fleet_telemetry,ACME-S02-TRUCK-018,haul_truck,2026-09-01T16:18:06.854Z,2,-16.544285,-71.536261,64.3,27.6,Pit-A,cycle-acme-s02-truck-018-00001,hauling,220.1,240.0,78176.02,45.7,True,False,4870.51,649985.31,False,False,False,91.5,23.8,[],1.0
5ff7ccad-af1e-4f22-a860-dfd1d9346b22,1.0,acme-mining,site-02,fleet_telemetry,ACME-S02-TRUCK-019,haul_truck,2026-09-01T16:18:06.854Z,2,-16.610144,-71.591533,39.9,39.2,Pit-A,cycle-acme-s02-truck-019-00001,hauling,220.5,240.0,347175.49,34.2,True,False,1600.25,232161.61,False,False,False,93.9,25.1,[],1.0
5bb7bf98-79e3-4a11-998e-d1bb5ceeba6d,1.0,acme-mining,site-02,fleet_telemetry,ACME-S02-TRUCK-020,haul_truck,2026-09-01T16:18:06.854Z,2,-16.515253,-71.519798,359.1,29.5,Pit-A,cycle-acme-s02-truck-020-00001,hauling,227.3,240.0,170291.88,75.4,True,False,16089.08,47526.27,False,False,False,95.8,25.0,[],1.0
dbb35c8e-b559-4388-bce5-aa87411d2197,1.0,acme-mining,site-02,fleet_telemetry,ACME-S02-TRUCK-021,haul_truck,2026-09-01T16:18:06.854Z,2,-16.525778,-71.58644,136.1,39.8,Pit-A,cycle-acme-s02-truck-021-00001,hauling,225.5,240.0,434862.66,79.9,True,False,5760.87,170676.21,False,False,False,87.9,24.3,[],1.0
9a9ca0a2-c921-47a3-be59-e45ac3b02fd8,1.0,acme-mining,site-02,fleet_telemetry,ACME-S02-TRUCK-022,haul_truck,2026-09-01T16:18:06.854Z,2,-16.586017,-71.462915,192.7,34.8,Pit-A,cycle-acme-s02-truck-022-00001,hauling,223.4,240.0,133979.7,51.7,True,False,21670.13,310858.44,False,False,False,87.9,24.9,[],1.0
d2146f39-5cf1-4ed0-bb29-f01ecc95f98a,1.0,acme-mining,site-02,fleet_telemetry,ACME-S02-TRUCK-023,haul_truck,2026-09-01T16:18:06.854Z,2,-16.520901,-71.503661,318.8,29.9,Pit-A,cycle-acme-s02-truck-023-00001,hauling,226.2,240.0,221460.03,51.0,True,False,19307.64,52873.32,False,False,False,95.7,24.1,[],1.0
78cb204c-546e-4730-baa1-8618dcc71d2e,1.0,acme-mining,site-02,fleet_telemetry,ACME-S02-TRUCK-024,haul_truck,2026-09-01T16:18:06.854Z,2,-16.646818,-71.547522,232.2,25.5,Pit-A,cycle-acme-s02-truck-024-00001,hauling,222.1,240.0,130028.31,88.4,True,False,6843.34,500763.64,False,False,False,93.5,24.5,[],1.0
98fe6dc9-118d-4a4a-bfba-cea92c37cb82,1.0,acme-mining,site-02,fleet_telemetry,ACME-S02-TRUCK-025,haul_truck,2026-09-01T16:18:06.854Z,2,-16.606974,-71.557671,178.1,33.0,Pit-A,cycle-acme-s02-truck-025-00001,hauling,224.3,240.0,419407.79,54.0,True,False,18114.11,577316.8,False,False,False,93.2,24.2,[],1.0
72bc73ec-de6a-4ac6-b7f1-44033697c1c9,1.0,acme-mining,site-02,fleet_telemetry,ACME-S02-TRUCK-026,haul_truck,2026-09-01T16:18:06.854Z,2,-16.566403,-71.490898,310.7,31.2,Pit-A,cycle-acme-s02-truck-026-00001,hauling,218.6,240.0,419563.54,83.7,True,False,8748.15,37758.2,False,False,False,88.0,24.4,[],1.0
d855799a-b712-4849-ac9a-af1b9eae19ee,1.0,acme-mining,site-02,fleet_telemetry,ACME-S02-TRUCK-027,haul_truck,2026-09-01T16:18:06.854Z,2,-16.59534,-71.519027,48.3,29.5,Pit-A,cycle-acme-s02-truck-027-00001,hauling,220.5,240.0,375688.76,78.1,True,False,20248.8,317646.65,False,False,False,91.5,23.9,[],1.0
deae7abb-b7e8-4859-beff-ce49b6f3a18f,1.0,acme-mining,site-02,fleet_telemetry,ACME-S02-TRUCK-028,haul_truck,2026-09-01T16:18:06.854Z,2,-16.585953,-71.599711,168.3,32.0,Pit-A,cycle-acme-s02-truck-028-00001,hauling,223.5,240.0,251474.01,75.9,True,False,6225.59,546026.8,False,False,False,90.3,24.4,[],1.0
e2061d5f-69c5-4ba7-aa87-0a48623405c9,1.0,acme-mining,site-02,fleet_telemetry,ACME-S02-TRUCK-029,haul_truck,2026-09-01T16:18:06.854Z,2,-16.660356,-71.483643,129.2,38.5,Pit-A,cycle-acme-s02-truck-029-00001,hauling,218.8,240.0,291138.9,68.6,True,False,3383.19,170216.94,False,False,False,92.5,23.9,[],1.0
f3bec0bb-eb6e-4668-8c99-650f80a0a787,1.0,acme-mining,site-02,fleet_telemetry,ACME-S02-TRUCK-030,haul_truck,2026-09-01T16:18:06.854Z,2,-16.601716,-71.519119,25.7,39.2,Pit-A,cycle-acme-s02-truck-030-00001,hauling,227.1,240.0,116452.92,35.0,True,False,1148.43,344686.77,False,False,False,87.0,23.9,[],1.0
9424e502-8ba3-4bcc-a72a-589533397587,1.0,acme-mining,site-02,fleet_telemetry,ACME-S02-TRUCK-031,haul_truck,2026-09-01T16:18:06.854Z,2,-16.517862,-71.530455,98.8,27.6,Pit-A,cycle-acme-s02-truck-031-00001,hauling,225.8,240.0,240333.35,50.2,True,False,4771.06,440975.43,False,False,False,92.8,24.8,[],1.0
5499941e-7020-4017-b2c6-52af07693aa3,1.0,acme-mining,site-02,fleet_telemetry,ACME-S02-TRUCK-032,haul_truck,2026-09-01T16:18:06.854Z,2,-16.513424,-71.576906,107.8,42.0,Pit-A,cycle-acme-s02-truck-032-00001,hauling,226.9,240.0,216859.58,69.5,True,False,12548.02,265985.91,False,False,False,86.1,25.0,[],1.0
2512a013-3e07-4b26-a49c-29835541f92f,1.0,acme-mining,site-02,fleet_telemetry,ACME-S02-TRUCK-033,haul_truck,2026-09-01T16:18:06.854Z,2,-16.552774,-71.564294,184.5,38.1,Pit-A,cycle-acme-s02-truck-033-00001,hauling,223.9,240.0,286433.21,79.0,True,False,8109.82,481752.9,False,False,False,90.7,24.9,[],1.0
e4fcf3bc-9af9-4589-a3ad-86c5be511e93,1.0,acme-mining,site-02,fleet_telemetry,ACME-S02-TRUCK-034,haul_truck,2026-09-01T16:18:06.854Z,2,-16.51348,-71.540925,282.9,26.7,Pit-A,cycle-acme-s02-truck-034-00001,hauling,221.7,240.0,375368.95,72.9,True,False,7977.2,424961.28,False,False,False,91.2,24.9,[],1.0
fb60b2fb-f39a-4990-8013-dc2b7804707e,1.0,acme-mining,site-02,fleet_telemetry,ACME-S02-TRUCK-035,haul_truck,2026-09-01T16:18:06.854Z,2,-16.663379,-71.585592,251.2,37.0,Pit-A,cycle-acme-s02-truck-035-00001,hauling,218.3,240.0,211379.16,45.5,True,False,2137.73,509000.0,False,False,False,93.7,24.1,[],1.0
f9df761b-36ae-4872-99b8-706893907140,1.0,acme-mining,site-02,fleet_telemetry,ACME-S02-TRUCK-036,haul_truck,2026-09-01T16:18:06.854Z,2,-16.549878,-71.58692,3.5,32.1,Pit-A,cycle-acme-s02-truck-036-00001,hauling,217.5,240.0,248933.65,42.7,True,False,11726.13,643147.35,False,False,False,95.4,24.9,[],1.0
dd65526c-432e-4e31-b807-45ca72c4207c,1.0,acme-mining,site-02,fleet_telemetry,ACME-S02-TRUCK-037,haul_truck,2026-09-01T16:18:06.854Z,2,-16.528085,-71.498563,193.5,39.0,Pit-A,cycle-acme-s02-truck-037-00001,hauling,220.8,240.0,64769.15,50.7,True,False,19154.93,229112.61,False,False,False,93.8,24.3,[],1.0
f86ecde2-2b89-42f1-8d06-79c144d904c0,1.0,acme-mining,site-02,fleet_telemetry,ACME-S02-TRUCK-038,haul_truck,2026-09-01T16:18:06.854Z,2,-16.542817,-71.574839,226.7,24.4,Pit-A,cycle-acme-s02-truck-038-00001,hauling,227.4,240.0,314510.28,50.7,True,False,7987.58,137694.88,False,False,False,89.3,24.6,[],1.0
9e3fbb70-f711-4203-a692-fc4f75e01bb9,1.0,acme-mining,site-02,fleet_telemetry,ACME-S02-TRUCK-039,haul_truck,2026-09-01T16:18:06.854Z,2,-16.618987,-71.604701,67.8,34.9,Pit-A,cycle-acme-s02-truck-039-00001,hauling,220.7,240.0,371830.3,63.2,True,False,2473.26,399545.63,False,False,False,91.3,24.0,[],1.0
1b9998db-354f-4bd1-a369-da0ce3f40afe,1.0,acme-mining,site-02,fleet_telemetry,ACME-S02-TRUCK-040,haul_truck,2026-09-01T16:18:06.854Z,2,-16.598843,-71.501226,11.5,34.3,Pit-A,cycle-acme-s02-truck-040-00001,hauling,217.3,240.0,83323.84,56.1,True,False,10253.42,472127.68,False,False,False,91.5,24.8,[],1.0
c525b969-c11d-4407-9fbc-68ef757a4758,1.0,acme-mining,site-02,fleet_telemetry,ACME-S02-TRUCK-041,haul_truck,2026-09-01T16:18:06.854Z,2,-16.568415,-71.559352,237.4,32.8,Pit-A,cycle-acme-s02-truck-041-00001,hauling,219.4,240.0,427078.07,30.2,True,False,6620.58,637417.23,False,False,False,88.3,23.9,[],1.0
3f39158f-aa68-4e92-aa23-cd996689f278,1.0,acme-mining,site-02,fleet_telemetry,ACME-S02-TRUCK-042,haul_truck,2026-09-01T16:18:06.854Z,2,-16.664845,-71.606728,39.9,25.0,Pit-A,cycle-acme-s02-truck-042-00001,hauling,220.9,240.0,277332.22,79.7,True,False,20999.14,109951.1,False,False,False,87.6,24.6,[],1.0
31c47a06-57a8-4c0d-80c0-7641c99325d6,1.0,acme-mining,site-02,fleet_telemetry,ACME-S02-TRUCK-043,haul_truck,2026-09-01T16:18:06.854Z,2,-16.598394,-71.558131,155.5,32.6,Pit-A,cycle-acme-s02-truck-043-00001,hauling,217.6,240.0,24249.68,35.7,True,False,8477.6,618164.33,False,False,False,88.1,24.8,[],1.0
0089935d-bb2a-4861-99a8-6e969838e5ad,1.0,acme-mining,site-02,fleet_telemetry,ACME-S02-TRUCK-044,haul_truck,2026-09-01T16:18:06.854Z,2,-16.630445,-71.599345,99.1,32.5,Pit-A,cycle-acme-s02-truck-044-00001,hauling,222.0,240.0,185135.12,70.5,True,False,12967.14,353559.77,False,False,False,92.8,23.8,[],1.0
61d98286-a7a8-4a7a-b688-a3021e7bb3e0,1.0,acme-mining,site-02,fleet_telemetry,ACME-S02-TRUCK-045,haul_truck,2026-09-01T16:18:06.854Z,2,-16.557758,-71.583156,316.4,26.6,Pit-A,cycle-acme-s02-truck-045-00001,hauling,222.3,240.0,61814.98,79.2,True,False,11776.2,595531.82,False,False,False,95.1,24.4,[],1.0
cc8fb3f6-34c9-425b-ba1a-c61e254fcdac,1.0,acme-mining,site-02,fleet_telemetry,ACME-S02-TRUCK-046,haul_truck,2026-09-01T16:18:06.854Z,2,-16.556269,-71.457923,256.1,34.4,Pit-A,cycle-acme-s02-truck-046-00001,hauling,221.5,240.0,42583.04,37.1,True,False,5043.78,105508.95,False,False,False,93.0,24.2,[],1.0
b25b1824-c6e2-4ce2-a24f-fbbd40ee8e05,1.0,acme-mining,site-02,fleet_telemetry,ACME-S02-TRUCK-047,haul_truck,2026-09-01T16:18:06.854Z,2,-16.62242,-71.592309,164.8,35.0,Pit-A,cycle-acme-s02-truck-047-00001,hauling,226.8,240.0,251998.89,45.3,True,False,14958.21,467010.56,False,False,False,93.3,25.1,[],1.0
eb2b0778-acbd-41ef-8291-b07827e4867b,1.0,acme-mining,site-02,fleet_telemetry,ACME-S02-TRUCK-048,haul_truck,2026-09-01T16:18:06.854Z,2,-16.648184,-71.491022,98.5,27.3,Pit-A,cycle-acme-s02-truck-048-00001,hauling,218.9,240.0,63399.62,39.1,True,False,17626.37,340516.16,False,False,False,94.7,24.7,[],1.0
30adcc30-f570-4390-8c14-a7b4021a015d,1.0,acme-mining,site-02,fleet_telemetry,ACME-S02-TRUCK-049,haul_truck,2026-09-01T16:18:06.854Z,2,-16.528913,-71.606971,357.2,29.3,Pit-A,cycle-acme-s02-truck-049-00001,hauling,218.6,240.0,442525.4,34.1,True,False,12932.28,314465.72,False,False,False,90.9,24.6,[],1.0
20416a27-672e-4f8c-837f-4ed38388d7e0,1.0,acme-mining,site-02,fleet_telemetry,ACME-S02-TRUCK-050,haul_truck,2026-09-01T16:18:06.854Z,2,-16.514835,-71.514715,91.0,41.9,Pit-A,cycle-acme-s02-truck-050-00001,hauling,219.9,240.0,372269.48,30.2,True,False,11944.75,504573.73,False,False,False,90.5,24.5,[],1.0
59b4a91d-ed00-490d-b952-935b0bf2fd98,1.0,acme-mining,site-02,fleet_telemetry,ACME-S02-TRUCK-051,haul_truck,2026-09-01T16:18:06.854Z,2,-16.641278,-71.462888,308.0,32.3,Pit-A,cycle-acme-s02-truck-051-00001,hauling,220.6,240.0,353315.83,69.8,True,False,8103.72,573114.94,False,False,False,93.5,24.4,[],1.0
cb94e2a8-3618-4677-a171-c9d2ebfdb102,1.0,acme-mining,site-02,fleet_telemetry,ACME-S02-TRUCK-052,haul_truck,2026-09-01T16:18:06.854Z,2,-16.520825,-71.581432,24.6,24.2,Pit-A,cycle-acme-s02-truck-052-00001,hauling,225.0,240.0,143814.94,36.3,True,False,18425.49,346404.38,False,False,False,90.8,24.6,[],1.0
e5230eb9-98ad-42c5-9e62-94a0850a8c47,1.0,acme-mining,site-02,fleet_telemetry,ACME-S02-TRUCK-053,haul_truck,2026-09-01T16:18:06.854Z,2,-16.58228,-71.59746,6.5,28.4,Pit-A,cycle-acme-s02-truck-053-00001,hauling,226.1,240.0,120266.48,69.4,True,False,19772.43,552938.28,False,False,False,87.7,23.9,[],1.0
b56fe5e5-12ed-4aec-a2e5-a817d3f9e942,1.0,acme-mining,site-02,fleet_telemetry,ACME-S02-TRUCK-054,haul_truck,2026-09-01T16:18:06.854Z,2,-16.643012,-71.5176,55.2,29.3,Pit-A,cycle-acme-s02-truck-054-00001,hauling,225.2,240.0,270395.86,65.6,True,False,2780.69,423822.12,False,False,False,92.8,24.3,[],1.0
b5eea064-983d-4dbf-9f3d-042652eaa8b4,1.0,acme-mining,site-02,fleet_telemetry,ACME-S02-TRUCK-055,haul_truck,2026-09-01T16:18:06.854Z,2,-16.663137,-71.51486,230.7,58.4,Pit-A,cycle-acme-s02-truck-055-00001,hauling,226.0,240.0,373104.1,27.0,True,False,18661.64,375079.44,False,False,True,94.1,24.8,[],1.0
4c55237b-c8e0-4679-84c6-f2201ff29e1c,1.0,acme-mining,site-02,fleet_telemetry,ACME-S02-TRUCK-056,haul_truck,2026-09-01T16:18:06.854Z,2,-16.570061,-71.57117,276.1,40.1,Pit-A,cycle-acme-s02-truck-056-00001,hauling,216.1,240.0,291156.27,59.9,True,False,17059.53,282449.73,False,False,False,93.7,25.1,[],1.0
4453f4ca-933c-46c9-9f26-2bb4529852ad,1.0,acme-mining,site-02,fleet_telemetry,ACME-S02-TRUCK-057,haul_truck,2026-09-01T16:18:06.854Z,2,-16.560238,-71.59221,69.2,30.7,Pit-A,cycle-acme-s02-truck-057-00001,hauling,227.9,240.0,188680.85,56.7,True,False,5991.41,528630.11,False,False,False,89.4,24.7,[],1.0
2ee3774d-ebaa-4ee1-affa-6653aeb967ee,1.0,acme-mining,site-02,fleet_telemetry,ACME-S02-TRUCK-058,haul_truck,2026-09-01T16:18:06.854Z,2,-16.552916,-71.479762,149.6,28.0,Pit-A,cycle-acme-s02-truck-058-00001,hauling,218.0,240.0,147536.44,75.3,True,False,5125.29,402196.01,False,False,False,87.7,24.0,[],1.0
1e77e7f2-8fb4-4134-ab94-c5129d68ed05,1.0,acme-mining,site-02,fleet_telemetry,ACME-S02-TRUCK-059,haul_truck,2026-09-01T16:18:06.854Z,2,-16.650809,-71.545576,43.5,29.9,Pit-A,cycle-acme-s02-truck-059-00001,hauling,222.5,240.0,56721.07,41.9,True,False,16926.1,344437.53,False,False,False,95.4,24.1,[],1.0
4f2d0525-306c-45eb-9210-48d9d7394b82,1.0,acme-mining,site-02,fleet_telemetry,ACME-S02-TRUCK-060,haul_truck,2026-09-01T16:18:06.854Z,2,-16.531955,-71.591955,23.8,30.4,Pit-A,cycle-acme-s02-truck-060-00001,hauling,220.7,240.0,280766.22,42.4,True,False,6952.5,262014.44,False,False,False,90.6,24.9,[],1.0
fdaf359f-37be-4403-b733-3cfbaaba0a64,1.0,acme-mining,site-02,fleet_telemetry,ACME-S02-TRUCK-061,haul_truck,2026-09-01T16:18:06.854Z,2,-16.595727,-71.476859,353.8,35.7,Pit-A,cycle-acme-s02-truck-061-00001,hauling,219.6,240.0,80110.8,94.7,True,False,16087.93,139595.53,False,False,False,92.0,23.9,[],1.0
fe7cfb0c-1ee4-4bbe-aea3-edcd8dde707c,1.0,acme-mining,site-02,fleet_telemetry,ACME-S02-TRUCK-062,haul_truck,2026-09-01T16:18:06.854Z,2,-16.613923,-71.609427,353.2,33.7,Pit-A,cycle-acme-s02-truck-062-00001,hauling,227.5,240.0,435342.26,40.0,True,False,20838.94,338430.06,False,False,False,92.0,24.8,[],1.0
33db48e5-f58a-4bd4-b5d0-b122d12b9c6f,1.0,acme-mining,site-02,fleet_telemetry,ACME-S02-TRUCK-063,haul_truck,2026-09-01T16:18:06.854Z,2,-16.628077,-71.558982,114.4,36.2,Pit-A,cycle-acme-s02-truck-063-00001,hauling,223.6,240.0,57298.86,34.4,True,False,6857.87,25151.82,False,False,False,94.8,25.0,[],1.0
174ac698-8041-4ac8-b726-24d2fe11c6d9,1.0,acme-mining,site-02,fleet_telemetry,ACME-S02-TRUCK-064,haul_truck,2026-09-01T16:18:06.854Z,2,-16.658631,-71.536816,83.6,32.7,Pit-A,cycle-acme-s02-truck-064-00001,hauling,220.6,240.0,95648.47,63.7,True,False,9292.33,379277.48,False,False,False,92.4,24.6,[],1.0
509ba312-b469-45b0-9630-cea81745497b,1.0,acme-mining,site-02,fleet_telemetry,ACME-S02-TRUCK-065,haul_truck,2026-09-01T16:18:06.854Z,2,-16.654926,-71.557772,272.5,41.8,Pit-A,cycle-acme-s02-truck-065-00001,hauling,219.7,240.0,278859.12,34.0,True,False,18296.6,412642.25,False,False,False,93.4,24.7,[],1.0
2e3c5cce-7301-47af-b1e9-c546bd7cd2fe,1.0,acme-mining,site-02,fleet_telemetry,ACME-S02-TRUCK-066,haul_truck,2026-09-01T16:18:06.854Z,2,-16.590396,-71.610265,332.3,25.1,Pit-A,cycle-acme-s02-truck-066-00001,hauling,218.5,240.0,97585.61,60.6,True,False,20705.71,495628.09,False,False,False,86.4,24.6,[],1.0
eae2d6a4-ecb2-416d-bb37-69c31a3d1102,1.0,acme-mining,site-02,fleet_telemetry,ACME-S02-TRUCK-067,haul_truck,2026-09-01T16:18:06.854Z,2,-16.648042,-71.46849,187.5,41.0,Pit-A,cycle-acme-s02-truck-067-00001,hauling,223.7,240.0,75534.03,87.5,True,False,17844.08,347179.67,False,False,False,93.6,25.2,[],1.0
4332f852-b817-49ec-91ef-914e52ed4d88,1.0,acme-mining,site-02,fleet_telemetry,ACME-S02-TRUCK-068,haul_truck,2026-09-01T16:18:06.854Z,2,-16.537893,-71.532312,194.1,35.7,Pit-A,cycle-acme-s02-truck-068-00001,hauling,220.0,240.0,141663.25,48.5,True,False,21801.06,485771.25,False,False,False,88.4,25.1,[],1.0
92a372c8-09ae-4e79-8fb0-ac608efe103c,1.0,acme-mining,site-02,fleet_telemetry,ACME-S02-TRUCK-069,haul_truck,2026-09-01T16:18:06.854Z,2,-16.603746,-71.568263,115.8,36.0,Pit-A,cycle-acme-s02-truck-069-00001,hauling,223.3,240.0,155745.56,32.7,True,False,10867.73,30481.33,False,False,False,89.8,24.4,[],1.0
5a917075-cf67-47ea-845a-5256deceefdc,1.0,acme-mining,site-02,fleet_telemetry,ACME-S02-TRUCK-070,haul_truck,2026-09-01T16:18:06.854Z,2,-16.577861,-71.581105,73.5,24.1,Pit-A,cycle-acme-s02-truck-070-00001,hauling,223.6,240.0,298460.17,93.0,True,False,13454.49,187284.21,False,False,False,87.4,23.9,[],1.0
d30e061b-88b9-4531-8588-6846c69729e5,1.0,acme-mining,site-02,fleet_telemetry,ACME-S02-TRUCK-071,haul_truck,2026-09-01T16:18:06.854Z,2,-16.646739,-71.508594,112.1,34.7,Pit-A,cycle-acme-s02-truck-071-00001,hauling,216.9,240.0,282683.9,83.9,True,False,4414.86,416285.95,False,False,False,93.2,24.8,[],1.0
e7aab24e-d59d-4afd-9cfc-d6e73c1dba86,1.0,acme-mining,site-02,fleet_telemetry,ACME-S02-TRUCK-072,haul_truck,2026-09-01T16:18:06.854Z,2,-16.637787,-71.537217,97.8,28.4,Pit-A,cycle-acme-s02-truck-072-00001,hauling,221.4,240.0,194263.47,53.9,True,False,4844.63,297854.34,False,False,False,92.4,24.9,[],1.0
d6a47f6a-32a4-4b64-a756-8ad7e6ec7cb6,1.0,acme-mining,site-02,fleet_telemetry,ACME-S02-TRUCK-073,haul_truck,2026-09-01T16:18:06.854Z,2,-16.637229,-71.565505,264.5,25.4,Pit-A,cycle-acme-s02-truck-073-00001,hauling,221.3,240.0,37403.91,34.7,True,False,19303.74,483577.52,False,False,False,91.1,24.9,[],1.0
67f12d0a-b17e-4764-9185-d17f5c50718e,1.0,acme-mining,site-02,fleet_telemetry,ACME-S02-TRUCK-074,haul_truck,2026-09-01T16:18:06.854Z,2,-16.583015,-71.509366,331.7,38.8,Pit-A,cycle-acme-s02-truck-074-00001,hauling,226.2,240.0,212252.1,62.3,True,False,8788.69,622711.91,False,False,False,93.6,24.6,[],1.0
af45c32b-3f95-4fe6-9ce0-add7e1809cba,1.0,acme-mining,site-02,fleet_telemetry,ACME-S02-TRUCK-075,haul_truck,2026-09-01T16:18:06.854Z,2,-16.634431,-71.461836,218.1,26.8,Pit-A,cycle-acme-s02-truck-075-00001,hauling,221.4,240.0,118468.56,64.1,True,False,13733.63,141126.47,False,False,False,89.8,23.9,[],1.0
1dfe59b5-03d7-446e-adf1-7defe1f42450,1.0,acme-mining,site-02,fleet_telemetry,ACME-S02-TRUCK-076,haul_truck,2026-09-01T16:18:06.854Z,2,-16.580736,-71.467995,261.1,26.5,Pit-A,cycle-acme-s02-truck-076-00001,hauling,216.2,240.0,225161.5,58.6,True,False,15743.9,454851.18,False,False,False,91.0,24.5,[],1.0
19903f83-24c9-461a-a422-72b797e52817,1.0,acme-mining,site-02,fleet_telemetry,ACME-S02-TRUCK-077,haul_truck,2026-09-01T16:18:06.854Z,2,-16.539441,-71.464768,211.7,40.7,Pit-A,cycle-acme-s02-truck-077-00001,hauling,221.9,240.0,177065.58,93.6,True,False,3383.73,446272.07,False,False,False,92.4,24.4,[],1.0
a30ff7d5-f28b-4d48-82ea-6cf5d38f2967,1.0,acme-mining,site-02,fleet_telemetry,ACME-S02-TRUCK-078,haul_truck,2026-09-01T16:18:06.854Z,2,-16.565449,-71.497923,91.9,24.7,Pit-A,cycle-acme-s02-truck-078-00001,hauling,218.3,240.0,44773.09,89.7,True,False,1691.81,621847.68,False,False,False,90.4,25.1,[],1.0
c2cb7609-dc76-4bd0-b1e3-57a848c56cff,1.0,acme-mining,site-02,fleet_telemetry,ACME-S02-TRUCK-079,haul_truck,2026-09-01T16:18:06.854Z,2,-16.551858,-71.579207,333.5,37.0,Pit-A,cycle-acme-s02-truck-079-00001,hauling,224.4,240.0,129513.59,32.6,True,False,6548.02,374071.4,False,False,False,92.5,24.8,[],1.0
a15caf3b-999b-408c-913f-7f20e5e5f4c0,1.0,acme-mining,site-02,fleet_telemetry,ACME-S02-TRUCK-080,haul_truck,2026-09-01T16:18:06.854Z,2,-16.59481,-71.508502,94.1,59.9,Pit-A,cycle-acme-s02-truck-080-00001,hauling,224.4,240.0,54087.24,48.1,True,False,5584.24,166687.12,False,False,True,92.5,24.4,[],1.0
f4bbc8ec-f940-4c87-9d36-91245adadc9a,1.0,beta-minerals,north-site,fleet_telemetry,BETA-NORTH-TRUCK-001,haul_truck,2026-09-01T16:18:06.854Z,2,-16.562044,-71.591186,64.6,41.1,Pit-A,cycle-beta-north-truck-001-00001,hauling,217.2,240.0,383639.35,70.3,True,False,17975.94,92503.78,False,False,False,95.7,23.9,[],1.0
8b18f916-ce2e-4792-ac8e-a04c6af41977,1.0,beta-minerals,north-site,fleet_telemetry,BETA-NORTH-TRUCK-002,haul_truck,2026-09-01T16:18:06.854Z,2,-16.596468,-71.48984,12.2,41.6,Pit-A,cycle-beta-north-truck-002-00001,hauling,223.5,240.0,155635.59,54.8,True,False,11739.07,367703.54,False,False,False,90.0,24.1,[],1.0
f877d99b-1281-43b0-885d-4eb229a98954,1.0,beta-minerals,north-site,fleet_telemetry,BETA-NORTH-TRUCK-003,haul_truck,2026-09-01T16:18:06.854Z,2,-16.63881,-71.522741,286.2,32.8,Pit-A,cycle-beta-north-truck-003-00001,hauling,220.5,240.0,22844.74,68.0,True,False,14378.15,292244.75,False,False,False,92.9,24.7,[],1.0
1fcf5fad-ab76-4229-8b20-58f711dbf644,1.0,beta-minerals,north-site,fleet_telemetry,BETA-NORTH-TRUCK-004,haul_truck,2026-09-01T16:18:06.854Z,2,-16.654114,-71.477992,43.2,38.0,Pit-A,cycle-beta-north-truck-004-00001,hauling,223.8,240.0,365841.25,29.4,True,False,5162.63,493965.11,False,False,False,89.7,23.9,[],1.0
203e816c-6d87-4a83-a068-d8fb76d4e1da,1.0,beta-minerals,north-site,fleet_telemetry,BETA-NORTH-TRUCK-005,haul_truck,2026-09-01T16:18:06.854Z,2,-16.515853,-71.567374,98.5,32.8,Pit-A,cycle-beta-north-truck-005-00001,hauling,222.9,240.0,305108.77,59.3,True,False,4977.98,91791.68,False,False,False,91.7,24.8,[],1.0
ac09b075-c874-4873-b101-425c3d4ec577,1.0,beta-minerals,north-site,fleet_telemetry,BETA-NORTH-TRUCK-006,haul_truck,2026-09-01T16:18:06.854Z,2,-16.540203,-71.504536,35.8,38.3,Pit-A,cycle-beta-north-truck-006-00001,hauling,221.2,240.0,382027.97,68.2,True,False,13244.5,239192.57,False,False,False,91.7,23.9,[],1.0
f2e340e3-eed8-4587-8be6-65918fb3f9b2,1.0,beta-minerals,north-site,fleet_telemetry,BETA-NORTH-TRUCK-007,haul_truck,2026-09-01T16:18:06.854Z,2,-16.641125,-71.506538,193.1,40.4,Pit-A,cycle-beta-north-truck-007-00001,hauling,216.2,240.0,61859.27,46.4,True,False,2596.74,104387.15,False,False,False,91.6,24.9,[],1.0
e71bd458-2f67-41c5-babf-9390d2e05edf,1.0,beta-minerals,north-site,fleet_telemetry,BETA-NORTH-TRUCK-008,haul_truck,2026-09-01T16:18:06.854Z,2,-16.584416,-71.470426,271.0,32.8,Pit-A,cycle-beta-north-truck-008-00001,hauling,225.5,240.0,196137.21,59.1,True,False,13444.23,382127.85,False,False,False,87.2,25.2,[],1.0
c429c7c3-5aff-433c-8c87-70620f2107f3,1.0,beta-minerals,north-site,fleet_telemetry,BETA-NORTH-TRUCK-009,haul_truck,2026-09-01T16:18:06.854Z,2,-16.598236,-71.608935,44.3,40.2,Pit-A,cycle-beta-north-truck-009-00001,hauling,222.7,240.0,71730.62,47.0,True,False,12564.15,328474.53,False,False,False,94.0,24.0,[],1.0
04cb4ad7-0c7a-4e97-93f1-ae8ce4395c34,1.0,beta-minerals,north-site,fleet_telemetry,BETA-NORTH-TRUCK-010,haul_truck,2026-09-01T16:18:06.854Z,2,-16.565906,-71.552024,182.2,27.7,Pit-A,cycle-beta-north-truck-010-00001,hauling,216.4,240.0,178935.58,64.3,True,False,11073.71,142930.99,False,False,False,95.8,24.3,[],1.0
cb1c42f6-dbb0-40e5-bbea-f827ef76b421,1.0,beta-minerals,north-site,fleet_telemetry,BETA-NORTH-TRUCK-011,haul_truck,2026-09-01T16:18:06.854Z,2,-16.623648,-71.573544,186.9,33.8,Pit-A,cycle-beta-north-truck-011-00001,hauling,219.6,240.0,23578.85,78.3,True,False,11160.43,72082.54,False,False,False,95.5,24.9,[],1.0
359b7081-5f9e-4bf8-a6cd-75949fbf6310,1.0,beta-minerals,north-site,fleet_telemetry,BETA-NORTH-TRUCK-012,haul_truck,2026-09-01T16:18:06.854Z,2,-16.588668,-71.525858,126.7,35.9,Pit-A,cycle-beta-north-truck-012-00001,hauling,222.3,240.0,349921.1,59.7,True,False,17351.69,376359.84,False,False,False,95.9,24.6,[],1.0
013ae001-272e-46bd-9357-e1eaac71c6af,1.0,beta-minerals,north-site,fleet_telemetry,BETA-NORTH-TRUCK-013,haul_truck,2026-09-01T16:18:06.854Z,2,-16.55535,-71.530094,299.7,27.8,Pit-A,cycle-beta-north-truck-013-00001,hauling,218.3,240.0,371948.95,27.9,True,False,18253.6,251122.96,False,False,False,89.0,25.1,[],1.0
3d2ca7fc-a085-49be-9b86-9f62dc0e2207,1.0,beta-minerals,north-site,fleet_telemetry,BETA-NORTH-TRUCK-014,haul_truck,2026-09-01T16:18:06.854Z,2,-16.665249,-71.575464,91.8,34.8,Pit-A,cycle-beta-north-truck-014-00001,hauling,223.5,240.0,118914.06,86.2,True,False,16402.96,431813.22,False,False,False,86.7,24.3,[],1.0
87e88d81-64c3-4599-99b8-e9cf82f9c936,1.0,beta-minerals,north-site,fleet_telemetry,BETA-NORTH-TRUCK-015,haul_truck,2026-09-01T16:18:06.854Z,2,-16.540704,-71.523442,192.9,40.3,Pit-A,cycle-beta-north-truck-015-00001,hauling,221.1,240.0,351278.07,41.6,True,False,10108.28,646193.4,False,False,False,92.9,23.9,[],1.0
46556692-4036-46f2-99ff-8d5243d40d5f,1.0,beta-minerals,north-site,fleet_telemetry,BETA-NORTH-TRUCK-016,haul_truck,2026-09-01T16:18:06.854Z,2,-16.660895,-71.561382,295.3,37.2,Pit-A,cycle-beta-north-truck-016-00001,hauling,220.5,240.0,100912.79,39.5,True,False,4318.81,107718.08,False,False,False,92.6,24.6,[],1.0
acea2323-55db-44a7-a0c6-cbc453bbcada,1.0,beta-minerals,north-site,fleet_telemetry,BETA-NORTH-TRUCK-017,haul_truck,2026-09-01T16:18:06.854Z,2,-16.517997,-71.535196,27.9,31.6,Pit-A,cycle-beta-north-truck-017-00001,hauling,216.3,240.0,138759.41,65.1,True,False,4369.6,636770.14,False,False,False,92.0,24.0,[],1.0
a7a3b8a3-6e49-46b9-858e-179d27eafee1,1.0,beta-minerals,north-site,fleet_telemetry,BETA-NORTH-TRUCK-018,haul_truck,2026-09-01T16:18:06.854Z,2,-16.626046,-71.512551,98.3,26.0,Pit-A,cycle-beta-north-truck-018-00001,hauling,220.4,240.0,191102.48,29.1,True,False,3674.49,492559.34,False,False,False,89.3,25.0,[],1.0
8e837d61-df62-4f86-aacb-21b538aea057,1.0,beta-minerals,north-site,fleet_telemetry,BETA-NORTH-TRUCK-019,haul_truck,2026-09-01T16:18:06.854Z,2,-16.562184,-71.539191,63.2,55.1,Pit-A,cycle-beta-north-truck-019-00001,hauling,217.3,240.0,374532.13,78.3,True,False,6093.16,468178.83,False,False,True,95.3,24.8,[],1.0
651572b7-a0b3-49d9-a028-51607a23d6e1,1.0,beta-minerals,north-site,fleet_telemetry,BETA-NORTH-TRUCK-020,haul_truck,2026-09-01T16:18:06.854Z,2,-16.547379,-71.553043,198.5,29.5,Pit-A,cycle-beta-north-truck-020-00001,hauling,224.4,240.0,43227.3,80.6,True,False,14109.63,256358.61,False,False,False,94.7,24.7,[],1.0
579dc4d1-0b9e-470b-b08c-52f0b7a8521f,1.0,beta-minerals,north-site,fleet_telemetry,BETA-NORTH-TRUCK-021,haul_truck,2026-09-01T16:18:06.854Z,2,-16.534835,-71.602602,348.4,40.1,Pit-A,cycle-beta-north-truck-021-00001,hauling,220.1,240.0,266060.58,85.8,True,False,10439.55,327468.08,False,False,False,93.4,24.5,[],1.0
b82d2bdb-1b0a-45fb-9680-8955aadf4c03,1.0,beta-minerals,north-site,fleet_telemetry,BETA-NORTH-TRUCK-022,haul_truck,2026-09-01T16:18:06.854Z,2,-16.538425,-71.538361,56.0,34.7,Pit-A,cycle-beta-north-truck-022-00001,hauling,216.1,240.0,184995.12,92.8,True,False,18822.26,521277.14,False,False,False,91.1,24.0,[],1.0
f8125e9a-a8f1-4a4f-94d1-29e82f56f8a6,1.0,beta-minerals,north-site,fleet_telemetry,BETA-NORTH-TRUCK-023,haul_truck,2026-09-01T16:18:06.854Z,2,-16.61542,-71.508283,89.7,30.8,Pit-A,cycle-beta-north-truck-023-00001,hauling,227.7,240.0,259102.67,59.0,True,False,7960.41,384098.24,False,False,False,93.1,24.7,[],1.0
88b57ed7-cfd2-484e-964b-332244a1dae1,1.0,beta-minerals,north-site,fleet_telemetry,BETA-NORTH-TRUCK-024,haul_truck,2026-09-01T16:18:06.854Z,2,-16.645103,-71.544445,154.0,36.7,Pit-A,cycle-beta-north-truck-024-00001,hauling,222.0,240.0,17163.94,90.0,True,False,14075.01,547122.43,False,False,False,88.8,25.1,[],1.0
cf8c7f03-8e4b-4964-939a-9a7f40d22ca5,1.0,beta-minerals,north-site,fleet_telemetry,BETA-NORTH-TRUCK-025,haul_truck,2026-09-01T16:18:06.854Z,2,-16.644971,-71.46825,112.6,39.9,Pit-A,cycle-beta-north-truck-025-00001,hauling,227.4,240.0,68041.9,70.5,True,False,5089.15,453812.94,False,False,False,90.1,23.9,[],1.0
cba26e5c-50d4-4aac-b0c6-6941c4d3ed00,1.0,beta-minerals,north-site,fleet_telemetry,BETA-NORTH-TRUCK-026,haul_truck,2026-09-01T16:18:06.854Z,2,-16.606968,-71.568632,199.4,25.4,Pit-A,cycle-beta-north-truck-026-00001,hauling,216.7,240.0,407672.26,36.6,True,False,6108.26,254261.61,False,False,False,93.4,24.5,[],1.0
9509c720-3c77-409b-8e6f-1ebacb4d3767,1.0,beta-minerals,north-site,fleet_telemetry,BETA-NORTH-TRUCK-027,haul_truck,2026-09-01T16:18:06.854Z,2,-16.657933,-71.522511,185.4,39.7,Pit-A,cycle-beta-north-truck-027-00001,hauling,224.8,240.0,51880.96,39.9,True,False,9899.7,77455.54,False,False,False,90.8,25.2,[],1.0
50f6991c-0016-4faa-95a1-6d2f72d0b110,1.0,beta-minerals,north-site,fleet_telemetry,BETA-NORTH-TRUCK-028,haul_truck,2026-09-01T16:18:06.854Z,2,-16.602834,-71.596347,257.0,40.0,Pit-A,cycle-beta-north-truck-028-00001,hauling,226.9,240.0,369528.11,94.2,True,False,996.89,458226.23,False,False,False,93.5,24.8,[],1.0
2c2642e5-73dc-4cbc-a78c-c3b36d5e1139,1.0,beta-minerals,north-site,fleet_telemetry,BETA-NORTH-TRUCK-029,haul_truck,2026-09-01T16:18:06.854Z,2,-16.62251,-71.556247,190.1,37.5,Pit-A,cycle-beta-north-truck-029-00001,hauling,225.9,240.0,55408.82,50.7,True,False,2693.82,527752.86,False,False,False,94.8,24.7,[],1.0
0e5ed393-746b-4f40-b8fa-8f1d517516f4,1.0,beta-minerals,north-site,fleet_telemetry,BETA-NORTH-TRUCK-030,haul_truck,2026-09-01T16:18:06.854Z,2,-16.572742,-71.591226,27.0,34.9,Pit-A,cycle-beta-north-truck-030-00001,hauling,222.3,240.0,40101.25,64.4,True,False,14401.42,446596.41,False,False,False,88.3,25.0,[],1.0
7de322f1-3194-403d-9f65-deca0d980ae4,1.0,beta-minerals,north-site,fleet_telemetry,BETA-NORTH-TRUCK-031,haul_truck,2026-09-01T16:18:06.854Z,2,-16.532809,-71.603635,329.0,33.2,Pit-A,cycle-beta-north-truck-031-00001,hauling,220.5,240.0,191152.5,73.0,True,False,14115.3,115365.75,False,False,False,87.1,24.1,[],1.0
9ad4dd68-5d4f-4077-abe5-39763a35fc90,1.0,beta-minerals,north-site,fleet_telemetry,BETA-NORTH-TRUCK-032,haul_truck,2026-09-01T16:18:06.854Z,2,-16.648042,-71.573193,265.6,33.7,Pit-A,cycle-beta-north-truck-032-00001,hauling,219.5,240.0,433829.57,47.0,True,False,13298.97,261940.15,False,False,False,88.1,24.6,[],1.0
b1b6f5b6-9e91-47e8-8c0a-25cb3ec6c7df,1.0,beta-minerals,north-site,fleet_telemetry,BETA-NORTH-TRUCK-033,haul_truck,2026-09-01T16:18:06.854Z,2,-16.666091,-71.481963,166.7,27.9,Pit-A,cycle-beta-north-truck-033-00001,hauling,225.9,240.0,135365.3,90.9,True,False,13541.18,474343.21,False,False,False,86.4,24.7,[],1.0
58d4818f-7bb0-4dbb-8888-3de3e472046d,1.0,beta-minerals,north-site,fleet_telemetry,BETA-NORTH-TRUCK-034,haul_truck,2026-09-01T16:18:06.854Z,2,-16.661664,-71.473841,320.4,32.8,Pit-A,cycle-beta-north-truck-034-00001,hauling,220.2,240.0,339051.34,45.7,True,False,11776.28,340999.26,False,False,False,86.1,24.1,[],1.0
82e3d3b3-c243-4990-a853-3a5b59b7d115,1.0,beta-minerals,north-site,fleet_telemetry,BETA-NORTH-TRUCK-035,haul_truck,2026-09-01T16:18:06.854Z,2,-16.528204,-71.615586,44.6,30.4,Pit-A,cycle-beta-north-truck-035-00001,hauling,222.2,240.0,290756.37,30.0,True,False,8980.78,171881.55,False,False,False,87.5,24.5,[],1.0
bb5201ab-c930-404d-9e46-4c7e55ffcb67,1.0,beta-minerals,north-site,fleet_telemetry,BETA-NORTH-TRUCK-036,haul_truck,2026-09-01T16:18:06.854Z,2,-16.56114,-71.495468,65.6,26.8,Pit-A,cycle-beta-north-truck-036-00001,hauling,219.6,240.0,260087.51,50.6,True,False,3598.04,562312.86,False,False,False,90.3,24.9,[],1.0
ebeb1096-58d1-4271-ad8c-120db33c397f,1.0,beta-minerals,north-site,fleet_telemetry,BETA-NORTH-TRUCK-037,haul_truck,2026-09-01T16:18:06.854Z,2,-16.660711,-71.491227,129.3,26.0,Pit-A,cycle-beta-north-truck-037-00001,hauling,220.2,240.0,125361.66,27.8,True,False,1153.82,62545.56,False,False,False,90.3,25.0,[],1.0
7df37ed0-5648-471d-a5be-a1e54a9bf7be,1.0,beta-minerals,north-site,fleet_telemetry,BETA-NORTH-TRUCK-038,haul_truck,2026-09-01T16:18:06.854Z,2,-16.584394,-71.593075,57.7,27.6,Pit-A,cycle-beta-north-truck-038-00001,hauling,224.9,240.0,187002.2,69.8,True,False,17062.73,286852.44,False,False,False,95.0,24.1,[],1.0
0fb00437-2164-4882-b3b4-fad6bd0412e5,1.0,beta-minerals,north-site,fleet_telemetry,BETA-NORTH-TRUCK-039,haul_truck,2026-09-01T16:18:06.854Z,2,-16.607892,-71.516016,257.1,32.6,Pit-A,cycle-beta-north-truck-039-00001,hauling,222.6,240.0,365546.58,62.5,True,False,11639.66,148014.47,False,False,False,94.0,24.3,[],1.0
c67ff362-30b1-4370-9028-a0062492d1de,1.0,beta-minerals,north-site,fleet_telemetry,BETA-NORTH-TRUCK-040,haul_truck,2026-09-01T16:18:06.854Z,2,-16.631283,-71.469543,39.5,37.8,Pit-A,cycle-beta-north-truck-040-00001,hauling,226.1,240.0,429508.45,41.7,True,False,7375.6,295616.26,False,False,False,89.9,24.0,[],1.0
4639b3d6-18ba-47fb-83b4-271d0c59f0fa,1.0,beta-minerals,north-site,fleet_telemetry,BETA-NORTH-TRUCK-041,haul_truck,2026-09-01T16:18:06.854Z,2,-16.557136,-71.505249,123.1,24.4,Pit-A,cycle-beta-north-truck-041-00001,hauling,218.8,240.0,335889.74,33.3,True,False,7356.95,487266.95,False,False,False,92.8,25.2,[],1.0
ae8b4137-af61-4a08-9dde-633ce1e15eb1,1.0,beta-minerals,north-site,fleet_telemetry,BETA-NORTH-TRUCK-042,haul_truck,2026-09-01T16:18:06.854Z,2,-16.6501,-71.492521,54.9,37.3,Pit-A,cycle-beta-north-truck-042-00001,hauling,225.1,240.0,327136.97,36.7,True,False,11887.72,513281.93,False,False,False,88.5,24.5,[],1.0
2330c8e3-d29a-4270-9d86-dd0117e48ada,1.0,beta-minerals,north-site,fleet_telemetry,BETA-NORTH-TRUCK-043,haul_truck,2026-09-01T16:18:06.854Z,2,-16.660166,-71.503509,71.4,28.5,Pit-A,cycle-beta-north-truck-043-00001,hauling,219.0,240.0,365127.59,44.0,True,False,17154.32,38494.48,False,False,False,94.2,24.8,[],1.0
a6a61638-6bf0-4f25-8cc9-f5227a1c4013,1.0,beta-minerals,north-site,fleet_telemetry,BETA-NORTH-TRUCK-044,haul_truck,2026-09-01T16:18:06.854Z,2,-16.643699,-71.592343,228.3,38.6,Pit-A,cycle-beta-north-truck-044-00001,hauling,227.9,240.0,34393.35,85.1,True,False,11318.33,341792.64,False,False,False,91.9,24.1,[],1.0
e7452c30-34fb-4768-a5c0-76b7f76f0363,1.0,beta-minerals,north-site,fleet_telemetry,BETA-NORTH-TRUCK-045,haul_truck,2026-09-01T16:18:06.854Z,2,-16.532993,-71.615537,18.3,61.9,Pit-A,cycle-beta-north-truck-045-00001,hauling,223.4,240.0,335943.33,25.2,True,False,15091.36,92660.26,False,False,True,86.9,24.4,[],1.0
58da5ede-d6fd-47d5-810c-e9ca5797e491,1.0,beta-minerals,north-site,fleet_telemetry,BETA-NORTH-TRUCK-046,haul_truck,2026-09-01T16:18:06.854Z,2,-16.581952,-71.471275,231.7,29.5,Pit-A,cycle-beta-north-truck-046-00001,hauling,221.8,240.0,419710.58,85.0,True,False,8919.17,114553.38,False,False,False,91.1,24.2,[],1.0
bf6a1c3d-c0ec-4c1a-bcbc-12d99ef8ebb6,1.0,beta-minerals,north-site,fleet_telemetry,BETA-NORTH-TRUCK-047,haul_truck,2026-09-01T16:18:06.854Z,2,-16.538246,-71.526058,14.7,28.8,Pit-A,cycle-beta-north-truck-047-00001,hauling,219.8,240.0,412976.24,47.4,True,False,5559.73,176405.85,False,False,False,86.5,23.9,[],1.0
4875353d-26fe-41dd-a303-8e77da5d2c0f,1.0,beta-minerals,north-site,fleet_telemetry,BETA-NORTH-TRUCK-048,haul_truck,2026-09-01T16:18:06.854Z,2,-16.659373,-71.543069,341.3,37.4,Pit-A,cycle-beta-north-truck-048-00001,hauling,217.2,240.0,441822.24,91.8,True,False,4602.1,526733.0,False,False,False,87.8,24.3,[],1.0
c33bf57e-a9b2-4783-a019-936ad3b7aa5b,1.0,beta-minerals,north-site,fleet_telemetry,BETA-NORTH-TRUCK-049,haul_truck,2026-09-01T16:18:06.854Z,2,-16.58021,-71.568872,266.8,29.5,Pit-A,cycle-beta-north-truck-049-00001,hauling,226.3,240.0,13506.58,39.0,True,False,7738.78,368447.62,False,False,False,89.3,24.3,[],1.0
fe0cc85a-55be-49ce-b669-b9bb675296ad,1.0,beta-minerals,north-site,fleet_telemetry,BETA-NORTH-TRUCK-050,haul_truck,2026-09-01T16:18:06.854Z,2,-16.553211,-71.530045,319.3,38.0,Pit-A,cycle-beta-north-truck-050-00001,hauling,218.5,240.0,449026.47,79.3,True,False,8607.4,632270.43,False,False,False,89.8,24.0,[],1.0
8e03f105-94f6-4e67-9bfe-3423ceb83c49,1.0,beta-minerals,north-site,fleet_telemetry,BETA-NORTH-TRUCK-051,haul_truck,2026-09-01T16:18:06.854Z,2,-16.536065,-71.477132,253.6,37.4,Pit-A,cycle-beta-north-truck-051-00001,hauling,223.9,240.0,112519.15,49.2,True,False,935.21,278322.8,False,False,False,87.9,25.1,[],1.0
4cbfe1f9-5106-4de4-afbe-d7c96658f990,1.0,beta-minerals,north-site,fleet_telemetry,BETA-NORTH-TRUCK-052,haul_truck,2026-09-01T16:18:06.854Z,2,-16.637575,-71.460192,259.4,25.3,Pit-A,cycle-beta-north-truck-052-00001,hauling,227.9,240.0,334756.51,46.5,True,False,16889.3,257053.18,False,False,False,88.0,23.9,[],1.0
fdffd33a-7a36-47e7-9846-10a26797de49,1.0,beta-minerals,north-site,fleet_telemetry,BETA-NORTH-TRUCK-053,haul_truck,2026-09-01T16:18:06.854Z,2,-16.633374,-71.482204,350.9,27.5,Pit-A,cycle-beta-north-truck-053-00001,hauling,226.2,240.0,133123.26,28.1,True,False,21418.26,109695.33,False,False,False,95.1,25.1,[],1.0
6c3cf975-41ec-4a62-a28d-4e9026403cf3,1.0,beta-minerals,north-site,fleet_telemetry,BETA-NORTH-TRUCK-054,haul_truck,2026-09-01T16:18:06.854Z,2,-16.568429,-71.554421,181.3,32.1,Pit-A,cycle-beta-north-truck-054-00001,hauling,221.0,240.0,265539.22,60.4,True,False,10519.31,491176.67,False,False,False,95.3,23.8,[],1.0
482e42e5-4419-4e6b-920a-80d87cd95339,1.0,beta-minerals,north-site,fleet_telemetry,BETA-NORTH-TRUCK-055,haul_truck,2026-09-01T16:18:06.854Z,2,-16.620013,-71.489387,249.7,34.8,Pit-A,cycle-beta-north-truck-055-00001,hauling,222.8,240.0,114179.7,43.3,True,False,10021.64,627457.56,False,False,False,93.9,24.8,[],1.0
64ec8762-f268-4b78-bcef-cb014ab56e77,1.0,beta-minerals,north-site,fleet_telemetry,BETA-NORTH-TRUCK-056,haul_truck,2026-09-01T16:18:06.854Z,2,-16.545595,-71.523928,138.3,31.2,Pit-A,cycle-beta-north-truck-056-00001,hauling,218.0,240.0,42862.61,39.2,True,False,7542.83,191332.24,False,False,False,93.5,24.9,[],1.0
67edf488-05e3-4e47-ae14-b6d65547ddff,1.0,beta-minerals,north-site,fleet_telemetry,BETA-NORTH-TRUCK-057,haul_truck,2026-09-01T16:18:06.854Z,2,-16.547159,-71.545207,316.4,31.2,Pit-A,cycle-beta-north-truck-057-00001,hauling,218.6,240.0,63124.31,50.1,True,False,10330.82,217841.02,False,False,False,93.0,24.9,[],1.0
42eee687-594a-4a0b-9c1a-5edc1e571d0f,1.0,beta-minerals,north-site,fleet_telemetry,BETA-NORTH-TRUCK-058,haul_truck,2026-09-01T16:18:06.854Z,2,-16.573871,-71.583105,198.7,32.2,Pit-A,cycle-beta-north-truck-058-00001,hauling,218.6,240.0,143854.73,74.3,True,False,2716.93,528786.1,False,False,False,93.1,24.0,[],1.0
44eb81f5-c3b9-446b-8161-10d6e0c3eab7,1.0,beta-minerals,north-site,fleet_telemetry,BETA-NORTH-TRUCK-059,haul_truck,2026-09-01T16:18:06.854Z,2,-16.562069,-71.575887,97.3,24.8,Pit-A,cycle-beta-north-truck-059-00001,hauling,226.6,240.0,166526.95,60.9,True,False,2733.72,176377.87,False,False,False,95.3,24.9,[],1.0
fc2ff6de-26e8-4159-8bb8-cfdf1b41e5cb,1.0,beta-minerals,north-site,fleet_telemetry,BETA-NORTH-TRUCK-060,haul_truck,2026-09-01T16:18:06.854Z,2,-16.655231,-71.601193,217.8,35.6,Pit-A,cycle-beta-north-truck-060-00001,hauling,216.0,240.0,254619.8,63.5,True,False,20984.45,558398.87,False,False,False,89.5,24.3,[],1.0
8b36803b-3aa8-4ef6-b4ce-685d9b538ec8,1.0,beta-minerals,north-site,fleet_telemetry,BETA-NORTH-TRUCK-061,haul_truck,2026-09-01T16:18:06.854Z,2,-16.53861,-71.557933,116.8,25.5,Pit-A,cycle-beta-north-truck-061-00001,hauling,220.9,240.0,442329.73,34.1,True,False,1053.49,543134.61,False,False,False,92.1,23.9,[],1.0
a565712c-03bf-4978-a2e7-2c4908651dda,1.0,beta-minerals,north-site,fleet_telemetry,BETA-NORTH-TRUCK-062,haul_truck,2026-09-01T16:18:06.854Z,2,-16.660096,-71.473082,193.4,38.7,Pit-A,cycle-beta-north-truck-062-00001,hauling,218.1,240.0,367608.86,26.5,True,False,13145.27,183057.07,False,False,False,95.7,25.2,[],1.0
b7eb9061-6e89-4211-9b04-172d59ade05d,1.0,beta-minerals,north-site,fleet_telemetry,BETA-NORTH-TRUCK-063,haul_truck,2026-09-01T16:18:06.854Z,2,-16.519651,-71.609388,313.1,38.0,Pit-A,cycle-beta-north-truck-063-00001,hauling,220.6,240.0,365910.51,33.6,True,False,2749.95,553783.58,False,False,False,92.5,24.7,[],1.0
b815b1c3-97d9-4994-9f37-55c7313ee149,1.0,beta-minerals,north-site,fleet_telemetry,BETA-NORTH-TRUCK-064,haul_truck,2026-09-01T16:18:06.854Z,2,-16.642762,-71.583155,271.0,33.9,Pit-A,cycle-beta-north-truck-064-00001,hauling,223.0,240.0,22972.35,72.8,True,False,18219.73,268849.22,False,False,False,94.1,24.0,[],1.0
07748606-8e38-4a90-ad40-0d9ea2df58be,1.0,beta-minerals,north-site,fleet_telemetry,BETA-NORTH-TRUCK-065,haul_truck,2026-09-01T16:18:06.854Z,2,-16.566841,-71.537661,66.6,28.2,Pit-A,cycle-beta-north-truck-065-00001,hauling,217.1,240.0,280207.04,68.2,True,False,10255.45,113637.83,False,False,False,87.8,25.0,[],1.0
96596809-2e94-4e47-9a6c-7ba4c91e3135,1.0,beta-minerals,north-site,fleet_telemetry,BETA-NORTH-TRUCK-066,haul_truck,2026-09-01T16:18:06.854Z,2,-16.528846,-71.533364,64.0,27.4,Pit-A,cycle-beta-north-truck-066-00001,hauling,216.3,240.0,70383.99,39.0,True,False,2092.76,196258.91,False,False,False,87.6,24.4,[],1.0
235c53e8-6fd0-46f1-8ede-d1881af2842e,1.0,beta-minerals,north-site,fleet_telemetry,BETA-NORTH-TRUCK-067,haul_truck,2026-09-01T16:18:06.854Z,2,-16.583294,-71.539961,36.1,34.9,Pit-A,cycle-beta-north-truck-067-00001,hauling,226.9,240.0,354043.08,50.1,True,False,17650.74,643324.33,False,False,False,95.7,24.5,[],1.0
90a6005b-49ae-4a42-9e66-5c9cfd3b2797,1.0,beta-minerals,north-site,fleet_telemetry,BETA-NORTH-TRUCK-068,haul_truck,2026-09-01T16:18:06.854Z,2,-16.665707,-71.487795,274.8,37.1,Pit-A,cycle-beta-north-truck-068-00001,hauling,216.2,240.0,21467.85,66.8,True,False,7618.02,190374.53,False,False,False,94.3,24.7,[],1.0
b26d6c42-a2b1-44cf-a6e9-a6a58f16cc3c,1.0,beta-minerals,north-site,fleet_telemetry,BETA-NORTH-TRUCK-069,haul_truck,2026-09-01T16:18:06.854Z,2,-16.654395,-71.512416,347.8,24.8,Pit-A,cycle-beta-north-truck-069-00001,hauling,223.5,240.0,449826.67,93.2,True,False,12023.97,503110.6,False,False,False,86.1,25.1,[],1.0
5492e731-49d0-4884-b6b9-2fb470c6d190,1.0,beta-minerals,north-site,fleet_telemetry,BETA-NORTH-TRUCK-070,haul_truck,2026-09-01T16:18:06.854Z,2,-16.608259,-71.467859,202.6,25.9,Pit-A,cycle-beta-north-truck-070-00001,hauling,218.4,240.0,263304.67,93.8,True,False,16997.86,617115.6,False,False,False,90.8,24.4,[],1.0
28d25b12-693f-4de5-b156-a05a6bbc449a,1.0,beta-minerals,north-site,fleet_telemetry,BETA-NORTH-TRUCK-071,haul_truck,2026-09-01T16:18:06.854Z,2,-16.524177,-71.613005,44.3,26.9,Pit-A,cycle-beta-north-truck-071-00001,hauling,224.3,240.0,364732.64,73.8,True,False,4533.33,393287.33,False,False,False,92.3,25.0,[],1.0
cb17a866-8961-4b1b-b698-e45c8d9fb3fa,1.0,beta-minerals,north-site,fleet_telemetry,BETA-NORTH-TRUCK-072,haul_truck,2026-09-01T16:18:06.854Z,2,-16.529339,-71.53873,8.6,25.9,Pit-A,cycle-beta-north-truck-072-00001,hauling,217.7,240.0,92822.95,94.1,True,False,12748.46,374758.64,False,False,False,95.1,24.4,[],1.0
63e21794-2933-4a57-b861-820db97f07a9,1.0,beta-minerals,north-site,fleet_telemetry,BETA-NORTH-TRUCK-073,haul_truck,2026-09-01T16:18:06.854Z,2,-16.593933,-71.564407,296.1,26.7,Pit-A,cycle-beta-north-truck-073-00001,hauling,220.6,240.0,274731.77,26.4,True,False,1604.83,55385.86,False,False,False,94.8,24.0,[],1.0
6449a6fa-32ec-48d4-b873-feab9fc2c9a1,1.0,beta-minerals,north-site,fleet_telemetry,BETA-NORTH-TRUCK-074,haul_truck,2026-09-01T16:18:06.854Z,2,-16.660887,-71.593848,42.6,27.1,Pit-A,cycle-beta-north-truck-074-00001,hauling,220.3,240.0,363066.9,85.8,True,False,8024.09,131799.76,False,False,False,92.2,25.1,[],1.0
4609bbb4-0c31-452f-9211-32b298da4e0d,1.0,beta-minerals,north-site,fleet_telemetry,BETA-NORTH-TRUCK-075,haul_truck,2026-09-01T16:18:06.854Z,2,-16.610621,-71.466805,244.5,40.6,Pit-A,cycle-beta-north-truck-075-00001,hauling,222.4,240.0,388694.71,92.2,True,False,17216.57,553283.02,False,False,False,92.0,24.0,[],1.0
d48da631-ad29-4d30-9b8d-61c62f14e3ab,1.0,beta-minerals,north-site,fleet_telemetry,BETA-NORTH-TRUCK-076,haul_truck,2026-09-01T16:18:06.854Z,2,-16.600488,-71.515224,238.2,36.0,Pit-A,cycle-beta-north-truck-076-00001,hauling,217.2,240.0,439378.84,76.3,True,False,7935.1,223240.07,False,False,False,95.2,25.1,[],1.0
9df94f66-4eab-4327-9c91-e495616a546f,1.0,beta-minerals,north-site,fleet_telemetry,BETA-NORTH-TRUCK-077,haul_truck,2026-09-01T16:18:06.854Z,2,-16.544498,-71.581802,236.0,38.6,Pit-A,cycle-beta-north-truck-077-00001,hauling,227.2,240.0,315166.72,90.0,True,False,4493.1,630308.08,False,False,False,87.5,24.2,[],1.0
408d6f4e-620e-4d8e-83ff-2b2eb3c7d341,1.0,beta-minerals,north-site,fleet_telemetry,BETA-NORTH-TRUCK-078,haul_truck,2026-09-01T16:18:06.854Z,2,-16.670101,-71.50518,345.4,31.0,Pit-A,cycle-beta-north-truck-078-00001,hauling,216.8,240.0,139587.74,37.4,True,False,8821.75,482416.88,False,False,False,91.8,24.2,[],1.0
0ee103f0-ed99-4152-aa61-00d4f557db7a,1.0,beta-minerals,north-site,fleet_telemetry,BETA-NORTH-TRUCK-079,haul_truck,2026-09-01T16:18:06.854Z,2,-16.635069,-71.527017,249.6,25.6,Pit-A,cycle-beta-north-truck-079-00001,hauling,219.8,240.0,415256.96,92.7,True,False,1486.52,399504.9,False,False,False,90.2,24.4,[],1.0
e2909c65-571f-4e69-b50a-da57f83d240b,1.0,beta-minerals,north-site,fleet_telemetry,BETA-NORTH-TRUCK-080,haul_truck,2026-09-01T16:18:06.854Z,2,-16.568598,-71.463401,178.9,38.3,Pit-A,cycle-beta-north-truck-080-00001,hauling,219.0,240.0,162596.6,47.4,True,False,7820.77,69018.24,False,False,False,90.2,24.5,[],1.0
86cfd38f-c635-454c-8772-64f96c0c693d,1.0,acme-mining,site-01,fleet_telemetry,ACME-S01-TRUCK-001,haul_truck,2026-09-01T16:18:11.854Z,3,-16.552552,-71.509235,51.7,0.4,Dump-A,cycle-acme-s01-truck-001-00001,dumping,0.0,240.0,131013.06,40.6,True,True,14355.85,35756.82,False,False,False,86.8,23.8,[],1.0
22309595-d8c9-4a92-a386-cbf409b96fa1,1.0,acme-mining,site-01,fleet_telemetry,ACME-S01-TRUCK-002,haul_truck,2026-09-01T16:18:11.854Z,3,-16.57409,-71.527682,333.7,1.5,Dump-A,cycle-acme-s01-truck-002-00001,dumping,0.0,240.0,51226.07,41.3,True,True,13318.45,40023.14,False,False,False,87.1,24.0,[],1.0
3ff9e275-30ea-4c61-81d1-f1f7d4a2e3f7,1.0,acme-mining,site-01,fleet_telemetry,ACME-S01-TRUCK-003,haul_truck,2026-09-01T16:18:11.854Z,3,-16.548998,-71.591958,27.8,0.2,Dump-A,cycle-acme-s01-truck-003-00001,dumping,0.0,240.0,132404.07,85.8,True,True,9693.82,303001.74,False,False,False,87.8,25.0,[],1.0
fd3319c0-10e9-4344-8346-733177e80719,1.0,acme-mining,site-01,fleet_telemetry,ACME-S01-TRUCK-004,haul_truck,2026-09-01T16:18:11.854Z,3,-16.654913,-71.48192,286.3,1.4,Dump-A,cycle-acme-s01-truck-004-00001,dumping,0.0,240.0,158101.76,31.5,True,True,4096.17,623044.28,False,False,False,87.0,24.4,[],1.0
ec45b145-a4cd-4046-8379-df6b6e6f48a0,1.0,acme-mining,site-01,fleet_telemetry,ACME-S01-TRUCK-005,haul_truck,2026-09-01T16:18:11.854Z,3,-16.582062,-71.484806,151.1,0.7,Dump-A,cycle-acme-s01-truck-005-00001,dumping,0.0,240.0,438171.1,51.5,True,True,16270.32,357823.76,False,False,False,88.1,25.0,[],1.0
b5e85cf6-33d7-46bf-8295-9ea4ccfd7b00,1.0,acme-mining,site-01,fleet_telemetry,ACME-S01-TRUCK-006,haul_truck,2026-09-01T16:18:11.854Z,3,-16.624083,-71.604719,107.5,1.0,Dump-A,cycle-acme-s01-truck-006-00001,dumping,0.0,240.0,30162.89,40.9,True,True,13039.87,463880.31,False,False,False,87.6,25.1,[],1.0
a4a20b7e-440d-48e5-9113-b6ca5cc931f8,1.0,acme-mining,site-01,fleet_telemetry,ACME-S01-TRUCK-007,haul_truck,2026-09-01T16:18:11.854Z,3,-16.613544,-71.510283,42.2,1.0,Dump-A,cycle-acme-s01-truck-007-00001,dumping,0.0,240.0,377008.75,36.4,True,True,8858.68,305648.53,False,False,False,94.5,24.3,[],1.0
af927bc0-0ead-4102-96f4-805bdf168f60,1.0,acme-mining,site-01,fleet_telemetry,ACME-S01-TRUCK-008,haul_truck,2026-09-01T16:18:11.854Z,3,-16.609691,-71.459195,1.8,0.5,Dump-A,cycle-acme-s01-truck-008-00001,dumping,0.0,240.0,330815.95,36.4,True,True,13713.58,127817.41,False,False,False,92.0,24.5,[],1.0
056eb9b0-e894-4779-b87d-ce85b9f78ab2,1.0,acme-mining,site-01,fleet_telemetry,ACME-S01-TRUCK-009,haul_truck,2026-09-01T16:18:11.854Z,3,-16.538903,-71.488678,192.9,0.4,Dump-A,cycle-acme-s01-truck-009-00001,dumping,0.0,240.0,348058.14,28.9,True,True,5455.85,224298.17,False,False,False,92.1,24.5,[],1.0
344f42b9-4e33-4d60-8b7e-13c504486bc7,1.0,acme-mining,site-01,fleet_telemetry,ACME-S01-TRUCK-010,haul_truck,2026-09-01T16:18:11.854Z,3,-16.565517,-71.554189,323.4,1.1,Dump-A,cycle-acme-s01-truck-010-00001,dumping,0.0,240.0,395601.92,47.0,True,True,5272.84,614033.17,False,False,False,89.6,23.8,[],1.0
8acb87a5-bc5c-4b95-ac4d-9e317d90e70c,1.0,acme-mining,site-01,fleet_telemetry,ACME-S01-TRUCK-011,haul_truck,2026-09-01T16:18:11.854Z,3,-16.550892,-71.548955,45.6,0.2,Dump-A,cycle-acme-s01-truck-011-00001,dumping,0.0,240.0,337795.31,62.7,True,True,3828.88,107967.15,False,False,False,92.9,24.2,[],1.0
1b38a517-ff9e-4eef-a8e8-d592f6b926bd,1.0,acme-mining,site-01,fleet_telemetry,ACME-S01-TRUCK-012,haul_truck,2026-09-01T16:18:11.854Z,3,-16.662848,-71.599946,234.6,0.3,Dump-A,cycle-acme-s01-truck-012-00001,dumping,0.0,240.0,234191.73,31.4,True,True,5449.6,648448.74,False,False,False,93.1,24.5,[],1.0
8caeb5db-cdab-41a7-bf64-9153217c8a39,1.0,acme-mining,site-01,fleet_telemetry,ACME-S01-TRUCK-013,haul_truck,2026-09-01T16:18:11.854Z,3,-16.630183,-71.528976,332.0,1.2,Dump-A,cycle-acme-s01-truck-013-00001,dumping,0.0,240.0,272191.07,57.8,True,True,13443.88,262403.45,False,False,False,95.5,24.2,[],1.0
41f14908-fac4-4405-8bf8-0a8506153abc,1.0,acme-mining,site-01,fleet_telemetry,ACME-S01-TRUCK-014,haul_truck,2026-09-01T16:18:11.854Z,3,-16.652534,-71.547922,346.2,0.3,Dump-A,cycle-acme-s01-truck-014-00001,dumping,0.0,240.0,127403.24,69.9,True,True,15252.26,358291.35,False,False,False,93.2,23.9,[],1.0
575a78f0-d729-44f7-a9e9-95867b04def8,1.0,acme-mining,site-01,fleet_telemetry,ACME-S01-TRUCK-015,haul_truck,2026-09-01T16:18:11.854Z,3,-16.570333,-71.482845,74.1,1.2,Dump-A,cycle-acme-s01-truck-015-00001,dumping,0.0,240.0,233380.1,32.4,True,True,21404.03,500036.24,False,False,False,87.7,24.8,[],1.0
db14df80-2e62-4a06-aee6-80a4e1c2ecd1,1.0,acme-mining,site-01,fleet_telemetry,ACME-S01-TRUCK-016,haul_truck,2026-09-01T16:18:11.854Z,3,-16.585549,-71.617391,97.8,0.7,Dump-A,cycle-acme-s01-truck-016-00001,dumping,0.0,240.0,247326.93,79.5,True,True,4040.2,500381.85,False,False,False,92.0,24.2,[],1.0
c3fc3795-7740-4c93-ae8d-f767070c31b8,1.0,acme-mining,site-01,fleet_telemetry,ACME-S01-TRUCK-017,haul_truck,2026-09-01T16:18:11.854Z,3,-16.632103,-71.578952,127.0,0.2,Dump-A,cycle-acme-s01-truck-017-00001,dumping,0.0,240.0,443541.57,81.5,True,True,3171.6,248677.93,False,False,False,88.0,25.1,[],1.0
f6edbcd1-b051-416a-a0fc-a69774771ae7,1.0,acme-mining,site-01,fleet_telemetry,ACME-S01-TRUCK-018,haul_truck,2026-09-01T16:18:11.854Z,3,-16.547852,-71.596953,344.8,1.2,Dump-A,cycle-acme-s01-truck-018-00001,dumping,0.0,240.0,40453.67,78.2,True,True,2615.86,326174.04,False,False,False,94.9,24.2,[],1.0
43ef5ba1-1f60-4cc2-a870-fde31d5c001f,1.0,acme-mining,site-01,fleet_telemetry,ACME-S01-TRUCK-019,haul_truck,2026-09-01T16:18:11.854Z,3,-16.521782,-71.496667,342.0,0.6,Dump-A,cycle-acme-s01-truck-019-00001,dumping,0.0,240.0,276901.48,92.5,True,True,4300.7,352434.53,False,False,False,94.8,24.5,[],1.0
e50e0a7d-ebfe-41c5-bb82-984ed60803c2,1.0,acme-mining,site-01,fleet_telemetry,ACME-S01-TRUCK-020,haul_truck,2026-09-01T16:18:11.854Z,3,-16.598169,-71.577827,154.5,0.6,Dump-A,cycle-acme-s01-truck-020-00001,dumping,0.0,240.0,174305.18,88.0,True,True,9258.64,443162.86,False,False,False,94.1,24.1,[],1.0
331cc91a-a31d-4129-8b35-8a0c803c2a97,1.0,acme-mining,site-01,fleet_telemetry,ACME-S01-TRUCK-021,haul_truck,2026-09-01T16:18:11.854Z,3,-16.569441,-71.580876,52.2,0.4,Dump-A,cycle-acme-s01-truck-021-00001,dumping,0.0,240.0,106895.81,30.0,True,True,13272.15,164972.32,False,False,False,89.7,24.2,[],1.0
9e6e61ce-1ee7-4662-b027-aa863861754b,1.0,acme-mining,site-01,fleet_telemetry,ACME-S01-TRUCK-022,haul_truck,2026-09-01T16:18:11.854Z,3,-16.64922,-71.467836,76.9,0.0,Dump-A,cycle-acme-s01-truck-022-00001,dumping,0.0,240.0,304350.38,40.0,True,True,2302.18,169942.98,False,False,False,93.2,24.6,[],1.0
00aaf6de-8e1f-4846-a58e-fdea981edf68,1.0,acme-mining,site-01,fleet_telemetry,ACME-S01-TRUCK-023,haul_truck,2026-09-01T16:18:11.854Z,3,-16.56496,-71.560809,102.1,0.5,Dump-A,cycle-acme-s01-truck-023-00001,dumping,0.0,240.0,189106.54,31.6,True,True,5951.55,317973.0,False,False,False,86.7,24.1,[],1.0
e85107ac-b8ac-44b4-9c83-e481b1c8d3b3,1.0,acme-mining,site-01,fleet_telemetry,ACME-S01-TRUCK-024,haul_truck,2026-09-01T16:18:11.854Z,3,-16.61611,-71.479647,340.6,0.3,Dump-A,cycle-acme-s01-truck-024-00001,dumping,0.0,240.0,53304.02,53.2,True,True,15075.33,640024.12,False,False,False,93.2,24.9,[],1.0
1f87663f-7625-4370-804f-867da2d279e9,1.0,acme-mining,site-01,fleet_telemetry,ACME-S01-TRUCK-025,haul_truck,2026-09-01T16:18:11.854Z,3,-16.530465,-71.605447,245.5,1.0,Dump-A,cycle-acme-s01-truck-025-00001,dumping,0.0,240.0,90734.9,57.4,True,True,12169.26,108314.9,False,False,False,92.5,24.4,[],1.0
14ad4dbd-a7f0-4ab3-be15-46d207e3ecd0,1.0,acme-mining,site-01,fleet_telemetry,ACME-S01-TRUCK-026,haul_truck,2026-09-01T16:18:11.854Z,3,-16.655485,-71.49691,177.8,1.2,Dump-A,cycle-acme-s01-truck-026-00001,dumping,0.0,240.0,247858.85,26.0,True,True,2875.67,430851.33,False,False,False,86.5,23.9,[],1.0
31626e2b-0db3-4d2b-8970-f619cd4f2cc6,1.0,acme-mining,site-01,fleet_telemetry,ACME-S01-TRUCK-027,haul_truck,2026-09-01T16:18:11.854Z,3,-16.609778,-71.459861,216.5,0.4,Dump-A,cycle-acme-s01-truck-027-00001,dumping,0.0,240.0,186457.89,29.1,True,True,11095.6,154660.85,False,False,False,90.5,24.6,[],1.0
50d2044b-99fe-4abf-9a44-f49781e817b6,1.0,acme-mining,site-01,fleet_telemetry,ACME-S01-TRUCK-028,haul_truck,2026-09-01T16:18:11.854Z,3,-16.564519,-71.539638,207.2,0.4,Dump-A,cycle-acme-s01-truck-028-00001,dumping,0.0,240.0,331422.5,79.8,True,True,6847.29,458852.71,False,False,False,113.0,23.8,"[""ENG_OVERHEAT""]",0.72
69d87c97-1a18-4b0b-b8ba-42af9143729f,1.0,acme-mining,site-01,fleet_telemetry,ACME-S01-TRUCK-029,haul_truck,2026-09-01T16:18:11.854Z,3,-16.66127,-71.524017,13.3,0.7,Dump-A,cycle-acme-s01-truck-029-00001,dumping,0.0,240.0,248566.05,77.3,True,True,21336.64,384883.64,False,False,False,95.7,24.5,[],1.0
73bbb34c-db6e-4476-bb4e-046b02bdd398,1.0,acme-mining,site-01,fleet_telemetry,ACME-S01-TRUCK-030,haul_truck,2026-09-01T16:18:11.854Z,3,-16.575191,-71.509447,169.1,0.8,Dump-A,cycle-acme-s01-truck-030-00001,dumping,0.0,240.0,45249.21,38.0,True,True,4137.58,625290.77,False,False,False,86.2,25.0,[],1.0
5d52200c-ac24-435f-942d-aef8ff12d006,1.0,acme-mining,site-01,fleet_telemetry,ACME-S01-TRUCK-031,haul_truck,2026-09-01T16:18:11.854Z,3,-16.657267,-71.512339,124.5,0.6,Dump-A,cycle-acme-s01-truck-031-00001,dumping,0.0,240.0,264724.55,27.8,True,True,20761.84,378895.56,False,False,False,89.2,23.9,[],1.0
ad6a4859-76bf-4259-a044-05dd88d1d295,1.0,acme-mining,site-01,fleet_telemetry,ACME-S01-TRUCK-032,haul_truck,2026-09-01T16:18:11.854Z,3,-16.607088,-71.510046,107.4,1.2,Dump-A,cycle-acme-s01-truck-032-00001,dumping,0.0,240.0,325124.55,41.7,True,True,20615.78,148683.36,False,False,False,86.5,25.2,[],1.0
98f7fde5-c124-4d70-95ac-e82fb90bdd5f,1.0,acme-mining,site-01,fleet_telemetry,ACME-S01-TRUCK-033,haul_truck,2026-09-01T16:18:11.854Z,3,-16.580315,-71.601485,303.4,0.7,Dump-A,cycle-acme-s01-truck-033-00001,dumping,0.0,240.0,14098.96,68.5,True,True,20495.19,609512.69,False,False,False,95.1,25.1,[],1.0
682e05bd-84c5-4a95-b54b-88e5c4453f2a,1.0,acme-mining,site-01,fleet_telemetry,ACME-S01-TRUCK-034,haul_truck,2026-09-01T16:18:11.854Z,3,-16.611294,-71.592255,49.9,0.2,Dump-A,cycle-acme-s01-truck-034-00001,dumping,0.0,240.0,397580.4,86.5,True,True,6422.25,607953.46,False,False,False,94.3,25.2,[],1.0
735625ba-fc5a-458a-8f4f-2bf51bab4a1d,1.0,acme-mining,site-01,fleet_telemetry,ACME-S01-TRUCK-035,haul_truck,2026-09-01T16:18:11.854Z,3,-16.539676,-71.569581,31.7,1.3,Dump-A,cycle-acme-s01-truck-035-00001,dumping,0.0,240.0,297749.74,25.5,True,True,13767.57,641956.88,False,False,False,88.3,24.8,[],1.0
d4b79e39-1668-4e42-9ac2-211f36e5c7d4,1.0,acme-mining,site-01,fleet_telemetry,ACME-S01-TRUCK-036,haul_truck,2026-09-01T16:18:11.854Z,3,-16.625309,-71.583793,1.8,1.2,Dump-A,cycle-acme-s01-truck-036-00001,dumping,0.0,240.0,336663.5,35.9,True,True,6406.68,580519.06,False,False,False,91.4,24.8,[],1.0
5123c6cf-b395-4b56-8b31-6f7921e2d75a,1.0,acme-mining,site-01,fleet_telemetry,ACME-S01-TRUCK-037,haul_truck,2026-09-01T16:18:11.854Z,3,-16.568929,-71.484798,17.3,0.1,Dump-A,cycle-acme-s01-truck-037-00001,dumping,0.0,240.0,409590.14,28.5,True,True,11514.68,178206.43,False,False,False,86.4,24.2,[],1.0
1f7105df-9baf-4761-8262-481b0460ce6b,1.0,acme-mining,site-01,fleet_telemetry,ACME-S01-TRUCK-038,haul_truck,2026-09-01T16:18:11.854Z,3,-16.582134,-71.54906,136.6,0.4,Dump-A,cycle-acme-s01-truck-038-00001,dumping,0.0,240.0,125260.48,76.9,True,True,17147.73,421381.47,False,False,False,93.9,24.8,[],1.0
dd254f24-664e-4cd1-9aec-a4744236413a,1.0,acme-mining,site-01,fleet_telemetry,ACME-S01-TRUCK-039,haul_truck,2026-09-01T16:18:11.854Z,3,-16.611327,-71.529107,114.9,1.4,Dump-A,cycle-acme-s01-truck-039-00001,dumping,0.0,240.0,75584.05,27.5,True,True,20835.08,455342.4,False,False,False,87.2,24.0,[],1.0
70f60356-e3f7-4ede-89d2-6cd1c7230722,1.0,acme-mining,site-01,fleet_telemetry,ACME-S01-TRUCK-040,haul_truck,2026-09-01T16:18:11.854Z,3,-16.526575,-71.583871,229.2,0.9,Dump-A,cycle-acme-s01-truck-040-00001,dumping,0.0,240.0,360293.98,85.2,True,True,7335.08,586358.39,False,False,False,95.0,24.7,[],1.0
7ebc03cd-4435-4e61-98d5-9fc4ec7cbe7c,1.0,acme-mining,site-01,fleet_telemetry,ACME-S01-TRUCK-041,haul_truck,2026-09-01T16:18:11.854Z,3,-16.550492,-71.469396,176.4,0.8,Dump-A,cycle-acme-s01-truck-041-00001,dumping,0.0,240.0,394873.76,93.2,True,True,8297.99,372726.67,False,False,False,90.8,24.2,[],1.0
3c81f1fa-ed78-4f38-997d-01ac1a4fe1a6,1.0,acme-mining,site-01,fleet_telemetry,ACME-S01-TRUCK-042,haul_truck,2026-09-01T16:18:11.854Z,3,-16.552547,-71.56436,275.8,1.2,Dump-A,cycle-acme-s01-truck-042-00001,dumping,0.0,240.0,397823.29,26.7,True,True,21495.57,530786.22,False,False,False,86.9,24.8,[],1.0
056eeaea-9940-42cf-832c-7f7705dd5063,1.0,acme-mining,site-01,fleet_telemetry,ACME-S01-TRUCK-043,haul_truck,2026-09-01T16:18:11.854Z,3,-16.533038,-71.581915,232.9,0.5,Dump-A,cycle-acme-s01-truck-043-00001,dumping,0.0,240.0,57562.24,86.0,True,True,6456.29,516045.99,False,False,False,88.4,25.0,[],1.0
308b10d7-413d-4ae1-8d72-4495af4f5769,1.0,acme-mining,site-01,fleet_telemetry,ACME-S01-TRUCK-044,haul_truck,2026-09-01T16:18:11.854Z,3,-16.56479,-71.553755,76.5,1.0,Dump-A,cycle-acme-s01-truck-044-00001,dumping,0.0,240.0,393382.3,40.6,True,True,8212.76,536937.97,False,False,False,90.9,24.7,[],1.0
f3369a3e-c401-4c70-867d-3d3d16fbe002,1.0,acme-mining,site-01,fleet_telemetry,ACME-S01-TRUCK-045,haul_truck,2026-09-01T16:18:11.854Z,3,-16.513401,-71.531721,122.5,0.7,Dump-A,cycle-acme-s01-truck-045-00001,dumping,0.0,240.0,292252.13,53.0,True,True,21298.05,195848.8,False,False,False,90.9,24.9,[],1.0
38f8a440-801c-42b1-8d0b-12b139bf8098,1.0,acme-mining,site-01,fleet_telemetry,ACME-S01-TRUCK-046,haul_truck,2026-09-01T16:18:11.854Z,3,-16.664264,-71.52203,339.9,1.1,Dump-A,cycle-acme-s01-truck-046-00001,dumping,0.0,240.0,265459.64,93.8,True,True,19393.22,184565.62,False,False,False,89.1,24.8,[],1.0
fe461279-e480-4e72-a318-17e22795cdf0,1.0,acme-mining,site-01,fleet_telemetry,ACME-S01-TRUCK-047,haul_truck,2026-09-01T16:18:11.854Z,3,-16.63998,-71.610402,46.8,1.0,Dump-A,cycle-acme-s01-truck-047-00001,dumping,0.0,240.0,60884.31,88.0,True,True,10051.55,640068.63,False,False,False,87.1,25.1,[],1.0
63b29c81-b160-4221-a6a9-e8dbcced4d19,1.0,acme-mining,site-01,fleet_telemetry,ACME-S01-TRUCK-048,haul_truck,2026-09-01T16:18:11.854Z,3,-16.563085,-71.559236,73.1,0.6,Dump-A,cycle-acme-s01-truck-048-00001,dumping,0.0,240.0,326549.36,76.9,True,True,20422.2,359224.79,False,False,False,92.2,24.4,[],1.0
988d0b18-6f3e-4cb5-821f-497eed46100a,1.0,acme-mining,site-01,fleet_telemetry,ACME-S01-TRUCK-049,haul_truck,2026-09-01T16:18:11.854Z,3,-16.589268,-71.510799,342.4,0.1,Dump-A,cycle-acme-s01-truck-049-00001,dumping,0.0,240.0,64835.3,88.0,True,True,14010.9,437934.16,False,False,False,92.9,24.6,[],1.0
40b2f03f-0624-4bac-b922-99ac2bd09cdb,1.0,acme-mining,site-01,fleet_telemetry,ACME-S01-TRUCK-050,haul_truck,2026-09-01T16:18:11.854Z,3,-16.5507,-71.589641,39.7,0.2,Dump-A,cycle-acme-s01-truck-050-00001,dumping,0.0,240.0,302569.11,51.5,True,True,12553.55,140859.31,False,False,False,87.1,23.8,[],1.0
fb33392b-3677-45f6-85f4-cbcb074fa4b9,1.0,acme-mining,site-01,fleet_telemetry,ACME-S01-TRUCK-051,haul_truck,2026-09-01T16:18:11.854Z,3,-16.577594,-71.512728,191.1,0.7,Dump-A,cycle-acme-s01-truck-051-00001,dumping,0.0,240.0,136242.2,55.1,True,True,12416.27,20255.82,False,False,False,90.8,24.3,[],1.0
1d1eba3a-118f-493c-a1d7-6bdc6ced288f,1.0,acme-mining,site-01,fleet_telemetry,ACME-S01-TRUCK-052,haul_truck,2026-09-01T16:18:11.854Z,3,-16.552647,-71.51208,76.3,0.2,Dump-A,cycle-acme-s01-truck-052-00001,dumping,0.0,240.0,359243.74,92.2,True,True,15123.3,342039.66,False,False,False,89.5,24.4,[],1.0
a6c790ca-6155-41b5-9a96-8c5e32b33eb7,1.0,acme-mining,site-01,fleet_telemetry,ACME-S01-TRUCK-053,haul_truck,2026-09-01T16:18:11.854Z,3,-16.541353,-71.593931,133.1,0.6,Dump-A,cycle-acme-s01-truck-053-00001,dumping,0.0,240.0,113342.34,46.7,True,True,2779.81,619759.84,False,False,False,90.4,23.9,[],1.0
a93a6e02-871c-43c7-a6e2-fe3739d85806,1.0,acme-mining,site-01,fleet_telemetry,ACME-S01-TRUCK-054,haul_truck,2026-09-01T16:18:11.854Z,3,-16.578299,-71.502557,68.2,0.6,Dump-A,cycle-acme-s01-truck-054-00001,dumping,0.0,240.0,210383.28,87.0,True,True,13759.01,504148.33,False,False,False,87.9,24.0,[],1.0
bf2ace18-8d34-4e1b-badd-5eb424803cf6,1.0,acme-mining,site-01,fleet_telemetry,ACME-S01-TRUCK-055,haul_truck,2026-09-01T16:18:11.854Z,3,-16.547176,-71.600452,39.3,0.4,Dump-A,cycle-acme-s01-truck-055-00001,dumping,0.0,240.0,12439.88,77.6,True,True,5972.47,433316.59,False,False,False,91.2,23.9,[],1.0
8dd11ee1-8cf2-484f-9f35-ff44d5e4fa91,1.0,acme-mining,site-01,fleet_telemetry,ACME-S01-TRUCK-056,haul_truck,2026-09-01T16:18:11.854Z,3,-16.523586,-71.598069,322.1,0.4,Dump-A,cycle-acme-s01-truck-056-00001,dumping,0.0,240.0,214402.11,64.0,True,True,17847.13,458424.46,False,False,False,87.2,24.6,[],1.0
286e8cbd-2e14-41d9-91c9-f7a078b94702,1.0,acme-mining,site-01,fleet_telemetry,ACME-S01-TRUCK-057,haul_truck,2026-09-01T16:18:11.854Z,3,-16.527781,-71.519466,317.6,0.4,Dump-A,cycle-acme-s01-truck-057-00001,dumping,0.0,240.0,271999.18,91.5,True,True,14952.65,642372.3,False,False,False,88.8,24.8,[],1.0
f4c28c41-d4db-4ff2-a281-70ba5545d07c,1.0,acme-mining,site-01,fleet_telemetry,ACME-S01-TRUCK-058,haul_truck,2026-09-01T16:18:11.854Z,3,-16.532541,-71.545497,296.6,0.6,Dump-A,cycle-acme-s01-truck-058-00001,dumping,0.0,240.0,206202.15,36.1,True,True,9846.91,591318.52,False,False,False,88.2,24.8,[],1.0
a36e7754-fd17-499e-bfa3-64ecfe861a1d,1.0,acme-mining,site-01,fleet_telemetry,ACME-S01-TRUCK-059,haul_truck,2026-09-01T16:18:11.854Z,3,-16.65799,-71.571768,229.2,0.7,Dump-A,cycle-acme-s01-truck-059-00001,dumping,0.0,240.0,285769.47,44.2,True,True,17035.25,348418.93,False,False,False,88.0,24.8,[],1.0
7573bdc6-bba0-4716-8355-85119f6735f8,1.0,acme-mining,site-01,fleet_telemetry,ACME-S01-TRUCK-060,haul_truck,2026-09-01T16:18:11.854Z,3,-16.645961,-71.583274,223.9,0.4,Dump-A,cycle-acme-s01-truck-060-00001,dumping,0.0,240.0,76365.65,51.8,True,True,19732.17,70763.96,False,False,False,114.2,24.8,"[""ENG_OVERHEAT""]",0.72
9fe2fec4-f5eb-41ed-8163-90ac2cee7f09,1.0,acme-mining,site-01,fleet_telemetry,ACME-S01-TRUCK-061,haul_truck,2026-09-01T16:18:11.854Z,3,-16.525625,-71.524041,245.3,1.3,Dump-A,cycle-acme-s01-truck-061-00001,dumping,0.0,240.0,101007.29,54.4,True,True,12303.36,281937.81,False,False,False,87.7,24.0,[],1.0
4fffbee5-6e40-488c-b1bf-b25c94af78ad,1.0,acme-mining,site-01,fleet_telemetry,ACME-S01-TRUCK-062,haul_truck,2026-09-01T16:18:11.854Z,3,-16.533864,-71.464947,239.7,0.5,Dump-A,cycle-acme-s01-truck-062-00001,dumping,0.0,240.0,164774.03,77.7,True,True,8864.08,23714.59,False,False,False,95.6,24.4,[],1.0
b572cabc-23cd-4819-bd30-79b75d73f44d,1.0,acme-mining,site-01,fleet_telemetry,ACME-S01-TRUCK-063,haul_truck,2026-09-01T16:18:11.854Z,3,-16.592682,-71.555266,61.4,0.0,Dump-A,cycle-acme-s01-truck-063-00001,dumping,0.0,240.0,224821.13,44.1,True,True,17757.21,585621.18,False,False,False,94.8,24.9,[],1.0
276ed34d-7c1f-4656-b335-14e58ad9b5cf,1.0,acme-mining,site-01,fleet_telemetry,ACME-S01-TRUCK-064,haul_truck,2026-09-01T16:18:11.854Z,3,-16.584934,-71.472398,0.4,0.0,Dump-A,cycle-acme-s01-truck-064-00001,dumping,0.0,240.0,414598.47,93.6,True,True,16152.65,549518.62,False,False,False,90.7,25.0,[],1.0
3ba215d5-ed3d-4408-9f26-f9e57cde6021,1.0,acme-mining,site-01,fleet_telemetry,ACME-S01-TRUCK-065,haul_truck,2026-09-01T16:18:11.854Z,3,-16.628763,-71.56513,104.6,0.7,Dump-A,cycle-acme-s01-truck-065-00001,dumping,0.0,240.0,391414.76,37.7,True,True,2579.69,290026.1,False,False,False,112.1,24.1,"[""ENG_OVERHEAT""]",0.72
7cf964d5-d68e-4f0d-871a-cfd3d9410b3f,1.0,acme-mining,site-01,fleet_telemetry,ACME-S01-TRUCK-066,haul_truck,2026-09-01T16:18:11.854Z,3,-16.63005,-71.604385,36.0,0.8,Dump-A,cycle-acme-s01-truck-066-00001,dumping,0.0,240.0,340884.48,83.2,True,True,16938.07,258849.56,False,False,False,93.8,24.9,[],1.0
b32423d4-f3e0-46bb-9e42-66b71e27efe8,1.0,acme-mining,site-01,fleet_telemetry,ACME-S01-TRUCK-067,haul_truck,2026-09-01T16:18:11.854Z,3,-16.51722,-71.611047,196.4,0.5,Dump-A,cycle-acme-s01-truck-067-00001,dumping,0.0,240.0,108657.91,29.8,True,True,1904.22,619709.45,False,False,False,89.5,24.7,[],1.0
ebf50825-8b3d-4d63-ad18-97fc6a644136,1.0,acme-mining,site-01,fleet_telemetry,ACME-S01-TRUCK-068,haul_truck,2026-09-01T16:18:11.854Z,3,-16.563303,-71.527272,108.4,0.4,Dump-A,cycle-acme-s01-truck-068-00001,dumping,0.0,240.0,77048.39,33.8,True,True,5026.45,32839.47,False,False,False,94.3,24.3,[],1.0
a7f5bc97-fb41-4262-9d6b-59f5b20afc80,1.0,acme-mining,site-01,fleet_telemetry,ACME-S01-TRUCK-069,haul_truck,2026-09-01T16:18:11.854Z,3,-16.652059,-71.486429,303.6,0.8,Dump-A,cycle-acme-s01-truck-069-00001,dumping,0.0,240.0,277189.06,77.3,True,True,17058.24,125707.21,False,False,False,94.7,24.5,[],1.0
6e93e822-c1d0-441a-a3d2-b227d8bab2c1,1.0,acme-mining,site-01,fleet_telemetry,ACME-S01-TRUCK-070,haul_truck,2026-09-01T16:18:11.854Z,3,-16.610344,-71.466863,53.2,0.4,Dump-A,cycle-acme-s01-truck-070-00001,dumping,0.0,240.0,263350.72,88.5,True,True,13068.12,605198.96,False,False,False,92.4,24.4,[],1.0
a504bd24-32ec-4dc4-815c-ee438bcfd600,1.0,acme-mining,site-01,fleet_telemetry,ACME-S01-TRUCK-071,haul_truck,2026-09-01T16:18:11.854Z,3,-16.534336,-71.521426,11.1,0.3,Dump-A,cycle-acme-s01-truck-071-00001,dumping,0.0,240.0,54836.74,79.1,True,True,15441.03,415162.75,False,False,False,89.6,24.6,[],1.0
ad727dbd-c24a-444c-a0f8-7385457f9735,1.0,acme-mining,site-01,fleet_telemetry,ACME-S01-TRUCK-072,haul_truck,2026-09-01T16:18:11.854Z,3,-16.589431,-71.562892,32.1,1.0,Dump-A,cycle-acme-s01-truck-072-00001,dumping,0.0,240.0,198486.49,50.9,True,True,17391.87,238738.42,False,False,False,88.1,25.1,[],1.0
f016d6d4-036a-405e-b50f-a029e06fbfb0,1.0,acme-mining,site-01,fleet_telemetry,ACME-S01-TRUCK-073,haul_truck,2026-09-01T16:18:11.854Z,3,-16.557221,-71.547837,225.6,0.6,Dump-A,cycle-acme-s01-truck-073-00001,dumping,0.0,240.0,289657.61,83.0,True,True,3037.43,625296.21,False,False,False,88.7,24.6,[],1.0
78658adb-3cac-4467-9c49-d2c613bdaaf8,1.0,acme-mining,site-01,fleet_telemetry,ACME-S01-TRUCK-074,haul_truck,2026-09-01T16:18:11.854Z,3,-16.538296,-71.522723,63.0,1.4,Dump-A,cycle-acme-s01-truck-074-00001,dumping,0.0,240.0,350842.4,57.5,True,True,13857.35,599359.17,False,False,False,94.8,25.1,[],1.0
af2215af-a6a7-4b12-9bd0-c2d795e96db3,1.0,acme-mining,site-01,fleet_telemetry,ACME-S01-TRUCK-075,haul_truck,2026-09-01T16:18:11.854Z,3,-16.596062,-71.519865,340.2,0.5,Dump-A,cycle-acme-s01-truck-075-00001,dumping,0.0,240.0,397917.88,42.1,True,True,18411.5,74597.68,False,False,False,91.9,24.2,[],1.0
595ff37a-dc70-4a67-8622-b904855cb19d,1.0,acme-mining,site-01,fleet_telemetry,ACME-S01-TRUCK-076,haul_truck,2026-09-01T16:18:11.854Z,3,-16.629072,-71.572745,300.2,0.3,Dump-A,cycle-acme-s01-truck-076-00001,dumping,0.0,240.0,224522.13,49.8,True,True,11279.3,224758.98,False,False,False,93.0,24.0,[],1.0
b48b8311-c16e-4c2a-a14c-eea71e146f59,1.0,acme-mining,site-01,fleet_telemetry,ACME-S01-TRUCK-077,haul_truck,2026-09-01T16:18:11.854Z,3,-16.605366,-71.52867,124.9,1.2,Dump-A,cycle-acme-s01-truck-077-00001,dumping,0.0,240.0,94064.99,41.9,True,True,12582.77,345475.22,False,False,False,93.9,24.0,[],1.0
61fa6004-dd92-48fa-a0c0-81e7f2264609,1.0,acme-mining,site-01,fleet_telemetry,ACME-S01-TRUCK-078,haul_truck,2026-09-01T16:18:11.854Z,3,-16.634936,-71.506813,245.1,0.0,Dump-A,cycle-acme-s01-truck-078-00001,dumping,0.0,240.0,358890.62,31.5,True,True,14493.15,329217.49,False,False,False,87.5,24.5,[],1.0
c4391405-6754-4228-9976-ecc641dce02c,1.0,acme-mining,site-01,fleet_telemetry,ACME-S01-TRUCK-079,haul_truck,2026-09-01T16:18:11.854Z,3,-16.582329,-71.561197,175.2,0.4,Dump-A,cycle-acme-s01-truck-079-00001,dumping,0.0,240.0,161253.41,94.8,True,True,8623.24,368688.01,False,False,False,87.6,23.9,[],1.0
f899948b-336d-4e24-a0f6-fd52785cecec,1.0,acme-mining,site-01,fleet_telemetry,ACME-S01-TRUCK-080,haul_truck,2026-09-01T16:18:11.854Z,3,-16.584661,-71.495546,297.1,0.4,Dump-A,cycle-acme-s01-truck-080-00001,dumping,0.0,240.0,94737.25,33.4,True,True,6129.76,96013.25,False,False,False,88.2,24.0,[],1.0
96ef8541-0ff5-4223-b1f5-e55bd3249cff,1.0,acme-mining,site-02,fleet_telemetry,ACME-S02-TRUCK-001,haul_truck,2026-09-01T16:18:11.854Z,3,-16.53708,-71.488505,196.9,0.5,Dump-A,cycle-acme-s02-truck-001-00001,dumping,0.0,240.0,319615.52,60.0,True,True,4524.73,259530.73,False,False,False,87.4,24.8,[],1.0
81c0aacc-9835-4702-984b-bd1eb4f68931,1.0,acme-mining,site-02,fleet_telemetry,ACME-S02-TRUCK-002,haul_truck,2026-09-01T16:18:11.854Z,3,-16.601728,-71.5528,84.8,1.4,Dump-A,cycle-acme-s02-truck-002-00001,dumping,0.0,240.0,44259.71,46.9,True,True,10047.86,309645.22,False,False,False,94.8,23.9,[],1.0
32ce09a4-4f76-4285-ae35-84dc669dbefb,1.0,acme-mining,site-02,fleet_telemetry,ACME-S02-TRUCK-003,haul_truck,2026-09-01T16:18:11.854Z,3,-16.571507,-71.484386,275.5,1.4,Dump-A,cycle-acme-s02-truck-003-00001,dumping,0.0,240.0,152898.16,81.1,True,True,3241.68,33139.68,False,False,False,93.0,23.8,[],1.0
51a94473-e22d-4216-b523-f43fc9c223b8,1.0,acme-mining,site-02,fleet_telemetry,ACME-S02-TRUCK-004,haul_truck,2026-09-01T16:18:11.854Z,3,-16.657799,-71.478205,220.4,1.5,Dump-A,cycle-acme-s02-truck-004-00001,dumping,0.0,240.0,201697.83,53.0,True,True,10058.29,86693.82,False,False,False,92.0,23.9,[],1.0
757193fa-27c8-4496-9350-3035ba4f7d1c,1.0,acme-mining,site-02,fleet_telemetry,ACME-S02-TRUCK-005,haul_truck,2026-09-01T16:18:11.854Z,3,-16.588826,-71.47256,15.0,0.8,Dump-A,cycle-acme-s02-truck-005-00001,dumping,0.0,240.0,234612.81,33.0,True,True,7861.06,125923.64,False,False,False,88.7,23.8,[],1.0
99c80148-2240-4f8e-9c16-15cb47b97a44,1.0,acme-mining,site-02,fleet_telemetry,ACME-S02-TRUCK-006,haul_truck,2026-09-01T16:18:11.854Z,3,-16.548761,-71.512636,109.2,0.8,Dump-A,cycle-acme-s02-truck-006-00001,dumping,0.0,240.0,96799.75,67.2,True,True,5808.9,112259.9,False,False,False,90.3,25.0,[],1.0
e4725c1e-5685-4531-95be-a0b0c9d60303,1.0,acme-mining,site-02,fleet_telemetry,ACME-S02-TRUCK-007,haul_truck,2026-09-01T16:18:11.854Z,3,-16.529283,-71.514617,292.0,1.5,Dump-A,cycle-acme-s02-truck-007-00001,dumping,0.0,240.0,264966.12,72.7,True,True,10635.81,375153.39,False,False,False,113.0,24.5,"[""ENG_OVERHEAT""]",0.72
57953b64-1277-47fe-a317-6685f5747e2d,1.0,acme-mining,site-02,fleet_telemetry,ACME-S02-TRUCK-008,haul_truck,2026-09-01T16:18:11.854Z,3,-16.599653,-71.569031,198.8,1.3,Dump-A,cycle-acme-s02-truck-008-00001,dumping,0.0,240.0,76421.42,29.8,True,True,19122.04,415147.02,False,False,False,93.4,23.9,[],1.0
097a7575-925a-4d3a-b943-f038643dc4ee,1.0,acme-mining,site-02,fleet_telemetry,ACME-S02-TRUCK-009,haul_truck,2026-09-01T16:18:11.854Z,3,-16.611419,-71.571556,153.6,1.1,Dump-A,cycle-acme-s02-truck-009-00001,dumping,0.0,240.0,213166.86,27.6,True,True,8261.18,66740.15,False,False,False,90.3,24.0,[],1.0
4950f78e-b27c-4520-80bd-3fde8610bc3a,1.0,acme-mining,site-02,fleet_telemetry,ACME-S02-TRUCK-010,haul_truck,2026-09-01T16:18:11.854Z,3,-16.543711,-71.47417,132.3,0.7,Dump-A,cycle-acme-s02-truck-010-00001,dumping,0.0,240.0,213593.29,63.8,True,True,13838.18,339452.77,False,False,False,95.8,24.1,[],1.0
ba66d67a-61ce-4a97-b044-2a5972a98825,1.0,acme-mining,site-02,fleet_telemetry,ACME-S02-TRUCK-011,haul_truck,2026-09-01T16:18:11.854Z,3,-16.660508,-71.600924,211.8,0.7,Dump-A,cycle-acme-s02-truck-011-00001,dumping,0.0,240.0,219276.93,35.5,True,True,14618.96,222561.92,False,False,False,88.3,24.1,[],1.0
1bd09d6b-35b9-4ec9-8fcd-17451581756a,1.0,acme-mining,site-02,fleet_telemetry,ACME-S02-TRUCK-012,haul_truck,2026-09-01T16:18:11.854Z,3,-16.557173,-71.45896,204.4,1.1,Dump-A,cycle-acme-s02-truck-012-00001,dumping,0.0,240.0,294296.08,27.7,True,True,21626.58,73127.43,False,False,False,93.9,25.2,[],1.0
f15910ac-d870-4acb-bba3-48ef30dc8923,1.0,acme-mining,site-02,fleet_telemetry,ACME-S02-TRUCK-013,haul_truck,2026-09-01T16:18:11.854Z,3,-16.56176,-71.60911,27.6,0.0,Dump-A,cycle-acme-s02-truck-013-00001,dumping,0.0,240.0,180463.45,79.2,True,True,8514.64,598300.22,False,False,False,94.1,24.0,[],1.0
e8f7d429-450b-4be6-9b31-aa7995ea7415,1.0,acme-mining,site-02,fleet_telemetry,ACME-S02-TRUCK-014,haul_truck,2026-09-01T16:18:11.854Z,3,-16.554599,-71.512431,87.9,0.3,Dump-A,cycle-acme-s02-truck-014-00001,dumping,0.0,240.0,308487.07,44.9,True,True,2197.34,79538.8,False,False,False,111.9,24.2,"[""ENG_OVERHEAT""]",0.72
55294b40-d663-4992-ae23-1fdfd7594da1,1.0,acme-mining,site-02,fleet_telemetry,ACME-S02-TRUCK-015,haul_truck,2026-09-01T16:18:11.854Z,3,-16.515588,-71.505754,27.6,0.9,Dump-A,cycle-acme-s02-truck-015-00001,dumping,0.0,240.0,72228.65,49.5,True,True,7867.28,387125.97,False,False,False,87.2,24.2,[],1.0
01c3f72a-8a84-4d69-8d52-ae1864814d85,1.0,acme-mining,site-02,fleet_telemetry,ACME-S02-TRUCK-016,haul_truck,2026-09-01T16:18:11.854Z,3,-16.617834,-71.597065,128.5,0.8,Dump-A,cycle-acme-s02-truck-016-00001,dumping,0.0,240.0,255925.87,70.0,True,True,15827.29,73373.04,False,False,False,93.4,25.1,[],1.0
f327411d-ff31-482e-9fb2-1635a29fdb8e,1.0,acme-mining,site-02,fleet_telemetry,ACME-S02-TRUCK-017,haul_truck,2026-09-01T16:18:11.854Z,3,-16.62099,-71.465325,280.8,0.3,Dump-A,cycle-acme-s02-truck-017-00001,dumping,0.0,240.0,233735.1,26.3,True,True,2781.21,442387.34,False,False,False,95.4,24.2,[],1.0
02e11e76-03c0-4802-802d-5ad72df2ce71,1.0,acme-mining,site-02,fleet_telemetry,ACME-S02-TRUCK-018,haul_truck,2026-09-01T16:18:11.854Z,3,-16.544285,-71.536261,251.1,1.0,Dump-A,cycle-acme-s02-truck-018-00001,dumping,0.0,240.0,78176.04,45.7,True,True,4870.52,649985.31,False,False,False,88.7,24.5,[],1.0
8d305521-69a3-4f4c-a242-ef6038d40cf4,1.0,acme-mining,site-02,fleet_telemetry,ACME-S02-TRUCK-019,haul_truck,2026-09-01T16:18:11.854Z,3,-16.610144,-71.591533,223.8,0.1,Dump-A,cycle-acme-s02-truck-019-00001,dumping,0.0,240.0,347175.51,34.2,True,True,1600.25,232161.61,False,False,False,93.1,24.2,[],1.0
98540c5d-0a0a-44bf-bd8b-62894476a31c,1.0,acme-mining,site-02,fleet_telemetry,ACME-S02-TRUCK-020,haul_truck,2026-09-01T16:18:11.854Z,3,-16.515253,-71.519798,83.0,0.3,Dump-A,cycle-acme-s02-truck-020-00001,dumping,0.0,240.0,170291.9,75.4,True,True,16089.08,47526.27,False,False,False,95.8,24.8,[],1.0
e8cb7751-e59a-41cb-aa1f-316bb1965082,1.0,acme-mining,site-02,fleet_telemetry,ACME-S02-TRUCK-021,haul_truck,2026-09-01T16:18:11.854Z,3,-16.525778,-71.58644,51.1,0.3,Dump-A,cycle-acme-s02-truck-021-00001,dumping,0.0,240.0,434862.68,79.9,True,True,5760.87,170676.21,False,False,False,94.2,25.2,[],1.0
74a091af-e1a3-4d96-8bf5-ad050f37d2e3,1.0,acme-mining,site-02,fleet_telemetry,ACME-S02-TRUCK-022,haul_truck,2026-09-01T16:18:11.854Z,3,-16.586017,-71.462915,41.1,1.0,Dump-A,cycle-acme-s02-truck-022-00001,dumping,0.0,240.0,133979.72,51.7,True,True,21670.13,310858.44,False,False,False,90.5,24.5,[],1.0
d5127c8f-facf-43ec-a7e8-8b3ef188fe80,1.0,acme-mining,site-02,fleet_telemetry,ACME-S02-TRUCK-023,haul_truck,2026-09-01T16:18:11.854Z,3,-16.520901,-71.503661,297.7,0.1,Dump-A,cycle-acme-s02-truck-023-00001,dumping,0.0,240.0,221460.05,51.0,True,True,19307.64,52873.32,False,False,False,89.8,23.9,[],1.0
20f3ab44-c4ce-49b6-8a2e-b2c426699079,1.0,acme-mining,site-02,fleet_telemetry,ACME-S02-TRUCK-024,haul_truck,2026-09-01T16:18:11.854Z,3,-16.646818,-71.547522,310.5,0.4,Dump-A,cycle-acme-s02-truck-024-00001,dumping,0.0,240.0,130028.33,88.4,True,True,6843.34,500763.64,False,False,False,91.0,24.3,[],1.0
7e4a00a6-2d29-455f-a78c-03a8825e5f8f,1.0,acme-mining,site-02,fleet_telemetry,ACME-S02-TRUCK-025,haul_truck,2026-09-01T16:18:11.854Z,3,-16.606974,-71.557671,155.1,0.1,Dump-A,cycle-acme-s02-truck-025-00001,dumping,0.0,240.0,419407.81,54.0,True,True,18114.11,577316.8,False,False,False,87.8,23.9,[],1.0
011e2586-db7b-4990-84bb-cb00d29ffbb4,1.0,acme-mining,site-02,fleet_telemetry,ACME-S02-TRUCK-026,haul_truck,2026-09-01T16:18:11.854Z,3,-16.566403,-71.490898,9.4,0.5,Dump-A,cycle-acme-s02-truck-026-00001,dumping,0.0,240.0,419563.56,83.7,True,True,8748.15,37758.2,False,False,False,89.5,24.7,[],1.0
6972bdbc-7ee9-418e-9648-5e9dbddbc092,1.0,acme-mining,site-02,fleet_telemetry,ACME-S02-TRUCK-027,haul_truck,2026-09-01T16:18:11.854Z,3,-16.59534,-71.519027,291.6,1.3,Dump-A,cycle-acme-s02-truck-027-00001,dumping,0.0,240.0,375688.77,78.1,True,True,20248.8,317646.65,False,False,False,95.1,24.6,[],1.0
d6b2a166-b78f-4455-8811-fed0c93c88c2,1.0,acme-mining,site-02,fleet_telemetry,ACME-S02-TRUCK-028,haul_truck,2026-09-01T16:18:11.854Z,3,-16.585953,-71.599711,156.2,1.1,Dump-A,cycle-acme-s02-truck-028-00001,dumping,0.0,240.0,251474.03,75.9,True,True,6225.59,546026.8,False,False,False,94.3,24.4,[],1.0
10f76293-b2f4-42e6-9819-790cb48b3b9a,1.0,acme-mining,site-02,fleet_telemetry,ACME-S02-TRUCK-029,haul_truck,2026-09-01T16:18:11.854Z,3,-16.660356,-71.483643,39.3,1.1,Dump-A,cycle-acme-s02-truck-029-00001,dumping,0.0,240.0,291138.92,68.6,True,True,3383.19,170216.94,False,False,False,86.6,24.3,[],1.0
6f209fec-6f9d-4e4b-bbd7-4b98fcf7b474,1.0,acme-mining,site-02,fleet_telemetry,ACME-S02-TRUCK-030,haul_truck,2026-09-01T16:18:11.854Z,3,-16.601716,-71.519119,337.6,1.1,Dump-A,cycle-acme-s02-truck-030-00001,dumping,0.0,240.0,116452.94,35.0,True,True,1148.43,344686.77,False,False,False,94.6,24.4,[],1.0
c70684cd-8502-4127-ae2d-d6171134a27e,1.0,acme-mining,site-02,fleet_telemetry,ACME-S02-TRUCK-031,haul_truck,2026-09-01T16:18:11.854Z,3,-16.517862,-71.530455,58.5,0.9,Dump-A,cycle-acme-s02-truck-031-00001,dumping,0.0,240.0,240333.37,50.2,True,True,4771.06,440975.43,False,False,False,91.2,24.3,[],1.0
626315a2-c272-4f6c-9e07-4b0ca15e038f,1.0,acme-mining,site-02,fleet_telemetry,ACME-S02-TRUCK-032,haul_truck,2026-09-01T16:18:11.854Z,3,-16.513424,-71.576906,5.5,1.1,Dump-A,cycle-acme-s02-truck-032-00001,dumping,0.0,240.0,216859.6,69.5,True,True,12548.03,265985.91,False,False,False,87.3,24.9,[],1.0
42312151-dd13-4ab6-9b7c-1a2aed3830fc,1.0,acme-mining,site-02,fleet_telemetry,ACME-S02-TRUCK-033,haul_truck,2026-09-01T16:18:11.854Z,3,-16.552774,-71.564294,195.4,1.4,Dump-A,cycle-acme-s02-truck-033-00001,dumping,0.0,240.0,286433.22,79.0,True,True,8109.82,481752.9,False,False,False,88.5,24.3,[],1.0
47bdc36a-35f3-4c28-a2cb-0c41b7b6ec86,1.0,acme-mining,site-02,fleet_telemetry,ACME-S02-TRUCK-034,haul_truck,2026-09-01T16:18:11.854Z,3,-16.51348,-71.540925,237.3,0.6,Dump-A,cycle-acme-s02-truck-034-00001,dumping,0.0,240.0,375368.97,72.9,True,True,7977.21,424961.28,False,False,False,89.6,24.9,[],1.0
c33e7f55-e619-43d6-a693-e1c107bf2195,1.0,acme-mining,site-02,fleet_telemetry,ACME-S02-TRUCK-035,haul_truck,2026-09-01T16:18:11.854Z,3,-16.663379,-71.585592,204.6,1.2,Dump-A,cycle-acme-s02-truck-035-00001,dumping,0.0,240.0,211379.18,45.5,True,True,2137.74,509000.01,False,False,False,87.2,24.2,[],1.0
670d13f3-9f02-4414-87ce-b54975fe96de,1.0,acme-mining,site-02,fleet_telemetry,ACME-S02-TRUCK-036,haul_truck,2026-09-01T16:18:11.854Z,3,-16.549878,-71.58692,158.3,0.4,Dump-A,cycle-acme-s02-truck-036-00001,dumping,0.0,240.0,248933.67,42.7,True,True,11726.14,643147.35,False,False,False,90.6,24.5,[],1.0
abf47318-befb-40e6-9f32-8759cb97b22e,1.0,acme-mining,site-02,fleet_telemetry,ACME-S02-TRUCK-037,haul_truck,2026-09-01T16:18:11.854Z,3,-16.528085,-71.498563,78.4,1.4,Dump-A,cycle-acme-s02-truck-037-00001,dumping,0.0,240.0,64769.16,50.7,True,True,19154.93,229112.61,False,False,False,94.4,23.9,[],1.0
5ea34733-a1ae-46b0-9af4-2fee96cbfe3a,1.0,acme-mining,site-02,fleet_telemetry,ACME-S02-TRUCK-038,haul_truck,2026-09-01T16:18:11.854Z,3,-16.542817,-71.574839,113.0,1.4,Dump-A,cycle-acme-s02-truck-038-00001,dumping,0.0,240.0,314510.3,50.7,True,True,7987.58,137694.88,False,False,False,92.1,23.9,[],1.0
da57d84f-6511-4ad1-b24f-bc2fbbbeab0c,1.0,acme-mining,site-02,fleet_telemetry,ACME-S02-TRUCK-039,haul_truck,2026-09-01T16:18:11.854Z,3,-16.618987,-71.604701,312.8,0.3,Dump-A,cycle-acme-s02-truck-039-00001,dumping,0.0,240.0,371830.32,63.2,True,True,2473.26,399545.63,False,False,False,88.8,24.0,[],1.0
1d9f9c62-1e0e-467d-8e93-e2087d698ffe,1.0,acme-mining,site-02,fleet_telemetry,ACME-S02-TRUCK-040,haul_truck,2026-09-01T16:18:11.854Z,3,-16.598843,-71.501226,17.8,0.9,Dump-A,cycle-acme-s02-truck-040-00001,dumping,0.0,240.0,83323.86,56.1,True,True,10253.42,472127.68,False,False,False,92.2,24.0,[],1.0
c57ba950-f05d-44b9-ae74-eb6fc19540fd,1.0,acme-mining,site-02,fleet_telemetry,ACME-S02-TRUCK-041,haul_truck,2026-09-01T16:18:11.854Z,3,-16.568415,-71.559352,208.7,0.1,Dump-A,cycle-acme-s02-truck-041-00001,dumping,0.0,240.0,427078.09,30.2,True,True,6620.58,637417.23,False,False,False,94.6,23.9,[],1.0
8789a1a3-2097-41cd-ac44-c810bff8e677,1.0,acme-mining,site-02,fleet_telemetry,ACME-S02-TRUCK-042,haul_truck,2026-09-01T16:18:11.854Z,3,-16.664845,-71.606728,93.2,1.1,Dump-A,cycle-acme-s02-truck-042-00001,dumping,0.0,240.0,277332.24,79.7,True,True,20999.14,109951.1,False,False,False,93.1,24.2,[],1.0
e0f3a58c-34c7-4990-ab18-c83a131e4ade,1.0,acme-mining,site-02,fleet_telemetry,ACME-S02-TRUCK-043,haul_truck,2026-09-01T16:18:11.854Z,3,-16.598394,-71.558131,258.5,1.0,Dump-A,cycle-acme-s02-truck-043-00001,dumping,0.0,240.0,24249.7,35.7,True,True,8477.6,618164.33,False,False,False,89.5,24.6,[],1.0
82bcc46a-4445-407c-a61c-8239eab308e4,1.0,acme-mining,site-02,fleet_telemetry,ACME-S02-TRUCK-044,haul_truck,2026-09-01T16:18:11.854Z,3,-16.630445,-71.599345,183.9,0.5,Dump-A,cycle-acme-s02-truck-044-00001,dumping,0.0,240.0,185135.14,70.5,True,True,12967.15,353559.77,False,False,False,90.4,24.1,[],1.0
5ac9433f-6a63-4178-93d1-508e2519ac76,1.0,acme-mining,site-02,fleet_telemetry,ACME-S02-TRUCK-045,haul_truck,2026-09-01T16:18:11.854Z,3,-16.557758,-71.583156,149.7,0.5,Dump-A,cycle-acme-s02-truck-045-00001,dumping,0.0,240.0,61815.0,79.2,True,True,11776.2,595531.82,False,False,False,94.2,24.7,[],1.0
ea92b402-a04d-4d31-91fe-36e3b995e83d,1.0,acme-mining,site-02,fleet_telemetry,ACME-S02-TRUCK-046,haul_truck,2026-09-01T16:18:11.854Z,3,-16.556269,-71.457923,283.7,1.3,Dump-A,cycle-acme-s02-truck-046-00001,dumping,0.0,240.0,42583.06,37.1,True,True,5043.78,105508.95,False,False,False,89.3,24.3,[],1.0
3c7e3d19-b943-40b4-89bd-15014315d7c6,1.0,acme-mining,site-02,fleet_telemetry,ACME-S02-TRUCK-047,haul_truck,2026-09-01T16:18:11.854Z,3,-16.62242,-71.592309,350.4,0.6,Dump-A,cycle-acme-s02-truck-047-00001,dumping,0.0,240.0,251998.91,45.3,True,True,14958.21,467010.56,False,False,False,90.7,24.7,[],1.0
e2342483-eaeb-4421-b2ff-966149b745f3,1.0,acme-mining,site-02,fleet_telemetry,ACME-S02-TRUCK-048,haul_truck,2026-09-01T16:18:11.854Z,3,-16.648184,-71.491022,9.2,0.2,Dump-A,cycle-acme-s02-truck-048-00001,dumping,0.0,240.0,63399.64,39.1,True,True,17626.37,340516.16,False,False,False,114.2,24.7,"[""ENG_OVERHEAT""]",0.72
156075b7-c072-44ca-8930-f328f2f0559e,1.0,acme-mining,site-02,fleet_telemetry,ACME-S02-TRUCK-049,haul_truck,2026-09-01T16:18:11.854Z,3,-16.528913,-71.606971,182.9,1.2,Dump-A,cycle-acme-s02-truck-049-00001,dumping,0.0,240.0,442525.42,34.1,True,True,12932.29,314465.72,False,False,False,93.8,24.6,[],1.0
7ccd5d79-aa1c-4e04-904d-a602b4ea46ee,1.0,acme-mining,site-02,fleet_telemetry,ACME-S02-TRUCK-050,haul_truck,2026-09-01T16:18:11.854Z,3,-16.514835,-71.514715,11.7,0.5,Dump-A,cycle-acme-s02-truck-050-00001,dumping,0.0,240.0,372269.5,30.1,True,True,11944.75,504573.73,False,False,False,94.3,24.8,[],1.0
a37e0350-b4e7-4489-a5a9-9f2abcdb1b31,1.0,acme-mining,site-02,fleet_telemetry,ACME-S02-TRUCK-051,haul_truck,2026-09-01T16:18:11.854Z,3,-16.641278,-71.462888,27.8,0.6,Dump-A,cycle-acme-s02-truck-051-00001,dumping,0.0,240.0,353315.85,69.8,True,True,8103.72,573114.94,False,False,False,86.8,25.1,[],1.0
1e2e3454-c8d5-498f-bcaa-a879442c5059,1.0,acme-mining,site-02,fleet_telemetry,ACME-S02-TRUCK-052,haul_truck,2026-09-01T16:18:11.854Z,3,-16.520825,-71.581432,197.3,0.3,Dump-A,cycle-acme-s02-truck-052-00001,dumping,0.0,240.0,143814.96,36.3,True,True,18425.49,346404.38,False,False,False,91.7,24.4,[],1.0
9632333a-55a7-41f7-9046-412acc22d5eb,1.0,acme-mining,site-02,fleet_telemetry,ACME-S02-TRUCK-053,haul_truck,2026-09-01T16:18:11.854Z,3,-16.58228,-71.59746,18.5,1.1,Dump-A,cycle-acme-s02-truck-053-00001,dumping,0.0,240.0,120266.5,69.4,True,True,19772.43,552938.28,False,False,False,91.3,24.5,[],1.0
abfd9d0c-c49a-4e14-b918-5624b2cf0bc6,1.0,acme-mining,site-02,fleet_telemetry,ACME-S02-TRUCK-054,haul_truck,2026-09-01T16:18:11.854Z,3,-16.643012,-71.5176,300.9,0.8,Dump-A,cycle-acme-s02-truck-054-00001,dumping,0.0,240.0,270395.88,65.6,True,True,2780.69,423822.12,False,False,False,88.7,24.2,[],1.0
308814c0-96d0-4488-92ae-8c95ac525948,1.0,acme-mining,site-02,fleet_telemetry,ACME-S02-TRUCK-055,haul_truck,2026-09-01T16:18:11.854Z,3,-16.663137,-71.51486,130.3,0.4,Dump-A,cycle-acme-s02-truck-055-00001,dumping,0.0,240.0,373104.12,27.0,True,True,18661.64,375079.44,False,False,False,93.7,24.4,[],1.0
cd1ba973-728b-442c-bdda-ba78d8edb0cc,1.0,acme-mining,site-02,fleet_telemetry,ACME-S02-TRUCK-056,haul_truck,2026-09-01T16:18:11.854Z,3,-16.570061,-71.57117,263.7,1.1,Dump-A,cycle-acme-s02-truck-056-00001,dumping,0.0,240.0,291156.29,59.8,True,True,17059.53,282449.73,False,False,False,88.4,25.0,[],1.0
fcede9a6-12fa-4c0f-a253-0be7cc155998,1.0,acme-mining,site-02,fleet_telemetry,ACME-S02-TRUCK-057,haul_truck,2026-09-01T16:18:11.854Z,3,-16.560238,-71.59221,329.2,0.5,Dump-A,cycle-acme-s02-truck-057-00001,dumping,0.0,240.0,188680.87,56.7,True,True,5991.42,528630.11,False,False,False,91.1,24.7,[],1.0
779be643-110d-478f-82be-15da4ac379b4,1.0,acme-mining,site-02,fleet_telemetry,ACME-S02-TRUCK-058,haul_truck,2026-09-01T16:18:11.854Z,3,-16.552916,-71.479762,204.9,0.9,Dump-A,cycle-acme-s02-truck-058-00001,dumping,0.0,240.0,147536.46,75.3,True,True,5125.29,402196.01,False,False,False,90.2,25.0,[],1.0
b5fb7464-f260-44d7-b39d-ca3a2182a550,1.0,acme-mining,site-02,fleet_telemetry,ACME-S02-TRUCK-059,haul_truck,2026-09-01T16:18:11.854Z,3,-16.650809,-71.545576,146.7,0.2,Dump-A,cycle-acme-s02-truck-059-00001,dumping,0.0,240.0,56721.09,41.9,True,True,16926.1,344437.53,False,False,False,93.8,24.6,[],1.0
8f5e544f-ea58-4374-823a-534e2a0b18f4,1.0,acme-mining,site-02,fleet_telemetry,ACME-S02-TRUCK-060,haul_truck,2026-09-01T16:18:11.854Z,3,-16.531955,-71.591955,113.0,0.2,Dump-A,cycle-acme-s02-truck-060-00001,dumping,0.0,240.0,280766.24,42.4,True,True,6952.5,262014.44,False,False,False,88.9,23.9,[],1.0
4ed4e8ec-db72-4c92-8d8a-aaa78126bd8b,1.0,acme-mining,site-02,fleet_telemetry,ACME-S02-TRUCK-061,haul_truck,2026-09-01T16:18:11.854Z,3,-16.595727,-71.476859,227.7,0.6,Dump-A,cycle-acme-s02-truck-061-00001,dumping,0.0,240.0,80110.82,94.7,True,True,16087.93,139595.53,False,False,False,91.8,24.9,[],1.0
8ca9f05c-d0ec-4b76-9e94-95b10a780e1a,1.0,acme-mining,site-02,fleet_telemetry,ACME-S02-TRUCK-062,haul_truck,2026-09-01T16:18:11.854Z,3,-16.613923,-71.609427,43.5,1.3,Dump-A,cycle-acme-s02-truck-062-00001,dumping,0.0,240.0,435342.28,40.0,True,True,20838.94,338430.06,False,False,False,86.2,24.2,[],1.0
c22c4f1b-3986-40eb-a4a3-4da233987a8d,1.0,acme-mining,site-02,fleet_telemetry,ACME-S02-TRUCK-063,haul_truck,2026-09-01T16:18:11.854Z,3,-16.628077,-71.558982,45.5,0.8,Dump-A,cycle-acme-s02-truck-063-00001,dumping,0.0,240.0,57298.88,34.4,True,True,6857.87,25151.82,False,False,False,93.4,23.8,[],1.0
c2e3da20-c632-48d0-bda0-65496aa8194e,1.0,acme-mining,site-02,fleet_telemetry,ACME-S02-TRUCK-064,haul_truck,2026-09-01T16:18:11.854Z,3,-16.658631,-71.536816,47.6,0.6,Dump-A,cycle-acme-s02-truck-064-00001,dumping,0.0,240.0,95648.49,63.7,True,True,9292.33,379277.48,False,False,False,95.9,25.0,[],1.0
1a5c372d-bd26-4a4f-87c8-dfff9ce4f577,1.0,acme-mining,site-02,fleet_telemetry,ACME-S02-TRUCK-065,haul_truck,2026-09-01T16:18:11.854Z,3,-16.654926,-71.557772,144.8,1.4,Dump-A,cycle-acme-s02-truck-065-00001,dumping,0.0,240.0,278859.14,34.0,True,True,18296.6,412642.26,False,False,False,89.5,24.6,[],1.0
e6c35265-a0a0-4d57-8fd4-3c05e06d17e5,1.0,acme-mining,site-02,fleet_telemetry,ACME-S02-TRUCK-066,haul_truck,2026-09-01T16:18:11.854Z,3,-16.590396,-71.610265,323.3,1.1,Dump-A,cycle-acme-s02-truck-066-00001,dumping,0.0,240.0,97585.63,60.6,True,True,20705.71,495628.1,False,False,False,95.0,24.6,[],1.0
d0a00051-d9d4-42d9-8e13-6462f2594170,1.0,acme-mining,site-02,fleet_telemetry,ACME-S02-TRUCK-067,haul_truck,2026-09-01T16:18:11.854Z,3,-16.648042,-71.46849,265.9,0.9,Dump-A,cycle-acme-s02-truck-067-00001,dumping,0.0,240.0,75534.05,87.5,True,True,17844.08,347179.67,False,False,False,86.5,24.3,[],1.0
1c0e1623-18ea-4c3c-ac5c-c74ff7002a74,1.0,acme-mining,site-02,fleet_telemetry,ACME-S02-TRUCK-068,haul_truck,2026-09-01T16:18:11.854Z,3,-16.537893,-71.532312,300.4,0.7,Dump-A,cycle-acme-s02-truck-068-00001,dumping,0.0,240.0,141663.27,48.5,True,True,21801.06,485771.25,False,False,False,90.5,24.2,[],1.0
e998b327-afaf-468e-beaf-4516c7cfadbe,1.0,acme-mining,site-02,fleet_telemetry,ACME-S02-TRUCK-069,haul_truck,2026-09-01T16:18:11.854Z,3,-16.603746,-71.568263,275.7,0.7,Dump-A,cycle-acme-s02-truck-069-00001,dumping,0.0,240.0,155745.58,32.7,True,True,10867.73,30481.33,False,False,False,87.8,25.1,[],1.0
ae6854ed-3564-4cde-8d8f-d38f17ba9712,1.0,acme-mining,site-02,fleet_telemetry,ACME-S02-TRUCK-070,haul_truck,2026-09-01T16:18:11.854Z,3,-16.577861,-71.581105,213.6,1.4,Dump-A,cycle-acme-s02-truck-070-00001,dumping,0.0,240.0,298460.19,93.0,True,True,13454.49,187284.21,False,False,False,95.0,24.3,[],1.0
9a33d030-414b-42f2-b143-d2012c23154e,1.0,acme-mining,site-02,fleet_telemetry,ACME-S02-TRUCK-071,haul_truck,2026-09-01T16:18:11.854Z,3,-16.646739,-71.508594,183.1,1.0,Dump-A,cycle-acme-s02-truck-071-00001,dumping,0.0,240.0,282683.92,83.9,True,True,4414.86,416285.95,False,False,False,90.4,24.6,[],1.0
29724c5a-4d8e-46a3-b240-33150abf66b5,1.0,acme-mining,site-02,fleet_telemetry,ACME-S02-TRUCK-072,haul_truck,2026-09-01T16:18:11.854Z,3,-16.637787,-71.537217,122.8,1.4,Dump-A,cycle-acme-s02-truck-072-00001,dumping,0.0,240.0,194263.49,53.9,True,True,4844.63,297854.34,False,False,False,89.0,24.6,[],1.0
7ab7734e-37c1-49fe-afa5-33b65b7b9446,1.0,acme-mining,site-02,fleet_telemetry,ACME-S02-TRUCK-073,haul_truck,2026-09-01T16:18:11.854Z,3,-16.637229,-71.565505,153.6,1.3,Dump-A,cycle-acme-s02-truck-073-00001,dumping,0.0,240.0,37403.93,34.7,True,True,19303.74,483577.52,False,False,False,94.4,24.3,[],1.0
3e4f17d7-14b0-454c-9500-f44cb72f633b,1.0,acme-mining,site-02,fleet_telemetry,ACME-S02-TRUCK-074,haul_truck,2026-09-01T16:18:11.854Z,3,-16.583015,-71.509366,293.0,0.5,Dump-A,cycle-acme-s02-truck-074-00001,dumping,0.0,240.0,212252.12,62.3,True,True,8788.69,622711.91,False,False,False,87.4,24.8,[],1.0
14532b35-3c37-43bd-adab-605350685314,1.0,acme-mining,site-02,fleet_telemetry,ACME-S02-TRUCK-075,haul_truck,2026-09-01T16:18:11.854Z,3,-16.634431,-71.461836,207.0,1.5,Dump-A,cycle-acme-s02-truck-075-00001,dumping,0.0,240.0,118468.58,64.1,True,True,13733.63,141126.47,False,False,False,91.2,24.7,[],1.0
e13f1fdf-3374-4832-89f8-862c27bf4910,1.0,acme-mining,site-02,fleet_telemetry,ACME-S02-TRUCK-076,haul_truck,2026-09-01T16:18:11.854Z,3,-16.580736,-71.467995,98.6,0.1,Dump-A,cycle-acme-s02-truck-076-00001,dumping,0.0,240.0,225161.52,58.6,True,True,15743.9,454851.18,False,False,False,87.2,24.4,[],1.0
7af1ed06-fe18-43cf-91b6-e30a7a946d79,1.0,acme-mining,site-02,fleet_telemetry,ACME-S02-TRUCK-077,haul_truck,2026-09-01T16:18:11.854Z,3,-16.539441,-71.464768,355.9,1.3,Dump-A,cycle-acme-s02-truck-077-00001,dumping,0.0,240.0,177065.6,93.6,True,True,3383.74,446272.07,False,False,False,95.2,24.9,[],1.0
51d9ed11-2c73-4592-adb6-f0db11ef4e12,1.0,acme-mining,site-02,fleet_telemetry,ACME-S02-TRUCK-078,haul_truck,2026-09-01T16:18:11.854Z,3,-16.565449,-71.497923,74.4,1.4,Dump-A,cycle-acme-s02-truck-078-00001,dumping,0.0,240.0,44773.11,89.7,True,True,1691.81,621847.68,False,False,False,87.4,25.0,[],1.0
f99c1435-63d3-40cf-8fae-16f2e989b63a,1.0,acme-mining,site-02,fleet_telemetry,ACME-S02-TRUCK-079,haul_truck,2026-09-01T16:18:11.854Z,3,-16.551858,-71.579207,194.3,1.1,Dump-A,cycle-acme-s02-truck-079-00001,dumping,0.0,240.0,129513.61,32.6,True,True,6548.02,374071.41,False,False,False,114.6,24.9,"[""ENG_OVERHEAT""]",0.72
2742a5de-633f-48e3-94e0-f436338e2b5e,1.0,acme-mining,site-02,fleet_telemetry,ACME-S02-TRUCK-080,haul_truck,2026-09-01T16:18:11.854Z,3,-16.59481,-71.508502,73.1,0.0,Dump-A,cycle-acme-s02-truck-080-00001,dumping,0.0,240.0,54087.26,48.1,True,True,5584.24,166687.12,False,False,False,86.3,25.1,[],1.0
9538d922-de7e-4331-a642-2f07fbcea139,1.0,beta-minerals,north-site,fleet_telemetry,BETA-NORTH-TRUCK-001,haul_truck,2026-09-01T16:18:11.854Z,3,-16.562044,-71.591186,2.0,0.3,Dump-A,cycle-beta-north-truck-001-00001,dumping,0.0,240.0,383639.36,70.3,True,True,17975.95,92503.78,False,False,False,95.9,24.8,[],1.0
338b90d3-81fb-492e-ab92-af648a26eece,1.0,beta-minerals,north-site,fleet_telemetry,BETA-NORTH-TRUCK-002,haul_truck,2026-09-01T16:18:11.854Z,3,-16.596468,-71.48984,34.1,0.3,Dump-A,cycle-beta-north-truck-002-00001,dumping,0.0,240.0,155635.61,54.8,True,True,11739.07,367703.54,False,False,False,90.6,24.7,[],1.0
9643fc24-3c62-4527-82a9-61dba9d73c29,1.0,beta-minerals,north-site,fleet_telemetry,BETA-NORTH-TRUCK-003,haul_truck,2026-09-01T16:18:11.854Z,3,-16.63881,-71.522741,317.9,0.9,Dump-A,cycle-beta-north-truck-003-00001,dumping,0.0,240.0,22844.76,68.0,True,True,14378.16,292244.75,False,False,False,92.4,24.3,[],1.0
7ad98189-c412-405d-a0ee-549bb39e935d,1.0,beta-minerals,north-site,fleet_telemetry,BETA-NORTH-TRUCK-004,haul_truck,2026-09-01T16:18:11.854Z,3,-16.654114,-71.477992,328.1,0.0,Dump-A,cycle-beta-north-truck-004-00001,dumping,0.0,240.0,365841.27,29.4,True,True,5162.64,493965.11,False,False,False,88.8,24.4,[],1.0
3fecc569-d99b-4058-a3b0-122f028a1d70,1.0,beta-minerals,north-site,fleet_telemetry,BETA-NORTH-TRUCK-005,haul_truck,2026-09-01T16:18:11.854Z,3,-16.515853,-71.567374,336.3,1.1,Dump-A,cycle-beta-north-truck-005-00001,dumping,0.0,240.0,305108.79,59.3,True,True,4977.98,91791.68,False,False,False,93.7,24.6,[],1.0
74212ea2-81c5-48b4-ad1f-d9816838a1a1,1.0,beta-minerals,north-site,fleet_telemetry,BETA-NORTH-TRUCK-006,haul_truck,2026-09-01T16:18:11.854Z,3,-16.540203,-71.504536,37.1,1.0,Dump-A,cycle-beta-north-truck-006-00001,dumping,0.0,240.0,382027.99,68.2,True,True,13244.5,239192.58,False,False,False,91.9,24.1,[],1.0
814812ce-ccb7-48aa-8e2b-9d6e5875ad0e,1.0,beta-minerals,north-site,fleet_telemetry,BETA-NORTH-TRUCK-007,haul_truck,2026-09-01T16:18:11.854Z,3,-16.641125,-71.506538,188.0,0.3,Dump-A,cycle-beta-north-truck-007-00001,dumping,0.0,240.0,61859.29,46.4,True,True,2596.75,104387.15,False,False,False,87.3,24.7,[],1.0
7dc08752-6812-4334-99c8-9317dc49917c,1.0,beta-minerals,north-site,fleet_telemetry,BETA-NORTH-TRUCK-008,haul_truck,2026-09-01T16:18:11.854Z,3,-16.584416,-71.470426,217.7,0.6,Dump-A,cycle-beta-north-truck-008-00001,dumping,0.0,240.0,196137.23,59.1,True,True,13444.23,382127.85,False,False,False,94.5,25.2,[],1.0
bf14c98b-ad0a-4934-92b1-dd14807c77bc,1.0,beta-minerals,north-site,fleet_telemetry,BETA-NORTH-TRUCK-009,haul_truck,2026-09-01T16:18:11.854Z,3,-16.598236,-71.608935,75.3,1.1,Dump-A,cycle-beta-north-truck-009-00001,dumping,0.0,240.0,71730.64,47.0,True,True,12564.15,328474.54,False,False,False,95.1,23.8,[],1.0
f11a84de-9235-458e-81bd-9c6cc059b038,1.0,beta-minerals,north-site,fleet_telemetry,BETA-NORTH-TRUCK-010,haul_truck,2026-09-01T16:18:11.854Z,3,-16.565906,-71.552024,221.3,0.3,Dump-A,cycle-beta-north-truck-010-00001,dumping,0.0,240.0,178935.6,64.3,True,True,11073.71,142930.99,False,False,False,95.3,24.0,[],1.0
15c65daa-347b-49df-8fee-93ec35e937c1,1.0,beta-minerals,north-site,fleet_telemetry,BETA-NORTH-TRUCK-011,haul_truck,2026-09-01T16:18:11.854Z,3,-16.623648,-71.573544,49.3,0.7,Dump-A,cycle-beta-north-truck-011-00001,dumping,0.0,240.0,23578.87,78.3,True,True,11160.43,72082.54,False,False,False,114.7,24.9,"[""ENG_OVERHEAT""]",0.72
fea066da-481b-4bf7-9e88-40c8c351b60c,1.0,beta-minerals,north-site,fleet_telemetry,BETA-NORTH-TRUCK-012,haul_truck,2026-09-01T16:18:11.854Z,3,-16.588668,-71.525858,273.5,0.6,Dump-A,cycle-beta-north-truck-012-00001,dumping,0.0,240.0,349921.12,59.7,True,True,17351.7,376359.84,False,False,False,89.0,24.1,[],1.0
7d947aa3-a4d1-4dc1-bc87-005bd1846a24,1.0,beta-minerals,north-site,fleet_telemetry,BETA-NORTH-TRUCK-013,haul_truck,2026-09-01T16:18:11.854Z,3,-16.55535,-71.530094,127.8,0.6,Dump-A,cycle-beta-north-truck-013-00001,dumping,0.0,240.0,371948.97,27.9,True,True,18253.6,251122.96,False,False,False,93.1,25.0,[],1.0
30ca8c7f-2e71-458a-9e44-9ea725f5c1fb,1.0,beta-minerals,north-site,fleet_telemetry,BETA-NORTH-TRUCK-014,haul_truck,2026-09-01T16:18:11.854Z,3,-16.665249,-71.575464,77.0,0.5,Dump-A,cycle-beta-north-truck-014-00001,dumping,0.0,240.0,118914.08,86.2,True,True,16402.96,431813.22,False,False,False,92.1,24.0,[],1.0
c3963959-bff3-4028-8aff-3adb71c4dab4,1.0,beta-minerals,north-site,fleet_telemetry,BETA-NORTH-TRUCK-015,haul_truck,2026-09-01T16:18:11.854Z,3,-16.540704,-71.523442,157.4,1.0,Dump-A,cycle-beta-north-truck-015-00001,dumping,0.0,240.0,351278.09,41.6,True,True,10108.29,646193.4,False,False,False,87.4,24.4,[],1.0
3655b393-4113-438f-bd04-d96f06bf42f2,1.0,beta-minerals,north-site,fleet_telemetry,BETA-NORTH-TRUCK-016,haul_truck,2026-09-01T16:18:11.854Z,3,-16.660895,-71.561382,323.8,1.0,Dump-A,cycle-beta-north-truck-016-00001,dumping,0.0,240.0,100912.81,39.5,True,True,4318.81,107718.08,False,False,False,87.2,24.7,[],1.0
05fb3cb4-92d4-439b-bea4-39d6c87e2680,1.0,beta-minerals,north-site,fleet_telemetry,BETA-NORTH-TRUCK-017,haul_truck,2026-09-01T16:18:11.854Z,3,-16.517997,-71.535196,277.4,0.3,Dump-A,cycle-beta-north-truck-017-00001,dumping,0.0,240.0,138759.43,65.1,True,True,4369.6,636770.14,False,False,False,94.6,24.3,[],1.0
7f429a9a-0efe-4542-b041-a9fddd8f1a9d,1.0,beta-minerals,north-site,fleet_telemetry,BETA-NORTH-TRUCK-018,haul_truck,2026-09-01T16:18:11.854Z,3,-16.626046,-71.512551,331.3,0.6,Dump-A,cycle-beta-north-truck-018-00001,dumping,0.0,240.0,191102.5,29.1,True,True,3674.49,492559.34,False,False,False,94.8,24.1,[],1.0
4b5b666c-128a-499b-9e0b-b7a3e9a90e9f,1.0,beta-minerals,north-site,fleet_telemetry,BETA-NORTH-TRUCK-019,haul_truck,2026-09-01T16:18:11.854Z,3,-16.562184,-71.539191,70.5,0.6,Dump-A,cycle-beta-north-truck-019-00001,dumping,0.0,240.0,374532.15,78.3,True,True,6093.16,468178.83,False,False,False,96.0,24.3,[],1.0
c2919837-cd23-4a0c-8580-163a826f6553,1.0,beta-minerals,north-site,fleet_telemetry,BETA-NORTH-TRUCK-020,haul_truck,2026-09-01T16:18:11.854Z,3,-16.547379,-71.553043,327.9,0.3,Dump-A,cycle-beta-north-truck-020-00001,dumping,0.0,240.0,43227.32,80.6,True,True,14109.64,256358.61,False,False,False,89.3,25.1,[],1.0
af0f0a89-5d2b-492f-b49c-f94541e00b97,1.0,beta-minerals,north-site,fleet_telemetry,BETA-NORTH-TRUCK-021,haul_truck,2026-09-01T16:18:11.854Z,3,-16.534835,-71.602602,230.9,0.8,Dump-A,cycle-beta-north-truck-021-00001,dumping,0.0,240.0,266060.6,85.8,True,True,10439.55,327468.08,False,False,False,111.8,24.4,"[""ENG_OVERHEAT""]",0.72
00af0065-33d4-48ff-9dba-c4a4ae14378b,1.0,beta-minerals,north-site,fleet_telemetry,BETA-NORTH-TRUCK-022,haul_truck,2026-09-01T16:18:11.854Z,3,-16.538425,-71.538361,20.6,1.5,Dump-A,cycle-beta-north-truck-022-00001,dumping,0.0,240.0,184995.14,92.8,True,True,18822.26,521277.14,False,False,False,88.7,24.6,[],1.0
de31632b-4761-4523-a030-d43a4daf31e9,1.0,beta-minerals,north-site,fleet_telemetry,BETA-NORTH-TRUCK-023,haul_truck,2026-09-01T16:18:11.854Z,3,-16.61542,-71.508283,218.7,0.0,Dump-A,cycle-beta-north-truck-023-00001,dumping,0.0,240.0,259102.69,59.0,True,True,7960.41,384098.24,False,False,False,90.7,24.4,[],1.0
183053a5-01db-4aa4-b2cc-33a602ab744c,1.0,beta-minerals,north-site,fleet_telemetry,BETA-NORTH-TRUCK-024,haul_truck,2026-09-01T16:18:11.854Z,3,-16.645103,-71.544445,196.4,0.3,Dump-A,cycle-beta-north-truck-024-00001,dumping,0.0,240.0,17163.96,90.0,True,True,14075.01,547122.43,False,False,False,92.5,23.9,[],1.0
e03506c8-b877-46ab-8a74-24ab157d14bc,1.0,beta-minerals,north-site,fleet_telemetry,BETA-NORTH-TRUCK-025,haul_truck,2026-09-01T16:18:11.854Z,3,-16.644971,-71.46825,254.0,0.6,Dump-A,cycle-beta-north-truck-025-00001,dumping,0.0,240.0,68041.92,70.5,True,True,5089.15,453812.94,False,False,False,93.1,24.0,[],1.0
2689b8c5-5805-4dfc-a141-6c7e243ad927,1.0,beta-minerals,north-site,fleet_telemetry,BETA-NORTH-TRUCK-026,haul_truck,2026-09-01T16:18:11.854Z,3,-16.606968,-71.568632,43.0,1.3,Dump-A,cycle-beta-north-truck-026-00001,dumping,0.0,240.0,407672.28,36.6,True,True,6108.26,254261.61,False,False,False,94.3,24.4,[],1.0
10b7ae97-7750-4c64-979b-36582c185654,1.0,beta-minerals,north-site,fleet_telemetry,BETA-NORTH-TRUCK-027,haul_truck,2026-09-01T16:18:11.854Z,3,-16.657933,-71.522511,99.9,1.1,Dump-A,cycle-beta-north-truck-027-00001,dumping,0.0,240.0,51880.98,39.9,True,True,9899.7,77455.55,False,False,False,94.6,25.0,[],1.0
8259b819-04d7-40e8-8fe3-78f6abe3b761,1.0,beta-minerals,north-site,fleet_telemetry,BETA-NORTH-TRUCK-028,haul_truck,2026-09-01T16:18:11.854Z,3,-16.602834,-71.596347,241.8,1.0,Dump-A,cycle-beta-north-truck-028-00001,dumping,0.0,240.0,369528.13,94.2,True,True,996.89,458226.24,False,False,False,89.3,25.1,[],1.0
4671df43-2fd0-463f-ab80-1def053255a5,1.0,beta-minerals,north-site,fleet_telemetry,BETA-NORTH-TRUCK-029,haul_truck,2026-09-01T16:18:11.854Z,3,-16.62251,-71.556247,259.9,1.3,Dump-A,cycle-beta-north-truck-029-00001,dumping,0.0,240.0,55408.84,50.7,True,True,2693.82,527752.86,False,False,False,95.9,24.3,[],1.0
7cc2398f-d023-4062-a220-0f7900b934ab,1.0,beta-minerals,north-site,fleet_telemetry,BETA-NORTH-TRUCK-030,haul_truck,2026-09-01T16:18:11.854Z,3,-16.572742,-71.591226,240.3,0.0,Dump-A,cycle-beta-north-truck-030-00001,dumping,0.0,240.0,40101.27,64.4,True,True,14401.42,446596.41,False,False,False,90.2,23.9,[],1.0
3fce0c3a-e590-4b76-8d39-7f92fb7afc91,1.0,beta-minerals,north-site,fleet_telemetry,BETA-NORTH-TRUCK-031,haul_truck,2026-09-01T16:18:11.854Z,3,-16.532809,-71.603635,96.0,0.3,Dump-A,cycle-beta-north-truck-031-00001,dumping,0.0,240.0,191152.51,73.0,True,True,14115.3,115365.75,False,False,False,87.5,24.0,[],1.0
59702720-79f7-4e5b-8330-477972acca6c,1.0,beta-minerals,north-site,fleet_telemetry,BETA-NORTH-TRUCK-032,haul_truck,2026-09-01T16:18:11.854Z,3,-16.648042,-71.573193,147.3,0.1,Dump-A,cycle-beta-north-truck-032-00001,dumping,0.0,240.0,433829.59,47.0,True,True,13298.97,261940.15,False,False,False,92.9,24.7,[],1.0
f4382ffd-ee28-4b96-b285-552cfcbe467e,1.0,beta-minerals,north-site,fleet_telemetry,BETA-NORTH-TRUCK-033,haul_truck,2026-09-01T16:18:11.854Z,3,-16.666091,-71.481963,201.7,1.3,Dump-A,cycle-beta-north-truck-033-00001,dumping,0.0,240.0,135365.32,90.9,True,True,13541.18,474343.21,False,False,False,89.1,24.0,[],1.0
b756a8e4-714d-448f-97bd-7f3ae6e72fe9,1.0,beta-minerals,north-site,fleet_telemetry,BETA-NORTH-TRUCK-034,haul_truck,2026-09-01T16:18:11.854Z,3,-16.661664,-71.473841,334.8,0.7,Dump-A,cycle-beta-north-truck-034-00001,dumping,0.0,240.0,339051.36,45.7,True,True,11776.29,340999.26,False,False,False,86.9,23.9,[],1.0
9476b2ef-c0e1-4a00-9dc8-d9da443000fe,1.0,beta-minerals,north-site,fleet_telemetry,BETA-NORTH-TRUCK-035,haul_truck,2026-09-01T16:18:11.854Z,3,-16.528204,-71.615586,114.3,1.4,Dump-A,cycle-beta-north-truck-035-00001,dumping,0.0,240.0,290756.39,30.0,True,True,8980.78,171881.55,False,False,False,86.9,24.7,[],1.0
2fcf5f3d-9426-4b75-b317-74149ef6c3fe,1.0,beta-minerals,north-site,fleet_telemetry,BETA-NORTH-TRUCK-036,haul_truck,2026-09-01T16:18:11.854Z,3,-16.56114,-71.495468,229.6,0.0,Dump-A,cycle-beta-north-truck-036-00001,dumping,0.0,240.0,260087.53,50.6,True,True,3598.04,562312.86,False,False,False,86.1,24.4,[],1.0
40f49454-71f2-439a-b502-01158ee3cbd2,1.0,beta-minerals,north-site,fleet_telemetry,BETA-NORTH-TRUCK-037,haul_truck,2026-09-01T16:18:11.854Z,3,-16.660711,-71.491227,245.1,1.3,Dump-A,cycle-beta-north-truck-037-00001,dumping,0.0,240.0,125361.68,27.8,True,True,1153.82,62545.56,False,False,False,89.1,25.1,[],1.0
d5658be9-b684-4e61-9861-d2ce74fb21c1,1.0,beta-minerals,north-site,fleet_telemetry,BETA-NORTH-TRUCK-038,haul_truck,2026-09-01T16:18:11.854Z,3,-16.584394,-71.593075,111.7,1.3,Dump-A,cycle-beta-north-truck-038-00001,dumping,0.0,240.0,187002.22,69.8,True,True,17062.74,286852.44,False,False,False,93.4,24.3,[],1.0
80fdea61-49f7-49f4-ba30-599161d3afc9,1.0,beta-minerals,north-site,fleet_telemetry,BETA-NORTH-TRUCK-039,haul_truck,2026-09-01T16:18:11.854Z,3,-16.607892,-71.516016,149.0,0.4,Dump-A,cycle-beta-north-truck-039-00001,dumping,0.0,240.0,365546.6,62.5,True,True,11639.66,148014.47,False,False,False,91.7,25.0,[],1.0
a840f7cb-0bbb-4aaa-8612-601d8e6bc637,1.0,beta-minerals,north-site,fleet_telemetry,BETA-NORTH-TRUCK-040,haul_truck,2026-09-01T16:18:11.854Z,3,-16.631283,-71.469543,93.3,0.4,Dump-A,cycle-beta-north-truck-040-00001,dumping,0.0,240.0,429508.47,41.7,True,True,7375.6,295616.26,False,False,False,95.8,24.4,[],1.0
878de3a8-ecc0-4507-89d4-7b3665bd5ca7,1.0,beta-minerals,north-site,fleet_telemetry,BETA-NORTH-TRUCK-041,haul_truck,2026-09-01T16:18:11.854Z,3,-16.557136,-71.505249,278.0,0.1,Dump-A,cycle-beta-north-truck-041-00001,dumping,0.0,240.0,335889.76,33.3,True,True,7356.95,487266.95,False,False,False,89.6,24.5,[],1.0
c5c4f557-b46c-45a4-b323-43a3fb4c3b57,1.0,beta-minerals,north-site,fleet_telemetry,BETA-NORTH-TRUCK-042,haul_truck,2026-09-01T16:18:11.854Z,3,-16.6501,-71.492521,341.8,1.2,Dump-A,cycle-beta-north-truck-042-00001,dumping,0.0,240.0,327136.99,36.7,True,True,11887.72,513281.93,False,False,False,87.7,24.6,[],1.0
61f036b1-2cb3-4f5d-8b5d-24a51ec24b87,1.0,beta-minerals,north-site,fleet_telemetry,BETA-NORTH-TRUCK-043,haul_truck,2026-09-01T16:18:11.854Z,3,-16.660166,-71.503509,156.1,0.2,Dump-A,cycle-beta-north-truck-043-00001,dumping,0.0,240.0,365127.61,44.0,True,True,17154.33,38494.48,False,False,False,95.9,24.7,[],1.0
4eb015c6-a921-44d7-b960-cb55244474b8,1.0,beta-minerals,north-site,fleet_telemetry,BETA-NORTH-TRUCK-044,haul_truck,2026-09-01T16:18:11.854Z,3,-16.643699,-71.592343,348.6,1.0,Dump-A,cycle-beta-north-truck-044-00001,dumping,0.0,240.0,34393.37,85.1,True,True,11318.33,341792.64,False,False,False,89.4,24.6,[],1.0
ce4ef59b-aeec-43a6-a367-8b8c827b2668,1.0,beta-minerals,north-site,fleet_telemetry,BETA-NORTH-TRUCK-045,haul_truck,2026-09-01T16:18:11.854Z,3,-16.532993,-71.615537,75.8,1.1,Dump-A,cycle-beta-north-truck-045-00001,dumping,0.0,240.0,335943.34,25.2,True,True,15091.36,92660.26,False,False,False,91.1,24.1,[],1.0
da0b79a6-0754-4904-9a88-541f5be4ed12,1.0,beta-minerals,north-site,fleet_telemetry,BETA-NORTH-TRUCK-046,haul_truck,2026-09-01T16:18:11.854Z,3,-16.581952,-71.471275,227.1,0.4,Dump-A,cycle-beta-north-truck-046-00001,dumping,0.0,240.0,419710.6,85.0,True,True,8919.17,114553.38,False,False,False,91.2,24.5,[],1.0
36bd66d0-31cc-41b0-b379-9d905b36443f,1.0,beta-minerals,north-site,fleet_telemetry,BETA-NORTH-TRUCK-047,haul_truck,2026-09-01T16:18:11.854Z,3,-16.538246,-71.526058,236.9,0.7,Dump-A,cycle-beta-north-truck-047-00001,dumping,0.0,240.0,412976.26,47.4,True,True,5559.73,176405.85,False,False,False,91.6,25.1,[],1.0
b1b524ff-70b9-4024-a028-183a79cdce4c,1.0,beta-minerals,north-site,fleet_telemetry,BETA-NORTH-TRUCK-048,haul_truck,2026-09-01T16:18:11.854Z,3,-16.659373,-71.543069,324.3,0.5,Dump-A,cycle-beta-north-truck-048-00001,dumping,0.0,240.0,441822.26,91.8,True,True,4602.1,526733.01,False,False,False,89.6,24.0,[],1.0
a8b70893-60b1-449a-8376-f1e13e2fcdb3,1.0,beta-minerals,north-site,fleet_telemetry,BETA-NORTH-TRUCK-049,haul_truck,2026-09-01T16:18:11.854Z,3,-16.58021,-71.568872,67.3,0.7,Dump-A,cycle-beta-north-truck-049-00001,dumping,0.0,240.0,13506.6,39.0,True,True,7738.78,368447.62,False,False,False,95.0,24.3,[],1.0
2c91abe3-34de-4fd6-853c-817c5c4720c8,1.0,beta-minerals,north-site,fleet_telemetry,BETA-NORTH-TRUCK-050,haul_truck,2026-09-01T16:18:11.854Z,3,-16.553211,-71.530045,158.0,0.2,Dump-A,cycle-beta-north-truck-050-00001,dumping,0.0,240.0,449026.49,79.3,True,True,8607.41,632270.43,False,False,False,93.5,24.7,[],1.0
7cf0d26f-d906-450e-8ecb-c4c2c27172ba,1.0,beta-minerals,north-site,fleet_telemetry,BETA-NORTH-TRUCK-051,haul_truck,2026-09-01T16:18:11.854Z,3,-16.536065,-71.477132,170.4,0.9,Dump-A,cycle-beta-north-truck-051-00001,dumping,0.0,240.0,112519.17,49.2,True,True,935.22,278322.8,False,False,False,93.3,24.1,[],1.0
a54494f3-489e-447c-804a-50197bf1388c,1.0,beta-minerals,north-site,fleet_telemetry,BETA-NORTH-TRUCK-052,haul_truck,2026-09-01T16:18:11.854Z,3,-16.637575,-71.460192,144.4,1.1,Dump-A,cycle-beta-north-truck-052-00001,dumping,0.0,240.0,334756.53,46.5,True,True,16889.3,257053.18,False,False,False,90.8,23.9,[],1.0
279d09dc-830e-4259-947d-6e445c55883d,1.0,beta-minerals,north-site,fleet_telemetry,BETA-NORTH-TRUCK-053,haul_truck,2026-09-01T16:18:11.854Z,3,-16.633374,-71.482204,333.6,1.4,Dump-A,cycle-beta-north-truck-053-00001,dumping,0.0,240.0,133123.28,28.1,True,True,21418.26,109695.34,False,False,False,95.3,24.0,[],1.0
646de6bb-f3f1-4fb4-a523-e8d76b919c34,1.0,beta-minerals,north-site,fleet_telemetry,BETA-NORTH-TRUCK-054,haul_truck,2026-09-01T16:18:11.854Z,3,-16.568429,-71.554421,213.4,0.6,Dump-A,cycle-beta-north-truck-054-00001,dumping,0.0,240.0,265539.24,60.4,True,True,10519.31,491176.67,False,False,False,91.8,24.0,[],1.0
6e791a4f-9f06-4e04-be1a-d1b8d9753737,1.0,beta-minerals,north-site,fleet_telemetry,BETA-NORTH-TRUCK-055,haul_truck,2026-09-01T16:18:11.854Z,3,-16.620013,-71.489387,251.1,0.2,Dump-A,cycle-beta-north-truck-055-00001,dumping,0.0,240.0,114179.72,43.3,True,True,10021.64,627457.56,False,False,False,92.0,24.5,[],1.0
5603e4bc-fd52-4ec8-9329-b8bd0d20726b,1.0,beta-minerals,north-site,fleet_telemetry,BETA-NORTH-TRUCK-056,haul_truck,2026-09-01T16:18:11.854Z,3,-16.545595,-71.523928,238.8,1.4,Dump-A,cycle-beta-north-truck-056-00001,dumping,0.0,240.0,42862.63,39.2,True,True,7542.83,191332.25,False,False,False,87.4,24.9,[],1.0
19ad2ec4-f320-40bd-987d-1923b8bbeca6,1.0,beta-minerals,north-site,fleet_telemetry,BETA-NORTH-TRUCK-057,haul_truck,2026-09-01T16:18:11.854Z,3,-16.547159,-71.545207,50.9,0.1,Dump-A,cycle-beta-north-truck-057-00001,dumping,0.0,240.0,63124.33,50.1,True,True,10330.82,217841.02,False,False,False,93.9,24.3,[],1.0
f085d80f-7dbe-4ed8-abe8-596c0801b302,1.0,beta-minerals,north-site,fleet_telemetry,BETA-NORTH-TRUCK-058,haul_truck,2026-09-01T16:18:11.854Z,3,-16.573871,-71.583105,72.1,0.6,Dump-A,cycle-beta-north-truck-058-00001,dumping,0.0,240.0,143854.75,74.3,True,True,2716.93,528786.1,False,False,False,92.6,24.0,[],1.0
e8571f17-bc1c-4d2d-9db1-2420af1d555d,1.0,beta-minerals,north-site,fleet_telemetry,BETA-NORTH-TRUCK-059,haul_truck,2026-09-01T16:18:11.854Z,3,-16.562069,-71.575887,157.1,0.5,Dump-A,cycle-beta-north-truck-059-00001,dumping,0.0,240.0,166526.97,60.9,True,True,2733.72,176377.87,False,False,False,94.6,24.8,[],1.0
14a3a919-f64f-49dd-9f9b-6a4f0d4b651a,1.0,beta-minerals,north-site,fleet_telemetry,BETA-NORTH-TRUCK-060,haul_truck,2026-09-01T16:18:11.854Z,3,-16.655231,-71.601193,1.8,0.2,Dump-A,cycle-beta-north-truck-060-00001,dumping,0.0,240.0,254619.82,63.5,True,True,20984.45,558398.87,False,False,False,93.8,24.0,[],1.0
34d22a12-5bf5-41e9-94bf-904d6bfad0d9,1.0,beta-minerals,north-site,fleet_telemetry,BETA-NORTH-TRUCK-061,haul_truck,2026-09-01T16:18:11.854Z,3,-16.53861,-71.557933,76.5,0.1,Dump-A,cycle-beta-north-truck-061-00001,dumping,0.0,240.0,442329.75,34.1,True,True,1053.49,543134.61,False,False,False,89.9,24.5,[],1.0
f3a5d4f0-20f3-44b4-81a0-16b64d940399,1.0,beta-minerals,north-site,fleet_telemetry,BETA-NORTH-TRUCK-062,haul_truck,2026-09-01T16:18:11.854Z,3,-16.660096,-71.473082,330.0,0.6,Dump-A,cycle-beta-north-truck-062-00001,dumping,0.0,240.0,367608.88,26.5,True,True,13145.27,183057.07,False,False,False,88.4,24.3,[],1.0
6e52682f-9b90-4dae-9fa7-d321b9d53246,1.0,beta-minerals,north-site,fleet_telemetry,BETA-NORTH-TRUCK-063,haul_truck,2026-09-01T16:18:11.854Z,3,-16.519651,-71.609388,117.7,0.5,Dump-A,cycle-beta-north-truck-063-00001,dumping,0.0,240.0,365910.53,33.6,True,True,2749.95,553783.58,False,False,False,90.0,24.2,[],1.0
4189ab87-aed7-47d2-83d9-2e607590f6da,1.0,beta-minerals,north-site,fleet_telemetry,BETA-NORTH-TRUCK-064,haul_truck,2026-09-01T16:18:11.854Z,3,-16.642762,-71.583155,192.2,1.0,Dump-A,cycle-beta-north-truck-064-00001,dumping,0.0,240.0,22972.37,72.8,True,True,18219.73,268849.22,False,False,False,92.0,24.3,[],1.0
f1df10ca-9e6c-444d-ba2a-d357d595d98d,1.0,beta-minerals,north-site,fleet_telemetry,BETA-NORTH-TRUCK-065,haul_truck,2026-09-01T16:18:11.854Z,3,-16.566841,-71.537661,318.7,1.0,Dump-A,cycle-beta-north-truck-065-00001,dumping,0.0,240.0,280207.06,68.2,True,True,10255.45,113637.83,False,False,False,86.3,24.0,[],1.0
422fb382-91ba-4f29-8363-21121eed61ba,1.0,beta-minerals,north-site,fleet_telemetry,BETA-NORTH-TRUCK-066,haul_truck,2026-09-01T16:18:11.854Z,3,-16.528846,-71.533364,0.6,0.4,Dump-A,cycle-beta-north-truck-066-00001,dumping,0.0,240.0,70384.01,38.9,True,True,2092.76,196258.91,False,False,False,91.0,24.6,[],1.0
7e76f830-aef5-454e-81d0-952514b2c5d1,1.0,beta-minerals,north-site,fleet_telemetry,BETA-NORTH-TRUCK-067,haul_truck,2026-09-01T16:18:11.854Z,3,-16.583294,-71.539961,179.9,0.6,Dump-A,cycle-beta-north-truck-067-00001,dumping,0.0,240.0,354043.1,50.1,True,True,17650.74,643324.33,False,False,False,88.3,23.9,[],1.0
aeb688b8-3089-4aba-997c-f8e0646db503,1.0,beta-minerals,north-site,fleet_telemetry,BETA-NORTH-TRUCK-068,haul_truck,2026-09-01T16:18:11.854Z,3,-16.665707,-71.487795,64.7,0.5,Dump-A,cycle-beta-north-truck-068-00001,dumping,0.0,240.0,21467.87,66.8,True,True,7618.02,190374.53,False,False,False,89.8,24.0,[],1.0
7a8b044d-3242-474d-ac31-e8defa067b65,1.0,beta-minerals,north-site,fleet_telemetry,BETA-NORTH-TRUCK-069,haul_truck,2026-09-01T16:18:11.854Z,3,-16.654395,-71.512416,93.9,0.5,Dump-A,cycle-beta-north-truck-069-00001,dumping,0.0,240.0,449826.69,93.2,True,True,12023.97,503110.6,False,False,False,90.8,25.1,[],1.0
455def8f-aa5e-4451-9376-4af13ad6fe86,1.0,beta-minerals,north-site,fleet_telemetry,BETA-NORTH-TRUCK-070,haul_truck,2026-09-01T16:18:11.854Z,3,-16.608259,-71.467859,38.3,0.3,Dump-A,cycle-beta-north-truck-070-00001,dumping,0.0,240.0,263304.69,93.8,True,True,16997.86,617115.6,False,False,False,91.2,24.9,[],1.0
1b7de064-e957-478c-a769-c5e6fd1816e3,1.0,beta-minerals,north-site,fleet_telemetry,BETA-NORTH-TRUCK-071,haul_truck,2026-09-01T16:18:11.854Z,3,-16.524177,-71.613005,145.6,0.5,Dump-A,cycle-beta-north-truck-071-00001,dumping,0.0,240.0,364732.66,73.8,True,True,4533.33,393287.33,False,False,False,92.6,24.9,[],1.0
327f5adc-1278-4c08-9fd9-4a45def8f6d9,1.0,beta-minerals,north-site,fleet_telemetry,BETA-NORTH-TRUCK-072,haul_truck,2026-09-01T16:18:11.854Z,3,-16.529339,-71.53873,247.0,0.2,Dump-A,cycle-beta-north-truck-072-00001,dumping,0.0,240.0,92822.97,94.1,True,True,12748.46,374758.64,False,False,False,91.1,23.8,[],1.0
607c916b-763a-4994-98ed-3406d3e4c8c2,1.0,beta-minerals,north-site,fleet_telemetry,BETA-NORTH-TRUCK-073,haul_truck,2026-09-01T16:18:11.854Z,3,-16.593933,-71.564407,19.6,1.0,Dump-A,cycle-beta-north-truck-073-00001,dumping,0.0,240.0,274731.79,26.4,True,True,1604.84,55385.86,False,False,False,90.2,24.4,[],1.0
599f3861-e647-488b-b467-88f581e81c6a,1.0,beta-minerals,north-site,fleet_telemetry,BETA-NORTH-TRUCK-074,haul_truck,2026-09-01T16:18:11.854Z,3,-16.660887,-71.593848,326.9,1.1,Dump-A,cycle-beta-north-truck-074-00001,dumping,0.0,240.0,363066.92,85.8,True,True,8024.1,131799.76,False,False,False,94.1,24.5,[],1.0
c2b21b68-34d9-4a2d-9541-cf5e424d1fe4,1.0,beta-minerals,north-site,fleet_telemetry,BETA-NORTH-TRUCK-075,haul_truck,2026-09-01T16:18:11.854Z,3,-16.610621,-71.466805,349.7,1.2,Dump-A,cycle-beta-north-truck-075-00001,dumping,0.0,240.0,388694.73,92.2,True,True,17216.57,553283.02,False,False,False,94.4,24.0,[],1.0
e473df51-f0d2-4fa8-a904-346c175bd19a,1.0,beta-minerals,north-site,fleet_telemetry,BETA-NORTH-TRUCK-076,haul_truck,2026-09-01T16:18:11.854Z,3,-16.600488,-71.515224,313.2,0.3,Dump-A,cycle-beta-north-truck-076-00001,dumping,0.0,240.0,439378.86,76.3,True,True,7935.1,223240.07,False,False,False,93.6,23.9,[],1.0
124ea1cb-0de2-41d4-b51a-f3ec4b65bef0,1.0,beta-minerals,north-site,fleet_telemetry,BETA-NORTH-TRUCK-077,haul_truck,2026-09-01T16:18:11.854Z,3,-16.544498,-71.581802,92.8,0.0,Dump-A,cycle-beta-north-truck-077-00001,dumping,0.0,240.0,315166.74,90.0,True,True,4493.1,630308.08,False,False,False,93.1,24.5,[],1.0
da87bf50-9987-4b8f-a539-d9788cf6c860,1.0,beta-minerals,north-site,fleet_telemetry,BETA-NORTH-TRUCK-078,haul_truck,2026-09-01T16:18:11.854Z,3,-16.670101,-71.50518,167.3,0.9,Dump-A,cycle-beta-north-truck-078-00001,dumping,0.0,240.0,139587.76,37.4,True,True,8821.75,482416.88,False,False,False,90.3,23.9,[],1.0
4c2cd915-ce6d-4007-be6c-d303e5bc17d4,1.0,beta-minerals,north-site,fleet_telemetry,BETA-NORTH-TRUCK-079,haul_truck,2026-09-01T16:18:11.854Z,3,-16.635069,-71.527017,215.7,1.3,Dump-A,cycle-beta-north-truck-079-00001,dumping,0.0,240.0,415256.98,92.7,True,True,1486.52,399504.9,False,False,False,86.5,24.3,[],1.0
7d760fb9-1e09-47eb-8af1-edc85de44fc3,1.0,beta-minerals,north-site,fleet_telemetry,BETA-NORTH-TRUCK-080,haul_truck,2026-09-01T16:18:11.854Z,3,-16.568598,-71.463401,8.5,0.6,Dump-A,cycle-beta-north-truck-080-00001,dumping,0.0,240.0,162596.62,47.4,True,True,7820.77,69018.24,False,False,False,93.7,24.2,[],1.0
f6c77cca-0f66-4701-bf85-1375b0c4c7ea,1.0,acme-mining,site-01,fleet_telemetry,ACME-S01-TRUCK-001,haul_truck,2026-09-01T16:18:16.854Z,4,-16.552558,-71.509225,153.1,26.6,Dump-A,cycle-acme-s01-truck-001-00001,returning,0.0,240.0,131013.18,40.6,True,False,14355.85,35756.85,False,False,False,90.5,24.4,[],1.0
598a08af-6976-4e0a-bb2d-cb958703ceae,1.0,acme-mining,site-01,fleet_telemetry,ACME-S01-TRUCK-002,haul_truck,2026-09-01T16:18:16.854Z,4,-16.574094,-71.527663,289.9,31.5,Dump-A,cycle-acme-s01-truck-002-00001,returning,0.0,240.0,51226.19,41.3,True,False,13318.45,40023.18,False,False,False,89.5,25.2,[],1.0
2488934f-2240-4cf4-9ad3-1d451ce31c4e,1.0,acme-mining,site-01,fleet_telemetry,ACME-S01-TRUCK-003,haul_truck,2026-09-01T16:18:16.854Z,4,-16.54901,-71.591949,134.4,58.7,Dump-A,cycle-acme-s01-truck-003-00001,returning,0.0,240.0,132404.19,85.8,True,False,9693.83,303001.82,False,False,True,88.9,24.3,[],1.0
9dd807a5-22c7-40c9-8a85-c4970bc77e4d,1.0,acme-mining,site-01,fleet_telemetry,ACME-S01-TRUCK-004,haul_truck,2026-09-01T16:18:16.854Z,4,-16.65491,-71.481932,181.0,38.2,Dump-A,cycle-acme-s01-truck-004-00001,returning,0.0,240.0,158101.88,31.5,True,False,4096.17,623044.33,False,False,False,88.1,25.0,[],1.0
8cca2369-f543-4780-b90b-2365a5cd8cbc,1.0,acme-mining,site-01,fleet_telemetry,ACME-S01-TRUCK-005,haul_truck,2026-09-01T16:18:16.854Z,4,-16.582069,-71.484806,169.1,25.9,Dump-A,cycle-acme-s01-truck-005-00001,returning,0.0,240.0,438171.22,51.5,True,False,16270.32,357823.79,False,False,False,93.2,25.2,[],1.0
4356eca4-32e4-48d7-9790-182e1f4374f0,1.0,acme-mining,site-01,fleet_telemetry,ACME-S01-TRUCK-006,haul_truck,2026-09-01T16:18:16.854Z,4,-16.624076,-71.604703,100.8,24.8,Dump-A,cycle-acme-s01-truck-006-00001,returning,0.0,240.0,30163.01,40.9,True,False,13039.87,463880.35,False,False,False,90.9,24.6,[],1.0
336e4072-ef7c-457e-a21f-385e07caa67c,1.0,acme-mining,site-01,fleet_telemetry,ACME-S01-TRUCK-007,haul_truck,2026-09-01T16:18:16.854Z,4,-16.613538,-71.510292,332.4,30.8,Dump-A,cycle-acme-s01-truck-007-00001,returning,0.0,240.0,377008.87,36.4,True,False,8858.68,305648.57,False,False,False,89.7,24.0,[],1.0
90c93066-f5cc-49dd-92b6-5b06be0366fc,1.0,acme-mining,site-01,fleet_telemetry,ACME-S01-TRUCK-008,haul_truck,2026-09-01T16:18:16.854Z,4,-16.609698,-71.459184,54.6,26.4,Dump-A,cycle-acme-s01-truck-008-00001,returning,0.0,240.0,330816.07,36.4,True,False,13713.58,127817.44,False,False,False,90.1,24.0,[],1.0
b4621842-49a3-4786-a14f-c7228211af26,1.0,acme-mining,site-01,fleet_telemetry,ACME-S01-TRUCK-009,haul_truck,2026-09-01T16:18:16.854Z,4,-16.538919,-71.488688,274.5,29.4,Dump-A,cycle-acme-s01-truck-009-00001,returning,0.0,240.0,348058.26,28.9,True,False,5455.85,224298.21,False,False,False,91.7,24.2,[],1.0
ad67d362-c2cc-4ab8-afc3-7318f725a020,1.0,acme-mining,site-01,fleet_telemetry,ACME-S01-TRUCK-010,haul_truck,2026-09-01T16:18:16.854Z,4,-16.565536,-71.554179,282.8,33.6,Dump-A,cycle-acme-s01-truck-010-00001,returning,0.0,240.0,395602.04,47.0,True,False,5272.84,614033.21,False,False,False,86.7,24.8,[],1.0
fc1e4e91-8481-4322-9f56-8552caac4b0c,1.0,acme-mining,site-01,fleet_telemetry,ACME-S01-TRUCK-011,haul_truck,2026-09-01T16:18:16.854Z,4,-16.550876,-71.548957,66.3,29.7,Dump-A,cycle-acme-s01-truck-011-00001,returning,0.0,240.0,337795.44,62.7,True,False,3828.88,107967.19,False,False,False,94.8,24.5,[],1.0
fb42d5f0-2b5b-455a-a134-de735df9131d,1.0,acme-mining,site-01,fleet_telemetry,ACME-S01-TRUCK-012,haul_truck,2026-09-01T16:18:16.854Z,4,-16.662841,-71.599937,269.1,32.3,Dump-A,cycle-acme-s01-truck-012-00001,returning,0.0,240.0,234191.85,31.3,True,False,5449.61,648448.78,False,False,False,88.6,23.8,[],1.0
02118743-95be-484f-9095-2ce2a730686b,1.0,acme-mining,site-01,fleet_telemetry,ACME-S01-TRUCK-013,haul_truck,2026-09-01T16:18:16.854Z,4,-16.630187,-71.528977,190.2,26.1,Dump-A,cycle-acme-s01-truck-013-00001,returning,0.0,240.0,272191.19,57.7,True,False,13443.88,262403.49,False,False,False,86.5,25.1,[],1.0
b91b8488-42d5-4036-9c9a-e2ba32a9df2c,1.0,acme-mining,site-01,fleet_telemetry,ACME-S01-TRUCK-014,haul_truck,2026-09-01T16:18:16.854Z,4,-16.652553,-71.547922,284.4,55.8,Dump-A,cycle-acme-s01-truck-014-00001,returning,0.0,240.0,127403.37,69.8,True,False,15252.27,358291.43,False,False,True,94.0,24.5,[],1.0
cee6b0d7-dd78-4c0b-b76c-6bd395cf7528,1.0,acme-mining,site-01,fleet_telemetry,ACME-S01-TRUCK-015,haul_truck,2026-09-01T16:18:16.854Z,4,-16.570324,-71.482842,280.9,34.3,Dump-A,cycle-acme-s01-truck-015-00001,returning,0.0,240.0,233380.22,32.4,True,False,21404.03,500036.28,False,False,False,95.7,24.5,[],1.0
c2a055ca-0f5c-4741-80ed-7cbce5ce3779,1.0,acme-mining,site-01,fleet_telemetry,ACME-S01-TRUCK-016,haul_truck,2026-09-01T16:18:16.854Z,4,-16.585565,-71.617374,357.4,38.4,Dump-A,cycle-acme-s01-truck-016-00001,returning,0.0,240.0,247327.06,79.5,True,False,4040.2,500381.9,False,False,False,92.1,24.9,[],1.0
a632927f-686f-49c1-a0e9-4fe96ff0d554,1.0,acme-mining,site-01,fleet_telemetry,ACME-S01-TRUCK-017,haul_truck,2026-09-01T16:18:16.854Z,4,-16.632112,-71.578954,265.9,37.8,Dump-A,cycle-acme-s01-truck-017-00001,returning,0.0,240.0,443541.69,81.5,True,False,3171.6,248677.98,False,False,False,94.8,24.7,[],1.0
86f6557e-e625-458f-a9dd-72ab98be47c9,1.0,acme-mining,site-01,fleet_telemetry,ACME-S01-TRUCK-018,haul_truck,2026-09-01T16:18:16.854Z,4,-16.547859,-71.596952,295.2,25.3,Dump-A,cycle-acme-s01-truck-018-00001,returning,0.0,240.0,40453.79,78.2,True,False,2615.86,326174.07,False,False,False,92.9,24.4,[],1.0
8b48c922-2d06-4c0a-a8b6-8f18dc7b3603,1.0,acme-mining,site-01,fleet_telemetry,ACME-S01-TRUCK-019,haul_truck,2026-09-01T16:18:16.854Z,4,-16.521802,-71.496654,81.1,24.4,Dump-A,cycle-acme-s01-truck-019-00001,returning,0.0,240.0,276901.61,92.5,True,False,4300.7,352434.57,False,False,False,86.2,24.4,[],1.0
b9236750-4b15-4bb3-b528-215905301b72,1.0,acme-mining,site-01,fleet_telemetry,ACME-S01-TRUCK-020,haul_truck,2026-09-01T16:18:16.854Z,4,-16.598162,-71.577834,239.5,28.7,Dump-A,cycle-acme-s01-truck-020-00001,returning,0.0,240.0,174305.3,87.9,True,False,9258.64,443162.9,False,False,False,90.6,24.9,[],1.0
ff48472d-f6e8-46e3-b8b7-13f0e524b777,1.0,acme-mining,site-01,fleet_telemetry,ACME-S01-TRUCK-021,haul_truck,2026-09-01T16:18:16.854Z,4,-16.569426,-71.580861,278.2,34.3,Dump-A,cycle-acme-s01-truck-021-00001,returning,0.0,240.0,106895.93,29.9,True,False,13272.15,164972.37,False,False,False,87.5,24.1,[],1.0
4eac8ce1-378a-425e-9087-dc35d4f41f53,1.0,acme-mining,site-01,fleet_telemetry,ACME-S01-TRUCK-022,haul_truck,2026-09-01T16:18:16.854Z,4,-16.649206,-71.467825,343.6,57.6,Dump-A,cycle-acme-s01-truck-022-00001,returning,0.0,240.0,304350.51,40.0,True,False,2302.18,169943.06,False,False,True,91.4,24.3,[],1.0
92ce64ca-bbdb-4baf-9db3-1a649195f8be,1.0,acme-mining,site-01,fleet_telemetry,ACME-S01-TRUCK-023,haul_truck,2026-09-01T16:18:16.854Z,4,-16.564972,-71.560817,97.6,29.7,Dump-A,cycle-acme-s01-truck-023-00001,returning,0.0,240.0,189106.67,31.6,True,False,5951.55,317973.04,False,False,False,90.2,25.1,[],1.0
831d2a10-b70b-46da-b211-3e5db1275777,1.0,acme-mining,site-01,fleet_telemetry,ACME-S01-TRUCK-024,haul_truck,2026-09-01T16:18:16.854Z,4,-16.616125,-71.479631,300.2,27.9,Dump-A,cycle-acme-s01-truck-024-00001,returning,0.0,240.0,53304.15,53.2,True,False,15075.33,640024.16,False,False,False,90.4,24.3,[],1.0
e19066a4-12a8-494f-a627-db2a61b54d34,1.0,acme-mining,site-01,fleet_telemetry,ACME-S01-TRUCK-025,haul_truck,2026-09-01T16:18:16.854Z,4,-16.530456,-71.605452,143.7,32.0,Dump-A,cycle-acme-s01-truck-025-00001,returning,0.0,240.0,90735.02,57.4,True,False,12169.26,108314.95,False,False,False,90.5,24.1,[],1.0
cd6c681d-91fd-401a-b9b5-24239176fbc2,1.0,acme-mining,site-01,fleet_telemetry,ACME-S01-TRUCK-026,haul_truck,2026-09-01T16:18:16.854Z,4,-16.655502,-71.496923,260.8,30.8,Dump-A,cycle-acme-s01-truck-026-00001,returning,0.0,240.0,247858.98,26.0,True,False,2875.67,430851.37,False,False,False,95.1,24.0,[],1.0
7c614f33-f13f-48de-8399-ab4143ff2d97,1.0,acme-mining,site-01,fleet_telemetry,ACME-S01-TRUCK-027,haul_truck,2026-09-01T16:18:16.854Z,4,-16.609779,-71.459857,114.0,37.6,Dump-A,cycle-acme-s01-truck-027-00001,returning,0.0,240.0,186458.01,29.1,True,False,11095.6,154660.91,False,False,False,93.5,24.1,[],1.0
49b8a997-bbfd-421b-bc04-5dd3290c45c3,1.0,acme-mining,site-01,fleet_telemetry,ACME-S01-TRUCK-028,haul_truck,2026-09-01T16:18:16.854Z,4,-16.564525,-71.539648,164.5,41.7,Dump-A,cycle-acme-s01-truck-028-00001,returning,0.0,240.0,331422.62,79.8,True,False,6847.29,458852.76,False,False,False,87.1,23.8,[],1.0
68e2ce39-966b-4aff-a18a-50c7aa211dc5,1.0,acme-mining,site-01,fleet_telemetry,ACME-S01-TRUCK-029,haul_truck,2026-09-01T16:18:16.854Z,4,-16.661256,-71.524023,301.1,38.5,Dump-A,cycle-acme-s01-truck-029-00001,returning,0.0,240.0,248566.17,77.3,True,False,21336.64,384883.69,False,False,False,95.5,24.4,[],1.0
cbe872c5-fa3b-4174-b85c-c2d94f92ca79,1.0,acme-mining,site-01,fleet_telemetry,ACME-S01-TRUCK-030,haul_truck,2026-09-01T16:18:16.854Z,4,-16.575171,-71.509464,140.2,39.3,Dump-A,cycle-acme-s01-truck-030-00001,returning,0.0,240.0,45249.33,38.0,True,False,4137.58,625290.82,False,False,False,92.4,24.5,[],1.0
0cd435ef-50e8-441a-8019-d49436a332ac,1.0,acme-mining,site-01,fleet_telemetry,ACME-S01-TRUCK-031,haul_truck,2026-09-01T16:18:16.854Z,4,-16.657261,-71.512346,89.6,41.1,Dump-A,cycle-acme-s01-truck-031-00001,returning,0.0,240.0,264724.67,27.8,True,False,20761.84,378895.62,False,False,False,87.4,24.6,[],1.0
14e0370a-7a83-419f-98f2-4972d9986a3a,1.0,acme-mining,site-01,fleet_telemetry,ACME-S01-TRUCK-032,haul_truck,2026-09-01T16:18:16.854Z,4,-16.60708,-71.510036,288.8,26.3,Dump-A,cycle-acme-s01-truck-032-00001,returning,0.0,240.0,325124.68,41.7,True,False,20615.78,148683.39,False,False,False,86.6,25.0,[],1.0
3f7dd078-4a40-4eb6-a96c-033b39778f33,1.0,acme-mining,site-01,fleet_telemetry,ACME-S01-TRUCK-033,haul_truck,2026-09-01T16:18:16.854Z,4,-16.580318,-71.601499,337.0,35.9,Dump-A,cycle-acme-s01-truck-033-00001,returning,0.0,240.0,14099.08,68.5,True,False,20495.19,609512.74,False,False,False,87.7,25.2,[],1.0
10d77641-0a8b-4f20-bd8a-574867433d39,1.0,acme-mining,site-01,fleet_telemetry,ACME-S01-TRUCK-034,haul_truck,2026-09-01T16:18:16.854Z,4,-16.611306,-71.59224,58.4,37.4,Dump-A,cycle-acme-s01-truck-034-00001,returning,0.0,240.0,397580.52,86.5,True,False,6422.25,607953.51,False,False,False,87.1,24.5,[],1.0
63c061bd-7c92-482c-9cd9-680bbfeb702e,1.0,acme-mining,site-01,fleet_telemetry,ACME-S01-TRUCK-035,haul_truck,2026-09-01T16:18:16.854Z,4,-16.53966,-71.56959,281.9,29.5,Dump-A,cycle-acme-s01-truck-035-00001,returning,0.0,240.0,297749.86,25.5,True,False,13767.57,641956.92,False,False,False,89.2,24.3,[],1.0
5e3c98d6-16ec-4f74-b012-4cf22cbc8341,1.0,acme-mining,site-01,fleet_telemetry,ACME-S01-TRUCK-036,haul_truck,2026-09-01T16:18:16.854Z,4,-16.625292,-71.583811,215.4,60.6,Dump-A,cycle-acme-s01-truck-036-00001,returning,0.0,240.0,336663.62,35.9,True,False,6406.68,580519.15,False,False,True,89.8,24.5,[],1.0
35df525e-9efe-4ebb-9e71-0d3d774bec06,1.0,acme-mining,site-01,fleet_telemetry,ACME-S01-TRUCK-037,haul_truck,2026-09-01T16:18:16.854Z,4,-16.568946,-71.484778,171.2,60.9,Dump-A,cycle-acme-s01-truck-037-00001,returning,0.0,240.0,409590.26,28.5,True,False,11514.68,178206.51,False,False,True,87.1,25.2,[],1.0
686fdfa5-3e70-479b-a558-fa7a2553e413,1.0,acme-mining,site-01,fleet_telemetry,ACME-S01-TRUCK-038,haul_truck,2026-09-01T16:18:16.854Z,4,-16.582149,-71.549056,112.1,39.4,Dump-A,cycle-acme-s01-truck-038-00001,returning,0.0,240.0,125260.6,76.9,True,False,17147.73,421381.53,False,False,False,92.4,24.5,[],1.0
abc70870-5e77-415c-930b-09ae8ffc15c8,1.0,acme-mining,site-01,fleet_telemetry,ACME-S01-TRUCK-039,haul_truck,2026-09-01T16:18:16.854Z,4,-16.611321,-71.529112,257.8,40.3,Dump-A,cycle-acme-s01-truck-039-00001,returning,0.0,240.0,75584.17,27.5,True,False,20835.09,455342.46,False,False,False,92.1,24.5,[],1.0
0eb85326-f154-4563-afe5-4893159b661f,1.0,acme-mining,site-01,fleet_telemetry,ACME-S01-TRUCK-040,haul_truck,2026-09-01T16:18:16.854Z,4,-16.526587,-71.583883,339.1,37.5,Dump-A,cycle-acme-s01-truck-040-00001,returning,0.0,240.0,360294.1,85.2,True,False,7335.08,586358.44,False,False,False,87.3,24.1,[],1.0
1051688a-4ad7-4e9f-a04d-5057b82371a7,1.0,acme-mining,site-01,fleet_telemetry,ACME-S01-TRUCK-041,haul_truck,2026-09-01T16:18:16.854Z,4,-16.550496,-71.46938,81.4,25.5,Dump-A,cycle-acme-s01-truck-041-00001,returning,0.0,240.0,394873.88,93.1,True,False,8297.99,372726.71,False,False,False,87.1,24.1,[],1.0
ff80fa34-7d1c-4a10-93ab-cc5a707c57ab,1.0,acme-mining,site-01,fleet_telemetry,ACME-S01-TRUCK-042,haul_truck,2026-09-01T16:18:16.854Z,4,-16.552528,-71.564353,207.7,35.9,Dump-A,cycle-acme-s01-truck-042-00001,returning,0.0,240.0,397823.41,26.7,True,False,21495.57,530786.27,False,False,False,91.2,25.0,[],1.0
37db8ad3-b403-4948-aa20-b4e917cf2ee7,1.0,acme-mining,site-01,fleet_telemetry,ACME-S01-TRUCK-043,haul_truck,2026-09-01T16:18:16.854Z,4,-16.533041,-71.581908,336.4,37.7,Dump-A,cycle-acme-s01-truck-043-00001,returning,0.0,240.0,57562.36,86.0,True,False,6456.29,516046.05,False,False,False,91.8,23.8,[],1.0
7c14cf24-7e37-4252-a01b-bf7318fe65ea,1.0,acme-mining,site-01,fleet_telemetry,ACME-S01-TRUCK-044,haul_truck,2026-09-01T16:18:16.854Z,4,-16.564808,-71.553767,51.4,40.3,Dump-A,cycle-acme-s01-truck-044-00001,returning,0.0,240.0,393382.42,40.6,True,False,8212.76,536938.02,False,False,False,87.8,23.8,[],1.0
23b774e8-a035-4081-b2fa-e129c3c34c63,1.0,acme-mining,site-01,fleet_telemetry,ACME-S01-TRUCK-045,haul_truck,2026-09-01T16:18:16.854Z,4,-16.513408,-71.531718,123.8,38.3,Dump-A,cycle-acme-s01-truck-045-00001,returning,0.0,240.0,292252.25,53.0,True,False,21298.05,195848.85,False,False,False,90.8,24.7,[],1.0
d95250bc-c6e0-40c9-88d8-cd823f50c030,1.0,acme-mining,site-01,fleet_telemetry,ACME-S01-TRUCK-046,haul_truck,2026-09-01T16:18:16.854Z,4,-16.664266,-71.522041,196.5,38.7,Dump-A,cycle-acme-s01-truck-046-00001,returning,0.0,240.0,265459.77,93.8,True,False,19393.22,184565.68,False,False,False,92.2,24.0,[],1.0
68618ae0-44a6-49e6-ba1a-7b5219540792,1.0,acme-mining,site-01,fleet_telemetry,ACME-S01-TRUCK-047,haul_truck,2026-09-01T16:18:16.854Z,4,-16.639963,-71.610409,91.9,29.0,Dump-A,cycle-acme-s01-truck-047-00001,returning,0.0,240.0,60884.43,87.9,True,False,10051.56,640068.67,False,False,False,94.9,24.9,[],1.0
8cd2c942-62e9-4603-843d-d5b9855446f4,1.0,acme-mining,site-01,fleet_telemetry,ACME-S01-TRUCK-048,haul_truck,2026-09-01T16:18:16.854Z,4,-16.563079,-71.559229,186.8,32.8,Dump-A,cycle-acme-s01-truck-048-00001,returning,0.0,240.0,326549.48,76.9,True,False,20422.2,359224.84,False,False,False,89.4,23.9,[],1.0
a3127871-6b88-4505-9507-8d1969a50d40,1.0,acme-mining,site-01,fleet_telemetry,ACME-S01-TRUCK-049,haul_truck,2026-09-01T16:18:16.854Z,4,-16.58925,-71.510814,164.6,30.6,Dump-A,cycle-acme-s01-truck-049-00001,returning,0.0,240.0,64835.42,88.0,True,False,14010.9,437934.21,False,False,False,88.3,24.0,[],1.0
b37ba88e-d4a6-4c7e-aad8-cd1e0c6e6c80,1.0,acme-mining,site-01,fleet_telemetry,ACME-S01-TRUCK-050,haul_truck,2026-09-01T16:18:16.854Z,4,-16.550685,-71.589649,354.3,33.9,Dump-A,cycle-acme-s01-truck-050-00001,returning,0.0,240.0,302569.23,51.5,True,False,12553.55,140859.36,False,False,False,90.4,23.9,[],1.0
56f56962-047b-486a-bec1-a058f225d55d,1.0,acme-mining,site-01,fleet_telemetry,ACME-S01-TRUCK-051,haul_truck,2026-09-01T16:18:16.854Z,4,-16.577598,-71.51271,70.1,39.6,Dump-A,cycle-acme-s01-truck-051-00001,returning,0.0,240.0,136242.32,55.1,True,False,12416.27,20255.88,False,False,False,96.0,25.0,[],1.0
db46a47a-ddf0-4489-b3a1-8e7e45531011,1.0,acme-mining,site-01,fleet_telemetry,ACME-S01-TRUCK-052,haul_truck,2026-09-01T16:18:16.854Z,4,-16.552653,-71.512076,309.5,59.1,Dump-A,cycle-acme-s01-truck-052-00001,returning,0.0,240.0,359243.86,92.2,True,False,15123.3,342039.74,False,False,True,87.5,24.5,[],1.0
0fd6b245-65e0-4d17-ac09-30d56d11dcb8,1.0,acme-mining,site-01,fleet_telemetry,ACME-S01-TRUCK-053,haul_truck,2026-09-01T16:18:16.854Z,4,-16.541364,-71.593913,134.8,38.4,Dump-A,cycle-acme-s01-truck-053-00001,returning,0.0,240.0,113342.47,46.7,True,False,2779.81,619759.89,False,False,False,91.3,23.9,[],1.0
d6c254d9-c8c9-4de1-b3ef-2a40e39f05fe,1.0,acme-mining,site-01,fleet_telemetry,ACME-S01-TRUCK-054,haul_truck,2026-09-01T16:18:16.854Z,4,-16.578294,-71.502543,54.7,27.0,Dump-A,cycle-acme-s01-truck-054-00001,returning,0.0,240.0,210383.4,87.0,True,False,13759.01,504148.37,False,False,False,93.5,25.1,[],1.0
8a73c92e-7516-4827-b649-476342bc241d,1.0,acme-mining,site-01,fleet_telemetry,ACME-S01-TRUCK-055,haul_truck,2026-09-01T16:18:16.854Z,4,-16.547185,-71.600434,106.7,35.0,Dump-A,cycle-acme-s01-truck-055-00001,returning,0.0,240.0,12440.0,77.5,True,False,5972.48,433316.64,False,False,False,95.5,25.1,[],1.0
b4d39f32-7b68-4b55-ac10-23f55fbbd024,1.0,acme-mining,site-01,fleet_telemetry,ACME-S01-TRUCK-056,haul_truck,2026-09-01T16:18:16.854Z,4,-16.523588,-71.598084,0.1,41.5,Dump-A,cycle-acme-s01-truck-056-00001,returning,0.0,240.0,214402.23,64.0,True,False,17847.13,458424.52,False,False,False,95.4,24.2,[],1.0
152d8d6f-dbe1-47f6-b61b-a23205c006dc,1.0,acme-mining,site-01,fleet_telemetry,ACME-S01-TRUCK-057,haul_truck,2026-09-01T16:18:16.854Z,4,-16.527764,-71.519461,21.3,34.0,Dump-A,cycle-acme-s01-truck-057-00001,returning,0.0,240.0,271999.3,91.5,True,False,14952.65,642372.35,False,False,False,95.6,24.4,[],1.0
971a9bf4-8195-4e71-9dac-2870029a6004,1.0,acme-mining,site-01,fleet_telemetry,ACME-S01-TRUCK-058,haul_truck,2026-09-01T16:18:16.854Z,4,-16.53253,-71.545484,87.3,26.6,Dump-A,cycle-acme-s01-truck-058-00001,returning,0.0,240.0,206202.27,36.1,True,False,9846.91,591318.55,False,False,False,95.5,24.9,[],1.0
ac9791dd-7325-4fc6-962f-e68b59671fd8,1.0,acme-mining,site-01,fleet_telemetry,ACME-S01-TRUCK-059,haul_truck,2026-09-01T16:18:16.854Z,4,-16.658002,-71.571754,346.7,35.6,Dump-A,cycle-acme-s01-truck-059-00001,returning,0.0,240.0,285769.6,44.2,True,False,17035.26,348418.98,False,False,False,86.7,24.2,[],1.0
3e7fa351-6489-4317-9fa1-1e5ccde84260,1.0,acme-mining,site-01,fleet_telemetry,ACME-S01-TRUCK-060,haul_truck,2026-09-01T16:18:16.854Z,4,-16.645951,-71.583256,159.6,40.1,Dump-A,cycle-acme-s01-truck-060-00001,returning,0.0,240.0,76365.77,51.8,True,False,19732.17,70764.02,False,False,False,87.5,24.7,[],1.0
2186195d-d279-4988-8574-cbe5a5108f11,1.0,acme-mining,site-01,fleet_telemetry,ACME-S01-TRUCK-061,haul_truck,2026-09-01T16:18:16.854Z,4,-16.525633,-71.524056,169.6,52.3,Dump-A,cycle-acme-s01-truck-061-00001,returning,0.0,240.0,101007.41,54.4,True,False,12303.36,281937.88,False,False,True,92.3,24.7,[],1.0
b7e6483b-ca91-4ebd-9973-9ce768f8dfe8,1.0,acme-mining,site-01,fleet_telemetry,ACME-S01-TRUCK-062,haul_truck,2026-09-01T16:18:16.854Z,4,-16.533854,-71.464949,352.3,29.4,Dump-A,cycle-acme-s01-truck-062-00001,returning,0.0,240.0,164774.16,77.7,True,False,8864.08,23714.63,False,False,False,86.7,25.1,[],1.0
66e2696f-c2b7-4dc9-978c-9b93324f17b2,1.0,acme-mining,site-01,fleet_telemetry,ACME-S01-TRUCK-063,haul_truck,2026-09-01T16:18:16.854Z,4,-16.592663,-71.555271,40.6,30.1,Dump-A,cycle-acme-s01-truck-063-00001,returning,0.0,240.0,224821.25,44.1,True,False,17757.21,585621.23,False,False,False,94.9,24.5,[],1.0
90e9413b-d9f8-415f-9cc0-9e9d6ce11a52,1.0,acme-mining,site-01,fleet_telemetry,ACME-S01-TRUCK-064,haul_truck,2026-09-01T16:18:16.854Z,4,-16.584927,-71.472386,80.8,34.5,Dump-A,cycle-acme-s01-truck-064-00001,returning,0.0,240.0,414598.6,93.6,True,False,16152.65,549518.67,False,False,False,93.6,23.9,[],1.0
a5bf2686-bd9d-4325-8d61-812b74f1e278,1.0,acme-mining,site-01,fleet_telemetry,ACME-S01-TRUCK-065,haul_truck,2026-09-01T16:18:16.854Z,4,-16.628759,-71.565135,239.3,42.0,Dump-A,cycle-acme-s01-truck-065-00001,returning,0.0,240.0,391414.88,37.7,True,False,2579.69,290026.16,False,False,False,94.7,25.0,[],1.0
18772d6d-ab82-4eba-b4a5-9cea28feb89a,1.0,acme-mining,site-01,fleet_telemetry,ACME-S01-TRUCK-066,haul_truck,2026-09-01T16:18:16.854Z,4,-16.630045,-71.60437,260.6,41.3,Dump-A,cycle-acme-s01-truck-066-00001,returning,0.0,240.0,340884.61,83.2,True,False,16938.08,258849.62,False,False,False,88.8,24.2,[],1.0
0426db0d-4064-427d-bab3-8db732d8fb90,1.0,acme-mining,site-01,fleet_telemetry,ACME-S01-TRUCK-067,haul_truck,2026-09-01T16:18:16.854Z,4,-16.517223,-71.611033,29.9,28.5,Dump-A,cycle-acme-s01-truck-067-00001,returning,0.0,240.0,108658.04,29.8,True,False,1904.22,619709.49,False,False,False,95.8,23.9,[],1.0
3c7fce39-12bb-4392-96e2-a831a50087ce,1.0,acme-mining,site-01,fleet_telemetry,ACME-S01-TRUCK-068,haul_truck,2026-09-01T16:18:16.854Z,4,-16.563303,-71.527269,37.4,38.5,Dump-A,cycle-acme-s01-truck-068-00001,returning,0.0,240.0,77048.52,33.8,True,False,5026.45,32839.52,False,False,False,92.7,24.9,[],1.0
8ae279c4-c0bf-422d-9def-88c03a897b27,1.0,acme-mining,site-01,fleet_telemetry,ACME-S01-TRUCK-069,haul_truck,2026-09-01T16:18:16.854Z,4,-16.652045,-71.486434,333.0,36.8,Dump-A,cycle-acme-s01-truck-069-00001,returning,0.0,240.0,277189.18,77.3,True,False,17058.25,125707.26,False,False,False,91.2,24.3,[],1.0
1c39414a-3df4-4e89-9b2a-b916de5134e3,1.0,acme-mining,site-01,fleet_telemetry,ACME-S01-TRUCK-070,haul_truck,2026-09-01T16:18:16.854Z,4,-16.610332,-71.466844,42.3,34.8,Dump-A,cycle-acme-s01-truck-070-00001,returning,0.0,240.0,263350.84,88.5,True,False,13068.12,605199.01,False,False,False,91.8,24.9,[],1.0
b28883ee-d771-48e0-9b5b-5ef730f200b3,1.0,acme-mining,site-01,fleet_telemetry,ACME-S01-TRUCK-071,haul_truck,2026-09-01T16:18:16.854Z,4,-16.53432,-71.521429,267.9,30.5,Dump-A,cycle-acme-s01-truck-071-00001,returning,0.0,240.0,54836.86,79.1,True,False,15441.03,415162.79,False,False,False,89.9,24.3,[],1.0
06bee2a7-f96e-4b5e-8d69-ce0501005e31,1.0,acme-mining,site-01,fleet_telemetry,ACME-S01-TRUCK-072,haul_truck,2026-09-01T16:18:16.854Z,4,-16.589428,-71.562891,292.7,38.2,Dump-A,cycle-acme-s01-truck-072-00001,returning,0.0,240.0,198486.61,50.9,True,False,17391.87,238738.48,False,False,False,95.4,24.7,[],1.0
a2db4694-7eab-4aa4-b06c-7f4ffd339492,1.0,acme-mining,site-01,fleet_telemetry,ACME-S01-TRUCK-073,haul_truck,2026-09-01T16:18:16.854Z,4,-16.55724,-71.547834,340.4,38.0,Dump-A,cycle-acme-s01-truck-073-00001,returning,0.0,240.0,289657.73,83.0,True,False,3037.43,625296.26,False,False,False,86.2,23.9,[],1.0
2693433a-2f3d-4597-af4d-6b9502243c7b,1.0,acme-mining,site-01,fleet_telemetry,ACME-S01-TRUCK-074,haul_truck,2026-09-01T16:18:16.854Z,4,-16.538287,-71.522709,294.5,40.6,Dump-A,cycle-acme-s01-truck-074-00001,returning,0.0,240.0,350842.52,57.5,True,False,13857.35,599359.23,False,False,False,88.5,24.3,[],1.0
49551f57-525f-4e79-b512-dcf1eb777156,1.0,acme-mining,site-01,fleet_telemetry,ACME-S01-TRUCK-075,haul_truck,2026-09-01T16:18:16.854Z,4,-16.596064,-71.519883,356.7,41.5,Dump-A,cycle-acme-s01-truck-075-00001,returning,0.0,240.0,397918.0,42.0,True,False,18411.5,74597.74,False,False,False,90.6,24.2,[],1.0
aa07a5a8-d4c3-4176-8097-179a686c38d9,1.0,acme-mining,site-01,fleet_telemetry,ACME-S01-TRUCK-076,haul_truck,2026-09-01T16:18:16.854Z,4,-16.629061,-71.572743,144.4,38.3,Dump-A,cycle-acme-s01-truck-076-00001,returning,0.0,240.0,224522.25,49.8,True,False,11279.3,224759.03,False,False,False,89.2,24.3,[],1.0
0df0080a-72e4-4b59-90a3-86d444105f64,1.0,acme-mining,site-01,fleet_telemetry,ACME-S01-TRUCK-077,haul_truck,2026-09-01T16:18:16.854Z,4,-16.605352,-71.528677,266.3,38.7,Dump-A,cycle-acme-s01-truck-077-00001,returning,0.0,240.0,94065.11,41.9,True,False,12582.78,345475.27,False,False,False,92.2,25.0,[],1.0
db0eb064-7852-4c4b-ad47-f23653663cb9,1.0,acme-mining,site-01,fleet_telemetry,ACME-S01-TRUCK-078,haul_truck,2026-09-01T16:18:16.854Z,4,-16.634952,-71.506804,112.6,28.1,Dump-A,cycle-acme-s01-truck-078-00001,returning,0.0,240.0,358890.75,31.5,True,False,14493.15,329217.53,False,False,False,92.4,24.5,[],1.0
ae03d8df-a084-4b34-ac58-81647f9c39d9,1.0,acme-mining,site-01,fleet_telemetry,ACME-S01-TRUCK-079,haul_truck,2026-09-01T16:18:16.854Z,4,-16.582339,-71.561189,290.0,27.4,Dump-A,cycle-acme-s01-truck-079-00001,returning,0.0,240.0,161253.54,94.7,True,False,8623.24,368688.04,False,False,False,89.5,25.1,[],1.0
9bd7b9f5-53f7-4462-931a-ccf04af0e840,1.0,acme-mining,site-01,fleet_telemetry,ACME-S01-TRUCK-080,haul_truck,2026-09-01T16:18:16.854Z,4,-16.584668,-71.495562,327.1,37.6,Dump-A,cycle-acme-s01-truck-080-00001,returning,0.0,240.0,94737.37,33.3,True,False,6129.76,96013.31,False,False,False,91.8,24.8,[],1.0
4b81b5e2-46e7-40a1-8245-81b0cd160d10,1.0,acme-mining,site-02,fleet_telemetry,ACME-S02-TRUCK-001,haul_truck,2026-09-01T16:18:16.854Z,4,-16.537064,-71.488499,119.0,26.1,Dump-A,cycle-acme-s02-truck-001-00001,returning,0.0,240.0,319615.64,60.0,True,False,4524.74,259530.76,False,False,False,95.2,24.0,[],1.0
fc932d8b-fc82-4ec3-80b0-735935aa1801,1.0,acme-mining,site-02,fleet_telemetry,ACME-S02-TRUCK-002,haul_truck,2026-09-01T16:18:16.854Z,4,-16.601711,-71.552804,215.5,31.0,Dump-A,cycle-acme-s02-truck-002-00001,returning,0.0,240.0,44259.83,46.9,True,False,10047.86,309645.26,False,False,False,87.6,24.7,[],1.0
a681033c-f47d-4316-b79b-cb1fa2c75a58,1.0,acme-mining,site-02,fleet_telemetry,ACME-S02-TRUCK-003,haul_truck,2026-09-01T16:18:16.854Z,4,-16.571499,-71.484377,111.5,28.6,Dump-A,cycle-acme-s02-truck-003-00001,returning,0.0,240.0,152898.28,81.1,True,False,3241.68,33139.72,False,False,False,95.0,25.1,[],1.0
0ca8eeb8-e338-474c-ba52-00ab378252d1,1.0,acme-mining,site-02,fleet_telemetry,ACME-S02-TRUCK-004,haul_truck,2026-09-01T16:18:16.854Z,4,-16.657802,-71.478225,135.7,35.8,Dump-A,cycle-acme-s02-truck-004-00001,returning,0.0,240.0,201697.96,53.0,True,False,10058.3,86693.87,False,False,False,94.2,25.0,[],1.0
8de503a2-b238-434e-bd7a-80fbff087b41,1.0,acme-mining,site-02,fleet_telemetry,ACME-S02-TRUCK-005,haul_truck,2026-09-01T16:18:16.854Z,4,-16.588836,-71.472579,15.0,27.4,Dump-A,cycle-acme-s02-truck-005-00001,returning,0.0,240.0,234612.93,33.0,True,False,7861.06,125923.68,False,False,False,92.9,24.9,[],1.0
1cb3ad88-898e-4c29-bf6c-7033aef85e83,1.0,acme-mining,site-02,fleet_telemetry,ACME-S02-TRUCK-006,haul_truck,2026-09-01T16:18:16.854Z,4,-16.548778,-71.512651,284.7,26.3,Dump-A,cycle-acme-s02-truck-006-00001,returning,0.0,240.0,96799.88,67.1,True,False,5808.91,112259.94,False,False,False,87.6,23.9,[],1.0
f1164fde-7a47-45d0-9b1b-c6fda09bf012,1.0,acme-mining,site-02,fleet_telemetry,ACME-S02-TRUCK-007,haul_truck,2026-09-01T16:18:16.854Z,4,-16.529273,-71.514599,250.1,33.7,Dump-A,cycle-acme-s02-truck-007-00001,returning,0.0,240.0,264966.24,72.7,True,False,10635.81,375153.44,False,False,False,93.2,24.2,[],1.0
7215195e-9a3c-42e2-833e-b42c1c56e0a5,1.0,acme-mining,site-02,fleet_telemetry,ACME-S02-TRUCK-008,haul_truck,2026-09-01T16:18:16.854Z,4,-16.599663,-71.569021,318.7,29.2,Dump-A,cycle-acme-s02-truck-008-00001,returning,0.0,240.0,76421.54,29.8,True,False,19122.04,415147.06,False,False,False,89.9,24.1,[],1.0
e3855a11-a8a7-47e2-a51d-4a732e895705,1.0,acme-mining,site-02,fleet_telemetry,ACME-S02-TRUCK-009,haul_truck,2026-09-01T16:18:16.854Z,4,-16.611431,-71.571555,172.3,25.6,Dump-A,cycle-acme-s02-truck-009-00001,returning,0.0,240.0,213166.98,27.6,True,False,8261.18,66740.19,False,False,False,86.4,24.0,[],1.0
b4fb8bf5-b4e5-48f4-8811-e364e7955a18,1.0,acme-mining,site-02,fleet_telemetry,ACME-S02-TRUCK-010,haul_truck,2026-09-01T16:18:16.854Z,4,-16.543728,-71.474162,156.9,24.7,Dump-A,cycle-acme-s02-truck-010-00001,returning,0.0,240.0,213593.41,63.8,True,False,13838.18,339452.8,False,False,False,86.7,24.3,[],1.0
6d33a235-dc30-4993-8f86-1211695c68a8,1.0,acme-mining,site-02,fleet_telemetry,ACME-S02-TRUCK-011,haul_truck,2026-09-01T16:18:16.854Z,4,-16.660497,-71.600918,350.7,37.3,Dump-A,cycle-acme-s02-truck-011-00001,returning,0.0,240.0,219277.06,35.5,True,False,14618.96,222561.97,False,False,False,91.0,24.9,[],1.0
25f01c05-f27a-46f9-8240-5554752336ec,1.0,acme-mining,site-02,fleet_telemetry,ACME-S02-TRUCK-012,haul_truck,2026-09-01T16:18:16.854Z,4,-16.557187,-71.458946,63.2,51.2,Dump-A,cycle-acme-s02-truck-012-00001,returning,0.0,240.0,294296.2,27.7,True,False,21626.58,73127.51,False,False,True,88.5,24.4,[],1.0
a5b53e0b-c589-42f3-9d34-a30381ff88b4,1.0,acme-mining,site-02,fleet_telemetry,ACME-S02-TRUCK-013,haul_truck,2026-09-01T16:18:16.854Z,4,-16.561765,-71.609092,81.1,40.2,Dump-A,cycle-acme-s02-truck-013-00001,returning,0.0,240.0,180463.57,79.2,True,False,8514.64,598300.27,False,False,False,91.1,24.7,[],1.0
4bfca469-dceb-40a6-930f-cd7f8d77a0c6,1.0,acme-mining,site-02,fleet_telemetry,ACME-S02-TRUCK-014,haul_truck,2026-09-01T16:18:16.854Z,4,-16.554618,-71.512434,216.5,30.0,Dump-A,cycle-acme-s02-truck-014-00001,returning,0.0,240.0,308487.2,44.9,True,False,2197.34,79538.84,False,False,False,94.4,24.2,[],1.0
000ce789-8f78-48ef-8a12-f4760ddb19e7,1.0,acme-mining,site-02,fleet_telemetry,ACME-S02-TRUCK-015,haul_truck,2026-09-01T16:18:16.854Z,4,-16.515596,-71.50577,186.4,26.9,Dump-A,cycle-acme-s02-truck-015-00001,returning,0.0,240.0,72228.77,49.5,True,False,7867.28,387126.01,False,False,False,86.7,23.8,[],1.0
d4f7d9ed-0187-45ec-9825-6c59e2bd16f7,1.0,acme-mining,site-02,fleet_telemetry,ACME-S02-TRUCK-016,haul_truck,2026-09-01T16:18:16.854Z,4,-16.617841,-71.597083,246.3,37.0,Dump-A,cycle-acme-s02-truck-016-00001,returning,0.0,240.0,255925.99,70.0,True,False,15827.29,73373.09,False,False,False,95.0,23.8,[],1.0
79ee1867-0163-4296-ae17-c4fd97d01358,1.0,acme-mining,site-02,fleet_telemetry,ACME-S02-TRUCK-017,haul_truck,2026-09-01T16:18:16.854Z,4,-16.620994,-71.465322,274.3,24.1,Dump-A,cycle-acme-s02-truck-017-00001,returning,0.0,240.0,233735.22,26.3,True,False,2781.21,442387.38,False,False,False,94.6,23.8,[],1.0
9f299ca3-27c7-4077-8722-5b82722b259e,1.0,acme-mining,site-02,fleet_telemetry,ACME-S02-TRUCK-018,haul_truck,2026-09-01T16:18:16.854Z,4,-16.544286,-71.536258,246.8,60.1,Dump-A,cycle-acme-s02-truck-018-00001,returning,0.0,240.0,78176.16,45.7,True,False,4870.52,649985.39,False,False,True,89.9,24.3,[],1.0
d7ed583f-21a9-4bea-93f5-6a87a3695b5d,1.0,acme-mining,site-02,fleet_telemetry,ACME-S02-TRUCK-019,haul_truck,2026-09-01T16:18:16.854Z,4,-16.610144,-71.591543,229.1,40.4,Dump-A,cycle-acme-s02-truck-019-00001,returning,0.0,240.0,347175.63,34.1,True,False,1600.25,232161.67,False,False,False,95.8,24.5,[],1.0
12432d02-94cf-4a51-b3de-8576ab8126bf,1.0,acme-mining,site-02,fleet_telemetry,ACME-S02-TRUCK-020,haul_truck,2026-09-01T16:18:16.854Z,4,-16.515238,-71.519809,263.1,40.2,Dump-A,cycle-acme-s02-truck-020-00001,returning,0.0,240.0,170292.03,75.3,True,False,16089.09,47526.33,False,False,False,88.9,25.1,[],1.0
75376451-82b5-4a71-9266-ff0e44398df4,1.0,acme-mining,site-02,fleet_telemetry,ACME-S02-TRUCK-021,haul_truck,2026-09-01T16:18:16.854Z,4,-16.525792,-71.586431,107.9,31.0,Dump-A,cycle-acme-s02-truck-021-00001,returning,0.0,240.0,434862.8,79.9,True,False,5760.87,170676.25,False,False,False,90.3,23.9,[],1.0
b995374b-024e-493b-8e90-6929d50e0832,1.0,acme-mining,site-02,fleet_telemetry,ACME-S02-TRUCK-022,haul_truck,2026-09-01T16:18:16.854Z,4,-16.586003,-71.462896,225.5,31.4,Dump-A,cycle-acme-s02-truck-022-00001,returning,0.0,240.0,133979.85,51.7,True,False,21670.13,310858.48,False,False,False,87.3,24.1,[],1.0
a9e5fe8a-3333-49d0-aed5-07faf1e27a46,1.0,acme-mining,site-02,fleet_telemetry,ACME-S02-TRUCK-023,haul_truck,2026-09-01T16:18:16.854Z,4,-16.520903,-71.503663,166.8,31.3,Dump-A,cycle-acme-s02-truck-023-00001,returning,0.0,240.0,221460.17,51.0,True,False,19307.65,52873.36,False,False,False,95.5,24.3,[],1.0
0dfe8ddb-e02b-43e1-8c0f-6210b67d99c3,1.0,acme-mining,site-02,fleet_telemetry,ACME-S02-TRUCK-024,haul_truck,2026-09-01T16:18:16.854Z,4,-16.646816,-71.547532,204.6,36.0,Dump-A,cycle-acme-s02-truck-024-00001,returning,0.0,240.0,130028.46,88.3,True,False,6843.34,500763.69,False,False,False,93.1,25.1,[],1.0
d460ef0c-5335-420d-9fc3-3291d4507e35,1.0,acme-mining,site-02,fleet_telemetry,ACME-S02-TRUCK-025,haul_truck,2026-09-01T16:18:16.854Z,4,-16.60698,-71.557673,285.1,37.1,Dump-A,cycle-acme-s02-truck-025-00001,returning,0.0,240.0,419407.93,54.0,True,False,18114.11,577316.86,False,False,False,94.6,24.3,[],1.0
e55ad99b-b7ec-4d81-86d7-6ffca1eea530,1.0,acme-mining,site-02,fleet_telemetry,ACME-S02-TRUCK-026,haul_truck,2026-09-01T16:18:16.854Z,4,-16.566404,-71.490896,325.6,29.5,Dump-A,cycle-acme-s02-truck-026-00001,returning,0.0,240.0,419563.68,83.7,True,False,8748.15,37758.24,False,False,False,90.5,25.1,[],1.0
e1057854-8654-47f5-9154-42e9c0aaddc8,1.0,acme-mining,site-02,fleet_telemetry,ACME-S02-TRUCK-027,haul_truck,2026-09-01T16:18:16.854Z,4,-16.595352,-71.519033,237.4,39.7,Dump-A,cycle-acme-s02-truck-027-00001,returning,0.0,240.0,375688.9,78.1,True,False,20248.8,317646.71,False,False,False,94.9,25.1,[],1.0
0d40be0e-e083-4cd2-b810-ea61502cccab,1.0,acme-mining,site-02,fleet_telemetry,ACME-S02-TRUCK-028,haul_truck,2026-09-01T16:18:16.854Z,4,-16.585972,-71.599723,62.0,31.8,Dump-A,cycle-acme-s02-truck-028-00001,returning,0.0,240.0,251474.15,75.9,True,False,6225.59,546026.84,False,False,False,91.7,25.2,[],1.0
28ae83a3-ddff-472f-a214-d85011eb9413,1.0,acme-mining,site-02,fleet_telemetry,ACME-S02-TRUCK-029,haul_truck,2026-09-01T16:18:16.854Z,4,-16.66035,-71.48364,54.2,36.3,Dump-A,cycle-acme-s02-truck-029-00001,returning,0.0,240.0,291139.05,68.6,True,False,3383.19,170216.99,False,False,False,94.0,24.2,[],1.0
cbf2da9d-2408-46f9-814d-a4d1e7cc2f90,1.0,acme-mining,site-02,fleet_telemetry,ACME-S02-TRUCK-030,haul_truck,2026-09-01T16:18:16.854Z,4,-16.601706,-71.51912,274.7,28.4,Dump-A,cycle-acme-s02-truck-030-00001,returning,0.0,240.0,116453.06,35.0,True,False,1148.44,344686.81,False,False,False,92.1,24.5,[],1.0
c6ee8013-d9f3-4e2e-befd-00636720b65c,1.0,acme-mining,site-02,fleet_telemetry,ACME-S02-TRUCK-031,haul_truck,2026-09-01T16:18:16.854Z,4,-16.51788,-71.530474,312.9,52.1,Dump-A,cycle-acme-s02-truck-031-00001,returning,0.0,240.0,240333.49,50.2,True,False,4771.06,440975.5,False,False,True,95.2,24.3,[],1.0
09ca52ef-57d2-43df-9ea7-006614210c76,1.0,acme-mining,site-02,fleet_telemetry,ACME-S02-TRUCK-032,haul_truck,2026-09-01T16:18:16.854Z,4,-16.513429,-71.576897,110.7,25.6,Dump-A,cycle-acme-s02-truck-032-00001,returning,0.0,240.0,216859.72,69.5,True,False,12548.03,265985.95,False,False,False,95.6,23.9,[],1.0
267de153-704d-4162-a1fe-c8bb31aa09a6,1.0,acme-mining,site-02,fleet_telemetry,ACME-S02-TRUCK-033,haul_truck,2026-09-01T16:18:16.854Z,4,-16.552758,-71.564296,63.1,35.2,Dump-A,cycle-acme-s02-truck-033-00001,returning,0.0,240.0,286433.35,79.0,True,False,8109.82,481752.95,False,False,False,89.4,24.2,[],1.0
a278ba14-9453-4474-ad5b-2e94a45c4189,1.0,acme-mining,site-02,fleet_telemetry,ACME-S02-TRUCK-034,haul_truck,2026-09-01T16:18:16.854Z,4,-16.513465,-71.540939,327.6,38.4,Dump-A,cycle-acme-s02-truck-034-00001,returning,0.0,240.0,375369.09,72.9,True,False,7977.21,424961.33,False,False,False,87.2,24.4,[],1.0
faff67fd-ec0d-4a5b-86f6-825bcfe96758,1.0,acme-mining,site-02,fleet_telemetry,ACME-S02-TRUCK-035,haul_truck,2026-09-01T16:18:16.854Z,4,-16.663371,-71.585601,89.8,34.1,Dump-A,cycle-acme-s02-truck-035-00001,returning,0.0,240.0,211379.3,45.5,True,False,2137.74,509000.05,False,False,False,94.5,24.0,[],1.0
f11c87b3-dd68-478b-863e-8ba4f59463c8,1.0,acme-mining,site-02,fleet_telemetry,ACME-S02-TRUCK-036,haul_truck,2026-09-01T16:18:16.854Z,4,-16.549895,-71.586939,170.2,41.0,Dump-A,cycle-acme-s02-truck-036-00001,returning,0.0,240.0,248933.79,42.7,True,False,11726.14,643147.4,False,False,False,94.8,24.5,[],1.0
8946fc5f-e249-49a3-b861-4d9ae2ad7152,1.0,acme-mining,site-02,fleet_telemetry,ACME-S02-TRUCK-037,haul_truck,2026-09-01T16:18:16.854Z,4,-16.528066,-71.498569,205.8,37.8,Dump-A,cycle-acme-s02-truck-037-00001,returning,0.0,240.0,64769.29,50.7,True,False,19154.93,229112.66,False,False,False,90.4,24.4,[],1.0
9fbb4810-2dfe-4631-8f36-6651281c1bb1,1.0,acme-mining,site-02,fleet_telemetry,ACME-S02-TRUCK-038,haul_truck,2026-09-01T16:18:16.854Z,4,-16.54281,-71.574845,30.6,24.4,Dump-A,cycle-acme-s02-truck-038-00001,returning,0.0,240.0,314510.42,50.7,True,False,7987.58,137694.92,False,False,False,89.4,24.3,[],1.0
43dcfb25-8f9a-40a4-832c-c0638538acf8,1.0,acme-mining,site-02,fleet_telemetry,ACME-S02-TRUCK-039,haul_truck,2026-09-01T16:18:16.854Z,4,-16.61898,-71.604684,336.5,27.2,Dump-A,cycle-acme-s02-truck-039-00001,returning,0.0,240.0,371830.45,63.2,True,False,2473.26,399545.67,False,False,False,87.1,25.1,[],1.0
9d76b1e3-b2c1-4185-a068-83f91abd7682,1.0,acme-mining,site-02,fleet_telemetry,ACME-S02-TRUCK-040,haul_truck,2026-09-01T16:18:16.854Z,4,-16.598852,-71.501214,127.7,27.5,Dump-A,cycle-acme-s02-truck-040-00001,returning,0.0,240.0,83323.98,56.0,True,False,10253.42,472127.72,False,False,False,93.9,25.2,[],1.0
aa218287-b148-4f76-8e8f-6bbc67149336,1.0,acme-mining,site-02,fleet_telemetry,ACME-S02-TRUCK-041,haul_truck,2026-09-01T16:18:16.854Z,4,-16.568412,-71.559332,91.0,32.9,Dump-A,cycle-acme-s02-truck-041-00001,returning,0.0,240.0,427078.21,30.2,True,False,6620.58,637417.28,False,False,False,89.7,24.5,[],1.0
814d996f-22e0-4aa5-8cd1-596e709eee56,1.0,acme-mining,site-02,fleet_telemetry,ACME-S02-TRUCK-042,haul_truck,2026-09-01T16:18:16.854Z,4,-16.664864,-71.606736,233.7,41.7,Dump-A,cycle-acme-s02-truck-042-00001,returning,0.0,240.0,277332.36,79.7,True,False,20999.14,109951.16,False,False,False,87.7,24.8,[],1.0
584fc66e-e01f-43c3-a158-19a113493b1d,1.0,acme-mining,site-02,fleet_telemetry,ACME-S02-TRUCK-043,haul_truck,2026-09-01T16:18:16.854Z,4,-16.598401,-71.55814,236.3,28.7,Dump-A,cycle-acme-s02-truck-043-00001,returning,0.0,240.0,24249.83,35.7,True,False,8477.6,618164.37,False,False,False,96.0,24.7,[],1.0
c752b912-4736-4db3-bebb-63327878f972,1.0,acme-mining,site-02,fleet_telemetry,ACME-S02-TRUCK-044,haul_truck,2026-09-01T16:18:16.854Z,4,-16.630428,-71.599364,108.9,60.6,Dump-A,cycle-acme-s02-truck-044-00001,returning,0.0,240.0,185135.26,70.4,True,False,12967.15,353559.86,False,False,True,91.7,24.1,[],1.0
23d5326f-46b1-4c83-873f-65508a52ea26,1.0,acme-mining,site-02,fleet_telemetry,ACME-S02-TRUCK-045,haul_truck,2026-09-01T16:18:16.854Z,4,-16.55775,-71.583166,132.0,32.5,Dump-A,cycle-acme-s02-truck-045-00001,returning,0.0,240.0,61815.12,79.2,True,False,11776.21,595531.86,False,False,False,89.8,24.5,[],1.0
06f5a217-0b95-4466-a1c9-87a79266e082,1.0,acme-mining,site-02,fleet_telemetry,ACME-S02-TRUCK-046,haul_truck,2026-09-01T16:18:16.854Z,4,-16.556261,-71.457937,94.1,41.9,Dump-A,cycle-acme-s02-truck-046-00001,returning,0.0,240.0,42583.18,37.1,True,False,5043.79,105509.01,False,False,False,89.5,24.1,[],1.0
5205f537-4f29-418e-9a6e-3a6e81199788,1.0,acme-mining,site-02,fleet_telemetry,ACME-S02-TRUCK-047,haul_truck,2026-09-01T16:18:16.854Z,4,-16.622422,-71.592302,328.7,29.1,Dump-A,cycle-acme-s02-truck-047-00001,returning,0.0,240.0,251999.03,45.3,True,False,14958.21,467010.6,False,False,False,94.1,25.0,[],1.0
10d4cb76-29c4-492d-8edc-a68b3ee8a7b2,1.0,acme-mining,site-02,fleet_telemetry,ACME-S02-TRUCK-048,haul_truck,2026-09-01T16:18:16.854Z,4,-16.648173,-71.491033,23.4,52.4,Dump-A,cycle-acme-s02-truck-048-00001,returning,0.0,240.0,63399.76,39.0,True,False,17626.37,340516.23,False,False,True,87.8,24.6,[],1.0
94f2f62f-a468-4449-a31f-1645d9288b56,1.0,acme-mining,site-02,fleet_telemetry,ACME-S02-TRUCK-049,haul_truck,2026-09-01T16:18:16.854Z,4,-16.52893,-71.606962,122.8,28.3,Dump-A,cycle-acme-s02-truck-049-00001,returning,0.0,240.0,442525.54,34.1,True,False,12932.29,314465.76,False,False,False,93.4,25.1,[],1.0
f4b0aa8c-2e1b-4907-9c0a-061044fc6c48,1.0,acme-mining,site-02,fleet_telemetry,ACME-S02-TRUCK-050,haul_truck,2026-09-01T16:18:16.854Z,4,-16.514816,-71.514696,119.1,25.3,Dump-A,cycle-acme-s02-truck-050-00001,returning,0.0,240.0,372269.62,30.1,True,False,11944.75,504573.76,False,False,False,92.3,24.7,[],1.0
8b9a6f1b-8c21-4692-b803-eb9c5aea7123,1.0,acme-mining,site-02,fleet_telemetry,ACME-S02-TRUCK-051,haul_truck,2026-09-01T16:18:16.854Z,4,-16.641293,-71.462871,66.8,35.0,Dump-A,cycle-acme-s02-truck-051-00001,returning,0.0,240.0,353315.97,69.8,True,False,8103.72,573114.99,False,False,False,95.3,24.8,[],1.0
cc46a53b-9af3-43ad-9bec-9d7a86515e83,1.0,acme-mining,site-02,fleet_telemetry,ACME-S02-TRUCK-052,haul_truck,2026-09-01T16:18:16.854Z,4,-16.520818,-71.581443,139.2,25.6,Dump-A,cycle-acme-s02-truck-052-00001,returning,0.0,240.0,143815.08,36.3,True,False,18425.49,346404.41,False,False,False,93.2,24.7,[],1.0
53c28e35-e03c-4098-b5dd-d1d0465850aa,1.0,acme-mining,site-02,fleet_telemetry,ACME-S02-TRUCK-053,haul_truck,2026-09-01T16:18:16.854Z,4,-16.582271,-71.59746,168.9,27.5,Dump-A,cycle-acme-s02-truck-053-00001,returning,0.0,240.0,120266.62,69.4,True,False,19772.43,552938.32,False,False,False,93.1,24.8,[],1.0
d6da7f8e-a0bb-4cfb-aa73-0f132372605e,1.0,acme-mining,site-02,fleet_telemetry,ACME-S02-TRUCK-054,haul_truck,2026-09-01T16:18:16.854Z,4,-16.643015,-71.5176,350.6,34.7,Dump-A,cycle-acme-s02-truck-054-00001,returning,0.0,240.0,270396.0,65.6,True,False,2780.69,423822.17,False,False,False,86.8,24.2,[],1.0
717ca507-4fee-4c47-b151-c7ac447a74a5,1.0,acme-mining,site-02,fleet_telemetry,ACME-S02-TRUCK-055,haul_truck,2026-09-01T16:18:16.854Z,4,-16.66315,-71.514875,67.7,39.8,Dump-A,cycle-acme-s02-truck-055-00001,returning,0.0,240.0,373104.24,27.0,True,False,18661.64,375079.5,False,False,False,93.6,25.0,[],1.0
558d1c17-87d2-464e-ac3b-677a5d3df67a,1.0,acme-mining,site-02,fleet_telemetry,ACME-S02-TRUCK-056,haul_truck,2026-09-01T16:18:16.854Z,4,-16.570066,-71.571157,148.4,37.6,Dump-A,cycle-acme-s02-truck-056-00001,returning,0.0,240.0,291156.41,59.8,True,False,17059.54,282449.78,False,False,False,89.0,24.7,[],1.0
edcad716-6c29-4fac-b6ee-016ab0f42fca,1.0,acme-mining,site-02,fleet_telemetry,ACME-S02-TRUCK-057,haul_truck,2026-09-01T16:18:16.854Z,4,-16.560244,-71.592221,320.5,27.9,Dump-A,cycle-acme-s02-truck-057-00001,returning,0.0,240.0,188681.0,56.7,True,False,5991.42,528630.15,False,False,False,86.1,24.8,[],1.0
a5c2f42f-3c9a-469b-893c-9effe923a9fd,1.0,acme-mining,site-02,fleet_telemetry,ACME-S02-TRUCK-058,haul_truck,2026-09-01T16:18:16.854Z,4,-16.552934,-71.479763,21.7,29.1,Dump-A,cycle-acme-s02-truck-058-00001,returning,0.0,240.0,147536.58,75.3,True,False,5125.29,402196.05,False,False,False,95.0,24.9,[],1.0
7bcfce96-3c95-4eb8-9a94-9a7fc7122ba4,1.0,acme-mining,site-02,fleet_telemetry,ACME-S02-TRUCK-059,haul_truck,2026-09-01T16:18:16.854Z,4,-16.650793,-71.545579,242.8,31.7,Dump-A,cycle-acme-s02-truck-059-00001,returning,0.0,240.0,56721.21,41.9,True,False,16926.1,344437.57,False,False,False,95.8,24.2,[],1.0
8abb3a0f-4ea3-47ab-ba03-7879d4fbea92,1.0,acme-mining,site-02,fleet_telemetry,ACME-S02-TRUCK-060,haul_truck,2026-09-01T16:18:16.854Z,4,-16.531947,-71.591951,204.9,37.9,Dump-A,cycle-acme-s02-truck-060-00001,returning,0.0,240.0,280766.36,42.4,True,False,6952.5,262014.49,False,False,False,95.6,24.8,[],1.0
6a0abf83-f208-49ef-b9b9-7696a7cd4bc6,1.0,acme-mining,site-02,fleet_telemetry,ACME-S02-TRUCK-061,haul_truck,2026-09-01T16:18:16.854Z,4,-16.595714,-71.476864,176.0,29.7,Dump-A,cycle-acme-s02-truck-061-00001,returning,0.0,240.0,80110.94,94.7,True,False,16087.93,139595.58,False,False,False,89.0,24.6,[],1.0
62edba81-5999-4b7c-b34f-73ca1a545f82,1.0,acme-mining,site-02,fleet_telemetry,ACME-S02-TRUCK-062,haul_truck,2026-09-01T16:18:16.854Z,4,-16.613936,-71.609419,316.7,37.4,Dump-A,cycle-acme-s02-truck-062-00001,returning,0.0,240.0,435342.4,40.0,True,False,20838.94,338430.11,False,False,False,90.1,24.3,[],1.0
4530dfa5-e10e-407a-8437-f67503437229,1.0,acme-mining,site-02,fleet_telemetry,ACME-S02-TRUCK-063,haul_truck,2026-09-01T16:18:16.854Z,4,-16.62808,-71.558968,55.0,38.3,Dump-A,cycle-acme-s02-truck-063-00001,returning,0.0,240.0,57299.0,34.4,True,False,6857.87,25151.87,False,False,False,90.6,24.8,[],1.0
81849142-8d3c-4d1d-8a6d-0208a6895c7e,1.0,acme-mining,site-02,fleet_telemetry,ACME-S02-TRUCK-064,haul_truck,2026-09-01T16:18:16.854Z,4,-16.658616,-71.536804,313.2,30.9,Dump-A,cycle-acme-s02-truck-064-00001,returning,0.0,240.0,95648.62,63.7,True,False,9292.34,379277.53,False,False,False,89.8,24.0,[],1.0
ae571b7c-5e6a-458d-86d5-9f7d24d99a74,1.0,acme-mining,site-02,fleet_telemetry,ACME-S02-TRUCK-065,haul_truck,2026-09-01T16:18:16.854Z,4,-16.654914,-71.557756,340.5,30.6,Dump-A,cycle-acme-s02-truck-065-00001,returning,0.0,240.0,278859.27,34.0,True,False,18296.61,412642.3,False,False,False,87.5,24.1,[],1.0
be016be7-7bbb-43e6-9c18-537d6f141d25,1.0,acme-mining,site-02,fleet_telemetry,ACME-S02-TRUCK-066,haul_truck,2026-09-01T16:18:16.854Z,4,-16.590405,-71.610277,57.0,24.3,Dump-A,cycle-acme-s02-truck-066-00001,returning,0.0,240.0,97585.75,60.6,True,False,20705.72,495628.13,False,False,False,91.0,25.0,[],1.0
ff1095ee-0184-494f-9e04-96a172c60bb4,1.0,acme-mining,site-02,fleet_telemetry,ACME-S02-TRUCK-067,haul_truck,2026-09-01T16:18:16.854Z,4,-16.648054,-71.468486,156.6,39.4,Dump-A,cycle-acme-s02-truck-067-00001,returning,0.0,240.0,75534.18,87.5,True,False,17844.08,347179.72,False,False,False,91.0,25.0,[],1.0
4e59227d-12ff-4b0d-9867-edeee9f9d578,1.0,acme-mining,site-02,fleet_telemetry,ACME-S02-TRUCK-068,haul_truck,2026-09-01T16:18:16.854Z,4,-16.537899,-71.532328,254.1,32.8,Dump-A,cycle-acme-s02-truck-068-00001,returning,0.0,240.0,141663.39,48.5,True,False,21801.06,485771.29,False,False,False,95.5,24.7,[],1.0
deb7f6e8-3035-45b4-9bc2-418987e0fbbd,1.0,acme-mining,site-02,fleet_telemetry,ACME-S02-TRUCK-069,haul_truck,2026-09-01T16:18:16.854Z,4,-16.603746,-71.568274,344.4,26.5,Dump-A,cycle-acme-s02-truck-069-00001,returning,0.0,240.0,155745.7,32.6,True,False,10867.73,30481.37,False,False,False,90.9,24.7,[],1.0
14aac148-39a8-451a-be09-b4400b82d494,1.0,acme-mining,site-02,fleet_telemetry,ACME-S02-TRUCK-070,haul_truck,2026-09-01T16:18:16.854Z,4,-16.577857,-71.581101,190.6,30.1,Dump-A,cycle-acme-s02-truck-070-00001,returning,0.0,240.0,298460.31,93.0,True,False,13454.49,187284.25,False,False,False,92.0,24.3,[],1.0
d4fdb2a0-ab0d-4f21-9855-3716a8d84fcc,1.0,acme-mining,site-02,fleet_telemetry,ACME-S02-TRUCK-071,haul_truck,2026-09-01T16:18:16.854Z,4,-16.646753,-71.508592,6.4,30.7,Dump-A,cycle-acme-s02-truck-071-00001,returning,0.0,240.0,282684.04,83.9,True,False,4414.86,416285.99,False,False,False,90.7,24.3,[],1.0
5161a614-2b03-480a-a2bf-17b8e25c4579,1.0,acme-mining,site-02,fleet_telemetry,ACME-S02-TRUCK-072,haul_truck,2026-09-01T16:18:16.854Z,4,-16.63778,-71.537201,228.1,28.4,Dump-A,cycle-acme-s02-truck-072-00001,returning,0.0,240.0,194263.61,53.9,True,False,4844.63,297854.38,False,False,False,95.0,25.1,[],1.0
8f0c9b0d-4df2-41c0-b30f-3158c11d6016,1.0,acme-mining,site-02,fleet_telemetry,ACME-S02-TRUCK-073,haul_truck,2026-09-01T16:18:16.854Z,4,-16.637236,-71.565494,324.6,32.6,Dump-A,cycle-acme-s02-truck-073-00001,returning,0.0,240.0,37404.05,34.6,True,False,19303.74,483577.56,False,False,False,93.0,25.2,[],1.0
f043c701-068b-4222-ac31-b4880b60bad4,1.0,acme-mining,site-02,fleet_telemetry,ACME-S02-TRUCK-074,haul_truck,2026-09-01T16:18:16.854Z,4,-16.582999,-71.509357,292.7,38.1,Dump-A,cycle-acme-s02-truck-074-00001,returning,0.0,240.0,212252.24,62.3,True,False,8788.69,622711.97,False,False,False,92.1,24.1,[],1.0
b4fd68cf-8ffa-41b2-9891-348dc44957d3,1.0,acme-mining,site-02,fleet_telemetry,ACME-S02-TRUCK-075,haul_truck,2026-09-01T16:18:16.854Z,4,-16.634438,-71.461821,53.4,34.1,Dump-A,cycle-acme-s02-truck-075-00001,returning,0.0,240.0,118468.7,64.0,True,False,13733.63,141126.51,False,False,False,89.8,24.3,[],1.0
f0e6d567-a519-43b8-bced-cf9ecab92b5f,1.0,acme-mining,site-02,fleet_telemetry,ACME-S02-TRUCK-076,haul_truck,2026-09-01T16:18:16.854Z,4,-16.58072,-71.467977,24.1,33.5,Dump-A,cycle-acme-s02-truck-076-00001,returning,0.0,240.0,225161.64,58.6,True,False,15743.91,454851.23,False,False,False,93.3,24.3,[],1.0
fe24b5cc-9143-420f-95bd-2f8ef2db6b9e,1.0,acme-mining,site-02,fleet_telemetry,ACME-S02-TRUCK-077,haul_truck,2026-09-01T16:18:16.854Z,4,-16.539432,-71.464773,170.5,27.5,Dump-A,cycle-acme-s02-truck-077-00001,returning,0.0,240.0,177065.72,93.6,True,False,3383.74,446272.11,False,False,False,93.8,24.1,[],1.0
3b9a69bc-f3ab-4374-a8e6-44b24159bf12,1.0,acme-mining,site-02,fleet_telemetry,ACME-S02-TRUCK-078,haul_truck,2026-09-01T16:18:16.854Z,4,-16.565444,-71.497921,344.3,24.1,Dump-A,cycle-acme-s02-truck-078-00001,returning,0.0,240.0,44773.24,89.7,True,False,1691.82,621847.71,False,False,False,93.8,24.5,[],1.0
297a463f-ffbb-4bad-a637-4cac270d2f83,1.0,acme-mining,site-02,fleet_telemetry,ACME-S02-TRUCK-079,haul_truck,2026-09-01T16:18:16.854Z,4,-16.55187,-71.579195,332.4,29.7,Dump-A,cycle-acme-s02-truck-079-00001,returning,0.0,240.0,129513.73,32.6,True,False,6548.02,374071.45,False,False,False,87.9,24.6,[],1.0
1e50bcd5-7621-4225-8e44-3160e4e450c2,1.0,acme-mining,site-02,fleet_telemetry,ACME-S02-TRUCK-080,haul_truck,2026-09-01T16:18:16.854Z,4,-16.594795,-71.508501,89.3,29.3,Dump-A,cycle-acme-s02-truck-080-00001,returning,0.0,240.0,54087.39,48.1,True,False,5584.24,166687.16,False,False,False,91.0,24.3,[],1.0
1dc92a4b-a40b-481a-b63a-40db1cadc150,1.0,beta-minerals,north-site,fleet_telemetry,BETA-NORTH-TRUCK-001,haul_truck,2026-09-01T16:18:16.854Z,4,-16.562051,-71.591173,337.2,38.2,Dump-A,cycle-beta-north-truck-001-00001,returning,0.0,240.0,383639.49,70.3,True,False,17975.95,92503.83,False,False,False,89.7,24.5,[],1.0
af56114f-0ce2-4ba1-8cc6-5ecd14059ee6,1.0,beta-minerals,north-site,fleet_telemetry,BETA-NORTH-TRUCK-002,haul_truck,2026-09-01T16:18:16.854Z,4,-16.596474,-71.489844,38.3,38.7,Dump-A,cycle-beta-north-truck-002-00001,returning,0.0,240.0,155635.73,54.8,True,False,11739.08,367703.59,False,False,False,93.5,24.7,[],1.0
bda597ea-d12a-4670-b0fe-b74821dafa5e,1.0,beta-minerals,north-site,fleet_telemetry,BETA-NORTH-TRUCK-003,haul_truck,2026-09-01T16:18:16.854Z,4,-16.638794,-71.522754,285.6,32.2,Dump-A,cycle-beta-north-truck-003-00001,returning,0.0,240.0,22844.88,68.0,True,False,14378.16,292244.8,False,False,False,86.0,24.5,[],1.0
6bb47273-cac1-47d3-b9c3-32c8887db21e,1.0,beta-minerals,north-site,fleet_telemetry,BETA-NORTH-TRUCK-004,haul_truck,2026-09-01T16:18:16.854Z,4,-16.654131,-71.477974,146.2,25.9,Dump-A,cycle-beta-north-truck-004-00001,returning,0.0,240.0,365841.39,29.4,True,False,5162.64,493965.15,False,False,False,88.4,25.0,[],1.0
ad993842-f638-4cce-a97e-7226a75fb285,1.0,beta-minerals,north-site,fleet_telemetry,BETA-NORTH-TRUCK-005,haul_truck,2026-09-01T16:18:16.854Z,4,-16.51584,-71.567393,43.6,33.8,Dump-A,cycle-beta-north-truck-005-00001,returning,0.0,240.0,305108.91,59.2,True,False,4977.98,91791.73,False,False,False,86.3,24.1,[],1.0
469c5a09-9f1c-4987-a266-82643d8ba471,1.0,beta-minerals,north-site,fleet_telemetry,BETA-NORTH-TRUCK-006,haul_truck,2026-09-01T16:18:16.854Z,4,-16.540212,-71.504518,128.7,38.0,Dump-A,cycle-beta-north-truck-006-00001,returning,0.0,240.0,382028.12,68.2,True,False,13244.51,239192.63,False,False,False,90.2,24.4,[],1.0
cce6b729-fbb7-48b4-a3ba-e2478f863a9e,1.0,beta-minerals,north-site,fleet_telemetry,BETA-NORTH-TRUCK-007,haul_truck,2026-09-01T16:18:16.854Z,4,-16.64113,-71.506549,212.2,36.6,Dump-A,cycle-beta-north-truck-007-00001,returning,0.0,240.0,61859.41,46.4,True,False,2596.75,104387.2,False,False,False,90.3,24.5,[],1.0
da43898c-cdcb-40d1-97cc-2b08bfc0822f,1.0,beta-minerals,north-site,fleet_telemetry,BETA-NORTH-TRUCK-008,haul_truck,2026-09-01T16:18:16.854Z,4,-16.584435,-71.470433,252.2,56.4,Dump-A,cycle-beta-north-truck-008-00001,returning,0.0,240.0,196137.35,59.0,True,False,13444.23,382127.93,False,False,True,86.3,25.0,[],1.0
39af4add-b8df-4bc6-8fae-b2cd9d904d07,1.0,beta-minerals,north-site,fleet_telemetry,BETA-NORTH-TRUCK-009,haul_truck,2026-09-01T16:18:16.854Z,4,-16.598252,-71.608927,126.3,30.9,Dump-A,cycle-beta-north-truck-009-00001,returning,0.0,240.0,71730.76,47.0,True,False,12564.15,328474.58,False,False,False,92.2,25.2,[],1.0
5784e6c8-28ad-40cc-b880-5b41ba9a3b0e,1.0,beta-minerals,north-site,fleet_telemetry,BETA-NORTH-TRUCK-010,haul_truck,2026-09-01T16:18:16.854Z,4,-16.565907,-71.552008,195.7,51.4,Dump-A,cycle-beta-north-truck-010-00001,returning,0.0,240.0,178935.72,64.3,True,False,11073.71,142931.06,False,False,True,90.7,23.9,[],1.0
b6d57481-a6e3-4ba4-965a-fdaa527ce0e6,1.0,beta-minerals,north-site,fleet_telemetry,BETA-NORTH-TRUCK-011,haul_truck,2026-09-01T16:18:16.854Z,4,-16.623631,-71.573545,86.9,37.0,Dump-A,cycle-beta-north-truck-011-00001,returning,0.0,240.0,23578.99,78.3,True,False,11160.44,72082.59,False,False,False,93.5,25.2,[],1.0
525f02fc-4afe-48e7-885c-6508be6c9ac1,1.0,beta-minerals,north-site,fleet_telemetry,BETA-NORTH-TRUCK-012,haul_truck,2026-09-01T16:18:16.854Z,4,-16.588657,-71.525844,147.8,24.6,Dump-A,cycle-beta-north-truck-012-00001,returning,0.0,240.0,349921.24,59.6,True,False,17351.7,376359.88,False,False,False,88.2,23.8,[],1.0
bcd32701-3eb5-4896-84a1-529de40c010e,1.0,beta-minerals,north-site,fleet_telemetry,BETA-NORTH-TRUCK-013,haul_truck,2026-09-01T16:18:16.854Z,4,-16.555339,-71.530077,180.7,26.3,Dump-A,cycle-beta-north-truck-013-00001,returning,0.0,240.0,371949.09,27.9,True,False,18253.6,251122.99,False,False,False,90.4,24.4,[],1.0
50a7f538-bcd9-4955-b24b-ad168ce49740,1.0,beta-minerals,north-site,fleet_telemetry,BETA-NORTH-TRUCK-014,haul_truck,2026-09-01T16:18:16.854Z,4,-16.665232,-71.575458,210.8,36.5,Dump-A,cycle-beta-north-truck-014-00001,returning,0.0,240.0,118914.2,86.2,True,False,16402.97,431813.27,False,False,False,86.5,24.8,[],1.0
dfe76533-c53d-4a31-92f2-af3fe2d4c3db,1.0,beta-minerals,north-site,fleet_telemetry,BETA-NORTH-TRUCK-015,haul_truck,2026-09-01T16:18:16.854Z,4,-16.540712,-71.523455,119.3,32.8,Dump-A,cycle-beta-north-truck-015-00001,returning,0.0,240.0,351278.21,41.6,True,False,10108.29,646193.45,False,False,False,88.9,24.0,[],1.0
b46cb8d7-e56c-450e-95b5-9b7f36b76d60,1.0,beta-minerals,north-site,fleet_telemetry,BETA-NORTH-TRUCK-016,haul_truck,2026-09-01T16:18:16.854Z,4,-16.660907,-71.561382,279.2,26.8,Dump-A,cycle-beta-north-truck-016-00001,returning,0.0,240.0,100912.93,39.5,True,False,4318.82,107718.12,False,False,False,86.1,24.9,[],1.0
5e087314-73b3-45f6-bc1b-face062496e1,1.0,beta-minerals,north-site,fleet_telemetry,BETA-NORTH-TRUCK-017,haul_truck,2026-09-01T16:18:16.854Z,4,-16.518015,-71.535209,245.8,40.3,Dump-A,cycle-beta-north-truck-017-00001,returning,0.0,240.0,138759.55,65.1,True,False,4369.61,636770.2,False,False,False,89.4,25.0,[],1.0
a292f4f6-5c2a-453b-8e97-32c32a86062f,1.0,beta-minerals,north-site,fleet_telemetry,BETA-NORTH-TRUCK-018,haul_truck,2026-09-01T16:18:16.854Z,4,-16.626038,-71.512535,50.1,28.1,Dump-A,cycle-beta-north-truck-018-00001,returning,0.0,240.0,191102.62,29.1,True,False,3674.49,492559.38,False,False,False,87.0,24.8,[],1.0
777a8c47-586a-4885-9b74-55017377925e,1.0,beta-minerals,north-site,fleet_telemetry,BETA-NORTH-TRUCK-019,haul_truck,2026-09-01T16:18:16.854Z,4,-16.562186,-71.539197,7.4,41.0,Dump-A,cycle-beta-north-truck-019-00001,returning,0.0,240.0,374532.28,78.3,True,False,6093.16,468178.89,False,False,False,93.0,24.5,[],1.0
cae3103b-1d2f-4917-a331-8a3d3ae7e0e2,1.0,beta-minerals,north-site,fleet_telemetry,BETA-NORTH-TRUCK-020,haul_truck,2026-09-01T16:18:16.854Z,4,-16.547395,-71.553044,200.6,36.5,Dump-A,cycle-beta-north-truck-020-00001,returning,0.0,240.0,43227.44,80.6,True,False,14109.64,256358.66,False,False,False,88.8,24.4,[],1.0
5f402b21-4f5f-4106-9ce3-b78ffb83921f,1.0,beta-minerals,north-site,fleet_telemetry,BETA-NORTH-TRUCK-021,haul_truck,2026-09-01T16:18:16.854Z,4,-16.534817,-71.602607,330.8,25.2,Dump-A,cycle-beta-north-truck-021-00001,returning,0.0,240.0,266060.72,85.8,True,False,10439.55,327468.12,False,False,False,90.0,25.1,[],1.0
318c7461-67b3-48da-8240-9edcc14c22e1,1.0,beta-minerals,north-site,fleet_telemetry,BETA-NORTH-TRUCK-022,haul_truck,2026-09-01T16:18:16.854Z,4,-16.538439,-71.538358,160.6,39.8,Dump-A,cycle-beta-north-truck-022-00001,returning,0.0,240.0,184995.27,92.7,True,False,18822.26,521277.2,False,False,False,92.6,25.2,[],1.0
15f96799-de42-451c-a959-f6eb4e78f558,1.0,beta-minerals,north-site,fleet_telemetry,BETA-NORTH-TRUCK-023,haul_truck,2026-09-01T16:18:16.854Z,4,-16.615437,-71.508271,148.7,30.7,Dump-A,cycle-beta-north-truck-023-00001,returning,0.0,240.0,259102.81,59.0,True,False,7960.41,384098.28,False,False,False,87.9,24.6,[],1.0
099635d0-2172-430c-a767-c2eecdae9ad7,1.0,beta-minerals,north-site,fleet_telemetry,BETA-NORTH-TRUCK-024,haul_truck,2026-09-01T16:18:16.854Z,4,-16.645118,-71.544437,21.6,28.2,Dump-A,cycle-beta-north-truck-024-00001,returning,0.0,240.0,17164.08,90.0,True,False,14075.01,547122.47,False,False,False,86.1,24.9,[],1.0
eccd60ea-c616-477d-98a3-bf37d522bd22,1.0,beta-minerals,north-site,fleet_telemetry,BETA-NORTH-TRUCK-025,haul_truck,2026-09-01T16:18:16.854Z,4,-16.644968,-71.468269,49.3,26.0,Dump-A,cycle-beta-north-truck-025-00001,returning,0.0,240.0,68042.04,70.5,True,False,5089.15,453812.98,False,False,False,94.8,25.1,[],1.0
ba781522-3069-487a-8bd8-e6a8f9b71794,1.0,beta-minerals,north-site,fleet_telemetry,BETA-NORTH-TRUCK-026,haul_truck,2026-09-01T16:18:16.854Z,4,-16.60698,-71.568633,35.6,39.5,Dump-A,cycle-beta-north-truck-026-00001,returning,0.0,240.0,407672.4,36.6,True,False,6108.26,254261.67,False,False,False,90.8,24.3,[],1.0
95f17ba9-d763-416b-a340-d14b03138f43,1.0,beta-minerals,north-site,fleet_telemetry,BETA-NORTH-TRUCK-027,haul_truck,2026-09-01T16:18:16.854Z,4,-16.657921,-71.522525,183.5,35.4,Dump-A,cycle-beta-north-truck-027-00001,returning,0.0,240.0,51881.1,39.9,True,False,9899.7,77455.6,False,False,False,87.3,25.0,[],1.0
749b0569-a141-4fe5-bca9-e0713936e820,1.0,beta-minerals,north-site,fleet_telemetry,BETA-NORTH-TRUCK-028,haul_truck,2026-09-01T16:18:16.854Z,4,-16.602814,-71.596345,271.2,25.2,Dump-A,cycle-beta-north-truck-028-00001,returning,0.0,240.0,369528.26,94.1,True,False,996.89,458226.27,False,False,False,88.5,25.0,[],1.0
fb832197-8601-4924-8924-b98c0918f3eb,1.0,beta-minerals,north-site,fleet_telemetry,BETA-NORTH-TRUCK-029,haul_truck,2026-09-01T16:18:16.854Z,4,-16.622519,-71.556264,313.4,30.5,Dump-A,cycle-beta-north-truck-029-00001,returning,0.0,240.0,55408.96,50.7,True,False,2693.82,527752.9,False,False,False,90.3,24.9,[],1.0
98b877c8-fc77-4890-8c33-0bc1f5461abd,1.0,beta-minerals,north-site,fleet_telemetry,BETA-NORTH-TRUCK-030,haul_truck,2026-09-01T16:18:16.854Z,4,-16.572725,-71.59123,312.0,24.5,Dump-A,cycle-beta-north-truck-030-00001,returning,0.0,240.0,40101.39,64.4,True,False,14401.42,446596.44,False,False,False,92.1,24.8,[],1.0
12a4c778-9668-4c90-a1fe-362e1cc0f57c,1.0,beta-minerals,north-site,fleet_telemetry,BETA-NORTH-TRUCK-031,haul_truck,2026-09-01T16:18:16.854Z,4,-16.532797,-71.603619,271.9,26.3,Dump-A,cycle-beta-north-truck-031-00001,returning,0.0,240.0,191152.64,73.0,True,False,14115.3,115365.79,False,False,False,92.5,24.0,[],1.0
fe6adaaa-7d9c-464e-8ce4-a66bdc08570e,1.0,beta-minerals,north-site,fleet_telemetry,BETA-NORTH-TRUCK-032,haul_truck,2026-09-01T16:18:16.854Z,4,-16.648032,-71.573196,23.9,34.8,Dump-A,cycle-beta-north-truck-032-00001,returning,0.0,240.0,433829.72,47.0,True,False,13298.97,261940.2,False,False,False,86.3,23.9,[],1.0
68a10b54-6b68-43c6-b587-396bc50415a6,1.0,beta-minerals,north-site,fleet_telemetry,BETA-NORTH-TRUCK-033,haul_truck,2026-09-01T16:18:16.854Z,4,-16.666085,-71.481968,167.2,40.0,Dump-A,cycle-beta-north-truck-033-00001,returning,0.0,240.0,135365.44,90.9,True,False,13541.19,474343.27,False,False,False,89.9,24.9,[],1.0
831f331f-3d44-4b59-a877-ce4df4f013d5,1.0,beta-minerals,north-site,fleet_telemetry,BETA-NORTH-TRUCK-034,haul_truck,2026-09-01T16:18:16.854Z,4,-16.661663,-71.473848,341.4,40.5,Dump-A,cycle-beta-north-truck-034-00001,returning,0.0,240.0,339051.49,45.7,True,False,11776.29,340999.32,False,False,False,89.1,24.5,[],1.0
235bb2f7-86af-4564-83a6-bddfd2b9d47e,1.0,beta-minerals,north-site,fleet_telemetry,BETA-NORTH-TRUCK-035,haul_truck,2026-09-01T16:18:16.854Z,4,-16.528197,-71.615578,217.8,30.9,Dump-A,cycle-beta-north-truck-035-00001,returning,0.0,240.0,290756.51,29.9,True,False,8980.78,171881.59,False,False,False,95.2,24.7,[],1.0
066f4c5d-0cbe-4134-b19f-8e9621c58e93,1.0,beta-minerals,north-site,fleet_telemetry,BETA-NORTH-TRUCK-036,haul_truck,2026-09-01T16:18:16.854Z,4,-16.561157,-71.495468,186.1,34.3,Dump-A,cycle-beta-north-truck-036-00001,returning,0.0,240.0,260087.65,50.6,True,False,3598.04,562312.91,False,False,False,89.4,24.7,[],1.0
ab6b9c69-4c95-4b17-adf9-2bc74f0b8aa2,1.0,beta-minerals,north-site,fleet_telemetry,BETA-NORTH-TRUCK-037,haul_truck,2026-09-01T16:18:16.854Z,4,-16.660721,-71.491236,112.7,28.5,Dump-A,cycle-beta-north-truck-037-00001,returning,0.0,240.0,125361.81,27.8,True,False,1153.82,62545.6,False,False,False,91.1,25.1,[],1.0
8dd00ade-1364-4ca8-bfda-9ddfcb286825,1.0,beta-minerals,north-site,fleet_telemetry,BETA-NORTH-TRUCK-038,haul_truck,2026-09-01T16:18:16.854Z,4,-16.5844,-71.593083,186.3,40.3,Dump-A,cycle-beta-north-truck-038-00001,returning,0.0,240.0,187002.34,69.8,True,False,17062.74,286852.5,False,False,False,94.3,24.4,[],1.0
68576ed0-b78c-4abc-955c-ad72cf2a2794,1.0,beta-minerals,north-site,fleet_telemetry,BETA-NORTH-TRUCK-039,haul_truck,2026-09-01T16:18:16.854Z,4,-16.607886,-71.516005,50.1,28.8,Dump-A,cycle-beta-north-truck-039-00001,returning,0.0,240.0,365546.72,62.5,True,False,11639.67,148014.51,False,False,False,94.9,24.9,[],1.0
6f23f43b-f369-4f03-92f4-c3a95869d5b9,1.0,beta-minerals,north-site,fleet_telemetry,BETA-NORTH-TRUCK-040,haul_truck,2026-09-01T16:18:16.854Z,4,-16.631289,-71.469541,287.2,29.3,Dump-A,cycle-beta-north-truck-040-00001,returning,0.0,240.0,429508.59,41.7,True,False,7375.6,295616.3,False,False,False,89.2,24.6,[],1.0
ff15e549-afea-4acb-a735-55680972f423,1.0,beta-minerals,north-site,fleet_telemetry,BETA-NORTH-TRUCK-041,haul_truck,2026-09-01T16:18:16.854Z,4,-16.557121,-71.505244,284.3,27.1,Dump-A,cycle-beta-north-truck-041-00001,returning,0.0,240.0,335889.88,33.3,True,False,7356.95,487266.98,False,False,False,88.1,25.0,[],1.0
60337603-79db-4649-9177-b3391147080a,1.0,beta-minerals,north-site,fleet_telemetry,BETA-NORTH-TRUCK-042,haul_truck,2026-09-01T16:18:16.854Z,4,-16.6501,-71.492531,97.4,27.3,Dump-A,cycle-beta-north-truck-042-00001,returning,0.0,240.0,327137.11,36.7,True,False,11887.72,513281.97,False,False,False,90.8,24.6,[],1.0
b11043d8-bad9-45d0-88ce-c36c8d810c65,1.0,beta-minerals,north-site,fleet_telemetry,BETA-NORTH-TRUCK-043,haul_truck,2026-09-01T16:18:16.854Z,4,-16.660162,-71.503518,292.6,33.7,Dump-A,cycle-beta-north-truck-043-00001,returning,0.0,240.0,365127.74,44.0,True,False,17154.33,38494.53,False,False,False,95.7,25.2,[],1.0
b7776365-b8f7-41c3-8e1f-4425b595cc02,1.0,beta-minerals,north-site,fleet_telemetry,BETA-NORTH-TRUCK-044,haul_truck,2026-09-01T16:18:16.854Z,4,-16.643682,-71.592326,356.6,24.1,Dump-A,cycle-beta-north-truck-044-00001,returning,0.0,240.0,34393.49,85.1,True,False,11318.33,341792.67,False,False,False,90.5,24.6,[],1.0
02ff522f-a37a-4ae3-af8c-ed868a47f8f4,1.0,beta-minerals,north-site,fleet_telemetry,BETA-NORTH-TRUCK-045,haul_truck,2026-09-01T16:18:16.854Z,4,-16.533005,-71.615555,353.3,29.0,Dump-A,cycle-beta-north-truck-045-00001,returning,0.0,240.0,335943.47,25.2,True,False,15091.36,92660.3,False,False,False,90.3,24.6,[],1.0
9dc23793-0ca1-4e58-a358-6dc960f04f2c,1.0,beta-minerals,north-site,fleet_telemetry,BETA-NORTH-TRUCK-046,haul_truck,2026-09-01T16:18:16.854Z,4,-16.581968,-71.471288,288.4,32.6,Dump-A,cycle-beta-north-truck-046-00001,returning,0.0,240.0,419710.72,85.0,True,False,8919.17,114553.43,False,False,False,89.6,23.9,[],1.0
7e71cb2d-8e7b-463c-b46f-8299934fb719,1.0,beta-minerals,north-site,fleet_telemetry,BETA-NORTH-TRUCK-047,haul_truck,2026-09-01T16:18:16.854Z,4,-16.538245,-71.526067,333.2,39.2,Dump-A,cycle-beta-north-truck-047-00001,returning,0.0,240.0,412976.38,47.4,True,False,5559.73,176405.9,False,False,False,93.8,24.8,[],1.0
41f60403-4906-4189-9cfd-de944ad55546,1.0,beta-minerals,north-site,fleet_telemetry,BETA-NORTH-TRUCK-048,haul_truck,2026-09-01T16:18:16.854Z,4,-16.65937,-71.543088,224.7,27.7,Dump-A,cycle-beta-north-truck-048-00001,returning,0.0,240.0,441822.38,91.8,True,False,4602.11,526733.04,False,False,False,89.4,24.2,[],1.0
a31faedf-3594-437f-a79e-5a1001b74492,1.0,beta-minerals,north-site,fleet_telemetry,BETA-NORTH-TRUCK-049,haul_truck,2026-09-01T16:18:16.854Z,4,-16.580206,-71.56887,198.9,31.7,Dump-A,cycle-beta-north-truck-049-00001,returning,0.0,240.0,13506.72,39.0,True,False,7738.79,368447.67,False,False,False,88.7,25.0,[],1.0
3df0e9cc-828c-47f7-b8d2-a6bbf19ec0c4,1.0,beta-minerals,north-site,fleet_telemetry,BETA-NORTH-TRUCK-050,haul_truck,2026-09-01T16:18:16.854Z,4,-16.553218,-71.530056,297.0,26.7,Dump-A,cycle-beta-north-truck-050-00001,returning,0.0,240.0,449026.61,79.3,True,False,8607.41,632270.47,False,False,False,94.1,24.1,[],1.0
41f7d801-7db5-4495-9f99-96c78d7c2f93,1.0,beta-minerals,north-site,fleet_telemetry,BETA-NORTH-TRUCK-051,haul_truck,2026-09-01T16:18:16.854Z,4,-16.536081,-71.477122,97.1,35.1,Dump-A,cycle-beta-north-truck-051-00001,returning,0.0,240.0,112519.29,49.2,True,False,935.22,278322.85,False,False,False,95.8,24.5,[],1.0
594303cd-0241-49d8-86b6-6def11916374,1.0,beta-minerals,north-site,fleet_telemetry,BETA-NORTH-TRUCK-052,haul_truck,2026-09-01T16:18:16.854Z,4,-16.637586,-71.460194,62.5,25.7,Dump-A,cycle-beta-north-truck-052-00001,returning,0.0,240.0,334756.65,46.5,True,False,16889.3,257053.22,False,False,False,87.7,24.1,[],1.0
54d4bc0f-50f1-42d5-b174-c2a787787b09,1.0,beta-minerals,north-site,fleet_telemetry,BETA-NORTH-TRUCK-053,haul_truck,2026-09-01T16:18:16.854Z,4,-16.633382,-71.482201,139.2,25.9,Dump-A,cycle-beta-north-truck-053-00001,returning,0.0,240.0,133123.4,28.0,True,False,21418.26,109695.37,False,False,False,92.0,24.1,[],1.0
05df76b2-2842-4185-bedf-805641c6d211,1.0,beta-minerals,north-site,fleet_telemetry,BETA-NORTH-TRUCK-054,haul_truck,2026-09-01T16:18:16.854Z,4,-16.568421,-71.554423,138.4,25.8,Dump-A,cycle-beta-north-truck-054-00001,returning,0.0,240.0,265539.36,60.4,True,False,10519.32,491176.7,False,False,False,93.4,24.7,[],1.0
bc896015-8286-445d-9e6b-ee97423de156,1.0,beta-minerals,north-site,fleet_telemetry,BETA-NORTH-TRUCK-055,haul_truck,2026-09-01T16:18:16.854Z,4,-16.620023,-71.489372,284.2,30.8,Dump-A,cycle-beta-north-truck-055-00001,returning,0.0,240.0,114179.85,43.2,True,False,10021.64,627457.61,False,False,False,90.9,24.5,[],1.0
02f60cdf-5f81-4600-a579-3fd3203eacf0,1.0,beta-minerals,north-site,fleet_telemetry,BETA-NORTH-TRUCK-056,haul_truck,2026-09-01T16:18:16.854Z,4,-16.545591,-71.523914,134.2,29.8,Dump-A,cycle-beta-north-truck-056-00001,returning,0.0,240.0,42862.76,39.2,True,False,7542.83,191332.29,False,False,False,92.1,24.8,[],1.0
5de1dbf8-2bc3-4fb2-9b93-b07bb3fc426d,1.0,beta-minerals,north-site,fleet_telemetry,BETA-NORTH-TRUCK-057,haul_truck,2026-09-01T16:18:16.854Z,4,-16.547164,-71.545195,113.1,34.8,Dump-A,cycle-beta-north-truck-057-00001,returning,0.0,240.0,63124.45,50.1,True,False,10330.82,217841.06,False,False,False,88.1,24.4,[],1.0
9d0271df-0933-4095-9261-9e0776a09de5,1.0,beta-minerals,north-site,fleet_telemetry,BETA-NORTH-TRUCK-058,haul_truck,2026-09-01T16:18:16.854Z,4,-16.573881,-71.583101,8.7,28.5,Dump-A,cycle-beta-north-truck-058-00001,returning,0.0,240.0,143854.88,74.3,True,False,2716.93,528786.14,False,False,False,90.7,25.1,[],1.0
50c52faf-9cc1-41b2-af67-84448ac0afeb,1.0,beta-minerals,north-site,fleet_telemetry,BETA-NORTH-TRUCK-059,haul_truck,2026-09-01T16:18:16.854Z,4,-16.562071,-71.575875,124.2,28.4,Dump-A,cycle-beta-north-truck-059-00001,returning,0.0,240.0,166527.1,60.9,True,False,2733.72,176377.91,False,False,False,89.9,24.3,[],1.0
0de4d138-521f-45d1-ab58-cce31fccbfdd,1.0,beta-minerals,north-site,fleet_telemetry,BETA-NORTH-TRUCK-060,haul_truck,2026-09-01T16:18:16.854Z,4,-16.655215,-71.60121,82.3,32.8,Dump-A,cycle-beta-north-truck-060-00001,returning,0.0,240.0,254619.94,63.5,True,False,20984.45,558398.92,False,False,False,88.5,24.3,[],1.0
76d458de-5c6c-43f4-862e-4a5a61733be6,1.0,beta-minerals,north-site,fleet_telemetry,BETA-NORTH-TRUCK-061,haul_truck,2026-09-01T16:18:16.854Z,4,-16.538624,-71.557919,215.6,41.9,Dump-A,cycle-beta-north-truck-061-00001,returning,0.0,240.0,442329.87,34.1,True,False,1053.49,543134.66,False,False,False,92.5,24.9,[],1.0
b96e6522-9e47-4eed-963c-8afc5e0f92bb,1.0,beta-minerals,north-site,fleet_telemetry,BETA-NORTH-TRUCK-062,haul_truck,2026-09-01T16:18:16.854Z,4,-16.660101,-71.473072,329.6,39.2,Dump-A,cycle-beta-north-truck-062-00001,returning,0.0,240.0,367609.0,26.5,True,False,13145.27,183057.12,False,False,False,86.9,23.9,[],1.0
b13532dc-9560-4c9c-9516-f73d76cfbf4d,1.0,beta-minerals,north-site,fleet_telemetry,BETA-NORTH-TRUCK-063,haul_truck,2026-09-01T16:18:16.854Z,4,-16.519668,-71.609371,105.5,36.5,Dump-A,cycle-beta-north-truck-063-00001,returning,0.0,240.0,365910.66,33.6,True,False,2749.95,553783.63,False,False,False,90.5,25.0,[],1.0
0bb2f9b4-f7ed-411b-84bf-1ca4dc4e0158,1.0,beta-minerals,north-site,fleet_telemetry,BETA-NORTH-TRUCK-064,haul_truck,2026-09-01T16:18:16.854Z,4,-16.642773,-71.583162,83.4,29.0,Dump-A,cycle-beta-north-truck-064-00001,returning,0.0,240.0,22972.49,72.8,True,False,18219.74,268849.26,False,False,False,91.2,23.9,[],1.0
75c039a8-df15-4588-beb0-917fc6b6d2be,1.0,beta-minerals,north-site,fleet_telemetry,BETA-NORTH-TRUCK-065,haul_truck,2026-09-01T16:18:16.854Z,4,-16.566829,-71.537643,63.3,24.9,Dump-A,cycle-beta-north-truck-065-00001,returning,0.0,240.0,280207.18,68.2,True,False,10255.45,113637.86,False,False,False,95.4,24.6,[],1.0
9e7dc53e-d807-4c6d-b22f-025f46f45d6d,1.0,beta-minerals,north-site,fleet_telemetry,BETA-NORTH-TRUCK-066,haul_truck,2026-09-01T16:18:16.854Z,4,-16.528857,-71.533352,256.4,41.0,Dump-A,cycle-beta-north-truck-066-00001,returning,0.0,240.0,70384.13,38.9,True,False,2092.76,196258.97,False,False,False,88.0,23.9,[],1.0
dc0a90cf-2f63-4b06-bc69-205089556717,1.0,beta-minerals,north-site,fleet_telemetry,BETA-NORTH-TRUCK-067,haul_truck,2026-09-01T16:18:16.854Z,4,-16.583307,-71.539977,273.8,25.8,Dump-A,cycle-beta-north-truck-067-00001,returning,0.0,240.0,354043.22,50.1,True,False,17650.75,643324.37,False,False,False,90.6,24.8,[],1.0
2c6ba3ff-dff4-4129-b5d0-fb0650fc039b,1.0,beta-minerals,north-site,fleet_telemetry,BETA-NORTH-TRUCK-068,haul_truck,2026-09-01T16:18:16.854Z,4,-16.665717,-71.487814,275.8,26.7,Dump-A,cycle-beta-north-truck-068-00001,returning,0.0,240.0,21467.99,66.8,True,False,7618.02,190374.57,False,False,False,94.6,24.5,[],1.0
4fb1716d-e68c-4cbc-9970-6654b8edaeb3,1.0,beta-minerals,north-site,fleet_telemetry,BETA-NORTH-TRUCK-069,haul_truck,2026-09-01T16:18:16.854Z,4,-16.654413,-71.512431,56.1,24.4,Dump-A,cycle-beta-north-truck-069-00001,returning,0.0,240.0,449826.81,93.2,True,False,12023.97,503110.64,False,False,False,86.5,24.0,[],1.0
a8858beb-1abb-44ff-a0ae-7babca7bbb29,1.0,beta-minerals,north-site,fleet_telemetry,BETA-NORTH-TRUCK-070,haul_truck,2026-09-01T16:18:16.854Z,4,-16.608256,-71.467868,63.0,39.5,Dump-A,cycle-beta-north-truck-070-00001,returning,0.0,240.0,263304.81,93.8,True,False,16997.86,617115.65,False,False,False,88.5,24.0,[],1.0
9ef86344-182f-4941-a81c-28ec9db703f6,1.0,beta-minerals,north-site,fleet_telemetry,BETA-NORTH-TRUCK-071,haul_truck,2026-09-01T16:18:16.854Z,4,-16.524167,-71.613022,0.2,28.5,Dump-A,cycle-beta-north-truck-071-00001,returning,0.0,240.0,364732.78,73.8,True,False,4533.33,393287.37,False,False,False,89.8,24.4,[],1.0
d70bc768-9169-43e3-a3ce-f5f7804f0beb,1.0,beta-minerals,north-site,fleet_telemetry,BETA-NORTH-TRUCK-072,haul_truck,2026-09-01T16:18:16.854Z,4,-16.529344,-71.538729,189.0,38.4,Dump-A,cycle-beta-north-truck-072-00001,returning,0.0,240.0,92823.1,94.1,True,False,12748.46,374758.69,False,False,False,90.0,25.1,[],1.0
ac00b822-9962-4bf1-a86d-d92858756a12,1.0,beta-minerals,north-site,fleet_telemetry,BETA-NORTH-TRUCK-073,haul_truck,2026-09-01T16:18:16.854Z,4,-16.593929,-71.564399,270.5,41.0,Dump-A,cycle-beta-north-truck-073-00001,returning,0.0,240.0,274731.91,26.4,True,False,1604.84,55385.92,False,False,False,93.5,24.5,[],1.0
f6d4bca7-83da-4d29-bc5b-f3561eefdf89,1.0,beta-minerals,north-site,fleet_telemetry,BETA-NORTH-TRUCK-074,haul_truck,2026-09-01T16:18:16.854Z,4,-16.660887,-71.593836,215.9,31.3,Dump-A,cycle-beta-north-truck-074-00001,returning,0.0,240.0,363067.04,85.8,True,False,8024.1,131799.8,False,False,False,88.1,24.3,[],1.0
4d30d35e-8c2b-4b6e-aa55-dfe7539567d8,1.0,beta-minerals,north-site,fleet_telemetry,BETA-NORTH-TRUCK-075,haul_truck,2026-09-01T16:18:16.854Z,4,-16.610625,-71.46681,113.2,29.4,Dump-A,cycle-beta-north-truck-075-00001,returning,0.0,240.0,388694.85,92.2,True,False,17216.58,553283.06,False,False,False,89.7,24.1,[],1.0
5edcf631-a900-48e0-b096-13ed29bc3561,1.0,beta-minerals,north-site,fleet_telemetry,BETA-NORTH-TRUCK-076,haul_truck,2026-09-01T16:18:16.854Z,4,-16.600483,-71.515238,284.5,24.3,Dump-A,cycle-beta-north-truck-076-00001,returning,0.0,240.0,439378.98,76.2,True,False,7935.1,223240.1,False,False,False,94.7,24.8,[],1.0
7c865e51-aee0-4304-9838-3f04e80cb04a,1.0,beta-minerals,north-site,fleet_telemetry,BETA-NORTH-TRUCK-077,haul_truck,2026-09-01T16:18:16.854Z,4,-16.544508,-71.581821,158.0,35.7,Dump-A,cycle-beta-north-truck-077-00001,returning,0.0,240.0,315166.86,90.0,True,False,4493.1,630308.13,False,False,False,88.3,24.5,[],1.0
0ad31509-f9c2-459c-83e4-fdde120f6c3d,1.0,beta-minerals,north-site,fleet_telemetry,BETA-NORTH-TRUCK-078,haul_truck,2026-09-01T16:18:16.854Z,4,-16.670086,-71.505181,18.5,32.4,Dump-A,cycle-beta-north-truck-078-00001,returning,0.0,240.0,139587.88,37.4,True,False,8821.75,482416.92,False,False,False,90.2,25.1,[],1.0
5b1c7d2e-5a2d-45ef-9fa5-335ea018806d,1.0,beta-minerals,north-site,fleet_telemetry,BETA-NORTH-TRUCK-079,haul_truck,2026-09-01T16:18:16.854Z,4,-16.635078,-71.527034,139.1,40.1,Dump-A,cycle-beta-north-truck-079-00001,returning,0.0,240.0,415257.1,92.7,True,False,1486.52,399504.95,False,False,False,90.7,24.7,[],1.0
a9cc52b0-329b-4e65-992d-9cf60f0009e9,1.0,beta-minerals,north-site,fleet_telemetry,BETA-NORTH-TRUCK-080,haul_truck,2026-09-01T16:18:16.854Z,4,-16.568604,-71.463401,336.1,31.8,Dump-A,cycle-beta-north-truck-080-00001,returning,0.0,240.0,162596.74,47.3,True,False,7820.78,69018.28,False,False,False,90.8,25.0,[],1.0
9ff328fb-0e6f-49c2-9028-a48ffefef4d8,1.0,acme-mining,site-01,fleet_telemetry,ACME-S01-TRUCK-001,haul_truck,2026-09-01T16:18:21.854Z,5,-16.552558,-71.509225,295.9,0.0,Pit-A,cycle-acme-s01-truck-001-00002,loading,219.8,240.0,131013.2,40.6,True,True,14355.86,35756.85,False,False,False,89.1,24.2,[],1.0
274c1a74-2d7e-4b32-9699-daa672789e0c,1.0,acme-mining,site-01,fleet_telemetry,ACME-S01-TRUCK-002,haul_truck,2026-09-01T16:18:21.854Z,5,-16.574094,-71.527663,49.3,1.3,Pit-A,cycle-acme-s01-truck-002-00002,loading,219.6,240.0,51226.21,41.3,True,True,13318.45,40023.18,False,False,False,95.6,24.2,[],1.0
7678d295-204f-4981-ab5b-b65850ece8a8,1.0,acme-mining,site-01,fleet_telemetry,ACME-S01-TRUCK-003,haul_truck,2026-09-01T16:18:21.854Z,5,-16.54901,-71.591949,26.8,0.6,Pit-A,cycle-acme-s01-truck-003-00002,loading,220.1,240.0,132404.21,85.8,True,True,9693.83,303001.82,False,False,False,90.1,24.5,[],1.0
87676bfc-7e96-449e-a4a5-cf9f3e9ec410,1.0,acme-mining,site-01,fleet_telemetry,ACME-S01-TRUCK-004,haul_truck,2026-09-01T16:18:21.854Z,5,-16.65491,-71.481932,353.2,0.1,Pit-A,cycle-acme-s01-truck-004-00002,loading,219.6,240.0,158101.9,31.5,True,True,4096.17,623044.33,False,False,False,86.2,24.3,[],1.0
864c604b-b513-480e-acbb-61e74ccbeb74,1.0,acme-mining,site-01,fleet_telemetry,ACME-S01-TRUCK-005,haul_truck,2026-09-01T16:18:21.854Z,5,-16.582069,-71.484806,306.5,1.1,Pit-A,cycle-acme-s01-truck-005-00002,loading,227.2,240.0,438171.24,51.5,True,True,16270.32,357823.79,False,False,False,92.0,24.3,[],1.0
a2285542-6512-4b06-9d30-5b8bf13797d3,1.0,acme-mining,site-01,fleet_telemetry,ACME-S01-TRUCK-006,haul_truck,2026-09-01T16:18:21.854Z,5,-16.624076,-71.604703,65.7,0.1,Pit-A,cycle-acme-s01-truck-006-00002,loading,220.0,240.0,30163.03,40.9,True,True,13039.87,463880.35,False,False,False,94.9,24.1,[],1.0
e1a1996e-aefb-4474-b31a-f3e292686b10,1.0,acme-mining,site-01,fleet_telemetry,ACME-S01-TRUCK-007,haul_truck,2026-09-01T16:18:21.854Z,5,-16.613538,-71.510292,198.0,1.2,Pit-A,cycle-acme-s01-truck-007-00002,loading,219.3,240.0,377008.89,36.4,True,True,8858.68,305648.58,False,False,False,94.4,24.6,[],1.0
2f85793b-2539-4e77-9d2e-1cfabca2743a,1.0,acme-mining,site-01,fleet_telemetry,ACME-S01-TRUCK-008,haul_truck,2026-09-01T16:18:21.854Z,5,-16.609698,-71.459184,248.5,1.3,Pit-A,cycle-acme-s01-truck-008-00002,loading,222.6,240.0,330816.09,36.4,True,True,13713.58,127817.44,False,False,False,91.8,24.2,[],1.0
65ac8838-45b3-49ce-9daa-04e28dc736a9,1.0,acme-mining,site-01,fleet_telemetry,ACME-S01-TRUCK-009,haul_truck,2026-09-01T16:18:21.854Z,5,-16.538919,-71.488688,14.7,0.8,Pit-A,cycle-acme-s01-truck-009-00002,loading,226.7,240.0,348058.28,28.9,True,True,5455.85,224298.21,False,False,False,93.5,25.1,[],1.0
8a8f4c02-4c60-4c5a-98c1-99606fdd902a,1.0,acme-mining,site-01,fleet_telemetry,ACME-S01-TRUCK-010,haul_truck,2026-09-01T16:18:21.854Z,5,-16.565536,-71.554179,24.7,0.6,Pit-A,cycle-acme-s01-truck-010-00002,loading,219.2,240.0,395602.06,47.0,True,True,5272.84,614033.21,False,False,False,86.5,25.1,[],1.0
9721c55a-b379-43bc-8557-b482240f2001,1.0,acme-mining,site-01,fleet_telemetry,ACME-S01-TRUCK-011,haul_truck,2026-09-01T16:18:21.854Z,5,-16.550876,-71.548957,130.0,0.9,Pit-A,cycle-acme-s01-truck-011-00002,loading,221.7,240.0,337795.45,62.7,True,True,3828.88,107967.19,False,False,False,90.7,24.6,[],1.0
842ff81e-112d-4cd2-b962-990c63cd5a36,1.0,acme-mining,site-01,fleet_telemetry,ACME-S01-TRUCK-012,haul_truck,2026-09-01T16:18:21.854Z,5,-16.662841,-71.599937,29.5,0.4,Pit-A,cycle-acme-s01-truck-012-00002,loading,222.7,240.0,234191.87,31.3,True,True,5449.61,648448.79,False,False,False,93.9,24.0,[],1.0
f8bc46ce-4c35-4f5b-b80f-1bf898b7c77a,1.0,acme-mining,site-01,fleet_telemetry,ACME-S01-TRUCK-013,haul_truck,2026-09-01T16:18:21.854Z,5,-16.630187,-71.528977,6.1,1.0,Pit-A,cycle-acme-s01-truck-013-00002,loading,226.4,240.0,272191.21,57.7,True,True,13443.88,262403.49,False,False,False,92.3,24.1,[],1.0
626d841b-6022-4d3d-a055-c393a19c7706,1.0,acme-mining,site-01,fleet_telemetry,ACME-S01-TRUCK-014,haul_truck,2026-09-01T16:18:21.854Z,5,-16.652553,-71.547922,183.4,1.1,Pit-A,cycle-acme-s01-truck-014-00002,loading,227.5,240.0,127403.39,69.8,True,True,15252.27,358291.43,False,False,False,94.6,25.2,[],1.0
c865f8dc-7270-4f79-afa9-f87102e3d75a,1.0,acme-mining,site-01,fleet_telemetry,ACME-S01-TRUCK-015,haul_truck,2026-09-01T16:18:21.854Z,5,-16.570324,-71.482842,279.4,0.0,Pit-A,cycle-acme-s01-truck-015-00002,loading,219.3,240.0,233380.24,32.4,True,True,21404.03,500036.28,False,False,False,93.9,24.1,[],1.0
9e6155fa-a515-4109-a569-a4cc2d3fdb37,1.0,acme-mining,site-01,fleet_telemetry,ACME-S01-TRUCK-016,haul_truck,2026-09-01T16:18:21.854Z,5,-16.585565,-71.617374,69.3,0.8,Pit-A,cycle-acme-s01-truck-016-00002,loading,218.5,240.0,247327.08,79.5,True,True,4040.2,500381.9,False,False,False,92.7,24.5,[],1.0
f415a40c-c5af-42a4-8447-e0276f592d58,1.0,acme-mining,site-01,fleet_telemetry,ACME-S01-TRUCK-017,haul_truck,2026-09-01T16:18:21.854Z,5,-16.632112,-71.578954,103.5,0.5,Pit-A,cycle-acme-s01-truck-017-00002,loading,223.1,240.0,443541.71,81.4,True,True,3171.6,248677.98,False,False,False,95.1,24.1,[],1.0
ffda4645-9bb7-4772-ade8-af6100e1c972,1.0,acme-mining,site-01,fleet_telemetry,ACME-S01-TRUCK-018,haul_truck,2026-09-01T16:18:21.854Z,5,-16.547859,-71.596952,179.1,1.3,Pit-A,cycle-acme-s01-truck-018-00002,loading,221.0,240.0,40453.81,78.2,True,True,2615.86,326174.08,False,False,False,92.5,25.2,[],1.0
5fe4fefb-51a1-4ce1-8e79-201c871b9ae3,1.0,acme-mining,site-01,fleet_telemetry,ACME-S01-TRUCK-019,haul_truck,2026-09-01T16:18:21.854Z,5,-16.521802,-71.496654,66.4,0.6,Pit-A,cycle-acme-s01-truck-019-00002,loading,219.0,240.0,276901.63,92.5,True,True,4300.7,352434.57,False,False,False,87.3,24.7,[],1.0
2cd0797a-ec23-4093-b422-87140baac5da,1.0,acme-mining,site-01,fleet_telemetry,ACME-S01-TRUCK-020,haul_truck,2026-09-01T16:18:21.854Z,5,-16.598162,-71.577834,359.2,0.2,Pit-A,cycle-acme-s01-truck-020-00002,loading,217.6,240.0,174305.32,87.9,True,True,9258.64,443162.9,False,False,False,86.4,24.8,[],1.0
ad5e092a-bb7a-48c8-b400-9ddb6dd8a0d5,1.0,acme-mining,site-01,fleet_telemetry,ACME-S01-TRUCK-021,haul_truck,2026-09-01T16:18:21.854Z,5,-16.569426,-71.580861,345.3,1.1,Pit-A,cycle-acme-s01-truck-021-00002,loading,217.6,240.0,106895.95,29.9,True,True,13272.15,164972.37,False,False,False,88.2,24.6,[],1.0
b67d94b9-6ba4-4690-97f9-a14a08e018b3,1.0,acme-mining,site-01,fleet_telemetry,ACME-S01-TRUCK-022,haul_truck,2026-09-01T16:18:21.854Z,5,-16.649206,-71.467825,38.5,1.0,Pit-A,cycle-acme-s01-truck-022-00002,loading,226.0,240.0,304350.53,40.0,True,True,2302.18,169943.06,False,False,False,86.1,24.1,[],1.0
ff7b9fcf-5114-4a50-a0ca-de0d1777ba0f,1.0,acme-mining,site-01,fleet_telemetry,ACME-S01-TRUCK-023,haul_truck,2026-09-01T16:18:21.854Z,5,-16.564972,-71.560817,117.0,0.2,Pit-A,cycle-acme-s01-truck-023-00002,loading,225.4,240.0,189106.69,31.6,True,True,5951.55,317973.04,False,False,False,94.7,24.4,[],1.0
260ea5b9-2a2c-4230-a1eb-a09ac5f809bf,1.0,acme-mining,site-01,fleet_telemetry,ACME-S01-TRUCK-024,haul_truck,2026-09-01T16:18:21.854Z,5,-16.616125,-71.479631,228.6,1.0,Pit-A,cycle-acme-s01-truck-024-00002,loading,221.3,240.0,53304.17,53.2,True,True,15075.34,640024.16,False,False,False,88.0,24.1,[],1.0
5c46b081-85bc-413d-8bd9-05a043ccf19f,1.0,acme-mining,site-01,fleet_telemetry,ACME-S01-TRUCK-025,haul_truck,2026-09-01T16:18:21.854Z,5,-16.530456,-71.605452,176.3,0.5,Pit-A,cycle-acme-s01-truck-025-00002,loading,226.3,240.0,90735.04,57.4,True,True,12169.26,108314.95,False,False,False,92.6,25.1,[],1.0
94a09cae-2228-48d0-b222-9b227655111f,1.0,acme-mining,site-01,fleet_telemetry,ACME-S01-TRUCK-026,haul_truck,2026-09-01T16:18:21.854Z,5,-16.655502,-71.496923,281.2,0.7,Pit-A,cycle-acme-s01-truck-026-00002,loading,221.2,240.0,247859.0,26.0,True,True,2875.67,430851.37,False,False,False,87.6,25.0,[],1.0
ca77154d-8584-43b0-b4a8-fa1a60d46243,1.0,acme-mining,site-01,fleet_telemetry,ACME-S01-TRUCK-027,haul_truck,2026-09-01T16:18:21.854Z,5,-16.609779,-71.459857,103.4,1.1,Pit-A,cycle-acme-s01-truck-027-00002,loading,218.4,240.0,186458.03,29.1,True,True,11095.6,154660.91,False,False,False,87.1,24.2,[],1.0
50eb2ce5-7b32-49bf-ad50-8974da306159,1.0,acme-mining,site-01,fleet_telemetry,ACME-S01-TRUCK-028,haul_truck,2026-09-01T16:18:21.854Z,5,-16.564525,-71.539648,23.5,0.3,Pit-A,cycle-acme-s01-truck-028-00002,loading,221.7,240.0,331422.64,79.8,True,True,6847.29,458852.77,False,False,False,93.6,24.4,[],1.0
aa359f8c-1066-4a47-aa61-3869b9c08fd9,1.0,acme-mining,site-01,fleet_telemetry,ACME-S01-TRUCK-029,haul_truck,2026-09-01T16:18:21.854Z,5,-16.661256,-71.524023,302.1,0.5,Pit-A,cycle-acme-s01-truck-029-00002,loading,218.4,240.0,248566.19,77.3,True,True,21336.65,384883.69,False,False,False,94.6,25.1,[],1.0
ce4e990a-eeb2-4b3f-9678-16f17ce909ef,1.0,acme-mining,site-01,fleet_telemetry,ACME-S01-TRUCK-030,haul_truck,2026-09-01T16:18:21.854Z,5,-16.575171,-71.509464,281.1,0.4,Pit-A,cycle-acme-s01-truck-030-00002,loading,221.3,240.0,45249.35,38.0,True,True,4137.58,625290.82,False,False,False,87.3,24.7,[],1.0
d02a3591-2f41-4c86-9d0b-bf194ded01c7,1.0,acme-mining,site-01,fleet_telemetry,ACME-S01-TRUCK-031,haul_truck,2026-09-01T16:18:21.854Z,5,-16.657261,-71.512346,52.1,0.6,Pit-A,cycle-acme-s01-truck-031-00002,loading,222.6,240.0,264724.69,27.8,True,True,20761.84,378895.62,False,False,False,92.4,24.2,[],1.0
d56a9516-207a-418c-b04d-f6242f5f149c,1.0,acme-mining,site-01,fleet_telemetry,ACME-S01-TRUCK-032,haul_truck,2026-09-01T16:18:21.854Z,5,-16.60708,-71.510036,185.9,0.6,Pit-A,cycle-acme-s01-truck-032-00002,loading,217.2,240.0,325124.7,41.7,True,True,20615.78,148683.39,False,False,False,94.6,24.2,[],1.0
0e58a153-95ce-4ee3-8544-02d13b728b55,1.0,acme-mining,site-01,fleet_telemetry,ACME-S01-TRUCK-033,haul_truck,2026-09-01T16:18:21.854Z,5,-16.580318,-71.601499,323.5,0.6,Pit-A,cycle-acme-s01-truck-033-00002,loading,227.5,240.0,14099.1,68.5,True,True,20495.2,609512.74,False,False,False,87.1,24.2,[],1.0
b1bd92e6-1801-43d6-b2bc-4f9ed03aa113,1.0,acme-mining,site-01,fleet_telemetry,ACME-S01-TRUCK-034,haul_truck,2026-09-01T16:18:21.854Z,5,-16.611306,-71.59224,206.7,0.4,Pit-A,cycle-acme-s01-truck-034-00002,loading,227.2,240.0,397580.54,86.5,True,True,6422.26,607953.51,False,False,False,94.6,25.1,[],1.0
40eac2a0-bf6f-4b61-8d09-e6db52393692,1.0,acme-mining,site-01,fleet_telemetry,ACME-S01-TRUCK-035,haul_truck,2026-09-01T16:18:21.854Z,5,-16.53966,-71.56959,345.0,1.4,Pit-A,cycle-acme-s01-truck-035-00002,loading,227.7,240.0,297749.88,25.5,True,True,13767.58,641956.92,False,False,False,86.0,24.3,[],1.0
bd344717-5440-435e-b7fe-bf215abcb624,1.0,acme-mining,site-01,fleet_telemetry,ACME-S01-TRUCK-036,haul_truck,2026-09-01T16:18:21.854Z,5,-16.625292,-71.583811,69.6,1.0,Pit-A,cycle-acme-s01-truck-036-00002,loading,222.8,240.0,336663.64,35.9,True,True,6406.68,580519.15,False,False,False,86.0,24.0,[],1.0
a391e160-ce41-48d9-aeda-29277085a4c6,1.0,acme-mining,site-01,fleet_telemetry,ACME-S01-TRUCK-037,haul_truck,2026-09-01T16:18:21.854Z,5,-16.568946,-71.484778,211.0,0.5,Pit-A,cycle-acme-s01-truck-037-00002,loading,219.0,240.0,409590.28,28.5,True,True,11514.68,178206.52,False,False,False,94.0,24.7,[],1.0
7d2f3db1-28f7-430e-9100-b0651b0d6c78,1.0,acme-mining,site-01,fleet_telemetry,ACME-S01-TRUCK-038,haul_truck,2026-09-01T16:18:21.854Z,5,-16.582149,-71.549056,136.7,1.0,Pit-A,cycle-acme-s01-truck-038-00002,loading,222.8,240.0,125260.62,76.9,True,True,17147.73,421381.53,False,False,False,89.6,24.7,[],1.0
692fce3d-718c-4380-87b4-8b1930a676c4,1.0,acme-mining,site-01,fleet_telemetry,ACME-S01-TRUCK-039,haul_truck,2026-09-01T16:18:21.854Z,5,-16.611321,-71.529112,273.1,1.3,Pit-A,cycle-acme-s01-truck-039-00002,loading,226.3,240.0,75584.19,27.5,True,True,20835.09,455342.46,False,False,False,89.6,24.5,[],1.0
f639ea9a-2651-4615-b861-0489ebc636f6,1.0,acme-mining,site-01,fleet_telemetry,ACME-S01-TRUCK-040,haul_truck,2026-09-01T16:18:21.854Z,5,-16.526587,-71.583883,37.1,0.7,Pit-A,cycle-acme-s01-truck-040-00002,loading,222.7,240.0,360294.12,85.2,True,True,7335.08,586358.44,False,False,False,92.9,25.1,[],1.0
ba71d3fe-0610-4082-b722-bcbe9abc7bc5,1.0,acme-mining,site-01,fleet_telemetry,ACME-S01-TRUCK-041,haul_truck,2026-09-01T16:18:21.854Z,5,-16.550496,-71.46938,358.4,0.3,Pit-A,cycle-acme-s01-truck-041-00002,loading,218.5,240.0,394873.9,93.1,True,True,8297.99,372726.71,False,False,False,90.1,23.9,[],1.0
318a269d-76ad-446e-ab75-d447a3eddd7b,1.0,acme-mining,site-01,fleet_telemetry,ACME-S01-TRUCK-042,haul_truck,2026-09-01T16:18:21.854Z,5,-16.552528,-71.564353,265.6,1.0,Pit-A,cycle-acme-s01-truck-042-00002,loading,221.3,240.0,397823.43,26.7,True,True,21495.57,530786.27,False,False,False,87.4,24.1,[],1.0
0743e465-dc63-4ea3-b43b-503ab1b29ace,1.0,acme-mining,site-01,fleet_telemetry,ACME-S01-TRUCK-043,haul_truck,2026-09-01T16:18:21.854Z,5,-16.533041,-71.581908,356.8,0.1,Pit-A,cycle-acme-s01-truck-043-00002,loading,227.0,240.0,57562.38,86.0,True,True,6456.29,516046.05,False,False,False,90.1,24.7,[],1.0
0fd8571d-83c2-47a0-b0b5-8a2280927792,1.0,acme-mining,site-01,fleet_telemetry,ACME-S01-TRUCK-044,haul_truck,2026-09-01T16:18:21.854Z,5,-16.564808,-71.553767,220.2,1.3,Pit-A,cycle-acme-s01-truck-044-00002,loading,217.1,240.0,393382.44,40.6,True,True,8212.77,536938.03,False,False,False,95.2,23.9,[],1.0
6e05ca4d-5c0f-44b2-81a5-d4619d2a3f0d,1.0,acme-mining,site-01,fleet_telemetry,ACME-S01-TRUCK-045,haul_truck,2026-09-01T16:18:21.854Z,5,-16.513408,-71.531718,86.8,0.4,Pit-A,cycle-acme-s01-truck-045-00002,loading,225.0,240.0,292252.27,53.0,True,True,21298.06,195848.85,False,False,False,95.4,24.5,[],1.0
e8362003-a1f7-476b-9661-88f61523a280,1.0,acme-mining,site-01,fleet_telemetry,ACME-S01-TRUCK-046,haul_truck,2026-09-01T16:18:21.854Z,5,-16.664266,-71.522041,333.3,0.4,Pit-A,cycle-acme-s01-truck-046-00002,loading,225.1,240.0,265459.79,93.8,True,True,19393.22,184565.68,False,False,False,93.3,24.5,[],1.0
bc699988-5ef9-489e-834e-23d7952bba6a,1.0,acme-mining,site-01,fleet_telemetry,ACME-S01-TRUCK-047,haul_truck,2026-09-01T16:18:21.854Z,5,-16.639963,-71.610409,181.3,1.5,Pit-A,cycle-acme-s01-truck-047-00002,loading,226.6,240.0,60884.45,87.9,True,True,10051.56,640068.67,False,False,False,87.0,24.1,[],1.0
f983328f-d193-4157-9200-44603a168708,1.0,acme-mining,site-01,fleet_telemetry,ACME-S01-TRUCK-048,haul_truck,2026-09-01T16:18:21.854Z,5,-16.563079,-71.559229,200.2,0.9,Pit-A,cycle-acme-s01-truck-048-00002,loading,224.4,240.0,326549.5,76.9,True,True,20422.2,359224.84,False,False,False,112.8,24.0,"[""ENG_OVERHEAT""]",0.72
090c003a-e10b-4186-ae4b-4cd8bcc81071,1.0,acme-mining,site-01,fleet_telemetry,ACME-S01-TRUCK-049,haul_truck,2026-09-01T16:18:21.854Z,5,-16.58925,-71.510814,69.3,1.1,Pit-A,cycle-acme-s01-truck-049-00002,loading,222.9,240.0,64835.44,88.0,True,True,14010.9,437934.21,False,False,False,92.7,25.0,[],1.0
8b73109b-54ff-429e-b6f6-4b8347ce8b01,1.0,acme-mining,site-01,fleet_telemetry,ACME-S01-TRUCK-050,haul_truck,2026-09-01T16:18:21.854Z,5,-16.550685,-71.589649,106.2,0.4,Pit-A,cycle-acme-s01-truck-050-00002,loading,218.2,240.0,302569.25,51.5,True,True,12553.55,140859.36,False,False,False,107.8,23.9,"[""ENG_OVERHEAT""]",0.72
9c3e2329-0355-4c48-b9c7-e25027cfc791,1.0,acme-mining,site-01,fleet_telemetry,ACME-S01-TRUCK-051,haul_truck,2026-09-01T16:18:21.854Z,5,-16.577598,-71.51271,260.6,0.7,Pit-A,cycle-acme-s01-truck-051-00002,loading,216.4,240.0,136242.34,55.1,True,True,12416.28,20255.88,False,False,False,93.3,24.3,[],1.0
1844e710-eaa9-4fa2-a6c5-359e1efabe85,1.0,acme-mining,site-01,fleet_telemetry,ACME-S01-TRUCK-052,haul_truck,2026-09-01T16:18:21.854Z,5,-16.552653,-71.512076,247.6,1.1,Pit-A,cycle-acme-s01-truck-052-00002,loading,226.0,240.0,359243.88,92.2,True,True,15123.3,342039.74,False,False,False,90.3,25.0,[],1.0
c32dbdcf-5a73-4141-b29b-db2478b80025,1.0,acme-mining,site-01,fleet_telemetry,ACME-S01-TRUCK-053,haul_truck,2026-09-01T16:18:21.854Z,5,-16.541364,-71.593913,63.0,0.2,Pit-A,cycle-acme-s01-truck-053-00002,loading,218.1,240.0,113342.49,46.7,True,True,2779.82,619759.89,False,False,False,86.4,25.0,[],1.0
381d85e0-1bff-47f1-a955-fb9288b59454,1.0,acme-mining,site-01,fleet_telemetry,ACME-S01-TRUCK-054,haul_truck,2026-09-01T16:18:21.854Z,5,-16.578294,-71.502543,149.4,0.6,Pit-A,cycle-acme-s01-truck-054-00002,loading,217.9,240.0,210383.42,87.0,True,True,13759.02,504148.37,False,False,False,86.7,24.4,[],1.0
0f5aa8bb-ecf5-4ba7-a37c-509bab06ee99,1.0,acme-mining,site-01,fleet_telemetry,ACME-S01-TRUCK-055,haul_truck,2026-09-01T16:18:21.854Z,5,-16.547185,-71.600434,318.1,1.0,Pit-A,cycle-acme-s01-truck-055-00002,loading,224.6,240.0,12440.02,77.5,True,True,5972.48,433316.64,False,False,False,93.1,24.5,[],1.0
27032e17-69ac-4a09-87cc-6318fe2558ed,1.0,acme-mining,site-01,fleet_telemetry,ACME-S01-TRUCK-056,haul_truck,2026-09-01T16:18:21.854Z,5,-16.523588,-71.598084,118.8,1.4,Pit-A,cycle-acme-s01-truck-056-00002,loading,227.5,240.0,214402.25,64.0,True,True,17847.14,458424.52,False,False,False,91.9,24.4,[],1.0
776cede4-70f8-42da-b229-be1fad8ad60e,1.0,acme-mining,site-01,fleet_telemetry,ACME-S01-TRUCK-057,haul_truck,2026-09-01T16:18:21.854Z,5,-16.527764,-71.519461,161.6,1.2,Pit-A,cycle-acme-s01-truck-057-00002,loading,223.9,240.0,271999.32,91.5,True,True,14952.65,642372.35,False,False,False,88.2,24.0,[],1.0
e09540e9-e4ed-4361-92a7-07fd5af305ed,1.0,acme-mining,site-01,fleet_telemetry,ACME-S01-TRUCK-058,haul_truck,2026-09-01T16:18:21.854Z,5,-16.53253,-71.545484,333.3,1.3,Pit-A,cycle-acme-s01-truck-058-00002,loading,219.8,240.0,206202.29,36.1,True,True,9846.91,591318.56,False,False,False,92.1,24.9,[],1.0
9b230c2b-e760-4045-b42f-e34aeb578aff,1.0,acme-mining,site-01,fleet_telemetry,ACME-S01-TRUCK-059,haul_truck,2026-09-01T16:18:21.854Z,5,-16.658002,-71.571754,167.3,1.3,Pit-A,cycle-acme-s01-truck-059-00002,loading,219.5,240.0,285769.62,44.2,True,True,17035.26,348418.98,False,False,False,93.7,23.9,[],1.0
d6c22ba1-e392-46dc-8d34-68c4ae83e55e,1.0,acme-mining,site-01,fleet_telemetry,ACME-S01-TRUCK-060,haul_truck,2026-09-01T16:18:21.854Z,5,-16.645951,-71.583256,265.2,0.9,Pit-A,cycle-acme-s01-truck-060-00002,loading,217.5,240.0,76365.79,51.8,True,True,19732.18,70764.02,False,False,False,86.5,24.5,[],1.0
d69cd868-32be-49a4-8845-8e72a7f3208f,1.0,acme-mining,site-01,fleet_telemetry,ACME-S01-TRUCK-061,haul_truck,2026-09-01T16:18:21.854Z,5,-16.525633,-71.524056,256.4,1.3,Pit-A,cycle-acme-s01-truck-061-00002,loading,220.7,240.0,101007.43,54.4,True,True,12303.36,281937.88,False,False,False,92.5,24.9,[],1.0
67cec414-c471-44cd-9639-96843dbe3f82,1.0,acme-mining,site-01,fleet_telemetry,ACME-S01-TRUCK-062,haul_truck,2026-09-01T16:18:21.854Z,5,-16.533854,-71.464949,86.5,0.1,Pit-A,cycle-acme-s01-truck-062-00002,loading,226.5,240.0,164774.18,77.7,True,True,8864.08,23714.63,False,False,False,94.0,23.9,[],1.0
9fdab3db-606e-42b9-8c0e-b53536329d3c,1.0,acme-mining,site-01,fleet_telemetry,ACME-S01-TRUCK-063,haul_truck,2026-09-01T16:18:21.854Z,5,-16.592663,-71.555271,30.1,1.3,Pit-A,cycle-acme-s01-truck-063-00002,loading,216.9,240.0,224821.27,44.1,True,True,17757.21,585621.23,False,False,False,91.4,24.5,[],1.0
7d76b793-7837-443b-8343-128671e8cd97,1.0,acme-mining,site-01,fleet_telemetry,ACME-S01-TRUCK-064,haul_truck,2026-09-01T16:18:21.854Z,5,-16.584927,-71.472386,15.8,0.1,Pit-A,cycle-acme-s01-truck-064-00002,loading,222.6,240.0,414598.62,93.6,True,True,16152.65,549518.67,False,False,False,94.3,24.5,[],1.0
b1803597-9ce4-4cfe-bcae-0bb688a62df7,1.0,acme-mining,site-01,fleet_telemetry,ACME-S01-TRUCK-065,haul_truck,2026-09-01T16:18:21.854Z,5,-16.628759,-71.565135,32.2,1.3,Pit-A,cycle-acme-s01-truck-065-00002,loading,225.5,240.0,391414.9,37.7,True,True,2579.69,290026.16,False,False,False,93.0,24.0,[],1.0
b014af59-3be7-4460-a7d4-20a99378cdaa,1.0,acme-mining,site-01,fleet_telemetry,ACME-S01-TRUCK-066,haul_truck,2026-09-01T16:18:21.854Z,5,-16.630045,-71.60437,273.6,0.7,Pit-A,cycle-acme-s01-truck-066-00002,loading,223.6,240.0,340884.63,83.2,True,True,16938.08,258849.62,False,False,False,86.8,24.4,[],1.0
d0127531-51de-4438-8a28-66e0cdb1a502,1.0,acme-mining,site-01,fleet_telemetry,ACME-S01-TRUCK-067,haul_truck,2026-09-01T16:18:21.854Z,5,-16.517223,-71.611033,4.1,1.0,Pit-A,cycle-acme-s01-truck-067-00002,loading,220.1,240.0,108658.06,29.8,True,True,1904.22,619709.49,False,False,False,86.3,23.8,[],1.0
dde0e848-0236-48c1-9bc2-589077a205ca,1.0,acme-mining,site-01,fleet_telemetry,ACME-S01-TRUCK-068,haul_truck,2026-09-01T16:18:21.854Z,5,-16.563303,-71.527269,272.6,1.0,Pit-A,cycle-acme-s01-truck-068-00002,loading,225.7,240.0,77048.53,33.8,True,True,5026.45,32839.52,False,False,False,108.9,24.9,"[""ENG_OVERHEAT""]",0.72
6ff7a259-febd-4adf-8db0-cc9546384611,1.0,acme-mining,site-01,fleet_telemetry,ACME-S01-TRUCK-069,haul_truck,2026-09-01T16:18:21.854Z,5,-16.652045,-71.486434,35.4,0.9,Pit-A,cycle-acme-s01-truck-069-00002,loading,218.3,240.0,277189.2,77.3,True,True,17058.25,125707.26,False,False,False,95.5,24.9,[],1.0
99d19096-ec63-4511-8cdf-2dc48e57c44c,1.0,acme-mining,site-01,fleet_telemetry,ACME-S01-TRUCK-070,haul_truck,2026-09-01T16:18:21.854Z,5,-16.610332,-71.466844,217.7,0.8,Pit-A,cycle-acme-s01-truck-070-00002,loading,225.4,240.0,263350.86,88.5,True,True,13068.12,605199.01,False,False,False,93.5,24.8,[],1.0
e9fbbb5f-f00d-4cca-a394-db0bf3ba01b2,1.0,acme-mining,site-01,fleet_telemetry,ACME-S01-TRUCK-071,haul_truck,2026-09-01T16:18:21.854Z,5,-16.53432,-71.521429,181.4,1.5,Pit-A,cycle-acme-s01-truck-071-00002,loading,224.1,240.0,54836.88,79.0,True,True,15441.03,415162.79,False,False,False,93.9,24.2,[],1.0
c236c11a-f25c-4c2a-a0af-b485c1b76e89,1.0,acme-mining,site-01,fleet_telemetry,ACME-S01-TRUCK-072,haul_truck,2026-09-01T16:18:21.854Z,5,-16.589428,-71.562891,240.5,0.4,Pit-A,cycle-acme-s01-truck-072-00002,loading,222.5,240.0,198486.63,50.9,True,True,17391.88,238738.48,False,False,False,87.5,24.6,[],1.0
05032465-9960-4ee8-807c-4b0b1c85cc02,1.0,acme-mining,site-01,fleet_telemetry,ACME-S01-TRUCK-073,haul_truck,2026-09-01T16:18:21.854Z,5,-16.55724,-71.547834,296.7,0.4,Pit-A,cycle-acme-s01-truck-073-00002,loading,225.2,240.0,289657.75,83.0,True,True,3037.43,625296.26,False,False,False,87.5,24.2,[],1.0
60b23136-9d32-48a6-aa8e-474d3ec85fce,1.0,acme-mining,site-01,fleet_telemetry,ACME-S01-TRUCK-074,haul_truck,2026-09-01T16:18:21.854Z,5,-16.538287,-71.522709,9.4,0.9,Pit-A,cycle-acme-s01-truck-074-00002,loading,220.6,240.0,350842.54,57.5,True,True,13857.35,599359.23,False,False,False,109.9,24.6,"[""ENG_OVERHEAT""]",0.72
d6430d4d-b5ed-44b5-b79d-68c4b5ffb143,1.0,acme-mining,site-01,fleet_telemetry,ACME-S01-TRUCK-075,haul_truck,2026-09-01T16:18:21.854Z,5,-16.596064,-71.519883,122.9,0.0,Pit-A,cycle-acme-s01-truck-075-00002,loading,218.9,240.0,397918.02,42.0,True,True,18411.5,74597.74,False,False,False,89.5,24.3,[],1.0
5a7dbaa8-6979-47a9-88d2-b2df5bcf843e,1.0,acme-mining,site-01,fleet_telemetry,ACME-S01-TRUCK-076,haul_truck,2026-09-01T16:18:21.854Z,5,-16.629061,-71.572743,84.9,0.8,Pit-A,cycle-acme-s01-truck-076-00002,loading,220.9,240.0,224522.27,49.8,True,True,11279.3,224759.03,False,False,False,91.6,24.0,[],1.0
dc3a8db0-b5ef-44cd-9110-d46d86bc09f0,1.0,acme-mining,site-01,fleet_telemetry,ACME-S01-TRUCK-077,haul_truck,2026-09-01T16:18:21.854Z,5,-16.605352,-71.528677,131.8,0.4,Pit-A,cycle-acme-s01-truck-077-00002,loading,219.9,240.0,94065.13,41.9,True,True,12582.78,345475.27,False,False,False,92.6,25.0,[],1.0
27cfd9ec-509a-4126-af5d-58b267318353,1.0,acme-mining,site-01,fleet_telemetry,ACME-S01-TRUCK-078,haul_truck,2026-09-01T16:18:21.854Z,5,-16.634952,-71.506804,224.9,1.2,Pit-A,cycle-acme-s01-truck-078-00002,loading,216.5,240.0,358890.76,31.5,True,True,14493.15,329217.53,False,False,False,93.1,23.9,[],1.0
5876db3f-028c-4fcd-9b27-3c0bbc3a36b9,1.0,acme-mining,site-01,fleet_telemetry,ACME-S01-TRUCK-079,haul_truck,2026-09-01T16:18:21.854Z,5,-16.582339,-71.561189,222.5,0.3,Pit-A,cycle-acme-s01-truck-079-00002,loading,226.3,240.0,161253.56,94.7,True,True,8623.24,368688.04,False,False,False,91.6,24.9,[],1.0
e7cfe830-5af0-474f-907f-1aac689a2477,1.0,acme-mining,site-01,fleet_telemetry,ACME-S01-TRUCK-080,haul_truck,2026-09-01T16:18:21.854Z,5,-16.584668,-71.495562,332.8,0.0,Pit-A,cycle-acme-s01-truck-080-00002,loading,223.6,240.0,94737.39,33.3,True,True,6129.76,96013.31,False,False,False,95.4,24.1,[],1.0
002d7464-b4bb-407e-81c3-235432b25225,1.0,acme-mining,site-02,fleet_telemetry,ACME-S02-TRUCK-001,haul_truck,2026-09-01T16:18:21.854Z,5,-16.537064,-71.488499,313.0,1.4,Pit-A,cycle-acme-s02-truck-001-00002,loading,223.5,240.0,319615.66,60.0,True,True,4524.74,259530.76,False,False,False,94.1,24.7,[],1.0
19ff2eb5-2a0b-4ea8-adf4-a9098ab81fbe,1.0,acme-mining,site-02,fleet_telemetry,ACME-S02-TRUCK-002,haul_truck,2026-09-01T16:18:21.854Z,5,-16.601711,-71.552804,243.3,1.2,Pit-A,cycle-acme-s02-truck-002-00002,loading,225.1,240.0,44259.85,46.9,True,True,10047.86,309645.26,False,False,False,93.5,24.9,[],1.0
7dae08f3-b847-41ef-a657-32da6c3b71e7,1.0,acme-mining,site-02,fleet_telemetry,ACME-S02-TRUCK-003,haul_truck,2026-09-01T16:18:21.854Z,5,-16.571499,-71.484377,282.0,1.3,Pit-A,cycle-acme-s02-truck-003-00002,loading,222.3,240.0,152898.3,81.1,True,True,3241.68,33139.72,False,False,False,87.5,24.6,[],1.0
8bd2a5d9-ba96-49c8-a803-9591dcdaa3fb,1.0,acme-mining,site-02,fleet_telemetry,ACME-S02-TRUCK-004,haul_truck,2026-09-01T16:18:21.854Z,5,-16.657802,-71.478225,106.0,1.0,Pit-A,cycle-acme-s02-truck-004-00002,loading,217.8,240.0,201697.97,53.0,True,True,10058.3,86693.87,False,False,False,91.7,24.9,[],1.0
41612f8c-079d-4bff-84ba-02403c8f983e,1.0,acme-mining,site-02,fleet_telemetry,ACME-S02-TRUCK-005,haul_truck,2026-09-01T16:18:21.854Z,5,-16.588836,-71.472579,343.1,1.3,Pit-A,cycle-acme-s02-truck-005-00002,loading,225.5,240.0,234612.95,33.0,True,True,7861.06,125923.68,False,False,False,94.6,25.0,[],1.0
678a8feb-9faf-4856-8d35-8543a57a8735,1.0,acme-mining,site-02,fleet_telemetry,ACME-S02-TRUCK-006,haul_truck,2026-09-01T16:18:21.854Z,5,-16.548778,-71.512651,280.9,0.2,Pit-A,cycle-acme-s02-truck-006-00002,loading,225.7,240.0,96799.9,67.1,True,True,5808.91,112259.94,False,False,False,88.2,24.9,[],1.0
3c91b4e1-4baa-4dc1-aa68-753d9c94d2b3,1.0,acme-mining,site-02,fleet_telemetry,ACME-S02-TRUCK-007,haul_truck,2026-09-01T16:18:21.854Z,5,-16.529273,-71.514599,223.9,0.6,Pit-A,cycle-acme-s02-truck-007-00002,loading,227.5,240.0,264966.26,72.7,True,True,10635.81,375153.44,False,False,False,86.5,23.8,[],1.0
9f6225ba-e0fb-4acb-862f-f6394ac72c03,1.0,acme-mining,site-02,fleet_telemetry,ACME-S02-TRUCK-008,haul_truck,2026-09-01T16:18:21.854Z,5,-16.599663,-71.569021,150.3,0.8,Pit-A,cycle-acme-s02-truck-008-00002,loading,223.7,240.0,76421.56,29.8,True,True,19122.04,415147.07,False,False,False,90.6,25.0,[],1.0
d999c450-85d8-45fc-850e-2f984b94b991,1.0,acme-mining,site-02,fleet_telemetry,ACME-S02-TRUCK-009,haul_truck,2026-09-01T16:18:21.854Z,5,-16.611431,-71.571555,358.0,1.0,Pit-A,cycle-acme-s02-truck-009-00002,loading,218.6,240.0,213167.0,27.6,True,True,8261.18,66740.19,False,False,False,91.6,24.1,[],1.0
793aa68e-5f7c-456b-baf5-7f5ed29b992d,1.0,acme-mining,site-02,fleet_telemetry,ACME-S02-TRUCK-010,haul_truck,2026-09-01T16:18:21.854Z,5,-16.543728,-71.474162,234.0,0.9,Pit-A,cycle-acme-s02-truck-010-00002,loading,224.0,240.0,213593.43,63.8,True,True,13838.18,339452.81,False,False,False,95.1,25.1,[],1.0
c1cad167-9605-4e93-97d5-b0853901656d,1.0,acme-mining,site-02,fleet_telemetry,ACME-S02-TRUCK-011,haul_truck,2026-09-01T16:18:21.854Z,5,-16.660497,-71.600918,294.7,0.8,Pit-A,cycle-acme-s02-truck-011-00002,loading,222.7,240.0,219277.08,35.5,True,True,14618.96,222561.97,False,False,False,86.2,24.2,[],1.0
3306a681-744b-46e8-abc3-5383af4f87e6,1.0,acme-mining,site-02,fleet_telemetry,ACME-S02-TRUCK-012,haul_truck,2026-09-01T16:18:21.854Z,5,-16.557187,-71.458946,353.3,0.0,Pit-A,cycle-acme-s02-truck-012-00002,loading,220.9,240.0,294296.22,27.7,True,True,21626.58,73127.51,False,False,False,92.6,25.1,[],1.0
f8a50168-010b-44ea-a90b-443934c76a81,1.0,acme-mining,site-02,fleet_telemetry,ACME-S02-TRUCK-013,haul_truck,2026-09-01T16:18:21.854Z,5,-16.561765,-71.609092,282.2,0.8,Pit-A,cycle-acme-s02-truck-013-00002,loading,216.4,240.0,180463.59,79.2,True,True,8514.64,598300.27,False,False,False,94.0,24.4,[],1.0
6d31a7f1-6180-4dac-a3c9-85f726487eb6,1.0,acme-mining,site-02,fleet_telemetry,ACME-S02-TRUCK-014,haul_truck,2026-09-01T16:18:21.854Z,5,-16.554618,-71.512434,33.6,1.1,Pit-A,cycle-acme-s02-truck-014-00002,loading,217.8,240.0,308487.21,44.9,True,True,2197.34,79538.84,False,False,False,92.6,24.6,[],1.0
d43b5443-0f1e-4406-8fb3-fe56fabe34c3,1.0,acme-mining,site-02,fleet_telemetry,ACME-S02-TRUCK-015,haul_truck,2026-09-01T16:18:21.854Z,5,-16.515596,-71.50577,78.0,0.9,Pit-A,cycle-acme-s02-truck-015-00002,loading,223.6,240.0,72228.79,49.5,True,True,7867.28,387126.01,False,False,False,95.2,24.6,[],1.0
c75d9d8c-2160-4cc2-a819-ddd9bbe2c190,1.0,acme-mining,site-02,fleet_telemetry,ACME-S02-TRUCK-016,haul_truck,2026-09-01T16:18:21.854Z,5,-16.617841,-71.597083,275.9,1.2,Pit-A,cycle-acme-s02-truck-016-00002,loading,226.0,240.0,255926.01,70.0,True,True,15827.29,73373.09,False,False,False,94.8,24.9,[],1.0
99a55aeb-66af-4105-a9bf-61e43bb0e9a1,1.0,acme-mining,site-02,fleet_telemetry,ACME-S02-TRUCK-017,haul_truck,2026-09-01T16:18:21.854Z,5,-16.620994,-71.465322,303.5,0.5,Pit-A,cycle-acme-s02-truck-017-00002,loading,227.1,240.0,233735.24,26.3,True,True,2781.21,442387.38,False,False,False,87.2,24.9,[],1.0
37c9419b-4c3c-4b7a-a0e6-37d2272e1db5,1.0,acme-mining,site-02,fleet_telemetry,ACME-S02-TRUCK-018,haul_truck,2026-09-01T16:18:21.854Z,5,-16.544286,-71.536258,305.8,0.6,Pit-A,cycle-acme-s02-truck-018-00002,loading,223.1,240.0,78176.18,45.7,True,True,4870.52,649985.4,False,False,False,93.7,24.2,[],1.0
3068dd26-75bf-4a58-a27c-6c721c9349e1,1.0,acme-mining,site-02,fleet_telemetry,ACME-S02-TRUCK-019,haul_truck,2026-09-01T16:18:21.854Z,5,-16.610144,-71.591543,270.8,1.3,Pit-A,cycle-acme-s02-truck-019-00002,loading,226.0,240.0,347175.65,34.1,True,True,1600.25,232161.67,False,False,False,87.6,23.8,[],1.0
17df35a7-b17d-4e13-8f31-0d8ddd993a41,1.0,acme-mining,site-02,fleet_telemetry,ACME-S02-TRUCK-020,haul_truck,2026-09-01T16:18:21.854Z,5,-16.515238,-71.519809,140.1,1.0,Pit-A,cycle-acme-s02-truck-020-00002,loading,223.2,240.0,170292.04,75.3,True,True,16089.09,47526.33,False,False,False,95.1,25.2,[],1.0
d16d44b2-8492-42d2-8f97-863aaa8730e1,1.0,acme-mining,site-02,fleet_telemetry,ACME-S02-TRUCK-021,haul_truck,2026-09-01T16:18:21.854Z,5,-16.525792,-71.586431,29.2,0.2,Pit-A,cycle-acme-s02-truck-021-00002,loading,220.6,240.0,434862.82,79.9,True,True,5760.87,170676.25,False,False,False,88.0,24.1,[],1.0
47f7bada-01d6-4902-b547-7abb2051d005,1.0,acme-mining,site-02,fleet_telemetry,ACME-S02-TRUCK-022,haul_truck,2026-09-01T16:18:21.854Z,5,-16.586003,-71.462896,340.2,0.9,Pit-A,cycle-acme-s02-truck-022-00002,loading,225.9,240.0,133979.87,51.7,True,True,21670.13,310858.48,False,False,False,86.3,24.3,[],1.0
10effb62-49c5-4ea5-ad81-7d4b242b40b4,1.0,acme-mining,site-02,fleet_telemetry,ACME-S02-TRUCK-023,haul_truck,2026-09-01T16:18:21.854Z,5,-16.520903,-71.503663,26.3,0.1,Pit-A,cycle-acme-s02-truck-023-00002,loading,217.0,240.0,221460.19,51.0,True,True,19307.65,52873.36,False,False,False,92.3,24.8,[],1.0
4953481c-a5e1-4f00-8718-3472519c75d6,1.0,acme-mining,site-02,fleet_telemetry,ACME-S02-TRUCK-024,haul_truck,2026-09-01T16:18:21.854Z,5,-16.646816,-71.547532,70.5,0.1,Pit-A,cycle-acme-s02-truck-024-00002,loading,218.1,240.0,130028.47,88.3,True,True,6843.34,500763.69,False,False,False,92.3,24.6,[],1.0
152d145a-2558-4480-9ad9-717261e02be8,1.0,acme-mining,site-02,fleet_telemetry,ACME-S02-TRUCK-025,haul_truck,2026-09-01T16:18:21.854Z,5,-16.60698,-71.557673,79.4,0.7,Pit-A,cycle-acme-s02-truck-025-00002,loading,217.7,240.0,419407.95,54.0,True,True,18114.12,577316.86,False,False,False,93.3,24.2,[],1.0
ed836555-9f5a-4a77-8ea4-10c922236780,1.0,acme-mining,site-02,fleet_telemetry,ACME-S02-TRUCK-026,haul_truck,2026-09-01T16:18:21.854Z,5,-16.566404,-71.490896,58.4,0.0,Pit-A,cycle-acme-s02-truck-026-00002,loading,221.3,240.0,419563.7,83.7,True,True,8748.16,37758.24,False,False,False,88.8,24.8,[],1.0
659eb98c-1eb1-4d20-93fd-4e2c987b2b6b,1.0,acme-mining,site-02,fleet_telemetry,ACME-S02-TRUCK-027,haul_truck,2026-09-01T16:18:21.854Z,5,-16.595352,-71.519033,241.6,0.7,Pit-A,cycle-acme-s02-truck-027-00002,loading,220.8,240.0,375688.92,78.1,True,True,20248.81,317646.71,False,False,False,94.6,24.6,[],1.0
acb29e57-da50-4b07-b934-013c355fcaeb,1.0,acme-mining,site-02,fleet_telemetry,ACME-S02-TRUCK-028,haul_truck,2026-09-01T16:18:21.854Z,5,-16.585972,-71.599723,260.9,0.5,Pit-A,cycle-acme-s02-truck-028-00002,loading,217.1,240.0,251474.17,75.9,True,True,6225.59,546026.84,False,False,False,94.7,25.0,[],1.0
9513425d-51b1-416b-80b9-6a46daf74ac7,1.0,acme-mining,site-02,fleet_telemetry,ACME-S02-TRUCK-029,haul_truck,2026-09-01T16:18:21.854Z,5,-16.66035,-71.48364,335.6,1.4,Pit-A,cycle-acme-s02-truck-029-00002,loading,227.8,240.0,291139.06,68.6,True,True,3383.19,170217.0,False,False,False,91.7,23.9,[],1.0
6862c0e4-b8fa-47f8-bdb7-e40b310301b4,1.0,acme-mining,site-02,fleet_telemetry,ACME-S02-TRUCK-030,haul_truck,2026-09-01T16:18:21.854Z,5,-16.601706,-71.51912,349.2,1.2,Pit-A,cycle-acme-s02-truck-030-00002,loading,227.2,240.0,116453.08,35.0,True,True,1148.44,344686.81,False,False,False,108.4,24.1,"[""ENG_OVERHEAT""]",0.72
46f51644-ed1c-41ec-bcf1-dc0ad5d168f7,1.0,acme-mining,site-02,fleet_telemetry,ACME-S02-TRUCK-031,haul_truck,2026-09-01T16:18:21.854Z,5,-16.51788,-71.530474,128.8,0.7,Pit-A,cycle-acme-s02-truck-031-00002,loading,217.6,240.0,240333.51,50.2,True,True,4771.06,440975.5,False,False,False,95.3,25.1,[],1.0
b1462fc2-3ac1-4f49-ad0a-374ce9a1e4f0,1.0,acme-mining,site-02,fleet_telemetry,ACME-S02-TRUCK-032,haul_truck,2026-09-01T16:18:21.854Z,5,-16.513429,-71.576897,333.7,0.3,Pit-A,cycle-acme-s02-truck-032-00002,loading,220.8,240.0,216859.74,69.5,True,True,12548.03,265985.95,False,False,False,90.7,24.4,[],1.0
9e6ff318-d297-4364-87a4-dcfe81b7864b,1.0,acme-mining,site-02,fleet_telemetry,ACME-S02-TRUCK-033,haul_truck,2026-09-01T16:18:21.854Z,5,-16.552758,-71.564296,28.3,0.3,Pit-A,cycle-acme-s02-truck-033-00002,loading,226.9,240.0,286433.37,79.0,True,True,8109.82,481752.95,False,False,False,92.8,24.0,[],1.0
b617c297-e934-417f-94af-d86276decf69,1.0,acme-mining,site-02,fleet_telemetry,ACME-S02-TRUCK-034,haul_truck,2026-09-01T16:18:21.854Z,5,-16.513465,-71.540939,352.5,0.6,Pit-A,cycle-acme-s02-truck-034-00002,loading,221.1,240.0,375369.11,72.9,True,True,7977.21,424961.33,False,False,False,94.3,24.2,[],1.0
643e0e84-779a-4014-9b42-e50ef41979a2,1.0,acme-mining,site-02,fleet_telemetry,ACME-S02-TRUCK-035,haul_truck,2026-09-01T16:18:21.854Z,5,-16.663371,-71.585601,68.5,0.7,Pit-A,cycle-acme-s02-truck-035-00002,loading,227.7,240.0,211379.32,45.5,True,True,2137.74,509000.05,False,False,False,89.8,24.4,[],1.0
e2d0351e-36e8-4e43-8bfe-ccdf88bc1623,1.0,acme-mining,site-02,fleet_telemetry,ACME-S02-TRUCK-036,haul_truck,2026-09-01T16:18:21.854Z,5,-16.549895,-71.586939,261.3,1.3,Pit-A,cycle-acme-s02-truck-036-00002,loading,219.7,240.0,248933.81,42.7,True,True,11726.14,643147.41,False,False,False,91.9,24.0,[],1.0
1dfa302b-2fa9-47ff-869a-5bc5cbadb64a,1.0,acme-mining,site-02,fleet_telemetry,ACME-S02-TRUCK-037,haul_truck,2026-09-01T16:18:21.854Z,5,-16.528066,-71.498569,294.2,0.9,Pit-A,cycle-acme-s02-truck-037-00002,loading,226.4,240.0,64769.31,50.7,True,True,19154.93,229112.66,False,False,False,106.4,24.4,"[""ENG_OVERHEAT""]",0.72
9d138a7f-ad83-4e22-9d7d-c48412dfd808,1.0,acme-mining,site-02,fleet_telemetry,ACME-S02-TRUCK-038,haul_truck,2026-09-01T16:18:21.854Z,5,-16.54281,-71.574845,299.4,0.4,Pit-A,cycle-acme-s02-truck-038-00002,loading,221.4,240.0,314510.44,50.7,True,True,7987.58,137694.92,False,False,False,92.8,24.4,[],1.0
037d47f5-b2fc-44ab-91d7-e54e749a1ae4,1.0,acme-mining,site-02,fleet_telemetry,ACME-S02-TRUCK-039,haul_truck,2026-09-01T16:18:21.854Z,5,-16.61898,-71.604684,179.8,0.8,Pit-A,cycle-acme-s02-truck-039-00002,loading,226.9,240.0,371830.47,63.2,True,True,2473.26,399545.67,False,False,False,93.4,24.5,[],1.0
72d7fe05-924c-42d1-8d3b-c7b37bd9f95d,1.0,acme-mining,site-02,fleet_telemetry,ACME-S02-TRUCK-040,haul_truck,2026-09-01T16:18:21.854Z,5,-16.598852,-71.501214,316.1,1.4,Pit-A,cycle-acme-s02-truck-040-00002,loading,226.0,240.0,83324.0,56.0,True,True,10253.42,472127.72,False,False,False,92.4,25.1,[],1.0
7ce20ac3-c24f-4fb1-a0c8-b464d9c120a7,1.0,acme-mining,site-02,fleet_telemetry,ACME-S02-TRUCK-041,haul_truck,2026-09-01T16:18:21.854Z,5,-16.568412,-71.559332,186.9,0.9,Pit-A,cycle-acme-s02-truck-041-00002,loading,217.2,240.0,427078.23,30.2,True,True,6620.58,637417.28,False,False,False,87.9,25.2,[],1.0
a92bd2d8-500f-4310-90fa-c306f7aeee75,1.0,acme-mining,site-02,fleet_telemetry,ACME-S02-TRUCK-042,haul_truck,2026-09-01T16:18:21.854Z,5,-16.664864,-71.606736,263.2,0.3,Pit-A,cycle-acme-s02-truck-042-00002,loading,224.8,240.0,277332.38,79.7,True,True,20999.14,109951.16,False,False,False,90.9,24.6,[],1.0
b1c79dae-d3ad-4475-a540-9e782fc9eb52,1.0,acme-mining,site-02,fleet_telemetry,ACME-S02-TRUCK-043,haul_truck,2026-09-01T16:18:21.854Z,5,-16.598401,-71.55814,194.1,0.4,Pit-A,cycle-acme-s02-truck-043-00002,loading,225.9,240.0,24249.85,35.7,True,True,8477.6,618164.37,False,False,False,94.7,25.0,[],1.0
37e9dc5d-6a64-41cc-a2ed-2077a073d7ce,1.0,acme-mining,site-02,fleet_telemetry,ACME-S02-TRUCK-044,haul_truck,2026-09-01T16:18:21.854Z,5,-16.630428,-71.599364,10.5,1.3,Pit-A,cycle-acme-s02-truck-044-00002,loading,224.2,240.0,185135.28,70.4,True,True,12967.15,353559.86,False,False,False,89.2,24.1,[],1.0
8e29a24d-b355-4fb5-97f4-86d562c834ce,1.0,acme-mining,site-02,fleet_telemetry,ACME-S02-TRUCK-045,haul_truck,2026-09-01T16:18:21.854Z,5,-16.55775,-71.583166,211.8,1.1,Pit-A,cycle-acme-s02-truck-045-00002,loading,216.3,240.0,61815.14,79.2,True,True,11776.21,595531.86,False,False,False,93.9,24.8,[],1.0
5ffbc0f2-5cf0-4760-ae6d-2b96f772a6e5,1.0,acme-mining,site-02,fleet_telemetry,ACME-S02-TRUCK-046,haul_truck,2026-09-01T16:18:21.854Z,5,-16.556261,-71.457937,252.0,0.6,Pit-A,cycle-acme-s02-truck-046-00002,loading,227.9,240.0,42583.2,37.1,True,True,5043.79,105509.01,False,False,False,90.5,24.4,[],1.0
c2e40383-24da-4b4d-97e7-32d6edd8bafe,1.0,acme-mining,site-02,fleet_telemetry,ACME-S02-TRUCK-047,haul_truck,2026-09-01T16:18:21.854Z,5,-16.622422,-71.592302,52.7,1.4,Pit-A,cycle-acme-s02-truck-047-00002,loading,220.9,240.0,251999.05,45.3,True,True,14958.21,467010.6,False,False,False,93.8,24.9,[],1.0
46c8d8fa-d1a8-4313-9028-1f37e82a85c6,1.0,acme-mining,site-02,fleet_telemetry,ACME-S02-TRUCK-048,haul_truck,2026-09-01T16:18:21.854Z,5,-16.648173,-71.491033,64.9,0.5,Pit-A,cycle-acme-s02-truck-048-00002,loading,222.5,240.0,63399.78,39.0,True,True,17626.37,340516.23,False,False,False,113.6,24.7,"[""ENG_OVERHEAT""]",0.72
544d5d40-512d-489d-a445-6a54aa3325f0,1.0,acme-mining,site-02,fleet_telemetry,ACME-S02-TRUCK-049,haul_truck,2026-09-01T16:18:21.854Z,5,-16.52893,-71.606962,237.4,0.5,Pit-A,cycle-acme-s02-truck-049-00002,loading,227.9,240.0,442525.56,34.1,True,True,12932.29,314465.76,False,False,False,92.8,23.8,[],1.0
9c7be933-f08a-4ebd-8fb7-afc9936da4ac,1.0,acme-mining,site-02,fleet_telemetry,ACME-S02-TRUCK-050,haul_truck,2026-09-01T16:18:21.854Z,5,-16.514816,-71.514696,145.7,0.5,Pit-A,cycle-acme-s02-truck-050-00002,loading,227.2,240.0,372269.64,30.1,True,True,11944.75,504573.76,False,False,False,92.9,24.0,[],1.0
398348d9-dc2a-455b-92db-ffea8a85741f,1.0,acme-mining,site-02,fleet_telemetry,ACME-S02-TRUCK-051,haul_truck,2026-09-01T16:18:21.854Z,5,-16.641293,-71.462871,205.4,0.1,Pit-A,cycle-acme-s02-truck-051-00002,loading,227.2,240.0,353315.99,69.8,True,True,8103.72,573114.99,False,False,False,86.7,24.3,[],1.0
1a7399f6-8141-4bdd-baf2-93ce445c40ef,1.0,acme-mining,site-02,fleet_telemetry,ACME-S02-TRUCK-052,haul_truck,2026-09-01T16:18:21.854Z,5,-16.520818,-71.581443,212.6,0.6,Pit-A,cycle-acme-s02-truck-052-00002,loading,223.1,240.0,143815.1,36.3,True,True,18425.49,346404.41,False,False,False,86.4,24.9,[],1.0
d1a70905-e4ef-4d4b-b584-c5bf4eb6fd83,1.0,acme-mining,site-02,fleet_telemetry,ACME-S02-TRUCK-053,haul_truck,2026-09-01T16:18:21.854Z,5,-16.582271,-71.59746,196.8,0.4,Pit-A,cycle-acme-s02-truck-053-00002,loading,223.3,240.0,120266.64,69.4,True,True,19772.44,552938.32,False,False,False,88.9,23.8,[],1.0
1f9e698d-0c53-483a-abab-cac996d2b592,1.0,acme-mining,site-02,fleet_telemetry,ACME-S02-TRUCK-054,haul_truck,2026-09-01T16:18:21.854Z,5,-16.643015,-71.5176,12.2,0.2,Pit-A,cycle-acme-s02-truck-054-00002,loading,216.5,240.0,270396.02,65.6,True,True,2780.69,423822.17,False,False,False,89.3,24.6,[],1.0
c8940ac2-f700-4f1c-b9e7-9950f8a595f8,1.0,acme-mining,site-02,fleet_telemetry,ACME-S02-TRUCK-055,haul_truck,2026-09-01T16:18:21.854Z,5,-16.66315,-71.514875,215.3,1.1,Pit-A,cycle-acme-s02-truck-055-00002,loading,222.5,240.0,373104.26,27.0,True,True,18661.64,375079.5,False,False,False,95.8,24.8,[],1.0
d92e659b-1448-4d25-8206-cf5f18a50c2d,1.0,acme-mining,site-02,fleet_telemetry,ACME-S02-TRUCK-056,haul_truck,2026-09-01T16:18:21.854Z,5,-16.570066,-71.571157,121.5,0.8,Pit-A,cycle-acme-s02-truck-056-00002,loading,217.6,240.0,291156.43,59.8,True,True,17059.54,282449.79,False,False,False,94.8,24.8,[],1.0
dfa86508-0f4e-421e-bb1b-7b2dd163c879,1.0,acme-mining,site-02,fleet_telemetry,ACME-S02-TRUCK-057,haul_truck,2026-09-01T16:18:21.854Z,5,-16.560244,-71.592221,162.6,0.8,Pit-A,cycle-acme-s02-truck-057-00002,loading,223.8,240.0,188681.01,56.7,True,True,5991.42,528630.15,False,False,False,88.8,24.6,[],1.0
7d0586d5-0586-4f24-bfc8-e1220ed7e3b0,1.0,acme-mining,site-02,fleet_telemetry,ACME-S02-TRUCK-058,haul_truck,2026-09-01T16:18:21.854Z,5,-16.552934,-71.479763,158.9,0.7,Pit-A,cycle-acme-s02-truck-058-00002,loading,227.0,240.0,147536.6,75.3,True,True,5125.29,402196.05,False,False,False,93.0,24.3,[],1.0
43deb036-1299-4a80-8a63-a17ce2d9da19,1.0,acme-mining,site-02,fleet_telemetry,ACME-S02-TRUCK-059,haul_truck,2026-09-01T16:18:21.854Z,5,-16.650793,-71.545579,70.5,0.3,Pit-A,cycle-acme-s02-truck-059-00002,loading,220.8,240.0,56721.23,41.9,True,True,16926.1,344437.57,False,False,False,89.9,24.9,[],1.0
39eb8b77-04ef-4cc1-acc0-91dd57bd48c8,1.0,acme-mining,site-02,fleet_telemetry,ACME-S02-TRUCK-060,haul_truck,2026-09-01T16:18:21.854Z,5,-16.531947,-71.591951,346.8,1.0,Pit-A,cycle-acme-s02-truck-060-00002,loading,223.4,240.0,280766.38,42.4,True,True,6952.5,262014.49,False,False,False,113.0,23.9,"[""ENG_OVERHEAT""]",0.72
d35376ad-0356-42c9-95bc-b53f49188c04,1.0,acme-mining,site-02,fleet_telemetry,ACME-S02-TRUCK-061,haul_truck,2026-09-01T16:18:21.854Z,5,-16.595714,-71.476864,138.4,0.9,Pit-A,cycle-acme-s02-truck-061-00002,loading,221.9,240.0,80110.96,94.7,True,True,16087.93,139595.58,False,False,False,91.3,24.0,[],1.0
b016fe17-84a9-42ab-b503-337515b74c1c,1.0,acme-mining,site-02,fleet_telemetry,ACME-S02-TRUCK-062,haul_truck,2026-09-01T16:18:21.854Z,5,-16.613936,-71.609419,55.4,0.9,Pit-A,cycle-acme-s02-truck-062-00002,loading,222.1,240.0,435342.42,40.0,True,True,20838.94,338430.11,False,False,False,93.2,25.0,[],1.0
bf3a45a0-cfb0-44f9-a457-bcee304c7727,1.0,acme-mining,site-02,fleet_telemetry,ACME-S02-TRUCK-063,haul_truck,2026-09-01T16:18:21.854Z,5,-16.62808,-71.558968,284.5,0.5,Pit-A,cycle-acme-s02-truck-063-00002,loading,221.9,240.0,57299.02,34.4,True,True,6857.87,25151.87,False,False,False,93.5,24.5,[],1.0
ad280604-4771-44dc-ba9b-7b6a882379cc,1.0,acme-mining,site-02,fleet_telemetry,ACME-S02-TRUCK-064,haul_truck,2026-09-01T16:18:21.854Z,5,-16.658616,-71.536804,132.7,1.0,Pit-A,cycle-acme-s02-truck-064-00002,loading,223.7,240.0,95648.64,63.7,True,True,9292.34,379277.53,False,False,False,113.1,24.8,"[""ENG_OVERHEAT""]",0.72
98266946-7c80-4876-87d6-98ea3b2ae6cc,1.0,acme-mining,site-02,fleet_telemetry,ACME-S02-TRUCK-065,haul_truck,2026-09-01T16:18:21.854Z,5,-16.654914,-71.557756,140.4,1.3,Pit-A,cycle-acme-s02-truck-065-00002,loading,226.4,240.0,278859.28,34.0,True,True,18296.61,412642.3,False,False,False,93.6,24.8,[],1.0
8c8bccc0-392f-4fc9-9a68-5027794f0e84,1.0,acme-mining,site-02,fleet_telemetry,ACME-S02-TRUCK-066,haul_truck,2026-09-01T16:18:21.854Z,5,-16.590405,-71.610277,60.4,0.5,Pit-A,cycle-acme-s02-truck-066-00002,loading,216.5,240.0,97585.77,60.6,True,True,20705.72,495628.13,False,False,False,92.7,25.1,[],1.0
32a0f4f3-9280-4a0b-8647-e8c924ee766b,1.0,acme-mining,site-02,fleet_telemetry,ACME-S02-TRUCK-067,haul_truck,2026-09-01T16:18:21.854Z,5,-16.648054,-71.468486,65.7,0.3,Pit-A,cycle-acme-s02-truck-067-00002,loading,226.2,240.0,75534.2,87.5,True,True,17844.08,347179.72,False,False,False,88.7,24.5,[],1.0
fe06f65a-b251-4ac7-a47d-cd0adb11c1a6,1.0,acme-mining,site-02,fleet_telemetry,ACME-S02-TRUCK-068,haul_truck,2026-09-01T16:18:21.854Z,5,-16.537899,-71.532328,220.0,0.7,Pit-A,cycle-acme-s02-truck-068-00002,loading,217.7,240.0,141663.41,48.5,True,True,21801.06,485771.29,False,False,False,94.3,24.1,[],1.0
28399848-813d-4e6b-a09d-830b11451213,1.0,acme-mining,site-02,fleet_telemetry,ACME-S02-TRUCK-069,haul_truck,2026-09-01T16:18:21.854Z,5,-16.603746,-71.568274,304.7,0.4,Pit-A,cycle-acme-s02-truck-069-00002,loading,224.2,240.0,155745.72,32.6,True,True,10867.73,30481.37,False,False,False,93.4,24.9,[],1.0
5ba23057-f879-4129-9205-4708fdb9a5b6,1.0,acme-mining,site-02,fleet_telemetry,ACME-S02-TRUCK-070,haul_truck,2026-09-01T16:18:21.854Z,5,-16.577857,-71.581101,324.5,1.2,Pit-A,cycle-acme-s02-truck-070-00002,loading,227.3,240.0,298460.33,93.0,True,True,13454.49,187284.25,False,False,False,91.5,24.6,[],1.0
cde17a98-5a12-432a-a633-7a180b7fa92f,1.0,acme-mining,site-02,fleet_telemetry,ACME-S02-TRUCK-071,haul_truck,2026-09-01T16:18:21.854Z,5,-16.646753,-71.508592,329.7,0.2,Pit-A,cycle-acme-s02-truck-071-00002,loading,219.1,240.0,282684.06,83.9,True,True,4414.86,416285.99,False,False,False,92.8,24.1,[],1.0
9afd32fc-580e-4f32-91ea-55fd001f2da9,1.0,acme-mining,site-02,fleet_telemetry,ACME-S02-TRUCK-072,haul_truck,2026-09-01T16:18:21.854Z,5,-16.63778,-71.537201,340.1,1.1,Pit-A,cycle-acme-s02-truck-072-00002,loading,227.2,240.0,194263.63,53.9,True,True,4844.63,297854.38,False,False,False,87.8,24.3,[],1.0
e9797d8a-ed8d-410d-a4c7-39197ce057ce,1.0,acme-mining,site-02,fleet_telemetry,ACME-S02-TRUCK-073,haul_truck,2026-09-01T16:18:21.854Z,5,-16.637236,-71.565494,250.0,1.5,Pit-A,cycle-acme-s02-truck-073-00002,loading,227.4,240.0,37404.07,34.6,True,True,19303.74,483577.57,False,False,False,88.2,24.3,[],1.0
cfe31af2-a6ae-4843-b453-f20339fb0e30,1.0,acme-mining,site-02,fleet_telemetry,ACME-S02-TRUCK-074,haul_truck,2026-09-01T16:18:21.854Z,5,-16.582999,-71.509357,338.2,0.9,Pit-A,cycle-acme-s02-truck-074-00002,loading,217.2,240.0,212252.26,62.3,True,True,8788.69,622711.97,False,False,False,94.6,23.9,[],1.0
e8ea56f9-b563-4e64-86f3-fe11352cbe2b,1.0,acme-mining,site-02,fleet_telemetry,ACME-S02-TRUCK-075,haul_truck,2026-09-01T16:18:21.854Z,5,-16.634438,-71.461821,186.8,1.1,Pit-A,cycle-acme-s02-truck-075-00002,loading,216.3,240.0,118468.72,64.0,True,True,13733.63,141126.52,False,False,False,92.5,25.1,[],1.0
53aadf6c-8d90-4fd9-8fea-c2b4c796f694,1.0,acme-mining,site-02,fleet_telemetry,ACME-S02-TRUCK-076,haul_truck,2026-09-01T16:18:21.854Z,5,-16.58072,-71.467977,175.5,1.4,Pit-A,cycle-acme-s02-truck-076-00002,loading,216.2,240.0,225161.66,58.6,True,True,15743.91,454851.23,False,False,False,89.2,24.8,[],1.0
2ff295c4-8661-4a77-8083-51bd4f9bd0ec,1.0,acme-mining,site-02,fleet_telemetry,ACME-S02-TRUCK-077,haul_truck,2026-09-01T16:18:21.854Z,5,-16.539432,-71.464773,43.2,1.2,Pit-A,cycle-acme-s02-truck-077-00002,loading,218.3,240.0,177065.74,93.6,True,True,3383.74,446272.11,False,False,False,92.3,24.7,[],1.0
62c66e96-5b67-4d08-abf9-1995d7a305ad,1.0,acme-mining,site-02,fleet_telemetry,ACME-S02-TRUCK-078,haul_truck,2026-09-01T16:18:21.854Z,5,-16.565444,-71.497921,173.2,0.8,Pit-A,cycle-acme-s02-truck-078-00002,loading,227.1,240.0,44773.25,89.7,True,True,1691.82,621847.71,False,False,False,87.1,24.5,[],1.0
068b1f45-a898-4fbf-93e3-96948d838ded,1.0,acme-mining,site-02,fleet_telemetry,ACME-S02-TRUCK-079,haul_truck,2026-09-01T16:18:21.854Z,5,-16.55187,-71.579195,96.9,0.1,Pit-A,cycle-acme-s02-truck-079-00002,loading,224.5,240.0,129513.75,32.6,True,True,6548.02,374071.45,False,False,False,91.8,23.9,[],1.0
3615aebf-21d0-4b6d-838c-756ac8e8a902,1.0,acme-mining,site-02,fleet_telemetry,ACME-S02-TRUCK-080,haul_truck,2026-09-01T16:18:21.854Z,5,-16.594795,-71.508501,163.3,1.3,Pit-A,cycle-acme-s02-truck-080-00002,loading,219.7,240.0,54087.4,48.1,True,True,5584.25,166687.16,False,False,False,89.3,24.3,[],1.0
34edef1a-951a-4c1f-a82e-30d93a8467a4,1.0,beta-minerals,north-site,fleet_telemetry,BETA-NORTH-TRUCK-001,haul_truck,2026-09-01T16:18:21.854Z,5,-16.562051,-71.591173,72.7,1.3,Pit-A,cycle-beta-north-truck-001-00002,loading,228.0,240.0,383639.51,70.3,True,True,17975.95,92503.83,False,False,False,93.7,24.2,[],1.0
139e104f-2500-4c11-8d27-e5d7f1516140,1.0,beta-minerals,north-site,fleet_telemetry,BETA-NORTH-TRUCK-002,haul_truck,2026-09-01T16:18:21.854Z,5,-16.596474,-71.489844,307.8,0.5,Pit-A,cycle-beta-north-truck-002-00002,loading,223.7,240.0,155635.75,54.8,True,True,11739.08,367703.6,False,False,False,94.1,24.6,[],1.0
cd9cee09-7fac-4423-a41d-a1e3bea34336,1.0,beta-minerals,north-site,fleet_telemetry,BETA-NORTH-TRUCK-003,haul_truck,2026-09-01T16:18:21.854Z,5,-16.638794,-71.522754,75.6,0.2,Pit-A,cycle-beta-north-truck-003-00002,loading,226.0,240.0,22844.9,68.0,True,True,14378.16,292244.8,False,False,False,87.6,24.8,[],1.0
d2651980-75da-4950-91c5-e3df766ff30e,1.0,beta-minerals,north-site,fleet_telemetry,BETA-NORTH-TRUCK-004,haul_truck,2026-09-01T16:18:21.854Z,5,-16.654131,-71.477974,207.7,1.3,Pit-A,cycle-beta-north-truck-004-00002,loading,216.3,240.0,365841.41,29.4,True,True,5162.64,493965.15,False,False,False,87.5,24.9,[],1.0
8ed8e69b-c78d-4d19-9282-0d7e9328999c,1.0,beta-minerals,north-site,fleet_telemetry,BETA-NORTH-TRUCK-005,haul_truck,2026-09-01T16:18:21.854Z,5,-16.51584,-71.567393,109.0,1.1,Pit-A,cycle-beta-north-truck-005-00002,loading,220.2,240.0,305108.93,59.2,True,True,4977.98,91791.73,False,False,False,86.2,24.5,[],1.0
4bbe8021-38ba-4a59-947b-901a7e2601ff,1.0,beta-minerals,north-site,fleet_telemetry,BETA-NORTH-TRUCK-006,haul_truck,2026-09-01T16:18:21.854Z,5,-16.540212,-71.504518,70.7,1.0,Pit-A,cycle-beta-north-truck-006-00002,loading,218.3,240.0,382028.14,68.2,True,True,13244.51,239192.63,False,False,False,92.1,23.8,[],1.0
bf7be6c8-0d0c-4624-b90a-611ad17815cc,1.0,beta-minerals,north-site,fleet_telemetry,BETA-NORTH-TRUCK-007,haul_truck,2026-09-01T16:18:21.854Z,5,-16.64113,-71.506549,33.4,0.6,Pit-A,cycle-beta-north-truck-007-00002,loading,218.5,240.0,61859.43,46.4,True,True,2596.75,104387.2,False,False,False,91.9,25.2,[],1.0
d2226af4-2e01-4581-86c1-ef4de344a430,1.0,beta-minerals,north-site,fleet_telemetry,BETA-NORTH-TRUCK-008,haul_truck,2026-09-01T16:18:21.854Z,5,-16.584435,-71.470433,42.5,0.2,Pit-A,cycle-beta-north-truck-008-00002,loading,217.8,240.0,196137.37,59.0,True,True,13444.23,382127.93,False,False,False,107.9,24.8,"[""ENG_OVERHEAT""]",0.72
45a3f080-d8d3-40b2-bf4c-57b90f0fa60d,1.0,beta-minerals,north-site,fleet_telemetry,BETA-NORTH-TRUCK-009,haul_truck,2026-09-01T16:18:21.854Z,5,-16.598252,-71.608927,19.3,1.1,Pit-A,cycle-beta-north-truck-009-00002,loading,221.6,240.0,71730.78,47.0,True,True,12564.15,328474.58,False,False,False,92.6,24.6,[],1.0
315cdf49-e0e2-4c05-988e-13270dfb8540,1.0,beta-minerals,north-site,fleet_telemetry,BETA-NORTH-TRUCK-010,haul_truck,2026-09-01T16:18:21.854Z,5,-16.565907,-71.552008,46.6,1.1,Pit-A,cycle-beta-north-truck-010-00002,loading,217.4,240.0,178935.74,64.3,True,True,11073.72,142931.06,False,False,False,90.0,24.1,[],1.0
8837e63d-fe64-4209-b95d-90e86c282bc6,1.0,beta-minerals,north-site,fleet_telemetry,BETA-NORTH-TRUCK-011,haul_truck,2026-09-01T16:18:21.854Z,5,-16.623631,-71.573545,238.2,0.2,Pit-A,cycle-beta-north-truck-011-00002,loading,221.4,240.0,23579.01,78.2,True,True,11160.44,72082.59,False,False,False,93.2,25.1,[],1.0
9896a678-6e91-4c1f-bae4-f9e0cd4a47de,1.0,beta-minerals,north-site,fleet_telemetry,BETA-NORTH-TRUCK-012,haul_truck,2026-09-01T16:18:21.854Z,5,-16.588657,-71.525844,262.6,1.1,Pit-A,cycle-beta-north-truck-012-00002,loading,218.4,240.0,349921.26,59.6,True,True,17351.7,376359.88,False,False,False,92.2,23.9,[],1.0
14b123db-2c61-4db4-8bc7-f66f6dab2dc3,1.0,beta-minerals,north-site,fleet_telemetry,BETA-NORTH-TRUCK-013,haul_truck,2026-09-01T16:18:21.854Z,5,-16.555339,-71.530077,237.7,0.9,Pit-A,cycle-beta-north-truck-013-00002,loading,220.0,240.0,371949.11,27.9,True,True,18253.6,251122.99,False,False,False,91.4,24.4,[],1.0
fa257a7a-5656-4c3f-aaea-bfc66d32e506,1.0,beta-minerals,north-site,fleet_telemetry,BETA-NORTH-TRUCK-014,haul_truck,2026-09-01T16:18:21.854Z,5,-16.665232,-71.575458,275.1,1.3,Pit-A,cycle-beta-north-truck-014-00002,loading,225.3,240.0,118914.22,86.2,True,True,16402.97,431813.28,False,False,False,87.0,24.2,[],1.0
41ca844d-f6bf-420e-8cf0-194cbe4cae2b,1.0,beta-minerals,north-site,fleet_telemetry,BETA-NORTH-TRUCK-015,haul_truck,2026-09-01T16:18:21.854Z,5,-16.540712,-71.523455,225.1,0.2,Pit-A,cycle-beta-north-truck-015-00002,loading,225.5,240.0,351278.23,41.6,True,True,10108.29,646193.45,False,False,False,92.8,24.0,[],1.0
d5ff93a5-c6fe-44aa-a024-3eabcd73ab85,1.0,beta-minerals,north-site,fleet_telemetry,BETA-NORTH-TRUCK-016,haul_truck,2026-09-01T16:18:21.854Z,5,-16.660907,-71.561382,103.2,0.5,Pit-A,cycle-beta-north-truck-016-00002,loading,224.0,240.0,100912.95,39.5,True,True,4318.82,107718.12,False,False,False,107.4,24.0,"[""ENG_OVERHEAT""]",0.72
140eca1d-2c96-46aa-a90c-caaf7d378e74,1.0,beta-minerals,north-site,fleet_telemetry,BETA-NORTH-TRUCK-017,haul_truck,2026-09-01T16:18:21.854Z,5,-16.518015,-71.535209,348.3,1.3,Pit-A,cycle-beta-north-truck-017-00002,loading,224.4,240.0,138759.57,65.1,True,True,4369.61,636770.2,False,False,False,89.7,24.8,[],1.0
150b83a9-e050-442c-a2b3-fa4579d47738,1.0,beta-minerals,north-site,fleet_telemetry,BETA-NORTH-TRUCK-018,haul_truck,2026-09-01T16:18:21.854Z,5,-16.626038,-71.512535,289.8,1.3,Pit-A,cycle-beta-north-truck-018-00002,loading,224.9,240.0,191102.64,29.1,True,True,3674.49,492559.39,False,False,False,92.6,24.1,[],1.0
598b5929-0501-42ed-883e-accea729b4b4,1.0,beta-minerals,north-site,fleet_telemetry,BETA-NORTH-TRUCK-019,haul_truck,2026-09-01T16:18:21.854Z,5,-16.562186,-71.539197,178.7,1.0,Pit-A,cycle-beta-north-truck-019-00002,loading,217.5,240.0,374532.3,78.3,True,True,6093.16,468178.89,False,False,False,92.9,23.8,[],1.0
728a8263-4aa1-407d-aba7-54df42dac4de,1.0,beta-minerals,north-site,fleet_telemetry,BETA-NORTH-TRUCK-020,haul_truck,2026-09-01T16:18:21.854Z,5,-16.547395,-71.553044,152.5,0.1,Pit-A,cycle-beta-north-truck-020-00002,loading,217.4,240.0,43227.46,80.6,True,True,14109.64,256358.66,False,False,False,88.8,24.3,[],1.0
daa0c864-8122-4bbb-baca-d9dc0424724d,1.0,beta-minerals,north-site,fleet_telemetry,BETA-NORTH-TRUCK-021,haul_truck,2026-09-01T16:18:21.854Z,5,-16.534817,-71.602607,76.3,0.5,Pit-A,cycle-beta-north-truck-021-00002,loading,219.7,240.0,266060.74,85.8,True,True,10439.55,327468.12,False,False,False,95.2,23.8,[],1.0
c5b18604-5e8d-43ec-8af4-2ff4d0079247,1.0,beta-minerals,north-site,fleet_telemetry,BETA-NORTH-TRUCK-022,haul_truck,2026-09-01T16:18:21.854Z,5,-16.538439,-71.538358,356.3,1.4,Pit-A,cycle-beta-north-truck-022-00002,loading,225.3,240.0,184995.28,92.7,True,True,18822.26,521277.2,False,False,False,86.3,25.1,[],1.0
6a429221-04cf-4c73-8234-3ef07cc8a2c0,1.0,beta-minerals,north-site,fleet_telemetry,BETA-NORTH-TRUCK-023,haul_truck,2026-09-01T16:18:21.854Z,5,-16.615437,-71.508271,178.1,0.6,Pit-A,cycle-beta-north-truck-023-00002,loading,217.9,240.0,259102.83,58.9,True,True,7960.42,384098.28,False,False,False,88.3,23.9,[],1.0
57e868bf-536f-4a1e-862f-2850811abe06,1.0,beta-minerals,north-site,fleet_telemetry,BETA-NORTH-TRUCK-024,haul_truck,2026-09-01T16:18:21.854Z,5,-16.645118,-71.544437,155.2,0.9,Pit-A,cycle-beta-north-truck-024-00002,loading,224.6,240.0,17164.1,90.0,True,True,14075.01,547122.47,False,False,False,95.6,25.0,[],1.0
e85bbe35-7766-4f9e-9686-c0b5b1bbc5fd,1.0,beta-minerals,north-site,fleet_telemetry,BETA-NORTH-TRUCK-025,haul_truck,2026-09-01T16:18:21.854Z,5,-16.644968,-71.468269,234.0,0.0,Pit-A,cycle-beta-north-truck-025-00002,loading,217.5,240.0,68042.06,70.5,True,True,5089.15,453812.98,False,False,False,88.8,25.1,[],1.0
ae97ef5a-96f1-43e5-b39b-a544fb5c14ae,1.0,beta-minerals,north-site,fleet_telemetry,BETA-NORTH-TRUCK-026,haul_truck,2026-09-01T16:18:21.854Z,5,-16.60698,-71.568633,246.3,0.5,Pit-A,cycle-beta-north-truck-026-00002,loading,226.4,240.0,407672.42,36.6,True,True,6108.26,254261.67,False,False,False,94.3,24.7,[],1.0
587fd86d-f7cf-43e2-abd8-55395c1128af,1.0,beta-minerals,north-site,fleet_telemetry,BETA-NORTH-TRUCK-027,haul_truck,2026-09-01T16:18:21.854Z,5,-16.657921,-71.522525,44.9,0.3,Pit-A,cycle-beta-north-truck-027-00002,loading,219.4,240.0,51881.12,39.9,True,True,9899.7,77455.6,False,False,False,88.5,24.7,[],1.0
5d719830-f6d4-4ea0-9eb1-93b334651fb3,1.0,beta-minerals,north-site,fleet_telemetry,BETA-NORTH-TRUCK-028,haul_truck,2026-09-01T16:18:21.854Z,5,-16.602814,-71.596345,230.3,1.4,Pit-A,cycle-beta-north-truck-028-00002,loading,222.0,240.0,369528.27,94.1,True,True,996.89,458226.27,False,False,False,95.1,24.3,[],1.0
6c0ff808-4b13-48d3-b599-e075ef4d25f9,1.0,beta-minerals,north-site,fleet_telemetry,BETA-NORTH-TRUCK-029,haul_truck,2026-09-01T16:18:21.854Z,5,-16.622519,-71.556264,243.7,1.3,Pit-A,cycle-beta-north-truck-029-00002,loading,216.8,240.0,55408.98,50.7,True,True,2693.83,527752.91,False,False,False,90.4,25.2,[],1.0
424d3ca9-1132-4bf9-992b-80316457f01a,1.0,beta-minerals,north-site,fleet_telemetry,BETA-NORTH-TRUCK-030,haul_truck,2026-09-01T16:18:21.854Z,5,-16.572725,-71.59123,172.6,0.6,Pit-A,cycle-beta-north-truck-030-00002,loading,218.1,240.0,40101.41,64.4,True,True,14401.42,446596.44,False,False,False,88.5,23.9,[],1.0
0f77b982-1ed1-43d7-ac0d-1015a98ddc95,1.0,beta-minerals,north-site,fleet_telemetry,BETA-NORTH-TRUCK-031,haul_truck,2026-09-01T16:18:21.854Z,5,-16.532797,-71.603619,199.7,1.3,Pit-A,cycle-beta-north-truck-031-00002,loading,221.2,240.0,191152.66,73.0,True,True,14115.3,115365.79,False,False,False,87.1,24.9,[],1.0
54b18320-c0ff-4794-b375-6a310ac44b51,1.0,beta-minerals,north-site,fleet_telemetry,BETA-NORTH-TRUCK-032,haul_truck,2026-09-01T16:18:21.854Z,5,-16.648032,-71.573196,328.0,1.2,Pit-A,cycle-beta-north-truck-032-00002,loading,216.5,240.0,433829.74,47.0,True,True,13298.97,261940.2,False,False,False,86.3,24.9,[],1.0
b8df50fa-5e71-41e5-9c9d-4575cf43a6d9,1.0,beta-minerals,north-site,fleet_telemetry,BETA-NORTH-TRUCK-033,haul_truck,2026-09-01T16:18:21.854Z,5,-16.666085,-71.481968,32.4,0.8,Pit-A,cycle-beta-north-truck-033-00002,loading,220.8,240.0,135365.46,90.9,True,True,13541.19,474343.27,False,False,False,93.6,24.0,[],1.0
cb7df9c5-c56d-49a7-8e51-5cce2a738830,1.0,beta-minerals,north-site,fleet_telemetry,BETA-NORTH-TRUCK-034,haul_truck,2026-09-01T16:18:21.854Z,5,-16.661663,-71.473848,241.2,0.8,Pit-A,cycle-beta-north-truck-034-00002,loading,222.2,240.0,339051.5,45.7,True,True,11776.29,340999.32,False,False,False,94.1,24.4,[],1.0
506baa38-ba33-4ed9-ad74-21ad1eb061ea,1.0,beta-minerals,north-site,fleet_telemetry,BETA-NORTH-TRUCK-035,haul_truck,2026-09-01T16:18:21.854Z,5,-16.528197,-71.615578,166.8,0.2,Pit-A,cycle-beta-north-truck-035-00002,loading,224.6,240.0,290756.53,29.9,True,True,8980.78,171881.59,False,False,False,112.3,24.1,"[""ENG_OVERHEAT""]",0.72
8e028dc3-565d-468c-ba41-5099038c8034,1.0,beta-minerals,north-site,fleet_telemetry,BETA-NORTH-TRUCK-036,haul_truck,2026-09-01T16:18:21.854Z,5,-16.561157,-71.495468,82.5,0.1,Pit-A,cycle-beta-north-truck-036-00002,loading,219.0,240.0,260087.67,50.6,True,True,3598.04,562312.91,False,False,False,90.6,23.9,[],1.0
f8de304c-bc79-4d93-8999-8230a41f8d79,1.0,beta-minerals,north-site,fleet_telemetry,BETA-NORTH-TRUCK-037,haul_truck,2026-09-01T16:18:21.854Z,5,-16.660721,-71.491236,99.2,0.1,Pit-A,cycle-beta-north-truck-037-00002,loading,220.3,240.0,125361.82,27.8,True,True,1153.82,62545.6,False,False,False,91.3,24.2,[],1.0
c29aa1ad-36fe-4df2-8431-286372b98323,1.0,beta-minerals,north-site,fleet_telemetry,BETA-NORTH-TRUCK-038,haul_truck,2026-09-01T16:18:21.854Z,5,-16.5844,-71.593083,203.4,1.2,Pit-A,cycle-beta-north-truck-038-00002,loading,224.4,240.0,187002.36,69.8,True,True,17062.74,286852.5,False,False,False,86.2,24.1,[],1.0
a45de26e-a2ea-4d2a-8036-eadd8981c69c,1.0,beta-minerals,north-site,fleet_telemetry,BETA-NORTH-TRUCK-039,haul_truck,2026-09-01T16:18:21.854Z,5,-16.607886,-71.516005,154.6,0.8,Pit-A,cycle-beta-north-truck-039-00002,loading,220.3,240.0,365546.74,62.5,True,True,11639.67,148014.51,False,False,False,90.3,24.2,[],1.0
05b3cf37-e651-492a-8272-943862f829a4,1.0,beta-minerals,north-site,fleet_telemetry,BETA-NORTH-TRUCK-040,haul_truck,2026-09-01T16:18:21.854Z,5,-16.631289,-71.469541,241.5,0.0,Pit-A,cycle-beta-north-truck-040-00002,loading,216.1,240.0,429508.61,41.7,True,True,7375.6,295616.3,False,False,False,88.0,25.0,[],1.0
247a2ac4-2075-483c-a5e5-c5cb78d526ee,1.0,beta-minerals,north-site,fleet_telemetry,BETA-NORTH-TRUCK-041,haul_truck,2026-09-01T16:18:21.854Z,5,-16.557121,-71.505244,158.2,0.3,Pit-A,cycle-beta-north-truck-041-00002,loading,225.9,240.0,335889.9,33.3,True,True,7356.96,487266.98,False,False,False,95.2,24.2,[],1.0
987f89dc-0d00-46c2-9c61-7c999f49d495,1.0,beta-minerals,north-site,fleet_telemetry,BETA-NORTH-TRUCK-042,haul_truck,2026-09-01T16:18:21.854Z,5,-16.6501,-71.492531,210.6,0.7,Pit-A,cycle-beta-north-truck-042-00002,loading,225.9,240.0,327137.13,36.7,True,True,11887.72,513281.97,False,False,False,86.8,24.5,[],1.0
13cf178c-e71c-4b0f-9b83-fc9eeaebff8d,1.0,beta-minerals,north-site,fleet_telemetry,BETA-NORTH-TRUCK-043,haul_truck,2026-09-01T16:18:21.854Z,5,-16.660162,-71.503518,352.6,1.2,Pit-A,cycle-beta-north-truck-043-00002,loading,221.7,240.0,365127.76,44.0,True,True,17154.33,38494.53,False,False,False,86.3,24.4,[],1.0
674ecc31-9161-4622-95d6-5f048030deb7,1.0,beta-minerals,north-site,fleet_telemetry,BETA-NORTH-TRUCK-044,haul_truck,2026-09-01T16:18:21.854Z,5,-16.643682,-71.592326,271.8,0.6,Pit-A,cycle-beta-north-truck-044-00002,loading,220.0,240.0,34393.51,85.1,True,True,11318.34,341792.67,False,False,False,91.9,24.9,[],1.0
475b0963-fd96-41a9-9c33-328075329bae,1.0,beta-minerals,north-site,fleet_telemetry,BETA-NORTH-TRUCK-045,haul_truck,2026-09-01T16:18:21.854Z,5,-16.533005,-71.615555,90.8,0.1,Pit-A,cycle-beta-north-truck-045-00002,loading,224.0,240.0,335943.49,25.2,True,True,15091.36,92660.3,False,False,False,87.2,23.8,[],1.0
11c805b7-eb45-469e-bc8f-b1162d9cfb03,1.0,beta-minerals,north-site,fleet_telemetry,BETA-NORTH-TRUCK-046,haul_truck,2026-09-01T16:18:21.854Z,5,-16.581968,-71.471288,24.5,1.0,Pit-A,cycle-beta-north-truck-046-00002,loading,222.5,240.0,419710.74,85.0,True,True,8919.17,114553.43,False,False,False,95.4,24.8,[],1.0
eb300df7-9da7-4f48-b204-349049a64b11,1.0,beta-minerals,north-site,fleet_telemetry,BETA-NORTH-TRUCK-047,haul_truck,2026-09-01T16:18:21.854Z,5,-16.538245,-71.526067,1.1,1.1,Pit-A,cycle-beta-north-truck-047-00002,loading,223.6,240.0,412976.4,47.4,True,True,5559.73,176405.9,False,False,False,88.7,24.1,[],1.0
986bf63f-c3f2-45d4-87ce-42c956fdd163,1.0,beta-minerals,north-site,fleet_telemetry,BETA-NORTH-TRUCK-048,haul_truck,2026-09-01T16:18:21.854Z,5,-16.65937,-71.543088,219.7,1.5,Pit-A,cycle-beta-north-truck-048-00002,loading,225.4,240.0,441822.4,91.8,True,True,4602.11,526733.05,False,False,False,86.4,24.5,[],1.0
d67adfd1-fc73-428f-a98f-915f8c43893b,1.0,beta-minerals,north-site,fleet_telemetry,BETA-NORTH-TRUCK-049,haul_truck,2026-09-01T16:18:21.854Z,5,-16.580206,-71.56887,334.4,1.2,Pit-A,cycle-beta-north-truck-049-00002,loading,226.0,240.0,13506.74,39.0,True,True,7738.79,368447.67,False,False,False,94.2,24.4,[],1.0
b066687e-ddfe-4dc9-9f2d-adada45166a7,1.0,beta-minerals,north-site,fleet_telemetry,BETA-NORTH-TRUCK-050,haul_truck,2026-09-01T16:18:21.854Z,5,-16.553218,-71.530056,71.5,0.9,Pit-A,cycle-beta-north-truck-050-00002,loading,223.7,240.0,449026.63,79.3,True,True,8607.41,632270.47,False,False,False,92.5,24.6,[],1.0
bb9adea1-12a2-4d3b-8737-fcf259979288,1.0,beta-minerals,north-site,fleet_telemetry,BETA-NORTH-TRUCK-051,haul_truck,2026-09-01T16:18:21.854Z,5,-16.536081,-71.477122,105.3,1.0,Pit-A,cycle-beta-north-truck-051-00002,loading,220.6,240.0,112519.31,49.2,True,True,935.22,278322.85,False,False,False,91.6,24.4,[],1.0
b722d48f-dd8b-4b5e-9506-a25b86d71552,1.0,beta-minerals,north-site,fleet_telemetry,BETA-NORTH-TRUCK-052,haul_truck,2026-09-01T16:18:21.854Z,5,-16.637586,-71.460194,17.7,0.6,Pit-A,cycle-beta-north-truck-052-00002,loading,218.6,240.0,334756.67,46.5,True,True,16889.3,257053.22,False,False,False,88.9,24.5,[],1.0
2ce119a2-8f45-4bf2-89a2-e7055127084c,1.0,beta-minerals,north-site,fleet_telemetry,BETA-NORTH-TRUCK-053,haul_truck,2026-09-01T16:18:21.854Z,5,-16.633382,-71.482201,65.9,0.4,Pit-A,cycle-beta-north-truck-053-00002,loading,218.1,240.0,133123.42,28.0,True,True,21418.26,109695.37,False,False,False,89.2,24.8,[],1.0
fda01093-f590-4351-adc4-c0993f9ad6ca,1.0,beta-minerals,north-site,fleet_telemetry,BETA-NORTH-TRUCK-054,haul_truck,2026-09-01T16:18:21.854Z,5,-16.568421,-71.554423,328.2,1.5,Pit-A,cycle-beta-north-truck-054-00002,loading,223.1,240.0,265539.38,60.4,True,True,10519.32,491176.71,False,False,False,91.8,25.2,[],1.0
24f46dfe-a55b-44e4-bc7f-68a4a1ace23b,1.0,beta-minerals,north-site,fleet_telemetry,BETA-NORTH-TRUCK-055,haul_truck,2026-09-01T16:18:21.854Z,5,-16.620023,-71.489372,155.0,0.7,Pit-A,cycle-beta-north-truck-055-00002,loading,224.5,240.0,114179.87,43.2,True,True,10021.64,627457.61,False,False,False,107.5,25.2,"[""ENG_OVERHEAT""]",0.72
e72c0f16-bfb5-42c8-a4e9-af63f4f06280,1.0,beta-minerals,north-site,fleet_telemetry,BETA-NORTH-TRUCK-056,haul_truck,2026-09-01T16:18:21.854Z,5,-16.545591,-71.523914,194.5,1.0,Pit-A,cycle-beta-north-truck-056-00002,loading,221.6,240.0,42862.77,39.2,True,True,7542.83,191332.29,False,False,False,113.4,24.0,"[""ENG_OVERHEAT""]",0.72
e0c7c678-c30b-48db-bb6d-a1ccffb5d26d,1.0,beta-minerals,north-site,fleet_telemetry,BETA-NORTH-TRUCK-057,haul_truck,2026-09-01T16:18:21.854Z,5,-16.547164,-71.545195,9.9,0.1,Pit-A,cycle-beta-north-truck-057-00002,loading,217.9,240.0,63124.47,50.1,True,True,10330.82,217841.06,False,False,False,92.7,24.9,[],1.0
78fc883e-0f88-4e98-aeea-55a7de2d35e1,1.0,beta-minerals,north-site,fleet_telemetry,BETA-NORTH-TRUCK-058,haul_truck,2026-09-01T16:18:21.854Z,5,-16.573881,-71.583101,339.6,0.9,Pit-A,cycle-beta-north-truck-058-00002,loading,227.2,240.0,143854.9,74.3,True,True,2716.93,528786.14,False,False,False,95.4,24.9,[],1.0
ea4a3f4c-5eb9-4dcf-a754-b58763513e4a,1.0,beta-minerals,north-site,fleet_telemetry,BETA-NORTH-TRUCK-059,haul_truck,2026-09-01T16:18:21.854Z,5,-16.562071,-71.575875,214.3,0.4,Pit-A,cycle-beta-north-truck-059-00002,loading,225.0,240.0,166527.12,60.9,True,True,2733.72,176377.91,False,False,False,91.7,25.0,[],1.0
6df2cbaa-e57e-4176-ab07-ae7ab1070cc6,1.0,beta-minerals,north-site,fleet_telemetry,BETA-NORTH-TRUCK-060,haul_truck,2026-09-01T16:18:21.854Z,5,-16.655215,-71.60121,351.3,1.2,Pit-A,cycle-beta-north-truck-060-00002,loading,217.8,240.0,254619.96,63.5,True,True,20984.46,558398.92,False,False,False,87.1,25.1,[],1.0
c08dc924-6f85-4da4-b90c-b8bccc509b0f,1.0,beta-minerals,north-site,fleet_telemetry,BETA-NORTH-TRUCK-061,haul_truck,2026-09-01T16:18:21.854Z,5,-16.538624,-71.557919,333.9,1.1,Pit-A,cycle-beta-north-truck-061-00002,loading,223.5,240.0,442329.89,34.1,True,True,1053.49,543134.67,False,False,False,95.6,24.5,[],1.0
111e4740-8e18-4600-bacc-ae75706ef4b2,1.0,beta-minerals,north-site,fleet_telemetry,BETA-NORTH-TRUCK-062,haul_truck,2026-09-01T16:18:21.854Z,5,-16.660101,-71.473072,321.8,1.2,Pit-A,cycle-beta-north-truck-062-00002,loading,227.6,240.0,367609.02,26.5,True,True,13145.27,183057.12,False,False,False,95.3,24.2,[],1.0
95495b1d-37d7-4b53-91e9-400e91f25af6,1.0,beta-minerals,north-site,fleet_telemetry,BETA-NORTH-TRUCK-063,haul_truck,2026-09-01T16:18:21.854Z,5,-16.519668,-71.609371,128.1,0.2,Pit-A,cycle-beta-north-truck-063-00002,loading,221.4,240.0,365910.67,33.6,True,True,2749.95,553783.63,False,False,False,94.8,24.5,[],1.0
72bd4a07-20bf-4124-b4c4-8fc1810b4bc0,1.0,beta-minerals,north-site,fleet_telemetry,BETA-NORTH-TRUCK-064,haul_truck,2026-09-01T16:18:21.854Z,5,-16.642773,-71.583162,157.5,1.4,Pit-A,cycle-beta-north-truck-064-00002,loading,221.3,240.0,22972.51,72.8,True,True,18219.74,268849.27,False,False,False,91.1,23.8,[],1.0
898dba7b-4c17-496b-ab9a-c27016a461f9,1.0,beta-minerals,north-site,fleet_telemetry,BETA-NORTH-TRUCK-065,haul_truck,2026-09-01T16:18:21.854Z,5,-16.566829,-71.537643,170.7,0.3,Pit-A,cycle-beta-north-truck-065-00002,loading,219.1,240.0,280207.2,68.2,True,True,10255.45,113637.86,False,False,False,86.5,24.5,[],1.0
86d1e6ac-1d35-4df8-a587-322ec5cbb408,1.0,beta-minerals,north-site,fleet_telemetry,BETA-NORTH-TRUCK-066,haul_truck,2026-09-01T16:18:21.854Z,5,-16.528857,-71.533352,30.6,0.1,Pit-A,cycle-beta-north-truck-066-00002,loading,226.1,240.0,70384.15,38.9,True,True,2092.76,196258.97,False,False,False,89.8,24.6,[],1.0
c351a8ca-7497-46f2-a1d6-9a13bc52d1b8,1.0,beta-minerals,north-site,fleet_telemetry,BETA-NORTH-TRUCK-067,haul_truck,2026-09-01T16:18:21.854Z,5,-16.583307,-71.539977,320.7,0.1,Pit-A,cycle-beta-north-truck-067-00002,loading,217.0,240.0,354043.24,50.1,True,True,17650.75,643324.37,False,False,False,87.6,24.7,[],1.0
e9d610ca-aeeb-4640-b351-68d399b119c7,1.0,beta-minerals,north-site,fleet_telemetry,BETA-NORTH-TRUCK-068,haul_truck,2026-09-01T16:18:21.854Z,5,-16.665717,-71.487814,325.3,0.9,Pit-A,cycle-beta-north-truck-068-00002,loading,223.2,240.0,21468.01,66.8,True,True,7618.02,190374.57,False,False,False,90.2,24.0,[],1.0
810fda1e-7ea6-4b39-b239-fa13c658d2ee,1.0,beta-minerals,north-site,fleet_telemetry,BETA-NORTH-TRUCK-069,haul_truck,2026-09-01T16:18:21.854Z,5,-16.654413,-71.512431,305.2,1.1,Pit-A,cycle-beta-north-truck-069-00002,loading,227.3,240.0,449826.83,93.2,True,True,12023.97,503110.64,False,False,False,92.7,24.7,[],1.0
d4d2cc0b-f2b9-45ab-bc25-5019d6247b51,1.0,beta-minerals,north-site,fleet_telemetry,BETA-NORTH-TRUCK-070,haul_truck,2026-09-01T16:18:21.854Z,5,-16.608256,-71.467868,284.5,0.1,Pit-A,cycle-beta-north-truck-070-00002,loading,220.3,240.0,263304.83,93.8,True,True,16997.86,617115.65,False,False,False,108.3,24.9,"[""ENG_OVERHEAT""]",0.72
148a1aab-c582-4cda-a4e4-1720354fcf23,1.0,beta-minerals,north-site,fleet_telemetry,BETA-NORTH-TRUCK-071,haul_truck,2026-09-01T16:18:21.854Z,5,-16.524167,-71.613022,231.2,0.6,Pit-A,cycle-beta-north-truck-071-00002,loading,216.5,240.0,364732.8,73.8,True,True,4533.33,393287.37,False,False,False,95.0,24.0,[],1.0
0f49391f-a0a7-4d15-98f1-bd95f4107340,1.0,beta-minerals,north-site,fleet_telemetry,BETA-NORTH-TRUCK-072,haul_truck,2026-09-01T16:18:21.854Z,5,-16.529344,-71.538729,120.0,0.4,Pit-A,cycle-beta-north-truck-072-00002,loading,224.3,240.0,92823.12,94.1,True,True,12748.46,374758.69,False,False,False,91.6,24.3,[],1.0
7e7446eb-1075-47c2-be7c-2d2a75d12e4b,1.0,beta-minerals,north-site,fleet_telemetry,BETA-NORTH-TRUCK-073,haul_truck,2026-09-01T16:18:21.854Z,5,-16.593929,-71.564399,237.0,0.2,Pit-A,cycle-beta-north-truck-073-00002,loading,223.0,240.0,274731.93,26.4,True,True,1604.84,55385.92,False,False,False,94.6,24.7,[],1.0
a8d571f8-a1a7-45f4-a5ed-cde46e20029a,1.0,beta-minerals,north-site,fleet_telemetry,BETA-NORTH-TRUCK-074,haul_truck,2026-09-01T16:18:21.854Z,5,-16.660887,-71.593836,252.7,0.3,Pit-A,cycle-beta-north-truck-074-00002,loading,226.6,240.0,363067.06,85.7,True,True,8024.1,131799.8,False,False,False,95.3,24.2,[],1.0
c017754b-8474-4a9b-b5ff-71d303cd9aa8,1.0,beta-minerals,north-site,fleet_telemetry,BETA-NORTH-TRUCK-075,haul_truck,2026-09-01T16:18:21.854Z,5,-16.610625,-71.46681,220.2,0.9,Pit-A,cycle-beta-north-truck-075-00002,loading,219.0,240.0,388694.87,92.2,True,True,17216.58,553283.06,False,False,False,88.6,23.8,[],1.0
6f8ba461-aef8-45ab-a4ab-7afe42a0eca7,1.0,beta-minerals,north-site,fleet_telemetry,BETA-NORTH-TRUCK-076,haul_truck,2026-09-01T16:18:21.854Z,5,-16.600483,-71.515238,201.8,0.7,Pit-A,cycle-beta-north-truck-076-00002,loading,216.8,240.0,439379.0,76.2,True,True,7935.1,223240.11,False,False,False,86.1,23.9,[],1.0
16e5f1bb-77b5-4a8b-824f-520d4700d2ab,1.0,beta-minerals,north-site,fleet_telemetry,BETA-NORTH-TRUCK-077,haul_truck,2026-09-01T16:18:21.854Z,5,-16.544508,-71.581821,297.1,0.2,Pit-A,cycle-beta-north-truck-077-00002,loading,220.3,240.0,315166.88,90.0,True,True,4493.1,630308.13,False,False,False,93.6,24.4,[],1.0
e718fda3-9d48-43de-aac6-512231c0930a,1.0,beta-minerals,north-site,fleet_telemetry,BETA-NORTH-TRUCK-078,haul_truck,2026-09-01T16:18:21.854Z,5,-16.670086,-71.505181,284.1,0.8,Pit-A,cycle-beta-north-truck-078-00002,loading,222.0,240.0,139587.9,37.4,True,True,8821.75,482416.92,False,False,False,91.7,24.1,[],1.0
a19efd1c-51a5-4bdc-99db-15c8843aaf0f,1.0,beta-minerals,north-site,fleet_telemetry,BETA-NORTH-TRUCK-079,haul_truck,2026-09-01T16:18:21.854Z,5,-16.635078,-71.527034,316.8,0.8,Pit-A,cycle-beta-north-truck-079-00002,loading,222.0,240.0,415257.12,92.7,True,True,1486.52,399504.96,False,False,False,92.1,24.0,[],1.0
4cc2d120-37bc-4f1e-bf4a-e9776cca9364,1.0,beta-minerals,north-site,fleet_telemetry,BETA-NORTH-TRUCK-080,haul_truck,2026-09-01T16:18:21.854Z,5,-16.568604,-71.463401,160.2,0.4,Pit-A,cycle-beta-north-truck-080-00002,loading,227.9,240.0,162596.76,47.3,True,True,7820.78,69018.28,False,False,False,93.5,24.6,[],1.0
82ce2e82-5aa2-4c39-9b52-048b3ae22cf4,1.0,acme-mining,site-01,fleet_telemetry,ACME-S01-TRUCK-001,haul_truck,2026-09-01T16:18:26.854Z,6,-16.552555,-71.509215,281.8,28.4,Pit-A,cycle-acme-s01-truck-001-00002,hauling,225.4,240.0,131013.33,40.6,True,False,14355.86,35756.89,False,False,False,88.8,24.9,[],1.0
3f108ddc-22d7-4c13-a53d-628029356de4,1.0,acme-mining,site-01,fleet_telemetry,ACME-S01-TRUCK-002,haul_truck,2026-09-01T16:18:26.854Z,6,-16.574101,-71.527667,243.4,33.9,Pit-A,cycle-acme-s01-truck-002-00002,hauling,227.8,240.0,51226.33,41.3,True,False,13318.45,40023.23,False,False,False,89.2,23.9,[],1.0
332500da-16de-4f23-8d2a-e09b54bf99d6,1.0,acme-mining,site-01,fleet_telemetry,ACME-S01-TRUCK-003,haul_truck,2026-09-01T16:18:26.854Z,6,-16.54899,-71.591951,1.3,24.1,Pit-A,cycle-acme-s01-truck-003-00002,hauling,225.0,240.0,132404.34,85.8,True,False,9693.83,303001.86,False,False,False,95.2,24.9,[],1.0
696ac7d1-934e-4b15-af92-5815ca2ebf56,1.0,acme-mining,site-01,fleet_telemetry,ACME-S01-TRUCK-004,haul_truck,2026-09-01T16:18:26.854Z,6,-16.6549,-71.481937,325.0,29.0,Pit-A,cycle-acme-s01-truck-004-00002,hauling,226.0,240.0,158102.02,31.5,True,False,4096.17,623044.37,False,False,False,89.3,23.9,[],1.0
f9597c7a-a7dd-493d-8025-002b21a5e119,1.0,acme-mining,site-01,fleet_telemetry,ACME-S01-TRUCK-005,haul_truck,2026-09-01T16:18:26.854Z,6,-16.582073,-71.484816,141.4,31.8,Pit-A,cycle-acme-s01-truck-005-00002,hauling,216.9,240.0,438171.36,51.5,True,False,16270.32,357823.84,False,False,False,95.0,24.3,[],1.0
7d297a63-8808-496a-b87a-771073f88844,1.0,acme-mining,site-01,fleet_telemetry,ACME-S01-TRUCK-006,haul_truck,2026-09-01T16:18:26.854Z,6,-16.624068,-71.604687,0.6,39.6,Pit-A,cycle-acme-s01-truck-006-00002,hauling,227.3,240.0,30163.15,40.9,True,False,13039.87,463880.4,False,False,False,95.9,24.4,[],1.0
90de95d3-3078-497a-8316-ec243f0bc57c,1.0,acme-mining,site-01,fleet_telemetry,ACME-S01-TRUCK-007,haul_truck,2026-09-01T16:18:26.854Z,6,-16.613525,-71.510275,15.1,29.8,Pit-A,cycle-acme-s01-truck-007-00002,hauling,219.2,240.0,377009.01,36.4,True,False,8858.68,305648.62,False,False,False,92.2,24.7,[],1.0
51479f4e-9295-417e-ae90-757903dd94a8,1.0,acme-mining,site-01,fleet_telemetry,ACME-S01-TRUCK-008,haul_truck,2026-09-01T16:18:26.854Z,6,-16.60971,-71.459187,136.0,30.6,Pit-A,cycle-acme-s01-truck-008-00002,hauling,218.4,240.0,330816.22,36.4,True,False,13713.59,127817.49,False,False,False,91.5,24.8,[],1.0
2590c3e9-7949-44de-bbe4-9e90e03c3245,1.0,acme-mining,site-01,fleet_telemetry,ACME-S01-TRUCK-009,haul_truck,2026-09-01T16:18:26.854Z,6,-16.538924,-71.488689,156.0,34.2,Pit-A,cycle-acme-s01-truck-009-00002,hauling,216.2,240.0,348058.4,28.9,True,False,5455.85,224298.26,False,False,False,88.3,24.6,[],1.0
5b67df80-e5bb-4bd0-8c45-246b44a61d7b,1.0,acme-mining,site-01,fleet_telemetry,ACME-S01-TRUCK-010,haul_truck,2026-09-01T16:18:26.854Z,6,-16.565538,-71.554159,221.1,40.2,Pit-A,cycle-acme-s01-truck-010-00002,hauling,223.9,240.0,395602.18,47.0,True,False,5272.84,614033.27,False,False,False,90.9,24.3,[],1.0
b37fd8f1-83d4-41eb-b7bf-b8360cadb355,1.0,acme-mining,site-01,fleet_telemetry,ACME-S01-TRUCK-011,haul_truck,2026-09-01T16:18:26.854Z,6,-16.550889,-71.548959,135.7,30.7,Pit-A,cycle-acme-s01-truck-011-00002,hauling,216.9,240.0,337795.58,62.7,True,False,3828.89,107967.24,False,False,False,90.5,24.8,[],1.0
d602b80d-9c83-4f68-9459-88ad410320ca,1.0,acme-mining,site-01,fleet_telemetry,ACME-S01-TRUCK-012,haul_truck,2026-09-01T16:18:26.854Z,6,-16.662844,-71.599929,346.7,52.0,Pit-A,cycle-acme-s01-truck-012-00002,hauling,227.9,240.0,234191.99,31.3,True,False,5449.61,648448.86,False,False,True,90.5,24.5,[],1.0
9648a4f6-99e0-4791-9a96-39127d3871c8,1.0,acme-mining,site-01,fleet_telemetry,ACME-S01-TRUCK-013,haul_truck,2026-09-01T16:18:26.854Z,6,-16.630192,-71.528985,273.9,34.1,Pit-A,cycle-acme-s01-truck-013-00002,hauling,216.9,240.0,272191.33,57.7,True,False,13443.88,262403.54,False,False,False,94.5,25.2,[],1.0
73adae34-d76b-4cbb-b66d-cfef39df5258,1.0,acme-mining,site-01,fleet_telemetry,ACME-S01-TRUCK-014,haul_truck,2026-09-01T16:18:26.854Z,6,-16.652535,-71.547911,349.6,34.3,Pit-A,cycle-acme-s01-truck-014-00002,hauling,220.3,240.0,127403.51,69.8,True,False,15252.27,358291.47,False,False,False,91.1,24.0,[],1.0
b0b47c27-2117-47ad-b82e-7d117d369c02,1.0,acme-mining,site-01,fleet_telemetry,ACME-S01-TRUCK-015,haul_truck,2026-09-01T16:18:26.854Z,6,-16.57034,-71.482832,66.5,32.8,Pit-A,cycle-acme-s01-truck-015-00002,hauling,221.9,240.0,233380.36,32.4,True,False,21404.04,500036.33,False,False,False,89.9,23.9,[],1.0
9b40d745-7c5f-40fe-a5df-5d3a686884b6,1.0,acme-mining,site-01,fleet_telemetry,ACME-S01-TRUCK-016,haul_truck,2026-09-01T16:18:26.854Z,6,-16.585559,-71.617388,145.0,33.8,Pit-A,cycle-acme-s01-truck-016-00002,hauling,217.1,240.0,247327.2,79.5,True,False,4040.2,500381.95,False,False,False,93.1,24.0,[],1.0
bb5e6750-c11a-48d5-a30b-e38fcd80dd1c,1.0,acme-mining,site-01,fleet_telemetry,ACME-S01-TRUCK-017,haul_truck,2026-09-01T16:18:26.854Z,6,-16.632108,-71.578955,19.2,28.8,Pit-A,cycle-acme-s01-truck-017-00002,hauling,222.1,240.0,443541.83,81.4,True,False,3171.6,248678.02,False,False,False,86.7,24.8,[],1.0
b91eaf3e-8a36-4134-91b3-6902a065e288,1.0,acme-mining,site-01,fleet_telemetry,ACME-S01-TRUCK-018,haul_truck,2026-09-01T16:18:26.854Z,6,-16.54785,-71.596958,199.2,41.9,Pit-A,cycle-acme-s01-truck-018-00002,hauling,227.0,240.0,40453.93,78.2,True,False,2615.86,326174.13,False,False,False,87.1,24.8,[],1.0
fe224abf-98b7-4363-99f1-079c461fe5a4,1.0,acme-mining,site-01,fleet_telemetry,ACME-S01-TRUCK-019,haul_truck,2026-09-01T16:18:26.854Z,6,-16.52182,-71.496657,208.0,30.7,Pit-A,cycle-acme-s01-truck-019-00002,hauling,222.1,240.0,276901.75,92.5,True,False,4300.7,352434.61,False,False,False,86.0,24.0,[],1.0
2e24e868-c045-4fdc-97fb-cbee09730927,1.0,acme-mining,site-01,fleet_telemetry,ACME-S01-TRUCK-020,haul_truck,2026-09-01T16:18:26.854Z,6,-16.598182,-71.577831,227.5,39.7,Pit-A,cycle-acme-s01-truck-020-00002,hauling,227.3,240.0,174305.45,87.9,True,False,9258.65,443162.95,False,False,False,86.5,24.1,[],1.0
afe757ec-c4f2-4009-a9b5-ad7964ee32d0,1.0,acme-mining,site-01,fleet_telemetry,ACME-S01-TRUCK-021,haul_truck,2026-09-01T16:18:26.854Z,6,-16.569435,-71.580879,100.2,36.7,Pit-A,cycle-acme-s01-truck-021-00002,hauling,218.1,240.0,106896.07,29.9,True,False,13272.15,164972.42,False,False,False,94.3,25.0,[],1.0
e88f4152-2a55-4a57-b52f-1fb170c067d6,1.0,acme-mining,site-01,fleet_telemetry,ACME-S01-TRUCK-022,haul_truck,2026-09-01T16:18:26.854Z,6,-16.64919,-71.46782,100.8,41.9,Pit-A,cycle-acme-s01-truck-022-00002,hauling,226.6,240.0,304350.65,40.0,True,False,2302.18,169943.12,False,False,False,94.9,23.9,[],1.0
3fa042ea-94fe-4a87-bc20-a4f29fd24319,1.0,acme-mining,site-01,fleet_telemetry,ACME-S01-TRUCK-023,haul_truck,2026-09-01T16:18:26.854Z,6,-16.564956,-71.560816,162.9,32.7,Pit-A,cycle-acme-s01-truck-023-00002,hauling,217.9,240.0,189106.81,31.6,True,False,5951.55,317973.09,False,False,False,88.6,23.9,[],1.0
4588703c-9db4-4458-ab70-4e110a06f923,1.0,acme-mining,site-01,fleet_telemetry,ACME-S01-TRUCK-024,haul_truck,2026-09-01T16:18:26.854Z,6,-16.616107,-71.479629,2.2,41.9,Pit-A,cycle-acme-s01-truck-024-00002,hauling,227.2,240.0,53304.29,53.1,True,False,15075.34,640024.22,False,False,False,93.7,23.9,[],1.0
e2705e86-252f-478d-ae2d-95833f0ecbc5,1.0,acme-mining,site-01,fleet_telemetry,ACME-S01-TRUCK-025,haul_truck,2026-09-01T16:18:26.854Z,6,-16.53045,-71.605442,133.8,38.2,Pit-A,cycle-acme-s01-truck-025-00002,hauling,216.7,240.0,90735.16,57.3,True,False,12169.27,108315.0,False,False,False,87.2,23.8,[],1.0
07022f4f-09b2-4eb3-ac6d-192459757d6f,1.0,acme-mining,site-01,fleet_telemetry,ACME-S01-TRUCK-026,haul_truck,2026-09-01T16:18:26.854Z,6,-16.655489,-71.496903,153.8,27.2,Pit-A,cycle-acme-s01-truck-026-00002,hauling,223.9,240.0,247859.12,26.0,True,False,2875.67,430851.41,False,False,False,89.1,24.8,[],1.0
3559a9d0-b5de-4508-af06-10d3274199d2,1.0,acme-mining,site-01,fleet_telemetry,ACME-S01-TRUCK-027,haul_truck,2026-09-01T16:18:26.854Z,6,-16.609761,-71.459843,49.0,24.8,Pit-A,cycle-acme-s01-truck-027-00002,hauling,221.3,240.0,186458.15,29.1,True,False,11095.6,154660.94,False,False,False,94.2,23.9,[],1.0
749b73d5-21f8-4c6a-9bcd-417aaaa30d95,1.0,acme-mining,site-01,fleet_telemetry,ACME-S01-TRUCK-028,haul_truck,2026-09-01T16:18:26.854Z,6,-16.564521,-71.539641,326.1,32.3,Pit-A,cycle-acme-s01-truck-028-00002,hauling,216.1,240.0,331422.76,79.8,True,False,6847.29,458852.81,False,False,False,90.8,25.0,[],1.0
f8a4949f-9e55-46e7-8c8d-fc281bef88f6,1.0,acme-mining,site-01,fleet_telemetry,ACME-S01-TRUCK-029,haul_truck,2026-09-01T16:18:26.854Z,6,-16.661253,-71.52403,81.7,35.8,Pit-A,cycle-acme-s01-truck-029-00002,hauling,224.5,240.0,248566.31,77.3,True,False,21336.65,384883.74,False,False,False,93.0,24.7,[],1.0
6c8814cf-83cf-43d1-8702-a4284dc685f8,1.0,acme-mining,site-01,fleet_telemetry,ACME-S01-TRUCK-030,haul_truck,2026-09-01T16:18:26.854Z,6,-16.575175,-71.509462,124.0,38.4,Pit-A,cycle-acme-s01-truck-030-00002,hauling,218.6,240.0,45249.47,38.0,True,False,4137.58,625290.87,False,False,False,94.6,24.6,[],1.0
558d6232-dfc4-41eb-a63f-8cba7a32120e,1.0,acme-mining,site-01,fleet_telemetry,ACME-S01-TRUCK-031,haul_truck,2026-09-01T16:18:26.854Z,6,-16.657277,-71.512333,259.5,29.0,Pit-A,cycle-acme-s01-truck-031-00002,hauling,217.1,240.0,264724.81,27.7,True,False,20761.85,378895.66,False,False,False,92.2,25.1,[],1.0
b1acd8cb-9d4d-46c9-9f2f-cf8b8a63764b,1.0,acme-mining,site-01,fleet_telemetry,ACME-S01-TRUCK-032,haul_truck,2026-09-01T16:18:26.854Z,6,-16.607088,-71.510034,278.4,41.6,Pit-A,cycle-acme-s01-truck-032-00002,hauling,218.6,240.0,325124.82,41.7,True,False,20615.78,148683.45,False,False,False,93.7,23.8,[],1.0
4faed704-014a-407d-a1ba-fe58293aef32,1.0,acme-mining,site-01,fleet_telemetry,ACME-S01-TRUCK-033,haul_truck,2026-09-01T16:18:26.854Z,6,-16.580307,-71.601492,24.7,30.0,Pit-A,cycle-acme-s01-truck-033-00002,hauling,220.8,240.0,14099.23,68.4,True,False,20495.2,609512.78,False,False,False,92.8,25.0,[],1.0
153f2b75-9e9c-46af-af41-edd2f135f7b5,1.0,acme-mining,site-01,fleet_telemetry,ACME-S01-TRUCK-034,haul_truck,2026-09-01T16:18:26.854Z,6,-16.611295,-71.592245,296.5,27.8,Pit-A,cycle-acme-s01-truck-034-00002,hauling,219.1,240.0,397580.66,86.5,True,False,6422.26,607953.55,False,False,False,93.6,24.3,[],1.0
8f6bc582-7262-4c92-b51e-d7d53c5c6a05,1.0,acme-mining,site-01,fleet_telemetry,ACME-S01-TRUCK-035,haul_truck,2026-09-01T16:18:26.854Z,6,-16.539677,-71.569576,268.2,40.5,Pit-A,cycle-acme-s01-truck-035-00002,hauling,227.7,240.0,297750.0,25.5,True,False,13767.58,641956.98,False,False,False,90.4,24.4,[],1.0
c6d9b124-3d38-4ef1-9e95-60e177a2d88e,1.0,acme-mining,site-01,fleet_telemetry,ACME-S01-TRUCK-036,haul_truck,2026-09-01T16:18:26.854Z,6,-16.625284,-71.583821,70.3,34.6,Pit-A,cycle-acme-s01-truck-036-00002,hauling,219.6,240.0,336663.77,35.8,True,False,6406.69,580519.2,False,False,False,91.4,24.2,[],1.0
1675037d-e3d2-47ce-8e56-6881db0f9338,1.0,acme-mining,site-01,fleet_telemetry,ACME-S01-TRUCK-037,haul_truck,2026-09-01T16:18:26.854Z,6,-16.56895,-71.484759,107.2,27.2,Pit-A,cycle-acme-s01-truck-037-00002,hauling,226.9,240.0,409590.41,28.5,True,False,11514.68,178206.55,False,False,False,95.7,25.1,[],1.0
5f74c0ee-9cf8-4ceb-b675-e0685ff4b484,1.0,acme-mining,site-01,fleet_telemetry,ACME-S01-TRUCK-038,haul_truck,2026-09-01T16:18:26.854Z,6,-16.582167,-71.549043,141.6,33.7,Pit-A,cycle-acme-s01-truck-038-00002,hauling,227.1,240.0,125260.74,76.9,True,False,17147.74,421381.58,False,False,False,93.0,24.4,[],1.0
34a5b39b-6059-4bb3-a820-4e7ed5b39b99,1.0,acme-mining,site-01,fleet_telemetry,ACME-S01-TRUCK-039,haul_truck,2026-09-01T16:18:26.854Z,6,-16.611302,-71.529126,3.5,30.0,Pit-A,cycle-acme-s01-truck-039-00002,hauling,222.8,240.0,75584.31,27.5,True,False,20835.09,455342.5,False,False,False,93.3,23.8,[],1.0
7ded1ec0-9aab-48e9-80e0-b02edef53fae,1.0,acme-mining,site-01,fleet_telemetry,ACME-S01-TRUCK-040,haul_truck,2026-09-01T16:18:26.854Z,6,-16.526594,-71.583901,9.9,40.9,Pit-A,cycle-acme-s01-truck-040-00002,hauling,223.5,240.0,360294.24,85.2,True,False,7335.09,586358.5,False,False,False,89.1,25.2,[],1.0
56f040e7-ef2a-4d73-b67e-a237ae032cf2,1.0,acme-mining,site-01,fleet_telemetry,ACME-S01-TRUCK-041,haul_truck,2026-09-01T16:18:26.854Z,6,-16.550478,-71.469361,139.6,25.8,Pit-A,cycle-acme-s01-truck-041-00002,hauling,221.6,240.0,394874.02,93.1,True,False,8298.0,372726.75,False,False,False,91.1,24.6,[],1.0
7478d136-74eb-4106-a808-3cae54b28a5d,1.0,acme-mining,site-01,fleet_telemetry,ACME-S01-TRUCK-042,haul_truck,2026-09-01T16:18:26.854Z,6,-16.552516,-71.564345,247.2,36.4,Pit-A,cycle-acme-s01-truck-042-00002,hauling,221.3,240.0,397823.56,26.7,True,False,21495.58,530786.32,False,False,False,89.9,24.0,[],1.0
c8ec9ed7-cfc8-4456-ab85-556bfd5eccb7,1.0,acme-mining,site-01,fleet_telemetry,ACME-S01-TRUCK-043,haul_truck,2026-09-01T16:18:26.854Z,6,-16.533036,-71.581892,96.5,35.4,Pit-A,cycle-acme-s01-truck-043-00002,hauling,219.8,240.0,57562.5,86.0,True,False,6456.29,516046.09,False,False,False,95.2,25.1,[],1.0
4552f4cb-114c-40e1-8b00-d9e293117cbb,1.0,acme-mining,site-01,fleet_telemetry,ACME-S01-TRUCK-044,haul_truck,2026-09-01T16:18:26.854Z,6,-16.564792,-71.55376,282.5,36.3,Pit-A,cycle-acme-s01-truck-044-00002,hauling,218.2,240.0,393382.56,40.6,True,False,8212.77,536938.08,False,False,False,95.0,25.1,[],1.0
4929eeaa-0b35-4c13-9b1b-3c591b1227ca,1.0,acme-mining,site-01,fleet_telemetry,ACME-S01-TRUCK-045,haul_truck,2026-09-01T16:18:26.854Z,6,-16.513428,-71.531704,18.3,30.4,Pit-A,cycle-acme-s01-truck-045-00002,hauling,225.1,240.0,292252.39,52.9,True,False,21298.06,195848.9,False,False,False,93.0,24.2,[],1.0
77e8d1f2-f777-4ffb-86d5-c953d52db883,1.0,acme-mining,site-01,fleet_telemetry,ACME-S01-TRUCK-046,haul_truck,2026-09-01T16:18:26.854Z,6,-16.664249,-71.522025,247.0,30.1,Pit-A,cycle-acme-s01-truck-046-00002,hauling,220.2,240.0,265459.91,93.8,True,False,19393.22,184565.72,False,False,False,94.0,24.6,[],1.0
a59ef1e1-d5a1-49c8-88c4-2ef04ecd013c,1.0,acme-mining,site-01,fleet_telemetry,ACME-S01-TRUCK-047,haul_truck,2026-09-01T16:18:26.854Z,6,-16.639969,-71.610411,36.0,31.9,Pit-A,cycle-acme-s01-truck-047-00002,hauling,216.5,240.0,60884.57,87.9,True,False,10051.56,640068.72,False,False,False,94.3,24.4,[],1.0
b98d0363-6d44-408f-9eba-4818b73009ff,1.0,acme-mining,site-01,fleet_telemetry,ACME-S01-TRUCK-048,haul_truck,2026-09-01T16:18:26.854Z,6,-16.563075,-71.559247,242.6,27.4,Pit-A,cycle-acme-s01-truck-048-00002,hauling,220.2,240.0,326549.62,76.9,True,False,20422.2,359224.88,False,False,False,93.4,24.7,[],1.0
1ec8849a-356b-4eac-8c10-ca5b58ae7cc9,1.0,acme-mining,site-01,fleet_telemetry,ACME-S01-TRUCK-049,haul_truck,2026-09-01T16:18:26.854Z,6,-16.589237,-71.510832,243.8,40.4,Pit-A,cycle-acme-s01-truck-049-00002,hauling,227.8,240.0,64835.56,88.0,True,False,14010.9,437934.26,False,False,False,88.9,24.1,[],1.0
66b7f8db-d534-49e9-bdd6-11c3d1a5e8c0,1.0,acme-mining,site-01,fleet_telemetry,ACME-S01-TRUCK-050,haul_truck,2026-09-01T16:18:26.854Z,6,-16.550697,-71.589633,45.4,29.5,Pit-A,cycle-acme-s01-truck-050-00002,hauling,217.4,240.0,302569.38,51.5,True,False,12553.55,140859.4,False,False,False,88.8,23.8,[],1.0
2712057c-3129-4188-a267-d8d13302e8d0,1.0,acme-mining,site-01,fleet_telemetry,ACME-S01-TRUCK-051,haul_truck,2026-09-01T16:18:26.854Z,6,-16.577579,-71.512719,220.8,57.7,Pit-A,cycle-acme-s01-truck-051-00002,hauling,216.9,240.0,136242.46,55.1,True,False,12416.28,20255.96,False,False,True,89.0,23.9,[],1.0
c69188ee-86ac-462c-bb8b-e0c0d41855bc,1.0,acme-mining,site-01,fleet_telemetry,ACME-S01-TRUCK-052,haul_truck,2026-09-01T16:18:26.854Z,6,-16.552637,-71.512072,124.6,28.0,Pit-A,cycle-acme-s01-truck-052-00002,hauling,218.1,240.0,359244.0,92.2,True,False,15123.31,342039.78,False,False,False,91.5,24.9,[],1.0
43a403f0-d29b-4bf0-9a3a-e773f69bb49f,1.0,acme-mining,site-01,fleet_telemetry,ACME-S01-TRUCK-053,haul_truck,2026-09-01T16:18:26.854Z,6,-16.54137,-71.593931,146.7,40.4,Pit-A,cycle-acme-s01-truck-053-00002,hauling,220.7,240.0,113342.61,46.7,True,False,2779.82,619759.95,False,False,False,86.3,24.5,[],1.0
8d99c6dd-f966-43b6-82c5-5a7f8ec456d7,1.0,acme-mining,site-01,fleet_telemetry,ACME-S01-TRUCK-054,haul_truck,2026-09-01T16:18:26.854Z,6,-16.578291,-71.502525,26.5,51.2,Pit-A,cycle-acme-s01-truck-054-00002,hauling,226.9,240.0,210383.54,87.0,True,False,13759.02,504148.44,False,False,True,91.5,24.3,[],1.0
85fdfcf4-f07b-462e-bf7f-6e5bc073e8f6,1.0,acme-mining,site-01,fleet_telemetry,ACME-S01-TRUCK-055,haul_truck,2026-09-01T16:18:26.854Z,6,-16.547174,-71.600418,249.9,31.9,Pit-A,cycle-acme-s01-truck-055-00002,hauling,228.0,240.0,12440.14,77.5,True,False,5972.48,433316.68,False,False,False,91.0,24.0,[],1.0
9763f82c-4797-494d-8df6-3cd5d38b8686,1.0,acme-mining,site-01,fleet_telemetry,ACME-S01-TRUCK-056,haul_truck,2026-09-01T16:18:26.854Z,6,-16.5236,-71.59807,355.1,40.0,Pit-A,cycle-acme-s01-truck-056-00002,hauling,219.7,240.0,214402.37,64.0,True,False,17847.14,458424.58,False,False,False,93.0,25.0,[],1.0
4e59d5cb-2da8-468c-a8c9-48def194faf9,1.0,acme-mining,site-01,fleet_telemetry,ACME-S01-TRUCK-057,haul_truck,2026-09-01T16:18:26.854Z,6,-16.527765,-71.519451,2.9,24.4,Pit-A,cycle-acme-s01-truck-057-00002,hauling,226.2,240.0,271999.45,91.5,True,False,14952.66,642372.39,False,False,False,89.3,24.0,[],1.0
8efffea8-101a-472b-a9d6-90c8afc3812c,1.0,acme-mining,site-01,fleet_telemetry,ACME-S01-TRUCK-058,haul_truck,2026-09-01T16:18:26.854Z,6,-16.532511,-71.545492,102.9,56.4,Pit-A,cycle-acme-s01-truck-058-00002,hauling,217.6,240.0,206202.41,36.1,True,False,9846.91,591318.63,False,False,True,89.9,24.4,[],1.0
de0d9bba-3242-4b5a-9fab-486302852293,1.0,acme-mining,site-01,fleet_telemetry,ACME-S01-TRUCK-059,haul_truck,2026-09-01T16:18:26.854Z,6,-16.657997,-71.571748,78.8,28.6,Pit-A,cycle-acme-s01-truck-059-00002,hauling,222.9,240.0,285769.74,44.2,True,False,17035.26,348419.02,False,False,False,93.8,24.1,[],1.0
967160a8-3186-47dd-948c-fa8b05ec31f6,1.0,acme-mining,site-01,fleet_telemetry,ACME-S01-TRUCK-060,haul_truck,2026-09-01T16:18:26.854Z,6,-16.645971,-71.583245,321.2,30.0,Pit-A,cycle-acme-s01-truck-060-00002,hauling,222.9,240.0,76365.91,51.8,True,False,19732.18,70764.06,False,False,False,92.4,25.0,[],1.0
c123d757-3cc0-43e0-b0e9-c90bdbe9da98,1.0,acme-mining,site-01,fleet_telemetry,ACME-S01-TRUCK-061,haul_truck,2026-09-01T16:18:26.854Z,6,-16.525627,-71.524038,91.2,24.8,Pit-A,cycle-acme-s01-truck-061-00002,hauling,222.7,240.0,101007.56,54.4,True,False,12303.36,281937.92,False,False,False,90.1,23.8,[],1.0
6f75f25f-c50b-4919-8723-90564cfcc36c,1.0,acme-mining,site-01,fleet_telemetry,ACME-S01-TRUCK-062,haul_truck,2026-09-01T16:18:26.854Z,6,-16.533859,-71.464951,2.3,40.0,Pit-A,cycle-acme-s01-truck-062-00002,hauling,225.5,240.0,164774.3,77.7,True,False,8864.09,23714.69,False,False,False,92.2,25.1,[],1.0
09d69050-7927-40e6-98eb-02828de8cf70,1.0,acme-mining,site-01,fleet_telemetry,ACME-S01-TRUCK-063,haul_truck,2026-09-01T16:18:26.854Z,6,-16.592646,-71.555278,284.3,30.0,Pit-A,cycle-acme-s01-truck-063-00002,hauling,226.5,240.0,224821.4,44.1,True,False,17757.21,585621.27,False,False,False,91.6,24.6,[],1.0
e42f257d-5f6d-4f90-913c-d72854aec275,1.0,acme-mining,site-01,fleet_telemetry,ACME-S01-TRUCK-064,haul_truck,2026-09-01T16:18:26.854Z,6,-16.584939,-71.472399,112.2,29.8,Pit-A,cycle-acme-s01-truck-064-00002,hauling,224.8,240.0,414598.74,93.6,True,False,16152.65,549518.71,False,False,False,93.7,24.4,[],1.0
8a582546-17d0-49fc-9bab-c565ac940ca0,1.0,acme-mining,site-01,fleet_telemetry,ACME-S01-TRUCK-065,haul_truck,2026-09-01T16:18:26.854Z,6,-16.628762,-71.565123,249.8,28.2,Pit-A,cycle-acme-s01-truck-065-00002,hauling,218.2,240.0,391415.02,37.7,True,False,2579.69,290026.2,False,False,False,86.1,24.4,[],1.0
94e8a6ed-182c-4b08-949a-f02c29364e0f,1.0,acme-mining,site-01,fleet_telemetry,ACME-S01-TRUCK-066,haul_truck,2026-09-01T16:18:26.854Z,6,-16.630055,-71.604351,45.4,30.4,Pit-A,cycle-acme-s01-truck-066-00002,hauling,226.7,240.0,340884.75,83.2,True,False,16938.08,258849.66,False,False,False,92.9,25.1,[],1.0
1d60d5ff-6ac9-47c1-ae2a-92bcce92f8a4,1.0,acme-mining,site-01,fleet_telemetry,ACME-S01-TRUCK-067,haul_truck,2026-09-01T16:18:26.854Z,6,-16.51721,-71.611044,68.0,26.1,Pit-A,cycle-acme-s01-truck-067-00002,hauling,225.0,240.0,108658.18,29.8,True,False,1904.22,619709.53,False,False,False,86.1,24.8,[],1.0
51b8a71c-513d-4c6c-88f0-a4a496521176,1.0,acme-mining,site-01,fleet_telemetry,ACME-S01-TRUCK-068,haul_truck,2026-09-01T16:18:26.854Z,6,-16.563299,-71.527262,188.7,27.0,Pit-A,cycle-acme-s01-truck-068-00002,hauling,216.8,240.0,77048.66,33.8,True,False,5026.45,32839.56,False,False,False,95.1,24.0,[],1.0
86ef6a5d-4a3b-4bb2-9afa-e0e19263e18d,1.0,acme-mining,site-01,fleet_telemetry,ACME-S01-TRUCK-069,haul_truck,2026-09-01T16:18:26.854Z,6,-16.652065,-71.48644,40.3,34.3,Pit-A,cycle-acme-s01-truck-069-00002,hauling,217.1,240.0,277189.32,77.3,True,False,17058.25,125707.31,False,False,False,87.1,24.4,[],1.0
6a8361af-b34e-409d-95d9-b061e4380374,1.0,acme-mining,site-01,fleet_telemetry,ACME-S01-TRUCK-070,haul_truck,2026-09-01T16:18:26.854Z,6,-16.61033,-71.466835,166.9,33.6,Pit-A,cycle-acme-s01-truck-070-00002,hauling,226.6,240.0,263350.99,88.5,True,False,13068.12,605199.05,False,False,False,91.7,25.2,[],1.0
5e4dc98d-1ba4-4bf0-9f3d-0c6eecb91fb2,1.0,acme-mining,site-01,fleet_telemetry,ACME-S01-TRUCK-071,haul_truck,2026-09-01T16:18:26.854Z,6,-16.534325,-71.521429,278.2,27.0,Pit-A,cycle-acme-s01-truck-071-00002,hauling,224.5,240.0,54837.0,79.0,True,False,15441.03,415162.83,False,False,False,93.5,25.1,[],1.0
dc45dea2-548b-4708-b549-c04e8684a31d,1.0,acme-mining,site-01,fleet_telemetry,ACME-S01-TRUCK-072,haul_truck,2026-09-01T16:18:26.854Z,6,-16.58942,-71.562877,219.1,32.6,Pit-A,cycle-acme-s01-truck-072-00002,hauling,216.8,240.0,198486.75,50.9,True,False,17391.88,238738.52,False,False,False,95.8,24.0,[],1.0
b4925e1c-b145-4e30-b604-b9beaba34b34,1.0,acme-mining,site-01,fleet_telemetry,ACME-S01-TRUCK-073,haul_truck,2026-09-01T16:18:26.854Z,6,-16.557253,-71.547834,311.8,40.4,Pit-A,cycle-acme-s01-truck-073-00002,hauling,220.0,240.0,289657.87,83.0,True,False,3037.43,625296.32,False,False,False,94.8,24.7,[],1.0
e4cee1f3-6b46-4954-b9e7-119a175a68e5,1.0,acme-mining,site-01,fleet_telemetry,ACME-S01-TRUCK-074,haul_truck,2026-09-01T16:18:26.854Z,6,-16.538278,-71.52271,76.9,41.9,Pit-A,cycle-acme-s01-truck-074-00002,hauling,216.0,240.0,350842.66,57.5,True,False,13857.35,599359.29,False,False,False,87.8,24.2,[],1.0
29c17e32-356f-4b1b-ac1b-47263516e056,1.0,acme-mining,site-01,fleet_telemetry,ACME-S01-TRUCK-075,haul_truck,2026-09-01T16:18:26.854Z,6,-16.596045,-71.519897,31.9,26.3,Pit-A,cycle-acme-s01-truck-075-00002,hauling,227.3,240.0,397918.15,42.0,True,False,18411.51,74597.77,False,False,False,86.6,24.2,[],1.0
7416d78c-391e-45e9-b67f-32c86054bda6,1.0,acme-mining,site-01,fleet_telemetry,ACME-S01-TRUCK-076,haul_truck,2026-09-01T16:18:26.854Z,6,-16.629052,-71.572726,23.8,41.8,Pit-A,cycle-acme-s01-truck-076-00002,hauling,226.3,240.0,224522.4,49.8,True,False,11279.31,224759.09,False,False,False,93.5,25.2,[],1.0
f8e12304-55eb-49be-9193-ac29888e16ab,1.0,acme-mining,site-01,fleet_telemetry,ACME-S01-TRUCK-077,haul_truck,2026-09-01T16:18:26.854Z,6,-16.605344,-71.528669,264.4,41.2,Pit-A,cycle-acme-s01-truck-077-00002,hauling,224.1,240.0,94065.25,41.9,True,False,12582.78,345475.33,False,False,False,93.4,24.0,[],1.0
e4f99f54-f39f-4bfe-9dd1-64d172dce3cf,1.0,acme-mining,site-01,fleet_telemetry,ACME-S01-TRUCK-078,haul_truck,2026-09-01T16:18:26.854Z,6,-16.634961,-71.506796,47.0,35.4,Pit-A,cycle-acme-s01-truck-078-00002,hauling,217.8,240.0,358890.89,31.5,True,False,14493.15,329217.58,False,False,False,94.5,24.4,[],1.0
9f4d3150-069b-4312-9c86-b69345c0b8c9,1.0,acme-mining,site-01,fleet_telemetry,ACME-S01-TRUCK-079,haul_truck,2026-09-01T16:18:26.854Z,6,-16.582331,-71.561205,323.4,30.5,Pit-A,cycle-acme-s01-truck-079-00002,hauling,220.5,240.0,161253.68,94.7,True,False,8623.24,368688.09,False,False,False,87.9,24.9,[],1.0
7ae7933b-d03f-4eb1-9c35-0c2b3f9e270d,1.0,acme-mining,site-01,fleet_telemetry,ACME-S01-TRUCK-080,haul_truck,2026-09-01T16:18:26.854Z,6,-16.584652,-71.495565,354.3,33.1,Pit-A,cycle-acme-s01-truck-080-00002,hauling,220.8,240.0,94737.51,33.3,True,False,6129.77,96013.35,False,False,False,86.0,23.9,[],1.0
0ba60166-e68b-46e6-b7ed-fb2399ba8235,1.0,acme-mining,site-02,fleet_telemetry,ACME-S02-TRUCK-001,haul_truck,2026-09-01T16:18:26.854Z,6,-16.537075,-71.488496,78.3,31.7,Pit-A,cycle-acme-s02-truck-001-00002,hauling,225.5,240.0,319615.78,60.0,True,False,4524.74,259530.81,False,False,False,93.7,24.4,[],1.0
1ed81e70-b60f-486f-98bd-969b5e8b2eff,1.0,acme-mining,site-02,fleet_telemetry,ACME-S02-TRUCK-002,haul_truck,2026-09-01T16:18:26.854Z,6,-16.601711,-71.552817,136.1,38.5,Pit-A,cycle-acme-s02-truck-002-00002,hauling,216.4,240.0,44259.97,46.9,True,False,10047.86,309645.31,False,False,False,87.2,24.3,[],1.0
d7165a92-6371-42d0-9eb9-dee2f3c8eab2,1.0,acme-mining,site-02,fleet_telemetry,ACME-S02-TRUCK-003,haul_truck,2026-09-01T16:18:26.854Z,6,-16.571504,-71.484361,207.2,36.8,Pit-A,cycle-acme-s02-truck-003-00002,hauling,216.3,240.0,152898.42,81.1,True,False,3241.68,33139.78,False,False,False,92.4,24.7,[],1.0
2ffca6bf-68c5-4032-b4fd-cb85b6debb5f,1.0,acme-mining,site-02,fleet_telemetry,ACME-S02-TRUCK-004,haul_truck,2026-09-01T16:18:26.854Z,6,-16.657817,-71.47823,309.4,32.7,Pit-A,cycle-acme-s02-truck-004-00002,hauling,223.4,240.0,201698.1,53.0,True,False,10058.3,86693.92,False,False,False,94.3,24.8,[],1.0
e40c88ce-b20f-48d2-a5b7-0d73bb19fbc6,1.0,acme-mining,site-02,fleet_telemetry,ACME-S02-TRUCK-005,haul_truck,2026-09-01T16:18:26.854Z,6,-16.58885,-71.472572,221.7,40.4,Pit-A,cycle-acme-s02-truck-005-00002,hauling,225.8,240.0,234613.07,32.9,True,False,7861.06,125923.74,False,False,False,88.3,25.1,[],1.0
930b3b89-4aa3-48ea-b3ae-521201fd2842,1.0,acme-mining,site-02,fleet_telemetry,ACME-S02-TRUCK-006,haul_truck,2026-09-01T16:18:26.854Z,6,-16.548786,-71.512637,281.3,34.9,Pit-A,cycle-acme-s02-truck-006-00002,hauling,224.3,240.0,96800.02,67.1,True,False,5808.91,112259.99,False,False,False,94.3,24.1,[],1.0
1326c822-4143-4ccb-97af-647c54c5ec79,1.0,acme-mining,site-02,fleet_telemetry,ACME-S02-TRUCK-007,haul_truck,2026-09-01T16:18:26.854Z,6,-16.529276,-71.514616,142.9,30.4,Pit-A,cycle-acme-s02-truck-007-00002,hauling,220.2,240.0,264966.38,72.6,True,False,10635.81,375153.48,False,False,False,86.3,25.1,[],1.0
a0082b73-028c-4d38-93ed-8a0e54546c1f,1.0,acme-mining,site-02,fleet_telemetry,ACME-S02-TRUCK-008,haul_truck,2026-09-01T16:18:26.854Z,6,-16.599662,-71.569025,275.1,33.9,Pit-A,cycle-acme-s02-truck-008-00002,hauling,222.0,240.0,76421.68,29.7,True,False,19122.04,415147.11,False,False,False,95.6,24.9,[],1.0
081df6aa-0a28-4298-8fef-9ece010f85b1,1.0,acme-mining,site-02,fleet_telemetry,ACME-S02-TRUCK-009,haul_truck,2026-09-01T16:18:26.854Z,6,-16.61145,-71.571575,127.5,38.9,Pit-A,cycle-acme-s02-truck-009-00002,hauling,217.5,240.0,213167.12,27.6,True,False,8261.18,66740.24,False,False,False,90.0,25.0,[],1.0
95cb211a-b0f6-4d4d-9c27-f0231b3e961a,1.0,acme-mining,site-02,fleet_telemetry,ACME-S02-TRUCK-010,haul_truck,2026-09-01T16:18:26.854Z,6,-16.543712,-71.47416,254.1,38.8,Pit-A,cycle-acme-s02-truck-010-00002,hauling,222.7,240.0,213593.55,63.8,True,False,13838.19,339452.86,False,False,False,95.6,25.1,[],1.0
b4c19d84-3486-4c76-ac81-816d085089f0,1.0,acme-mining,site-02,fleet_telemetry,ACME-S02-TRUCK-011,haul_truck,2026-09-01T16:18:26.854Z,6,-16.660492,-71.600901,93.0,32.9,Pit-A,cycle-acme-s02-truck-011-00002,hauling,225.1,240.0,219277.2,35.5,True,False,14618.96,222562.02,False,False,False,91.3,24.4,[],1.0
274daf4a-3cbf-4d57-8626-9f7e9bb19802,1.0,acme-mining,site-02,fleet_telemetry,ACME-S02-TRUCK-012,haul_truck,2026-09-01T16:18:26.854Z,6,-16.557197,-71.45896,353.5,27.6,Pit-A,cycle-acme-s02-truck-012-00002,hauling,227.8,240.0,294296.35,27.7,True,False,21626.58,73127.54,False,False,False,95.6,25.2,[],1.0
9a14e9fd-2281-4adf-baf2-272a3282ba8b,1.0,acme-mining,site-02,fleet_telemetry,ACME-S02-TRUCK-013,haul_truck,2026-09-01T16:18:26.854Z,6,-16.561756,-71.609112,91.3,26.5,Pit-A,cycle-acme-s02-truck-013-00002,hauling,217.3,240.0,180463.71,79.2,True,False,8514.65,598300.31,False,False,False,92.1,24.0,[],1.0
4a20a953-36c7-4ba8-a96c-d7175defd8b5,1.0,acme-mining,site-02,fleet_telemetry,ACME-S02-TRUCK-014,haul_truck,2026-09-01T16:18:26.854Z,6,-16.554609,-71.512447,227.2,34.1,Pit-A,cycle-acme-s02-truck-014-00002,hauling,225.8,240.0,308487.34,44.9,True,False,2197.34,79538.89,False,False,False,95.9,24.1,[],1.0
9cb5414c-cf4b-4344-ae57-176b97897bc7,1.0,acme-mining,site-02,fleet_telemetry,ACME-S02-TRUCK-015,haul_truck,2026-09-01T16:18:26.854Z,6,-16.515613,-71.505783,121.5,37.2,Pit-A,cycle-acme-s02-truck-015-00002,hauling,226.7,240.0,72228.91,49.5,True,False,7867.28,387126.06,False,False,False,95.9,24.3,[],1.0
93ffb6b0-d8f0-4fbe-813d-38a02685fdba,1.0,acme-mining,site-02,fleet_telemetry,ACME-S02-TRUCK-016,haul_truck,2026-09-01T16:18:26.854Z,6,-16.617828,-71.597078,88.0,24.9,Pit-A,cycle-acme-s02-truck-016-00002,hauling,224.7,240.0,255926.14,70.0,True,False,15827.29,73373.12,False,False,False,94.6,25.0,[],1.0
04ae1cf7-06fc-4e43-8a47-d8815c8d4099,1.0,acme-mining,site-02,fleet_telemetry,ACME-S02-TRUCK-017,haul_truck,2026-09-01T16:18:26.854Z,6,-16.620998,-71.465311,2.3,26.1,Pit-A,cycle-acme-s02-truck-017-00002,hauling,219.3,240.0,233735.36,26.2,True,False,2781.21,442387.41,False,False,False,94.3,24.7,[],1.0
b9f61c0a-7c8e-41f2-9131-fadce038fb69,1.0,acme-mining,site-02,fleet_telemetry,ACME-S02-TRUCK-018,haul_truck,2026-09-01T16:18:26.854Z,6,-16.544294,-71.536273,319.8,28.1,Pit-A,cycle-acme-s02-truck-018-00002,hauling,222.7,240.0,78176.3,45.7,True,False,4870.52,649985.43,False,False,False,87.5,23.9,[],1.0
585f91a5-6c17-4d11-8297-5f47579761eb,1.0,acme-mining,site-02,fleet_telemetry,ACME-S02-TRUCK-019,haul_truck,2026-09-01T16:18:26.854Z,6,-16.610138,-71.591543,205.5,37.9,Pit-A,cycle-acme-s02-truck-019-00002,hauling,219.4,240.0,347175.77,34.1,True,False,1600.26,232161.72,False,False,False,90.0,24.8,[],1.0
62f8cd41-302d-4a28-9c1f-668656e44bad,1.0,acme-mining,site-02,fleet_telemetry,ACME-S02-TRUCK-020,haul_truck,2026-09-01T16:18:26.854Z,6,-16.515246,-71.519818,90.5,35.8,Pit-A,cycle-acme-s02-truck-020-00002,hauling,221.7,240.0,170292.17,75.3,True,False,16089.09,47526.38,False,False,False,89.6,23.9,[],1.0
1806af5d-aa5b-4a4d-a4d8-0e519cadb36a,1.0,acme-mining,site-02,fleet_telemetry,ACME-S02-TRUCK-021,haul_truck,2026-09-01T16:18:26.854Z,6,-16.525809,-71.586447,27.9,27.1,Pit-A,cycle-acme-s02-truck-021-00002,hauling,227.7,240.0,434862.95,79.9,True,False,5760.87,170676.29,False,False,False,88.7,24.9,[],1.0
2627997b-8c2b-4b64-bc12-a8eb0dc24da1,1.0,acme-mining,site-02,fleet_telemetry,ACME-S02-TRUCK-022,haul_truck,2026-09-01T16:18:26.854Z,6,-16.586012,-71.462893,135.3,36.1,Pit-A,cycle-acme-s02-truck-022-00002,hauling,224.0,240.0,133979.99,51.7,True,False,21670.13,310858.53,False,False,False,91.8,25.2,[],1.0
e7d232ff-dc76-418e-908c-f03db58eb06c,1.0,acme-mining,site-02,fleet_telemetry,ACME-S02-TRUCK-023,haul_truck,2026-09-01T16:18:26.854Z,6,-16.520903,-71.503651,292.0,34.6,Pit-A,cycle-acme-s02-truck-023-00002,hauling,216.7,240.0,221460.31,50.9,True,False,19307.65,52873.41,False,False,False,94.0,23.8,[],1.0
8858edb9-e9a1-4a7e-af8b-9bd0b7b4dac1,1.0,acme-mining,site-02,fleet_telemetry,ACME-S02-TRUCK-024,haul_truck,2026-09-01T16:18:26.854Z,6,-16.64681,-71.547549,48.9,27.0,Pit-A,cycle-acme-s02-truck-024-00002,hauling,226.4,240.0,130028.6,88.3,True,False,6843.34,500763.73,False,False,False,91.0,24.7,[],1.0
17f95d43-e61a-48a9-91f8-188293e9691d,1.0,acme-mining,site-02,fleet_telemetry,ACME-S02-TRUCK-025,haul_truck,2026-09-01T16:18:26.854Z,6,-16.606992,-71.557683,223.2,26.7,Pit-A,cycle-acme-s02-truck-025-00002,hauling,224.6,240.0,419408.07,54.0,True,False,18114.12,577316.89,False,False,False,95.1,24.4,[],1.0
c18ecc22-8b70-431e-811b-2bbc20f6a78a,1.0,acme-mining,site-02,fleet_telemetry,ACME-S02-TRUCK-026,haul_truck,2026-09-01T16:18:26.854Z,6,-16.566423,-71.490878,153.4,34.2,Pit-A,cycle-acme-s02-truck-026-00002,hauling,221.7,240.0,419563.82,83.7,True,False,8748.16,37758.29,False,False,False,86.7,25.1,[],1.0
bdd5f0fe-f654-4d56-b8f3-4a25ba84b078,1.0,acme-mining,site-02,fleet_telemetry,ACME-S02-TRUCK-027,haul_truck,2026-09-01T16:18:26.854Z,6,-16.595332,-71.519046,275.2,28.2,Pit-A,cycle-acme-s02-truck-027-00002,hauling,221.3,240.0,375689.04,78.1,True,False,20248.81,317646.75,False,False,False,89.9,24.4,[],1.0
d93c2c49-dd29-4361-bf2c-b1d82914c2e2,1.0,acme-mining,site-02,fleet_telemetry,ACME-S02-TRUCK-028,haul_truck,2026-09-01T16:18:26.854Z,6,-16.585971,-71.599718,85.4,30.1,Pit-A,cycle-acme-s02-truck-028-00002,hauling,223.8,240.0,251474.29,75.9,True,False,6225.6,546026.89,False,False,False,90.2,24.7,[],1.0
18f77ef6-f1e2-40a0-81b5-b69a95981254,1.0,acme-mining,site-02,fleet_telemetry,ACME-S02-TRUCK-029,haul_truck,2026-09-01T16:18:26.854Z,6,-16.660347,-71.483623,216.9,27.7,Pit-A,cycle-acme-s02-truck-029-00002,hauling,224.3,240.0,291139.19,68.6,True,False,3383.19,170217.03,False,False,False,88.0,24.7,[],1.0
77a369dc-ceea-4624-8a08-276d256152d9,1.0,acme-mining,site-02,fleet_telemetry,ACME-S02-TRUCK-030,haul_truck,2026-09-01T16:18:26.854Z,6,-16.601724,-71.519119,120.5,30.9,Pit-A,cycle-acme-s02-truck-030-00002,hauling,224.7,240.0,116453.2,35.0,True,False,1148.44,344686.85,False,False,False,91.8,24.1,[],1.0
5b07b38d-03aa-4d3e-85ac-07f5b8a92607,1.0,acme-mining,site-02,fleet_telemetry,ACME-S02-TRUCK-031,haul_truck,2026-09-01T16:18:26.854Z,6,-16.517876,-71.53048,290.6,26.6,Pit-A,cycle-acme-s02-truck-031-00002,hauling,216.3,240.0,240333.63,50.2,True,False,4771.06,440975.54,False,False,False,89.5,24.2,[],1.0
9ab563ab-fe85-43da-b44d-940f8d728b9d,1.0,acme-mining,site-02,fleet_telemetry,ACME-S02-TRUCK-032,haul_truck,2026-09-01T16:18:26.854Z,6,-16.513417,-71.576905,50.5,29.1,Pit-A,cycle-acme-s02-truck-032-00002,hauling,216.1,240.0,216859.86,69.5,True,False,12548.03,265985.99,False,False,False,86.5,25.2,[],1.0
5692e91c-1f9b-4b0d-8419-61e584d9340f,1.0,acme-mining,site-02,fleet_telemetry,ACME-S02-TRUCK-033,haul_truck,2026-09-01T16:18:26.854Z,6,-16.552756,-71.564285,161.2,32.4,Pit-A,cycle-acme-s02-truck-033-00002,hauling,222.0,240.0,286433.49,79.0,True,False,8109.82,481752.99,False,False,False,89.0,24.4,[],1.0
0b01b25a-ff13-434d-ab80-59e0ecd3270c,1.0,acme-mining,site-02,fleet_telemetry,ACME-S02-TRUCK-034,haul_truck,2026-09-01T16:18:26.854Z,6,-16.513468,-71.54095,356.5,29.6,Pit-A,cycle-acme-s02-truck-034-00002,hauling,226.7,240.0,375369.23,72.9,True,False,7977.21,424961.37,False,False,False,90.3,24.2,[],1.0
8a6f7c13-38d5-4723-8276-8c37573d5bd5,1.0,acme-mining,site-02,fleet_telemetry,ACME-S02-TRUCK-035,haul_truck,2026-09-01T16:18:26.854Z,6,-16.663379,-71.585612,139.0,53.7,Pit-A,cycle-acme-s02-truck-035-00002,hauling,218.4,240.0,211379.44,45.5,True,False,2137.74,509000.13,False,False,True,91.9,24.2,[],1.0
adcf4f9d-9790-4e3a-ba0f-1e41b2849877,1.0,acme-mining,site-02,fleet_telemetry,ACME-S02-TRUCK-036,haul_truck,2026-09-01T16:18:26.854Z,6,-16.549896,-71.586956,128.9,31.7,Pit-A,cycle-acme-s02-truck-036-00002,hauling,226.6,240.0,248933.93,42.7,True,False,11726.14,643147.45,False,False,False,91.7,24.6,[],1.0
76646181-1211-46be-bb01-f9d1d17afad7,1.0,acme-mining,site-02,fleet_telemetry,ACME-S02-TRUCK-037,haul_truck,2026-09-01T16:18:26.854Z,6,-16.528084,-71.498574,132.4,30.8,Pit-A,cycle-acme-s02-truck-037-00002,hauling,221.6,240.0,64769.43,50.7,True,False,19154.93,229112.71,False,False,False,86.1,24.0,[],1.0
1f7c980a-eca9-4725-a845-01b3cd7755fa,1.0,acme-mining,site-02,fleet_telemetry,ACME-S02-TRUCK-038,haul_truck,2026-09-01T16:18:26.854Z,6,-16.542803,-71.574848,113.0,33.5,Pit-A,cycle-acme-s02-truck-038-00002,hauling,218.8,240.0,314510.56,50.7,True,False,7987.58,137694.96,False,False,False,86.8,24.2,[],1.0
334b4282-d24e-403e-8f1b-90929cb5177d,1.0,acme-mining,site-02,fleet_telemetry,ACME-S02-TRUCK-039,haul_truck,2026-09-01T16:18:26.854Z,6,-16.618966,-71.604674,101.4,33.4,Pit-A,cycle-acme-s02-truck-039-00002,hauling,223.3,240.0,371830.59,63.1,True,False,2473.26,399545.71,False,False,False,89.5,24.7,[],1.0
fcd35feb-389c-47c0-91b6-85a7e090bc11,1.0,acme-mining,site-02,fleet_telemetry,ACME-S02-TRUCK-040,haul_truck,2026-09-01T16:18:26.854Z,6,-16.598842,-71.501199,79.7,28.5,Pit-A,cycle-acme-s02-truck-040-00002,hauling,227.3,240.0,83324.12,56.0,True,False,10253.42,472127.76,False,False,False,88.9,24.8,[],1.0
88f699ee-5685-4f52-b6f2-da5e37044e2b,1.0,acme-mining,site-02,fleet_telemetry,ACME-S02-TRUCK-041,haul_truck,2026-09-01T16:18:26.854Z,6,-16.568419,-71.559347,88.0,38.1,Pit-A,cycle-acme-s02-truck-041-00002,hauling,222.8,240.0,427078.35,30.2,True,False,6620.58,637417.33,False,False,False,92.0,24.7,[],1.0
a731fd53-4d66-4698-bd4f-18be887d9418,1.0,acme-mining,site-02,fleet_telemetry,ACME-S02-TRUCK-042,haul_truck,2026-09-01T16:18:26.854Z,6,-16.664874,-71.606732,97.0,39.0,Pit-A,cycle-acme-s02-truck-042-00002,hauling,219.4,240.0,277332.5,79.7,True,False,20999.14,109951.22,False,False,False,91.7,24.4,[],1.0
4195b440-c065-40c6-8e5b-077cd77d921e,1.0,acme-mining,site-02,fleet_telemetry,ACME-S02-TRUCK-043,haul_truck,2026-09-01T16:18:26.854Z,6,-16.598387,-71.558132,213.5,24.3,Pit-A,cycle-acme-s02-truck-043-00002,hauling,218.1,240.0,24249.97,35.7,True,False,8477.6,618164.4,False,False,False,88.2,24.5,[],1.0
f80847f9-4a25-4246-b105-e01e626c62c9,1.0,acme-mining,site-02,fleet_telemetry,ACME-S02-TRUCK-044,haul_truck,2026-09-01T16:18:26.854Z,6,-16.630419,-71.599376,231.3,26.3,Pit-A,cycle-acme-s02-truck-044-00002,hauling,222.9,240.0,185135.41,70.4,True,False,12967.15,353559.89,False,False,False,94.2,25.0,[],1.0
0c67e9e0-e03e-4d69-b428-7d0b4deb4553,1.0,acme-mining,site-02,fleet_telemetry,ACME-S02-TRUCK-045,haul_truck,2026-09-01T16:18:26.854Z,6,-16.557766,-71.583179,273.6,34.5,Pit-A,cycle-acme-s02-truck-045-00002,hauling,227.6,240.0,61815.26,79.2,True,False,11776.21,595531.91,False,False,False,96.0,24.4,[],1.0
dc8fe1c1-ab54-4764-b9f9-a52651bb589c,1.0,acme-mining,site-02,fleet_telemetry,ACME-S02-TRUCK-046,haul_truck,2026-09-01T16:18:26.854Z,6,-16.556247,-71.457927,306.5,25.1,Pit-A,cycle-acme-s02-truck-046-00002,hauling,221.7,240.0,42583.32,37.1,True,False,5043.79,105509.05,False,False,False,89.0,24.3,[],1.0
8bd5fb40-9db6-4c2a-83f0-132d71ac8e1e,1.0,acme-mining,site-02,fleet_telemetry,ACME-S02-TRUCK-047,haul_truck,2026-09-01T16:18:26.854Z,6,-16.622425,-71.592309,279.9,29.2,Pit-A,cycle-acme-s02-truck-047-00002,hauling,225.6,240.0,251999.17,45.3,True,False,14958.21,467010.64,False,False,False,87.3,23.9,[],1.0
ca0c8d20-1105-4ac6-b144-afc82c74c2ca,1.0,acme-mining,site-02,fleet_telemetry,ACME-S02-TRUCK-048,haul_truck,2026-09-01T16:18:26.854Z,6,-16.648171,-71.491019,260.4,24.2,Pit-A,cycle-acme-s02-truck-048-00002,hauling,220.6,240.0,63399.91,39.0,True,False,17626.37,340516.27,False,False,False,86.6,24.1,[],1.0
5d1608d6-dc45-403f-966f-ea2a5d4dac61,1.0,acme-mining,site-02,fleet_telemetry,ACME-S02-TRUCK-049,haul_truck,2026-09-01T16:18:26.854Z,6,-16.528915,-71.606978,310.9,60.9,Pit-A,cycle-acme-s02-truck-049-00002,hauling,225.3,240.0,442525.69,34.0,True,False,12932.29,314465.85,False,False,True,88.0,24.3,[],1.0
459f7850-5354-4e3f-acfc-48d6b007a8a5,1.0,acme-mining,site-02,fleet_telemetry,ACME-S02-TRUCK-050,haul_truck,2026-09-01T16:18:26.854Z,6,-16.514808,-71.514701,243.8,31.1,Pit-A,cycle-acme-s02-truck-050-00002,hauling,220.0,240.0,372269.76,30.1,True,False,11944.76,504573.81,False,False,False,89.4,24.5,[],1.0
775b8dbf-3871-4263-a2a5-c167f29bab3f,1.0,acme-mining,site-02,fleet_telemetry,ACME-S02-TRUCK-051,haul_truck,2026-09-01T16:18:26.854Z,6,-16.641274,-71.462888,24.8,24.0,Pit-A,cycle-acme-s02-truck-051-00002,hauling,222.9,240.0,353316.11,69.8,True,False,8103.72,573115.02,False,False,False,88.2,24.8,[],1.0
7d850c08-0364-4199-b6fd-af6daf4b9036,1.0,acme-mining,site-02,fleet_telemetry,ACME-S02-TRUCK-052,haul_truck,2026-09-01T16:18:26.854Z,6,-16.52081,-71.581447,336.3,33.9,Pit-A,cycle-acme-s02-truck-052-00002,hauling,218.7,240.0,143815.22,36.3,True,False,18425.49,346404.46,False,False,False,86.7,24.6,[],1.0
0c90066f-301d-4ee9-81ef-2069cf410fce,1.0,acme-mining,site-02,fleet_telemetry,ACME-S02-TRUCK-053,haul_truck,2026-09-01T16:18:26.854Z,6,-16.582256,-71.597473,266.6,24.9,Pit-A,cycle-acme-s02-truck-053-00002,hauling,220.9,240.0,120266.76,69.4,True,False,19772.44,552938.35,False,False,False,95.3,23.8,[],1.0
b6b4f628-7050-467c-bd97-3c15180d0f43,1.0,acme-mining,site-02,fleet_telemetry,ACME-S02-TRUCK-054,haul_truck,2026-09-01T16:18:26.854Z,6,-16.643023,-71.517609,108.4,28.5,Pit-A,cycle-acme-s02-truck-054-00002,hauling,218.5,240.0,270396.14,65.6,True,False,2780.69,423822.21,False,False,False,87.1,24.7,[],1.0
e7cdfafd-d548-4051-adbf-e3fbf9041fef,1.0,acme-mining,site-02,fleet_telemetry,ACME-S02-TRUCK-055,haul_truck,2026-09-01T16:18:26.854Z,6,-16.66314,-71.514868,194.4,36.9,Pit-A,cycle-acme-s02-truck-055-00002,hauling,223.9,240.0,373104.38,27.0,True,False,18661.64,375079.55,False,False,False,93.8,23.8,[],1.0
e91618ed-6059-4bb8-8951-8135610ebe12,1.0,acme-mining,site-02,fleet_telemetry,ACME-S02-TRUCK-056,haul_truck,2026-09-01T16:18:26.854Z,6,-16.570048,-71.571164,309.6,33.9,Pit-A,cycle-acme-s02-truck-056-00002,hauling,224.5,240.0,291156.55,59.8,True,False,17059.54,282449.83,False,False,False,87.4,24.3,[],1.0
8b0faf9f-9ab1-4e97-9f57-6699eee36f41,1.0,acme-mining,site-02,fleet_telemetry,ACME-S02-TRUCK-057,haul_truck,2026-09-01T16:18:26.854Z,6,-16.560229,-71.592214,157.7,34.5,Pit-A,cycle-acme-s02-truck-057-00002,hauling,223.8,240.0,188681.14,56.7,True,False,5991.42,528630.2,False,False,False,95.7,24.2,[],1.0
b58f3db3-c110-4862-9a5b-57a8ec76b756,1.0,acme-mining,site-02,fleet_telemetry,ACME-S02-TRUCK-058,haul_truck,2026-09-01T16:18:26.854Z,6,-16.552952,-71.479774,193.1,32.4,Pit-A,cycle-acme-s02-truck-058-00002,hauling,219.8,240.0,147536.72,75.2,True,False,5125.3,402196.09,False,False,False,87.6,24.9,[],1.0
9aa65047-373c-48d9-b0cc-88f82ccc6095,1.0,acme-mining,site-02,fleet_telemetry,ACME-S02-TRUCK-059,haul_truck,2026-09-01T16:18:26.854Z,6,-16.650791,-71.545561,161.4,52.8,Pit-A,cycle-acme-s02-truck-059-00002,hauling,221.1,240.0,56721.36,41.9,True,False,16926.11,344437.65,False,False,True,89.4,24.3,[],1.0
c1c83478-f643-4ec4-863b-0f031628dcd1,1.0,acme-mining,site-02,fleet_telemetry,ACME-S02-TRUCK-060,haul_truck,2026-09-01T16:18:26.854Z,6,-16.53196,-71.591963,285.5,39.7,Pit-A,cycle-acme-s02-truck-060-00002,hauling,222.2,240.0,280766.5,42.3,True,False,6952.5,262014.55,False,False,False,87.5,23.8,[],1.0
cf35324e-6c8d-4ee9-a21f-585c84084f4c,1.0,acme-mining,site-02,fleet_telemetry,ACME-S02-TRUCK-061,haul_truck,2026-09-01T16:18:26.854Z,6,-16.595712,-71.47688,7.9,24.3,Pit-A,cycle-acme-s02-truck-061-00002,hauling,218.5,240.0,80111.09,94.7,True,False,16087.93,139595.61,False,False,False,86.1,24.1,[],1.0
45d88ff8-8a13-409e-9798-30312caf067c,1.0,acme-mining,site-02,fleet_telemetry,ACME-S02-TRUCK-062,haul_truck,2026-09-01T16:18:26.854Z,6,-16.613927,-71.609434,131.4,31.3,Pit-A,cycle-acme-s02-truck-062-00002,hauling,226.8,240.0,435342.54,40.0,True,False,20838.94,338430.16,False,False,False,93.8,24.9,[],1.0
fc80df19-da09-4e50-a77f-55becfcea36f,1.0,acme-mining,site-02,fleet_telemetry,ACME-S02-TRUCK-063,haul_truck,2026-09-01T16:18:26.854Z,6,-16.628069,-71.558963,89.7,31.9,Pit-A,cycle-acme-s02-truck-063-00002,hauling,220.2,240.0,57299.14,34.3,True,False,6857.87,25151.92,False,False,False,94.1,24.8,[],1.0
ff7bf9d5-646f-4819-801a-592e9101d32f,1.0,acme-mining,site-02,fleet_telemetry,ACME-S02-TRUCK-064,haul_truck,2026-09-01T16:18:26.854Z,6,-16.658627,-71.536821,264.4,27.1,Pit-A,cycle-acme-s02-truck-064-00002,hauling,226.8,240.0,95648.76,63.7,True,False,9292.34,379277.56,False,False,False,95.1,24.6,[],1.0
5d472c39-3d65-4448-b04e-a40a98fcba9a,1.0,acme-mining,site-02,fleet_telemetry,ACME-S02-TRUCK-065,haul_truck,2026-09-01T16:18:26.854Z,6,-16.654924,-71.557768,47.4,28.6,Pit-A,cycle-acme-s02-truck-065-00002,hauling,224.6,240.0,278859.41,34.0,True,False,18296.61,412642.34,False,False,False,95.5,24.0,[],1.0
f762c502-2e6e-4172-b2fb-b03cbe597742,1.0,acme-mining,site-02,fleet_telemetry,ACME-S02-TRUCK-066,haul_truck,2026-09-01T16:18:26.854Z,6,-16.590386,-71.610274,277.3,29.3,Pit-A,cycle-acme-s02-truck-066-00002,hauling,224.9,240.0,97585.89,60.6,True,False,20705.72,495628.17,False,False,False,96.0,23.9,[],1.0
450e833e-91e6-4365-83d9-aee47fd03b47,1.0,acme-mining,site-02,fleet_telemetry,ACME-S02-TRUCK-067,haul_truck,2026-09-01T16:18:26.854Z,6,-16.648048,-71.4685,158.1,36.9,Pit-A,cycle-acme-s02-truck-067-00002,hauling,216.6,240.0,75534.32,87.5,True,False,17844.08,347179.77,False,False,False,89.7,25.0,[],1.0
ed8735a4-08cc-4308-ae12-886c10444de2,1.0,acme-mining,site-02,fleet_telemetry,ACME-S02-TRUCK-068,haul_truck,2026-09-01T16:18:26.854Z,6,-16.537892,-71.532326,299.3,31.4,Pit-A,cycle-acme-s02-truck-068-00002,hauling,224.8,240.0,141663.54,48.5,True,False,21801.06,485771.34,False,False,False,95.6,24.5,[],1.0
66491011-86d9-482a-97f3-9f1dcab86450,1.0,acme-mining,site-02,fleet_telemetry,ACME-S02-TRUCK-069,haul_truck,2026-09-01T16:18:26.854Z,6,-16.603733,-71.568278,336.8,35.4,Pit-A,cycle-acme-s02-truck-069-00002,hauling,223.5,240.0,155745.85,32.6,True,False,10867.73,30481.42,False,False,False,94.3,24.1,[],1.0
111eb0d1-316e-4fd6-a39b-79cf6e9ffb3d,1.0,acme-mining,site-02,fleet_telemetry,ACME-S02-TRUCK-070,haul_truck,2026-09-01T16:18:26.854Z,6,-16.577851,-71.581112,283.8,28.7,Pit-A,cycle-acme-s02-truck-070-00002,hauling,226.5,240.0,298460.45,93.0,True,False,13454.49,187284.29,False,False,False,90.4,24.5,[],1.0
9600a814-78bf-4111-90c6-e91ef4d9f9fe,1.0,acme-mining,site-02,fleet_telemetry,ACME-S02-TRUCK-071,haul_truck,2026-09-01T16:18:26.854Z,6,-16.646736,-71.508604,344.0,26.7,Pit-A,cycle-acme-s02-truck-071-00002,hauling,219.8,240.0,282684.18,83.8,True,False,4414.86,416286.03,False,False,False,86.4,24.9,[],1.0
0d4a6a22-8c86-4900-b33b-734df89a6a70,1.0,acme-mining,site-02,fleet_telemetry,ACME-S02-TRUCK-072,haul_truck,2026-09-01T16:18:26.854Z,6,-16.637778,-71.537193,53.1,30.2,Pit-A,cycle-acme-s02-truck-072-00002,hauling,227.0,240.0,194263.76,53.9,True,False,4844.64,297854.42,False,False,False,93.2,24.1,[],1.0
ec861adf-ee2a-47be-8be8-e261502ef737,1.0,acme-mining,site-02,fleet_telemetry,ACME-S02-TRUCK-073,haul_truck,2026-09-01T16:18:26.854Z,6,-16.637233,-71.565476,30.4,28.5,Pit-A,cycle-acme-s02-truck-073-00002,hauling,225.5,240.0,37404.19,34.6,True,False,19303.74,483577.61,False,False,False,87.0,25.2,[],1.0
4d0fd4af-ab1b-423f-afee-8fcd6b54b388,1.0,acme-mining,site-02,fleet_telemetry,ACME-S02-TRUCK-074,haul_truck,2026-09-01T16:18:26.854Z,6,-16.582998,-71.509368,149.7,26.1,Pit-A,cycle-acme-s02-truck-074-00002,hauling,220.2,240.0,212252.38,62.3,True,False,8788.69,622712.01,False,False,False,92.9,25.1,[],1.0
c2c9c6ae-9002-47c0-8d99-f6d8512e7d23,1.0,acme-mining,site-02,fleet_telemetry,ACME-S02-TRUCK-075,haul_truck,2026-09-01T16:18:26.854Z,6,-16.634423,-71.461805,296.7,35.1,Pit-A,cycle-acme-s02-truck-075-00002,hauling,221.5,240.0,118468.84,64.0,True,False,13733.63,141126.56,False,False,False,86.5,24.2,[],1.0
98b3a174-9dff-4313-be7a-8e9163b97f83,1.0,acme-mining,site-02,fleet_telemetry,ACME-S02-TRUCK-076,haul_truck,2026-09-01T16:18:26.854Z,6,-16.580731,-71.467991,222.1,24.6,Pit-A,cycle-acme-s02-truck-076-00002,hauling,217.2,240.0,225161.78,58.6,True,False,15743.91,454851.27,False,False,False,95.7,24.8,[],1.0
26feff52-935a-4e79-aaf0-354b8806dd3b,1.0,acme-mining,site-02,fleet_telemetry,ACME-S02-TRUCK-077,haul_truck,2026-09-01T16:18:26.854Z,6,-16.539417,-71.464763,51.1,27.2,Pit-A,cycle-acme-s02-truck-077-00002,hauling,221.9,240.0,177065.87,93.6,True,False,3383.74,446272.15,False,False,False,87.7,24.5,[],1.0
507c988a-4e5b-4d19-8bf4-6d3b41aaed8b,1.0,acme-mining,site-02,fleet_telemetry,ACME-S02-TRUCK-078,haul_truck,2026-09-01T16:18:26.854Z,6,-16.565455,-71.497923,104.1,31.0,Pit-A,cycle-acme-s02-truck-078-00002,hauling,218.0,240.0,44773.38,89.6,True,False,1691.82,621847.76,False,False,False,89.6,24.0,[],1.0
099dd1b6-eef6-4a53-85ef-1c5475879232,1.0,acme-mining,site-02,fleet_telemetry,ACME-S02-TRUCK-079,haul_truck,2026-09-01T16:18:26.854Z,6,-16.551877,-71.579182,305.9,30.8,Pit-A,cycle-acme-s02-truck-079-00002,hauling,223.1,240.0,129513.87,32.6,True,False,6548.02,374071.49,False,False,False,92.5,24.1,[],1.0
0ab5c491-deff-498f-90d3-7d5cb49f2bd2,1.0,acme-mining,site-02,fleet_telemetry,ACME-S02-TRUCK-080,haul_truck,2026-09-01T16:18:26.854Z,6,-16.594787,-71.508489,108.7,27.5,Pit-A,cycle-acme-s02-truck-080-00002,hauling,218.4,240.0,54087.53,48.1,True,False,5584.25,166687.2,False,False,False,88.9,25.0,[],1.0
d4943528-3ca0-48be-b9d1-9677f24a6035,1.0,beta-minerals,north-site,fleet_telemetry,BETA-NORTH-TRUCK-001,haul_truck,2026-09-01T16:18:26.854Z,6,-16.562036,-71.59117,73.5,30.9,Pit-A,cycle-beta-north-truck-001-00002,hauling,217.1,240.0,383639.63,70.3,True,False,17975.95,92503.87,False,False,False,89.2,24.7,[],1.0
b022c76b-f187-4ba3-a283-fbd094f1bfcd,1.0,beta-minerals,north-site,fleet_telemetry,BETA-NORTH-TRUCK-002,haul_truck,2026-09-01T16:18:26.854Z,6,-16.596487,-71.489851,226.1,34.7,Pit-A,cycle-beta-north-truck-002-00002,hauling,223.2,240.0,155635.87,54.8,True,False,11739.08,367703.64,False,False,False,92.7,23.8,[],1.0
62280a84-a953-467a-8b75-0afab83755c2,1.0,beta-minerals,north-site,fleet_telemetry,BETA-NORTH-TRUCK-003,haul_truck,2026-09-01T16:18:26.854Z,6,-16.638809,-71.522739,171.0,32.0,Pit-A,cycle-beta-north-truck-003-00002,hauling,216.3,240.0,22845.03,68.0,True,False,14378.16,292244.84,False,False,False,88.7,24.9,[],1.0
af474b8e-f95b-4797-a937-06a7ffd90ab1,1.0,beta-minerals,north-site,fleet_telemetry,BETA-NORTH-TRUCK-004,haul_truck,2026-09-01T16:18:26.854Z,6,-16.654111,-71.477992,174.3,31.4,Pit-A,cycle-beta-north-truck-004-00002,hauling,221.3,240.0,365841.53,29.3,True,False,5162.64,493965.2,False,False,False,92.2,24.6,[],1.0
f10b57ab-dba3-4396-8376-2bb472c23789,1.0,beta-minerals,north-site,fleet_telemetry,BETA-NORTH-TRUCK-005,haul_truck,2026-09-01T16:18:26.854Z,6,-16.515848,-71.567386,222.3,34.0,Pit-A,cycle-beta-north-truck-005-00002,hauling,219.1,240.0,305109.05,59.2,True,False,4977.98,91791.78,False,False,False,89.5,24.6,[],1.0
9c982b0e-a9dc-4cf0-8e4d-2bd26926e66e,1.0,beta-minerals,north-site,fleet_telemetry,BETA-NORTH-TRUCK-006,haul_truck,2026-09-01T16:18:26.854Z,6,-16.540212,-71.504506,40.5,31.3,Pit-A,cycle-beta-north-truck-006-00002,hauling,225.6,240.0,382028.26,68.2,True,False,13244.51,239192.67,False,False,False,94.5,24.4,[],1.0
6875cb8e-cf02-44e1-b3ff-a5f90cdae5f3,1.0,beta-minerals,north-site,fleet_telemetry,BETA-NORTH-TRUCK-007,haul_truck,2026-09-01T16:18:26.854Z,6,-16.641112,-71.506556,291.0,29.2,Pit-A,cycle-beta-north-truck-007-00002,hauling,220.8,240.0,61859.55,46.3,True,False,2596.75,104387.25,False,False,False,91.8,23.9,[],1.0
04cadb7f-93de-490b-b8b7-49ba634cea77,1.0,beta-minerals,north-site,fleet_telemetry,BETA-NORTH-TRUCK-008,haul_truck,2026-09-01T16:18:26.854Z,6,-16.584433,-71.470442,60.0,30.9,Pit-A,cycle-beta-north-truck-008-00002,hauling,219.8,240.0,196137.49,59.0,True,False,13444.24,382127.98,False,False,False,93.9,24.7,[],1.0
e9efc70d-af5c-4876-b7a9-b5eeef2ac609,1.0,beta-minerals,north-site,fleet_telemetry,BETA-NORTH-TRUCK-009,haul_truck,2026-09-01T16:18:26.854Z,6,-16.598259,-71.608941,59.0,38.5,Pit-A,cycle-beta-north-truck-009-00002,hauling,226.0,240.0,71730.9,47.0,True,False,12564.15,328474.63,False,False,False,95.9,24.0,[],1.0
790c44b0-3134-4f14-8c1a-cf7aaaf817b8,1.0,beta-minerals,north-site,fleet_telemetry,BETA-NORTH-TRUCK-010,haul_truck,2026-09-01T16:18:26.854Z,6,-16.565915,-71.552004,64.5,32.3,Pit-A,cycle-beta-north-truck-010-00002,hauling,216.7,240.0,178935.86,64.3,True,False,11073.72,142931.11,False,False,False,94.4,24.5,[],1.0
d8b77fee-a327-4ea3-90ab-209176a48758,1.0,beta-minerals,north-site,fleet_telemetry,BETA-NORTH-TRUCK-011,haul_truck,2026-09-01T16:18:26.854Z,6,-16.62362,-71.573565,68.4,28.5,Pit-A,cycle-beta-north-truck-011-00002,hauling,226.5,240.0,23579.14,78.2,True,False,11160.44,72082.63,False,False,False,91.7,24.7,[],1.0
45996572-507f-42fe-b7eb-144d932b5d26,1.0,beta-minerals,north-site,fleet_telemetry,BETA-NORTH-TRUCK-012,haul_truck,2026-09-01T16:18:26.854Z,6,-16.58865,-71.525842,170.5,24.7,Pit-A,cycle-beta-north-truck-012-00002,hauling,218.8,240.0,349921.39,59.6,True,False,17351.7,376359.91,False,False,False,92.0,25.0,[],1.0
55ff9ecc-4909-40dc-acbc-e66fb3f5b8dc,1.0,beta-minerals,north-site,fleet_telemetry,BETA-NORTH-TRUCK-013,haul_truck,2026-09-01T16:18:26.854Z,6,-16.555345,-71.530057,345.6,37.4,Pit-A,cycle-beta-north-truck-013-00002,hauling,218.8,240.0,371949.23,27.9,True,False,18253.6,251123.05,False,False,False,87.5,24.9,[],1.0
b5f04863-3666-43a1-ac89-2db2a405bb4a,1.0,beta-minerals,north-site,fleet_telemetry,BETA-NORTH-TRUCK-014,haul_truck,2026-09-01T16:18:26.854Z,6,-16.665225,-71.575449,213.1,53.3,Pit-A,cycle-beta-north-truck-014-00002,hauling,225.1,240.0,118914.34,86.2,True,False,16402.97,431813.35,False,False,True,90.0,25.0,[],1.0
7d183f4d-efd6-4cff-b331-94d434776576,1.0,beta-minerals,north-site,fleet_telemetry,BETA-NORTH-TRUCK-015,haul_truck,2026-09-01T16:18:26.854Z,6,-16.540732,-71.523437,200.8,34.7,Pit-A,cycle-beta-north-truck-015-00002,hauling,220.3,240.0,351278.35,41.6,True,False,10108.29,646193.49,False,False,False,88.9,24.9,[],1.0
dd982905-d788-4260-988f-5d58efe5415a,1.0,beta-minerals,north-site,fleet_telemetry,BETA-NORTH-TRUCK-016,haul_truck,2026-09-01T16:18:26.854Z,6,-16.660905,-71.561369,205.0,27.4,Pit-A,cycle-beta-north-truck-016-00002,hauling,227.9,240.0,100913.07,39.5,True,False,4318.82,107718.16,False,False,False,90.3,24.5,[],1.0
242fa53d-88e6-4d4a-a723-e0fd5f21af55,1.0,beta-minerals,north-site,fleet_telemetry,BETA-NORTH-TRUCK-017,haul_truck,2026-09-01T16:18:26.854Z,6,-16.518034,-71.535224,231.3,32.6,Pit-A,cycle-beta-north-truck-017-00002,hauling,221.7,240.0,138759.69,65.1,True,False,4369.61,636770.25,False,False,False,90.1,23.8,[],1.0
0f3dfd09-f13f-430a-9c42-6ad8eee882e9,1.0,beta-minerals,north-site,fleet_telemetry,BETA-NORTH-TRUCK-018,haul_truck,2026-09-01T16:18:26.854Z,6,-16.62604,-71.512519,330.7,26.0,Pit-A,cycle-beta-north-truck-018-00002,hauling,217.5,240.0,191102.76,29.1,True,False,3674.49,492559.42,False,False,False,88.3,24.2,[],1.0
c24b90a2-b1ed-427a-acb7-7dfdf5dbd7f1,1.0,beta-minerals,north-site,fleet_telemetry,BETA-NORTH-TRUCK-019,haul_truck,2026-09-01T16:18:26.854Z,6,-16.562182,-71.539215,343.6,41.4,Pit-A,cycle-beta-north-truck-019-00002,hauling,221.8,240.0,374532.42,78.3,True,False,6093.17,468178.95,False,False,False,92.7,24.6,[],1.0
ebfc6f41-5f13-4a0e-9d51-4f0353c0b265,1.0,beta-minerals,north-site,fleet_telemetry,BETA-NORTH-TRUCK-020,haul_truck,2026-09-01T16:18:26.854Z,6,-16.5474,-71.553052,280.0,40.7,Pit-A,cycle-beta-north-truck-020-00002,hauling,216.5,240.0,43227.59,80.6,True,False,14109.64,256358.72,False,False,False,87.4,24.0,[],1.0
363844a8-3c6e-4954-b8e1-44a98b90a4ad,1.0,beta-minerals,north-site,fleet_telemetry,BETA-NORTH-TRUCK-021,haul_truck,2026-09-01T16:18:26.854Z,6,-16.53482,-71.602608,64.2,40.4,Pit-A,cycle-beta-north-truck-021-00002,hauling,219.8,240.0,266060.86,85.8,True,False,10439.56,327468.17,False,False,False,90.3,25.1,[],1.0
b1b9ff29-b017-4cae-a2d0-1500b2f794ca,1.0,beta-minerals,north-site,fleet_telemetry,BETA-NORTH-TRUCK-022,haul_truck,2026-09-01T16:18:26.854Z,6,-16.538446,-71.538369,158.2,27.3,Pit-A,cycle-beta-north-truck-022-00002,hauling,223.6,240.0,184995.41,92.7,True,False,18822.26,521277.24,False,False,False,92.6,23.8,[],1.0
f2f9c35b-d1e0-4649-bd74-dcd3c09e1006,1.0,beta-minerals,north-site,fleet_telemetry,BETA-NORTH-TRUCK-023,haul_truck,2026-09-01T16:18:26.854Z,6,-16.615441,-71.508269,215.0,33.0,Pit-A,cycle-beta-north-truck-023-00002,hauling,224.2,240.0,259102.95,58.9,True,False,7960.42,384098.33,False,False,False,89.3,24.6,[],1.0
752038aa-d210-47e8-9d8f-1ddf5091f720,1.0,beta-minerals,north-site,fleet_telemetry,BETA-NORTH-TRUCK-024,haul_truck,2026-09-01T16:18:26.854Z,6,-16.645105,-71.544448,298.9,29.9,Pit-A,cycle-beta-north-truck-024-00002,hauling,218.7,240.0,17164.22,90.0,True,False,14075.01,547122.51,False,False,False,86.1,25.2,[],1.0
69944324-6602-4db2-9fd0-6e0545db24bc,1.0,beta-minerals,north-site,fleet_telemetry,BETA-NORTH-TRUCK-025,haul_truck,2026-09-01T16:18:26.854Z,6,-16.644979,-71.468283,20.3,29.2,Pit-A,cycle-beta-north-truck-025-00002,hauling,225.9,240.0,68042.18,70.5,True,False,5089.15,453813.02,False,False,False,95.0,24.8,[],1.0
c57cc2f8-23e9-49bc-bd2a-f1804da81594,1.0,beta-minerals,north-site,fleet_telemetry,BETA-NORTH-TRUCK-026,haul_truck,2026-09-01T16:18:26.854Z,6,-16.606962,-71.568616,170.0,31.1,Pit-A,cycle-beta-north-truck-026-00002,hauling,216.8,240.0,407672.54,36.6,True,False,6108.26,254261.71,False,False,False,93.2,25.1,[],1.0
d7cfa0e3-e0cc-422e-8a3b-85fd56e8f385,1.0,beta-minerals,north-site,fleet_telemetry,BETA-NORTH-TRUCK-027,haul_truck,2026-09-01T16:18:26.854Z,6,-16.657922,-71.522539,196.4,35.5,Pit-A,cycle-beta-north-truck-027-00002,hauling,225.3,240.0,51881.24,39.9,True,False,9899.7,77455.65,False,False,False,91.4,24.1,[],1.0
96152709-1338-4464-b51e-7b38e869942a,1.0,beta-minerals,north-site,fleet_telemetry,BETA-NORTH-TRUCK-028,haul_truck,2026-09-01T16:18:26.854Z,6,-16.602807,-71.596343,109.9,30.2,Pit-A,cycle-beta-north-truck-028-00002,hauling,218.1,240.0,369528.4,94.1,True,False,996.89,458226.31,False,False,False,91.8,24.8,[],1.0
644ec569-fb8c-4db1-8f15-97c8044e1519,1.0,beta-minerals,north-site,fleet_telemetry,BETA-NORTH-TRUCK-029,haul_truck,2026-09-01T16:18:26.854Z,6,-16.622527,-71.556268,132.5,30.2,Pit-A,cycle-beta-north-truck-029-00002,hauling,227.7,240.0,55409.1,50.7,True,False,2693.83,527752.95,False,False,False,89.3,23.9,[],1.0
ea2aa032-e23d-41af-9998-b76c13abe606,1.0,beta-minerals,north-site,fleet_telemetry,BETA-NORTH-TRUCK-030,haul_truck,2026-09-01T16:18:26.854Z,6,-16.572743,-71.591216,33.4,25.2,Pit-A,cycle-beta-north-truck-030-00002,hauling,216.6,240.0,40101.53,64.4,True,False,14401.42,446596.48,False,False,False,89.1,24.4,[],1.0
7a5037c7-5337-4040-b974-e11c9aa8148e,1.0,beta-minerals,north-site,fleet_telemetry,BETA-NORTH-TRUCK-031,haul_truck,2026-09-01T16:18:26.854Z,6,-16.532787,-71.603614,157.8,29.5,Pit-A,cycle-beta-north-truck-031-00002,hauling,220.3,240.0,191152.78,73.0,True,False,14115.31,115365.83,False,False,False,87.4,24.5,[],1.0
c51da890-c67b-4f22-9483-44bd23354d5f,1.0,beta-minerals,north-site,fleet_telemetry,BETA-NORTH-TRUCK-032,haul_truck,2026-09-01T16:18:26.854Z,6,-16.648047,-71.573184,108.1,37.4,Pit-A,cycle-beta-north-truck-032-00002,hauling,221.5,240.0,433829.86,47.0,True,False,13298.98,261940.25,False,False,False,89.6,24.9,[],1.0
3a7281e6-4715-43ee-bfa4-c989ce9ef991,1.0,beta-minerals,north-site,fleet_telemetry,BETA-NORTH-TRUCK-033,haul_truck,2026-09-01T16:18:26.854Z,6,-16.666094,-71.481952,175.8,34.3,Pit-A,cycle-beta-north-truck-033-00002,hauling,218.4,240.0,135365.58,90.9,True,False,13541.19,474343.32,False,False,False,89.3,24.5,[],1.0
d0e34cde-524b-4c4d-a2a2-d4051e2548fa,1.0,beta-minerals,north-site,fleet_telemetry,BETA-NORTH-TRUCK-034,haul_truck,2026-09-01T16:18:26.854Z,6,-16.661674,-71.473864,86.2,28.0,Pit-A,cycle-beta-north-truck-034-00002,hauling,225.5,240.0,339051.63,45.7,True,False,11776.29,340999.36,False,False,False,92.9,24.7,[],1.0
b5b93ca9-828c-4724-a02e-f69dbf476f2f,1.0,beta-minerals,north-site,fleet_telemetry,BETA-NORTH-TRUCK-035,haul_truck,2026-09-01T16:18:26.854Z,6,-16.5282,-71.615597,63.0,40.5,Pit-A,cycle-beta-north-truck-035-00002,hauling,221.7,240.0,290756.65,29.9,True,False,8980.78,171881.65,False,False,False,91.3,25.1,[],1.0
17af8cc5-6d6d-421b-a31e-c6906a87a112,1.0,beta-minerals,north-site,fleet_telemetry,BETA-NORTH-TRUCK-036,haul_truck,2026-09-01T16:18:26.854Z,6,-16.561157,-71.495469,156.5,25.2,Pit-A,cycle-beta-north-truck-036-00002,hauling,216.1,240.0,260087.8,50.5,True,False,3598.05,562312.94,False,False,False,94.3,24.2,[],1.0
574da103-791b-451f-aefc-bf58574012ff,1.0,beta-minerals,north-site,fleet_telemetry,BETA-NORTH-TRUCK-037,haul_truck,2026-09-01T16:18:26.854Z,6,-16.660723,-71.491243,333.5,25.1,Pit-A,cycle-beta-north-truck-037-00002,hauling,219.9,240.0,125361.95,27.8,True,False,1153.82,62545.63,False,False,False,92.6,24.8,[],1.0
0e6635c6-e222-4176-9f63-7eb15cfeed63,1.0,beta-minerals,north-site,fleet_telemetry,BETA-NORTH-TRUCK-038,haul_truck,2026-09-01T16:18:26.854Z,6,-16.584399,-71.593099,152.9,32.7,Pit-A,cycle-beta-north-truck-038-00002,hauling,222.8,240.0,187002.49,69.8,True,False,17062.74,286852.54,False,False,False,87.1,24.5,[],1.0
e3e8cf96-e2d8-4989-afc4-d4f2d792a1c0,1.0,beta-minerals,north-site,fleet_telemetry,BETA-NORTH-TRUCK-039,haul_truck,2026-09-01T16:18:26.854Z,6,-16.607886,-71.515996,58.5,29.3,Pit-A,cycle-beta-north-truck-039-00002,hauling,221.3,240.0,365546.86,62.5,True,False,11639.67,148014.55,False,False,False,89.8,24.9,[],1.0
796e6e16-1a9d-4a0a-83d5-3c84c3ffae77,1.0,beta-minerals,north-site,fleet_telemetry,BETA-NORTH-TRUCK-040,haul_truck,2026-09-01T16:18:26.854Z,6,-16.631296,-71.469553,207.2,34.6,Pit-A,cycle-beta-north-truck-040-00002,hauling,220.8,240.0,429508.73,41.7,True,False,7375.6,295616.35,False,False,False,91.9,25.0,[],1.0
055951a2-fa6c-4090-b735-911e6e0c1501,1.0,beta-minerals,north-site,fleet_telemetry,BETA-NORTH-TRUCK-041,haul_truck,2026-09-01T16:18:26.854Z,6,-16.557102,-71.50525,284.4,35.3,Pit-A,cycle-beta-north-truck-041-00002,hauling,223.3,240.0,335890.02,33.3,True,False,7356.96,487267.03,False,False,False,91.8,24.8,[],1.0
3d5d1e62-c5d6-4858-93b6-151205c0f002,1.0,beta-minerals,north-site,fleet_telemetry,BETA-NORTH-TRUCK-042,haul_truck,2026-09-01T16:18:26.854Z,6,-16.650097,-71.492532,84.2,26.0,Pit-A,cycle-beta-north-truck-042-00002,hauling,222.9,240.0,327137.25,36.7,True,False,11887.72,513282.0,False,False,False,91.3,25.1,[],1.0
a001b12b-a499-4b24-9806-b048840e8016,1.0,beta-minerals,north-site,fleet_telemetry,BETA-NORTH-TRUCK-043,haul_truck,2026-09-01T16:18:26.854Z,6,-16.660154,-71.503517,325.6,36.8,Pit-A,cycle-beta-north-truck-043-00002,hauling,220.9,240.0,365127.88,44.0,True,False,17154.33,38494.58,False,False,False,91.2,24.0,[],1.0
ff06aa5b-4100-4364-8d60-b0e2150454f9,1.0,beta-minerals,north-site,fleet_telemetry,BETA-NORTH-TRUCK-044,haul_truck,2026-09-01T16:18:26.854Z,6,-16.643664,-71.592315,324.2,29.3,Pit-A,cycle-beta-north-truck-044-00002,hauling,219.6,240.0,34393.63,85.1,True,False,11318.34,341792.71,False,False,False,93.5,24.7,[],1.0
029ae369-ff36-411b-a77f-6fe72171f724,1.0,beta-minerals,north-site,fleet_telemetry,BETA-NORTH-TRUCK-045,haul_truck,2026-09-01T16:18:26.854Z,6,-16.533007,-71.615552,320.3,37.0,Pit-A,cycle-beta-north-truck-045-00002,hauling,226.5,240.0,335943.61,25.1,True,False,15091.36,92660.35,False,False,False,94.2,24.3,[],1.0
5148f03d-107e-499f-a065-cb690a9f7746,1.0,beta-minerals,north-site,fleet_telemetry,BETA-NORTH-TRUCK-046,haul_truck,2026-09-01T16:18:26.854Z,6,-16.581967,-71.47127,18.5,36.8,Pit-A,cycle-beta-north-truck-046-00002,hauling,224.9,240.0,419710.86,85.0,True,False,8919.17,114553.48,False,False,False,94.4,24.0,[],1.0
f4e3f8c3-19ed-452b-8a76-3155b06fa844,1.0,beta-minerals,north-site,fleet_telemetry,BETA-NORTH-TRUCK-047,haul_truck,2026-09-01T16:18:26.854Z,6,-16.538235,-71.526062,301.8,31.9,Pit-A,cycle-beta-north-truck-047-00002,hauling,226.8,240.0,412976.52,47.4,True,False,5559.73,176405.95,False,False,False,94.5,24.9,[],1.0
4eb28a0f-a4dd-4bce-81de-a84a7da77247,1.0,beta-minerals,north-site,fleet_telemetry,BETA-NORTH-TRUCK-048,haul_truck,2026-09-01T16:18:26.854Z,6,-16.659365,-71.543072,5.2,29.4,Pit-A,cycle-beta-north-truck-048-00002,hauling,221.4,240.0,441822.53,91.8,True,False,4602.11,526733.09,False,False,False,86.8,24.3,[],1.0
e221794f-b865-486f-a287-e10defd88f0f,1.0,beta-minerals,north-site,fleet_telemetry,BETA-NORTH-TRUCK-049,haul_truck,2026-09-01T16:18:26.854Z,6,-16.580187,-71.568853,286.1,34.5,Pit-A,cycle-beta-north-truck-049-00002,hauling,225.7,240.0,13506.86,39.0,True,False,7738.79,368447.72,False,False,False,93.9,24.1,[],1.0
46d5d6fd-15d2-42a6-9cea-a87c967b76a0,1.0,beta-minerals,north-site,fleet_telemetry,BETA-NORTH-TRUCK-050,haul_truck,2026-09-01T16:18:26.854Z,6,-16.553217,-71.53006,261.3,32.9,Pit-A,cycle-beta-north-truck-050-00002,hauling,222.3,240.0,449026.76,79.3,True,False,8607.41,632270.52,False,False,False,86.8,24.7,[],1.0
f9bfb3f6-b7c0-46c3-be9f-73cf28dc5b2f,1.0,beta-minerals,north-site,fleet_telemetry,BETA-NORTH-TRUCK-051,haul_truck,2026-09-01T16:18:26.854Z,6,-16.536071,-71.477108,88.4,27.8,Pit-A,cycle-beta-north-truck-051-00002,hauling,217.4,240.0,112519.43,49.2,True,False,935.22,278322.89,False,False,False,86.8,25.2,[],1.0
7bad6857-d6b8-490b-bf31-93f795172ed7,1.0,beta-minerals,north-site,fleet_telemetry,BETA-NORTH-TRUCK-052,haul_truck,2026-09-01T16:18:26.854Z,6,-16.637595,-71.460177,8.2,32.9,Pit-A,cycle-beta-north-truck-052-00002,hauling,222.9,240.0,334756.8,46.5,True,False,16889.31,257053.26,False,False,False,94.9,24.9,[],1.0
03ec4759-7518-4c4f-8405-e29b887ab1b6,1.0,beta-minerals,north-site,fleet_telemetry,BETA-NORTH-TRUCK-053,haul_truck,2026-09-01T16:18:26.854Z,6,-16.633368,-71.482198,160.3,35.8,Pit-A,cycle-beta-north-truck-053-00002,hauling,226.2,240.0,133123.54,28.0,True,False,21418.26,109695.42,False,False,False,94.3,24.6,[],1.0
646e1e68-1621-4b7a-ae95-a31ed646b23f,1.0,beta-minerals,north-site,fleet_telemetry,BETA-NORTH-TRUCK-054,haul_truck,2026-09-01T16:18:26.854Z,6,-16.568406,-71.554406,284.1,30.7,Pit-A,cycle-beta-north-truck-054-00002,hauling,223.0,240.0,265539.5,60.3,True,False,10519.32,491176.75,False,False,False,88.2,23.9,[],1.0
d703f9f2-1ab7-455a-9325-8811ffbdd86a,1.0,beta-minerals,north-site,fleet_telemetry,BETA-NORTH-TRUCK-055,haul_truck,2026-09-01T16:18:26.854Z,6,-16.620022,-71.489362,269.6,38.9,Pit-A,cycle-beta-north-truck-055-00002,hauling,225.1,240.0,114179.99,43.2,True,False,10021.65,627457.66,False,False,False,90.6,24.9,[],1.0
c31bd853-da10-41c9-8723-c0b65d24f603,1.0,beta-minerals,north-site,fleet_telemetry,BETA-NORTH-TRUCK-056,haul_truck,2026-09-01T16:18:26.854Z,6,-16.545584,-71.523934,86.8,36.0,Pit-A,cycle-beta-north-truck-056-00002,hauling,224.9,240.0,42862.9,39.2,True,False,7542.83,191332.34,False,False,False,87.2,24.6,[],1.0
6bc09c3f-754d-4632-b8c1-998890505c1b,1.0,beta-minerals,north-site,fleet_telemetry,BETA-NORTH-TRUCK-057,haul_truck,2026-09-01T16:18:26.854Z,6,-16.547162,-71.545181,232.6,24.2,Pit-A,cycle-beta-north-truck-057-00002,hauling,227.8,240.0,63124.59,50.0,True,False,10330.82,217841.1,False,False,False,89.1,24.2,[],1.0
6f908887-b421-44ab-b6ff-bfeece36820e,1.0,beta-minerals,north-site,fleet_telemetry,BETA-NORTH-TRUCK-058,haul_truck,2026-09-01T16:18:26.854Z,6,-16.5739,-71.583118,287.1,26.2,Pit-A,cycle-beta-north-truck-058-00002,hauling,222.4,240.0,143855.02,74.3,True,False,2716.93,528786.17,False,False,False,94.3,25.0,[],1.0
35aa2b4c-1a4f-4199-86d9-48090c05dc86,1.0,beta-minerals,north-site,fleet_telemetry,BETA-NORTH-TRUCK-059,haul_truck,2026-09-01T16:18:26.854Z,6,-16.562056,-71.575883,25.1,54.6,Pit-A,cycle-beta-north-truck-059-00002,hauling,224.6,240.0,166527.24,60.9,True,False,2733.72,176377.99,False,False,True,88.1,24.3,[],1.0
af108a8c-07f6-44d1-82be-1a69adc5020c,1.0,beta-minerals,north-site,fleet_telemetry,BETA-NORTH-TRUCK-060,haul_truck,2026-09-01T16:18:26.854Z,6,-16.655215,-71.601215,28.4,36.5,Pit-A,cycle-beta-north-truck-060-00002,hauling,220.8,240.0,254620.08,63.5,True,False,20984.46,558398.97,False,False,False,95.2,24.8,[],1.0
f89b9762-f0f0-4cfb-bcee-353f09fef0bc,1.0,beta-minerals,north-site,fleet_telemetry,BETA-NORTH-TRUCK-061,haul_truck,2026-09-01T16:18:26.854Z,6,-16.538621,-71.55793,253.5,33.2,Pit-A,cycle-beta-north-truck-061-00002,hauling,218.9,240.0,442330.01,34.1,True,False,1053.5,543134.71,False,False,False,92.2,24.7,[],1.0
2d70850c-9353-45c0-ad78-9d50017790a4,1.0,beta-minerals,north-site,fleet_telemetry,BETA-NORTH-TRUCK-062,haul_truck,2026-09-01T16:18:26.854Z,6,-16.660082,-71.473058,343.9,33.8,Pit-A,cycle-beta-north-truck-062-00002,hauling,221.2,240.0,367609.15,26.5,True,False,13145.27,183057.17,False,False,False,89.7,24.4,[],1.0
d936f4b6-3460-4436-9f9f-7aa8645e2639,1.0,beta-minerals,north-site,fleet_telemetry,BETA-NORTH-TRUCK-063,haul_truck,2026-09-01T16:18:26.854Z,6,-16.519653,-71.609358,66.9,28.4,Pit-A,cycle-beta-north-truck-063-00002,hauling,218.9,240.0,365910.8,33.5,True,False,2749.96,553783.67,False,False,False,90.9,24.3,[],1.0
e77f9e1f-39dc-4ff5-a5af-a0308ad8eae3,1.0,beta-minerals,north-site,fleet_telemetry,BETA-NORTH-TRUCK-064,haul_truck,2026-09-01T16:18:26.854Z,6,-16.642781,-71.583166,48.2,39.8,Pit-A,cycle-beta-north-truck-064-00002,hauling,224.1,240.0,22972.63,72.8,True,False,18219.74,268849.32,False,False,False,86.4,24.5,[],1.0
b79facef-7aff-448a-87aa-7775057bffea,1.0,beta-minerals,north-site,fleet_telemetry,BETA-NORTH-TRUCK-065,haul_truck,2026-09-01T16:18:26.854Z,6,-16.566831,-71.537629,275.6,28.3,Pit-A,cycle-beta-north-truck-065-00002,hauling,222.5,240.0,280207.32,68.2,True,False,10255.45,113637.9,False,False,False,90.2,24.3,[],1.0
2052f318-5d95-46fc-a308-5a5bff280fca,1.0,beta-minerals,north-site,fleet_telemetry,BETA-NORTH-TRUCK-066,haul_truck,2026-09-01T16:18:26.854Z,6,-16.528865,-71.533351,24.7,24.1,Pit-A,cycle-beta-north-truck-066-00002,hauling,220.5,240.0,70384.27,38.9,True,False,2092.76,196259.0,False,False,False,88.5,24.8,[],1.0
1d19c9f7-05ac-4dc3-8429-c5904b5737ab,1.0,beta-minerals,north-site,fleet_telemetry,BETA-NORTH-TRUCK-067,haul_truck,2026-09-01T16:18:26.854Z,6,-16.583287,-71.539978,73.7,52.2,Pit-A,cycle-beta-north-truck-067-00002,hauling,227.4,240.0,354043.36,50.1,True,False,17650.75,643324.44,False,False,True,92.3,24.5,[],1.0
bfb881b6-b4e0-456e-8705-5bdcfad4d6b3,1.0,beta-minerals,north-site,fleet_telemetry,BETA-NORTH-TRUCK-068,haul_truck,2026-09-01T16:18:26.854Z,6,-16.665721,-71.487824,13.5,38.7,Pit-A,cycle-beta-north-truck-068-00002,hauling,227.7,240.0,21468.13,66.8,True,False,7618.02,190374.63,False,False,False,95.6,24.7,[],1.0
02586591-3e32-4da1-94c7-8e729182d965,1.0,beta-minerals,north-site,fleet_telemetry,BETA-NORTH-TRUCK-069,haul_truck,2026-09-01T16:18:26.854Z,6,-16.654394,-71.51245,152.0,33.8,Pit-A,cycle-beta-north-truck-069-00002,hauling,217.7,240.0,449826.95,93.1,True,False,12023.97,503110.68,False,False,False,90.2,25.1,[],1.0
58396f67-6744-4faa-be3a-2b7cc76569db,1.0,beta-minerals,north-site,fleet_telemetry,BETA-NORTH-TRUCK-070,haul_truck,2026-09-01T16:18:26.854Z,6,-16.608251,-71.467861,208.4,33.2,Pit-A,cycle-beta-north-truck-070-00002,hauling,221.4,240.0,263304.95,93.8,True,False,16997.86,617115.7,False,False,False,91.3,24.6,[],1.0
4ec17992-ad3a-47a1-80c1-4b9ade5315d6,1.0,beta-minerals,north-site,fleet_telemetry,BETA-NORTH-TRUCK-071,haul_truck,2026-09-01T16:18:26.854Z,6,-16.524164,-71.613019,93.6,38.3,Pit-A,cycle-beta-north-truck-071-00002,hauling,216.5,240.0,364732.92,73.8,True,False,4533.34,393287.42,False,False,False,91.0,24.9,[],1.0
db9eab44-2eb3-4dce-aaa2-2f04563a349b,1.0,beta-minerals,north-site,fleet_telemetry,BETA-NORTH-TRUCK-072,haul_truck,2026-09-01T16:18:26.854Z,6,-16.529338,-71.538721,182.0,40.5,Pit-A,cycle-beta-north-truck-072-00002,hauling,216.0,240.0,92823.24,94.1,True,False,12748.47,374758.75,False,False,False,87.7,24.9,[],1.0
fbd7acbb-e6c0-4e8c-8b73-89bb11074286,1.0,beta-minerals,north-site,fleet_telemetry,BETA-NORTH-TRUCK-073,haul_truck,2026-09-01T16:18:26.854Z,6,-16.59393,-71.564408,40.3,29.0,Pit-A,cycle-beta-north-truck-073-00002,hauling,219.8,240.0,274732.05,26.4,True,False,1604.84,55385.96,False,False,False,95.6,24.8,[],1.0
fcb01aac-145f-4e03-bbf4-eb5bdc6b55ef,1.0,beta-minerals,north-site,fleet_telemetry,BETA-NORTH-TRUCK-074,haul_truck,2026-09-01T16:18:26.854Z,6,-16.660885,-71.59382,163.2,39.0,Pit-A,cycle-beta-north-truck-074-00002,hauling,217.6,240.0,363067.18,85.7,True,False,8024.1,131799.86,False,False,False,90.9,25.0,[],1.0
eed5c161-1875-4b4a-a368-de4518bd8752,1.0,beta-minerals,north-site,fleet_telemetry,BETA-NORTH-TRUCK-075,haul_truck,2026-09-01T16:18:26.854Z,6,-16.610613,-71.466792,272.6,24.4,Pit-A,cycle-beta-north-truck-075-00002,hauling,227.8,240.0,388694.99,92.2,True,False,17216.58,553283.09,False,False,False,93.9,25.0,[],1.0
1fca2bcc-0553-4030-b719-11ea3a321e49,1.0,beta-minerals,north-site,fleet_telemetry,BETA-NORTH-TRUCK-076,haul_truck,2026-09-01T16:18:26.854Z,6,-16.600472,-71.515256,181.3,38.8,Pit-A,cycle-beta-north-truck-076-00002,hauling,219.7,240.0,439379.12,76.2,True,False,7935.1,223240.16,False,False,False,88.1,24.5,[],1.0
10816f82-c8fa-4c7a-99ca-dd1fe2f7e140,1.0,beta-minerals,north-site,fleet_telemetry,BETA-NORTH-TRUCK-077,haul_truck,2026-09-01T16:18:26.854Z,6,-16.544507,-71.581824,80.1,25.2,Pit-A,cycle-beta-north-truck-077-00002,hauling,225.0,240.0,315167.0,90.0,True,False,4493.1,630308.16,False,False,False,95.6,24.1,[],1.0
882dd481-f463-4f85-86b6-1a9970eefdf0,1.0,beta-minerals,north-site,fleet_telemetry,BETA-NORTH-TRUCK-078,haul_truck,2026-09-01T16:18:26.854Z,6,-16.670088,-71.505168,217.8,31.3,Pit-A,cycle-beta-north-truck-078-00002,hauling,217.1,240.0,139588.02,37.4,True,False,8821.75,482416.97,False,False,False,93.2,24.7,[],1.0
a945e156-fa45-4ea6-8e1f-f5cc5d92dc36,1.0,beta-minerals,north-site,fleet_telemetry,BETA-NORTH-TRUCK-079,haul_truck,2026-09-01T16:18:26.854Z,6,-16.63509,-71.527021,67.0,26.0,Pit-A,cycle-beta-north-truck-079-00002,hauling,226.5,240.0,415257.24,92.7,True,False,1486.52,399504.99,False,False,False,95.7,24.0,[],1.0
f8f1598a-d970-4e22-ae99-0a969d83b137,1.0,beta-minerals,north-site,fleet_telemetry,BETA-NORTH-TRUCK-080,haul_truck,2026-09-01T16:18:26.854Z,6,-16.568617,-71.463419,61.3,26.4,Pit-A,cycle-beta-north-truck-080-00002,hauling,219.1,240.0,162596.88,47.3,True,False,7820.78,69018.32,False,False,False,92.6,25.0,[],1.0
b3fe9d02-7443-4714-9977-d81e1ea24404,1.0,acme-mining,site-01,fleet_telemetry,ACME-S01-TRUCK-001,haul_truck,2026-09-01T16:18:31.854Z,7,-16.552555,-71.509215,125.9,0.5,Dump-A,cycle-acme-s01-truck-001-00002,dumping,0.0,240.0,131013.34,40.6,True,True,14355.86,35756.89,False,False,False,88.6,25.1,[],1.0
7dd7ceb6-dafc-40d8-984f-4256accd43bb,1.0,acme-mining,site-01,fleet_telemetry,ACME-S01-TRUCK-002,haul_truck,2026-09-01T16:18:31.854Z,7,-16.574101,-71.527667,58.7,0.1,Dump-A,cycle-acme-s01-truck-002-00002,dumping,0.0,240.0,51226.35,41.2,True,True,13318.45,40023.23,False,False,False,91.3,24.2,[],1.0
b87becf3-4f45-4bc0-b0cf-4de47a4f1e22,1.0,acme-mining,site-01,fleet_telemetry,ACME-S01-TRUCK-003,haul_truck,2026-09-01T16:18:31.854Z,7,-16.54899,-71.591951,240.5,0.2,Dump-A,cycle-acme-s01-truck-003-00002,dumping,0.0,240.0,132404.36,85.8,True,True,9693.83,303001.86,False,False,False,94.3,24.1,[],1.0
22e897e9-d962-46c1-a12d-573c131338b6,1.0,acme-mining,site-01,fleet_telemetry,ACME-S01-TRUCK-004,haul_truck,2026-09-01T16:18:31.854Z,7,-16.6549,-71.481937,291.2,0.7,Dump-A,cycle-acme-s01-truck-004-00002,dumping,0.0,240.0,158102.04,31.5,True,True,4096.18,623044.37,False,False,False,109.8,25.1,"[""ENG_OVERHEAT""]",0.72
aaac149d-a7ea-4ff8-9eac-45791c1fca24,1.0,acme-mining,site-01,fleet_telemetry,ACME-S01-TRUCK-005,haul_truck,2026-09-01T16:18:31.854Z,7,-16.582073,-71.484816,308.0,1.4,Dump-A,cycle-acme-s01-truck-005-00002,dumping,0.0,240.0,438171.38,51.5,True,True,16270.32,357823.84,False,False,False,95.5,24.2,[],1.0
fe51abca-da5a-4373-b0d5-e012f774c29c,1.0,acme-mining,site-01,fleet_telemetry,ACME-S01-TRUCK-006,haul_truck,2026-09-01T16:18:31.854Z,7,-16.624068,-71.604687,318.1,0.1,Dump-A,cycle-acme-s01-truck-006-00002,dumping,0.0,240.0,30163.17,40.9,True,True,13039.88,463880.4,False,False,False,94.8,24.4,[],1.0
607cda1e-8e86-4b55-af50-cb581d62e8c5,1.0,acme-mining,site-01,fleet_telemetry,ACME-S01-TRUCK-007,haul_truck,2026-09-01T16:18:31.854Z,7,-16.613525,-71.510275,284.4,0.8,Dump-A,cycle-acme-s01-truck-007-00002,dumping,0.0,240.0,377009.03,36.3,True,True,8858.69,305648.62,False,False,False,94.4,24.2,[],1.0
97a3658e-8c8e-4b76-9f62-2affd46c5674,1.0,acme-mining,site-01,fleet_telemetry,ACME-S01-TRUCK-008,haul_truck,2026-09-01T16:18:31.854Z,7,-16.60971,-71.459187,21.6,0.7,Dump-A,cycle-acme-s01-truck-008-00002,dumping,0.0,240.0,330816.24,36.4,True,True,13713.59,127817.49,False,False,False,87.6,24.1,[],1.0
a1a3f41d-6c9b-477d-a27a-2a3a6afb2832,1.0,acme-mining,site-01,fleet_telemetry,ACME-S01-TRUCK-009,haul_truck,2026-09-01T16:18:31.854Z,7,-16.538924,-71.488689,290.2,0.0,Dump-A,cycle-acme-s01-truck-009-00002,dumping,0.0,240.0,348058.42,28.9,True,True,5455.85,224298.26,False,False,False,95.3,24.2,[],1.0
1d685e91-932b-4942-9aa4-e28f552524d1,1.0,acme-mining,site-01,fleet_telemetry,ACME-S01-TRUCK-010,haul_truck,2026-09-01T16:18:31.854Z,7,-16.565538,-71.554159,45.2,0.8,Dump-A,cycle-acme-s01-truck-010-00002,dumping,0.0,240.0,395602.2,47.0,True,True,5272.85,614033.27,False,False,False,95.7,24.2,[],1.0
ac190e7e-6cf2-4ea5-9a0b-26ee15d198b5,1.0,acme-mining,site-01,fleet_telemetry,ACME-S01-TRUCK-011,haul_truck,2026-09-01T16:18:31.854Z,7,-16.550889,-71.548959,261.3,0.4,Dump-A,cycle-acme-s01-truck-011-00002,dumping,0.0,240.0,337795.6,62.7,True,True,3828.89,107967.24,False,False,False,86.5,25.0,[],1.0
594167b1-5fb3-4377-9c59-8a0510520580,1.0,acme-mining,site-01,fleet_telemetry,ACME-S01-TRUCK-012,haul_truck,2026-09-01T16:18:31.854Z,7,-16.662844,-71.599929,54.3,1.1,Dump-A,cycle-acme-s01-truck-012-00002,dumping,0.0,240.0,234192.01,31.3,True,True,5449.61,648448.86,False,False,False,95.5,24.3,[],1.0
e2589c09-363a-47a8-a6e9-32d2f38a2337,1.0,acme-mining,site-01,fleet_telemetry,ACME-S01-TRUCK-013,haul_truck,2026-09-01T16:18:31.854Z,7,-16.630192,-71.528985,270.4,1.0,Dump-A,cycle-acme-s01-truck-013-00002,dumping,0.0,240.0,272191.35,57.7,True,True,13443.88,262403.54,False,False,False,92.0,24.0,[],1.0
11dd91e1-d70b-4a82-a9b6-09fa665d0cff,1.0,acme-mining,site-01,fleet_telemetry,ACME-S01-TRUCK-014,haul_truck,2026-09-01T16:18:31.854Z,7,-16.652535,-71.547911,143.8,0.4,Dump-A,cycle-acme-s01-truck-014-00002,dumping,0.0,240.0,127403.53,69.8,True,True,15252.27,358291.48,False,False,False,86.2,24.8,[],1.0
8c4a0492-119e-453f-a2fc-625715d819f1,1.0,acme-mining,site-01,fleet_telemetry,ACME-S01-TRUCK-015,haul_truck,2026-09-01T16:18:31.854Z,7,-16.57034,-71.482832,44.5,1.2,Dump-A,cycle-acme-s01-truck-015-00002,dumping,0.0,240.0,233380.38,32.4,True,True,21404.04,500036.33,False,False,False,86.9,24.7,[],1.0
657f2b1e-77ea-49ff-9875-a0c132ce350e,1.0,acme-mining,site-01,fleet_telemetry,ACME-S01-TRUCK-016,haul_truck,2026-09-01T16:18:31.854Z,7,-16.585559,-71.617388,28.9,0.9,Dump-A,cycle-acme-s01-truck-016-00002,dumping,0.0,240.0,247327.22,79.5,True,True,4040.2,500381.95,False,False,False,91.5,24.0,[],1.0
eb9a6e72-b9d2-4569-94f8-b57a88692f1f,1.0,acme-mining,site-01,fleet_telemetry,ACME-S01-TRUCK-017,haul_truck,2026-09-01T16:18:31.854Z,7,-16.632108,-71.578955,110.4,0.4,Dump-A,cycle-acme-s01-truck-017-00002,dumping,0.0,240.0,443541.85,81.4,True,True,3171.61,248678.02,False,False,False,90.3,24.3,[],1.0
3dabb2a0-bc80-4160-a239-76ac03a6616c,1.0,acme-mining,site-01,fleet_telemetry,ACME-S01-TRUCK-018,haul_truck,2026-09-01T16:18:31.854Z,7,-16.54785,-71.596958,180.9,0.9,Dump-A,cycle-acme-s01-truck-018-00002,dumping,0.0,240.0,40453.95,78.2,True,True,2615.86,326174.14,False,False,False,94.7,24.1,[],1.0
bcb64013-889a-48d6-b46b-acabe8d3c48f,1.0,acme-mining,site-01,fleet_telemetry,ACME-S01-TRUCK-019,haul_truck,2026-09-01T16:18:31.854Z,7,-16.52182,-71.496657,151.1,0.1,Dump-A,cycle-acme-s01-truck-019-00002,dumping,0.0,240.0,276901.77,92.5,True,True,4300.7,352434.61,False,False,False,91.9,23.8,[],1.0
78492dff-0858-4668-a1cd-86040e5ad7de,1.0,acme-mining,site-01,fleet_telemetry,ACME-S01-TRUCK-020,haul_truck,2026-09-01T16:18:31.854Z,7,-16.598182,-71.577831,125.0,0.6,Dump-A,cycle-acme-s01-truck-020-00002,dumping,0.0,240.0,174305.47,87.9,True,True,9258.65,443162.95,False,False,False,93.7,23.9,[],1.0
af1b524d-6d0f-4d91-a58d-671a50a7211e,1.0,acme-mining,site-01,fleet_telemetry,ACME-S01-TRUCK-021,haul_truck,2026-09-01T16:18:31.854Z,7,-16.569435,-71.580879,133.5,0.2,Dump-A,cycle-acme-s01-truck-021-00002,dumping,0.0,240.0,106896.09,29.9,True,True,13272.15,164972.42,False,False,False,113.3,24.1,"[""ENG_OVERHEAT""]",0.72
89a412d4-7c05-4aff-be7d-6b236ac9fdf9,1.0,acme-mining,site-01,fleet_telemetry,ACME-S01-TRUCK-022,haul_truck,2026-09-01T16:18:31.854Z,7,-16.64919,-71.46782,88.9,1.1,Dump-A,cycle-acme-s01-truck-022-00002,dumping,0.0,240.0,304350.67,40.0,True,True,2302.19,169943.12,False,False,False,93.3,23.8,[],1.0
b4116440-cf3b-4a21-ae60-bc057a69a13a,1.0,acme-mining,site-01,fleet_telemetry,ACME-S01-TRUCK-023,haul_truck,2026-09-01T16:18:31.854Z,7,-16.564956,-71.560816,342.3,1.1,Dump-A,cycle-acme-s01-truck-023-00002,dumping,0.0,240.0,189106.83,31.6,True,True,5951.55,317973.09,False,False,False,92.1,24.4,[],1.0
a7b29f9b-35ce-4150-9511-a430241879fa,1.0,acme-mining,site-01,fleet_telemetry,ACME-S01-TRUCK-024,haul_truck,2026-09-01T16:18:31.854Z,7,-16.616107,-71.479629,256.8,1.2,Dump-A,cycle-acme-s01-truck-024-00002,dumping,0.0,240.0,53304.31,53.1,True,True,15075.34,640024.22,False,False,False,87.4,24.7,[],1.0
77f4cb03-f071-4cc8-b2cd-e3756c8b984e,1.0,acme-mining,site-01,fleet_telemetry,ACME-S01-TRUCK-025,haul_truck,2026-09-01T16:18:31.854Z,7,-16.53045,-71.605442,58.7,0.8,Dump-A,cycle-acme-s01-truck-025-00002,dumping,0.0,240.0,90735.18,57.3,True,True,12169.27,108315.0,False,False,False,86.6,25.2,[],1.0
6eb8e67a-f711-4ba4-bb16-8c187b2c035a,1.0,acme-mining,site-01,fleet_telemetry,ACME-S01-TRUCK-026,haul_truck,2026-09-01T16:18:31.854Z,7,-16.655489,-71.496903,213.1,0.3,Dump-A,cycle-acme-s01-truck-026-00002,dumping,0.0,240.0,247859.14,26.0,True,True,2875.67,430851.41,False,False,False,91.5,24.6,[],1.0
111846fa-1435-4814-9d0c-79ed3a612cb1,1.0,acme-mining,site-01,fleet_telemetry,ACME-S01-TRUCK-027,haul_truck,2026-09-01T16:18:31.854Z,7,-16.609761,-71.459843,11.7,1.4,Dump-A,cycle-acme-s01-truck-027-00002,dumping,0.0,240.0,186458.17,29.1,True,True,11095.6,154660.94,False,False,False,94.1,23.8,[],1.0
50242b00-8887-457f-86b0-4df9487b993f,1.0,acme-mining,site-01,fleet_telemetry,ACME-S01-TRUCK-028,haul_truck,2026-09-01T16:18:31.854Z,7,-16.564521,-71.539641,86.6,0.4,Dump-A,cycle-acme-s01-truck-028-00002,dumping,0.0,240.0,331422.78,79.8,True,True,6847.29,458852.81,False,False,False,94.1,24.9,[],1.0
4892f779-08fc-42d6-b8d7-da4b6255c9b8,1.0,acme-mining,site-01,fleet_telemetry,ACME-S01-TRUCK-029,haul_truck,2026-09-01T16:18:31.854Z,7,-16.661253,-71.52403,274.2,0.7,Dump-A,cycle-acme-s01-truck-029-00002,dumping,0.0,240.0,248566.33,77.3,True,True,21336.65,384883.75,False,False,False,94.2,24.6,[],1.0
841eafb3-3b0b-436d-aa56-fc14754d5409,1.0,acme-mining,site-01,fleet_telemetry,ACME-S01-TRUCK-030,haul_truck,2026-09-01T16:18:31.854Z,7,-16.575175,-71.509462,272.7,0.1,Dump-A,cycle-acme-s01-truck-030-00002,dumping,0.0,240.0,45249.49,38.0,True,True,4137.58,625290.87,False,False,False,94.8,25.0,[],1.0
44e01e40-949f-4ee6-9b20-e2791c870016,1.0,acme-mining,site-01,fleet_telemetry,ACME-S01-TRUCK-031,haul_truck,2026-09-01T16:18:31.854Z,7,-16.657277,-71.512333,257.4,0.2,Dump-A,cycle-acme-s01-truck-031-00002,dumping,0.0,240.0,264724.83,27.7,True,True,20761.85,378895.66,False,False,False,89.5,25.2,[],1.0
ee23d2f8-7d98-4f84-a697-77e2d7078038,1.0,acme-mining,site-01,fleet_telemetry,ACME-S01-TRUCK-032,haul_truck,2026-09-01T16:18:31.854Z,7,-16.607088,-71.510034,209.4,1.5,Dump-A,cycle-acme-s01-truck-032-00002,dumping,0.0,240.0,325124.84,41.7,True,True,20615.78,148683.45,False,False,False,88.6,24.2,[],1.0
282f9f12-56a9-415e-b765-5682258c5899,1.0,acme-mining,site-01,fleet_telemetry,ACME-S01-TRUCK-033,haul_truck,2026-09-01T16:18:31.854Z,7,-16.580307,-71.601492,312.2,1.5,Dump-A,cycle-acme-s01-truck-033-00002,dumping,0.0,240.0,14099.25,68.4,True,True,20495.2,609512.78,False,False,False,91.2,25.1,[],1.0
a495771b-e090-4adb-9eae-bbc6b26a8373,1.0,acme-mining,site-01,fleet_telemetry,ACME-S01-TRUCK-034,haul_truck,2026-09-01T16:18:31.854Z,7,-16.611295,-71.592245,122.6,0.9,Dump-A,cycle-acme-s01-truck-034-00002,dumping,0.0,240.0,397580.68,86.5,True,True,6422.26,607953.55,False,False,False,95.6,24.3,[],1.0
7cb2636c-48d1-4355-a83e-6c9ae4cd126b,1.0,acme-mining,site-01,fleet_telemetry,ACME-S01-TRUCK-035,haul_truck,2026-09-01T16:18:31.854Z,7,-16.539677,-71.569576,59.9,0.2,Dump-A,cycle-acme-s01-truck-035-00002,dumping,0.0,240.0,297750.02,25.5,True,True,13767.58,641956.98,False,False,False,90.7,24.5,[],1.0
cd5df4c0-13af-48c9-943e-42746e655c4a,1.0,acme-mining,site-01,fleet_telemetry,ACME-S01-TRUCK-036,haul_truck,2026-09-01T16:18:31.854Z,7,-16.625284,-71.583821,169.8,1.3,Dump-A,cycle-acme-s01-truck-036-00002,dumping,0.0,240.0,336663.79,35.8,True,True,6406.69,580519.2,False,False,False,93.4,24.9,[],1.0
22f9fde1-e38a-435c-8939-40437c2348dd,1.0,acme-mining,site-01,fleet_telemetry,ACME-S01-TRUCK-037,haul_truck,2026-09-01T16:18:31.854Z,7,-16.56895,-71.484759,40.3,0.9,Dump-A,cycle-acme-s01-truck-037-00002,dumping,0.0,240.0,409590.42,28.5,True,True,11514.68,178206.55,False,False,False,88.3,24.4,[],1.0
7d110bc9-a93b-4ec7-ab1d-1c4a845759ea,1.0,acme-mining,site-01,fleet_telemetry,ACME-S01-TRUCK-038,haul_truck,2026-09-01T16:18:31.854Z,7,-16.582167,-71.549043,280.4,0.6,Dump-A,cycle-acme-s01-truck-038-00002,dumping,0.0,240.0,125260.76,76.8,True,True,17147.74,421381.58,False,False,False,91.1,24.5,[],1.0
8b65e915-f40a-4508-8556-a89b713a12b1,1.0,acme-mining,site-01,fleet_telemetry,ACME-S01-TRUCK-039,haul_truck,2026-09-01T16:18:31.854Z,7,-16.611302,-71.529126,214.4,1.3,Dump-A,cycle-acme-s01-truck-039-00002,dumping,0.0,240.0,75584.33,27.5,True,True,20835.09,455342.5,False,False,False,88.0,24.9,[],1.0
135499d9-cf78-4536-8c8a-99466545c6e1,1.0,acme-mining,site-01,fleet_telemetry,ACME-S01-TRUCK-040,haul_truck,2026-09-01T16:18:31.854Z,7,-16.526594,-71.583901,278.9,1.0,Dump-A,cycle-acme-s01-truck-040-00002,dumping,0.0,240.0,360294.26,85.2,True,True,7335.09,586358.5,False,False,False,90.8,24.5,[],1.0
dfc20570-8902-474a-b5e1-0ec7eef1b3dc,1.0,acme-mining,site-01,fleet_telemetry,ACME-S01-TRUCK-041,haul_truck,2026-09-01T16:18:31.854Z,7,-16.550478,-71.469361,316.1,0.7,Dump-A,cycle-acme-s01-truck-041-00002,dumping,0.0,240.0,394874.04,93.1,True,True,8298.0,372726.75,False,False,False,86.4,24.6,[],1.0
3c8ad2f5-7f8a-4804-9eab-3a3faf2d9af0,1.0,acme-mining,site-01,fleet_telemetry,ACME-S01-TRUCK-042,haul_truck,2026-09-01T16:18:31.854Z,7,-16.552516,-71.564345,103.2,0.2,Dump-A,cycle-acme-s01-truck-042-00002,dumping,0.0,240.0,397823.57,26.7,True,True,21495.58,530786.32,False,False,False,87.8,23.8,[],1.0
55b1fae2-e4e5-4913-af02-9a92965502fd,1.0,acme-mining,site-01,fleet_telemetry,ACME-S01-TRUCK-043,haul_truck,2026-09-01T16:18:31.854Z,7,-16.533036,-71.581892,167.5,1.1,Dump-A,cycle-acme-s01-truck-043-00002,dumping,0.0,240.0,57562.52,86.0,True,True,6456.29,516046.1,False,False,False,93.8,25.2,[],1.0
835d7107-f3aa-457c-b5f3-764730d5a665,1.0,acme-mining,site-01,fleet_telemetry,ACME-S01-TRUCK-044,haul_truck,2026-09-01T16:18:31.854Z,7,-16.564792,-71.55376,312.4,0.0,Dump-A,cycle-acme-s01-truck-044-00002,dumping,0.0,240.0,393382.58,40.6,True,True,8212.77,536938.08,False,False,False,88.6,24.1,[],1.0
66aa13cb-365e-4feb-9652-5ff4ff17aa41,1.0,acme-mining,site-01,fleet_telemetry,ACME-S01-TRUCK-045,haul_truck,2026-09-01T16:18:31.854Z,7,-16.513428,-71.531704,67.0,1.2,Dump-A,cycle-acme-s01-truck-045-00002,dumping,0.0,240.0,292252.41,52.9,True,True,21298.06,195848.9,False,False,False,90.0,25.2,[],1.0
9a917167-0ad0-46c4-99f9-04e3e38ac629,1.0,acme-mining,site-01,fleet_telemetry,ACME-S01-TRUCK-046,haul_truck,2026-09-01T16:18:31.854Z,7,-16.664249,-71.522025,138.4,0.2,Dump-A,cycle-acme-s01-truck-046-00002,dumping,0.0,240.0,265459.93,93.8,True,True,19393.22,184565.72,False,False,False,93.9,24.7,[],1.0
5e111e23-597f-4f81-9dd6-95340647369d,1.0,acme-mining,site-01,fleet_telemetry,ACME-S01-TRUCK-047,haul_truck,2026-09-01T16:18:31.854Z,7,-16.639969,-71.610411,143.4,0.6,Dump-A,cycle-acme-s01-truck-047-00002,dumping,0.0,240.0,60884.59,87.9,True,True,10051.56,640068.72,False,False,False,90.6,24.5,[],1.0
812af98f-b93b-4701-99f3-fbeb8f5e6b58,1.0,acme-mining,site-01,fleet_telemetry,ACME-S01-TRUCK-048,haul_truck,2026-09-01T16:18:31.854Z,7,-16.563075,-71.559247,23.9,0.6,Dump-A,cycle-acme-s01-truck-048-00002,dumping,0.0,240.0,326549.64,76.9,True,True,20422.2,359224.88,False,False,False,92.8,24.7,[],1.0
c49a72a0-6cf4-4470-81fd-266ffe19cb46,1.0,acme-mining,site-01,fleet_telemetry,ACME-S01-TRUCK-049,haul_truck,2026-09-01T16:18:31.854Z,7,-16.589237,-71.510832,335.3,0.2,Dump-A,cycle-acme-s01-truck-049-00002,dumping,0.0,240.0,64835.58,88.0,True,True,14010.9,437934.26,False,False,False,95.8,24.8,[],1.0
b3c7c2e4-f9a5-4ebf-92a9-42a6af1e34d2,1.0,acme-mining,site-01,fleet_telemetry,ACME-S01-TRUCK-050,haul_truck,2026-09-01T16:18:31.854Z,7,-16.550697,-71.589633,19.8,1.4,Dump-A,cycle-acme-s01-truck-050-00002,dumping,0.0,240.0,302569.4,51.5,True,True,12553.55,140859.4,False,False,False,86.9,24.0,[],1.0
0f98cedf-cea3-455e-b1fe-79b475ba8d49,1.0,acme-mining,site-01,fleet_telemetry,ACME-S01-TRUCK-051,haul_truck,2026-09-01T16:18:31.854Z,7,-16.577579,-71.512719,26.2,0.6,Dump-A,cycle-acme-s01-truck-051-00002,dumping,0.0,240.0,136242.48,55.1,True,True,12416.28,20255.96,False,False,False,87.5,24.5,[],1.0
1957fe7e-03c9-4b80-b530-639415cd3841,1.0,acme-mining,site-01,fleet_telemetry,ACME-S01-TRUCK-052,haul_truck,2026-09-01T16:18:31.854Z,7,-16.552637,-71.512072,338.7,0.0,Dump-A,cycle-acme-s01-truck-052-00002,dumping,0.0,240.0,359244.02,92.2,True,True,15123.31,342039.78,False,False,False,86.5,24.9,[],1.0
9c8fcc7e-009b-4fc0-848d-f73f31334771,1.0,acme-mining,site-01,fleet_telemetry,ACME-S01-TRUCK-053,haul_truck,2026-09-01T16:18:31.854Z,7,-16.54137,-71.593931,101.5,0.8,Dump-A,cycle-acme-s01-truck-053-00002,dumping,0.0,240.0,113342.63,46.7,True,True,2779.82,619759.95,False,False,False,93.8,24.1,[],1.0
f97c10dd-52e8-4906-aebd-45977fbfa01e,1.0,acme-mining,site-01,fleet_telemetry,ACME-S01-TRUCK-054,haul_truck,2026-09-01T16:18:31.854Z,7,-16.578291,-71.502525,79.9,1.1,Dump-A,cycle-acme-s01-truck-054-00002,dumping,0.0,240.0,210383.56,87.0,True,True,13759.02,504148.44,False,False,False,91.4,24.0,[],1.0
9c2d3f58-bf18-4dc0-b1d2-ad6ebd9e73f5,1.0,acme-mining,site-01,fleet_telemetry,ACME-S01-TRUCK-055,haul_truck,2026-09-01T16:18:31.854Z,7,-16.547174,-71.600418,8.5,0.8,Dump-A,cycle-acme-s01-truck-055-00002,dumping,0.0,240.0,12440.16,77.5,True,True,5972.48,433316.68,False,False,False,86.7,24.2,[],1.0
4f555f56-26d0-4ca8-af70-221224318cb9,1.0,acme-mining,site-01,fleet_telemetry,ACME-S01-TRUCK-056,haul_truck,2026-09-01T16:18:31.854Z,7,-16.5236,-71.59807,26.8,0.2,Dump-A,cycle-acme-s01-truck-056-00002,dumping,0.0,240.0,214402.39,64.0,True,True,17847.14,458424.58,False,False,False,94.1,23.8,[],1.0
d800d88b-353d-46b1-bdd8-d60d8d2cd137,1.0,acme-mining,site-01,fleet_telemetry,ACME-S01-TRUCK-057,haul_truck,2026-09-01T16:18:31.854Z,7,-16.527765,-71.519451,135.7,1.3,Dump-A,cycle-acme-s01-truck-057-00002,dumping,0.0,240.0,271999.46,91.5,True,True,14952.66,642372.39,False,False,False,114.2,24.8,"[""ENG_OVERHEAT""]",0.72
7a8fc3b2-5a24-40c6-89f8-3f1fbf20790a,1.0,acme-mining,site-01,fleet_telemetry,ACME-S01-TRUCK-058,haul_truck,2026-09-01T16:18:31.854Z,7,-16.532511,-71.545492,251.3,1.1,Dump-A,cycle-acme-s01-truck-058-00002,dumping,0.0,240.0,206202.43,36.1,True,True,9846.91,591318.64,False,False,False,95.9,24.4,[],1.0
12378745-635b-4b70-8322-2b05bb50b153,1.0,acme-mining,site-01,fleet_telemetry,ACME-S01-TRUCK-059,haul_truck,2026-09-01T16:18:31.854Z,7,-16.657997,-71.571748,221.1,1.2,Dump-A,cycle-acme-s01-truck-059-00002,dumping,0.0,240.0,285769.76,44.2,True,True,17035.26,348419.02,False,False,False,94.7,24.3,[],1.0
5b13b15d-687b-4cb3-a02c-2f3ecba6bfea,1.0,acme-mining,site-01,fleet_telemetry,ACME-S01-TRUCK-060,haul_truck,2026-09-01T16:18:31.854Z,7,-16.645971,-71.583245,6.1,0.5,Dump-A,cycle-acme-s01-truck-060-00002,dumping,0.0,240.0,76365.93,51.8,True,True,19732.18,70764.06,False,False,False,86.0,24.0,[],1.0
5ddc8be3-b494-49c2-bd3f-5adbfe6b3330,1.0,acme-mining,site-01,fleet_telemetry,ACME-S01-TRUCK-061,haul_truck,2026-09-01T16:18:31.854Z,7,-16.525627,-71.524038,276.7,1.1,Dump-A,cycle-acme-s01-truck-061-00002,dumping,0.0,240.0,101007.58,54.4,True,True,12303.37,281937.92,False,False,False,90.2,24.0,[],1.0
4fd08809-b714-47fb-b9ee-8dca4e05d001,1.0,acme-mining,site-01,fleet_telemetry,ACME-S01-TRUCK-062,haul_truck,2026-09-01T16:18:31.854Z,7,-16.533859,-71.464951,307.9,0.8,Dump-A,cycle-acme-s01-truck-062-00002,dumping,0.0,240.0,164774.32,77.7,True,True,8864.09,23714.69,False,False,False,93.9,24.0,[],1.0
ee046905-1cc2-4134-be73-d4513c306e59,1.0,acme-mining,site-01,fleet_telemetry,ACME-S01-TRUCK-063,haul_truck,2026-09-01T16:18:31.854Z,7,-16.592646,-71.555278,275.3,0.7,Dump-A,cycle-acme-s01-truck-063-00002,dumping,0.0,240.0,224821.41,44.1,True,True,17757.21,585621.27,False,False,False,89.2,25.0,[],1.0
61a36b2a-34c8-4ea8-a3ad-f8666f552384,1.0,acme-mining,site-01,fleet_telemetry,ACME-S01-TRUCK-064,haul_truck,2026-09-01T16:18:31.854Z,7,-16.584939,-71.472399,326.6,0.2,Dump-A,cycle-acme-s01-truck-064-00002,dumping,0.0,240.0,414598.76,93.6,True,True,16152.65,549518.71,False,False,False,95.1,24.3,[],1.0
f41609e8-dabd-419d-9752-7560719e9a64,1.0,acme-mining,site-01,fleet_telemetry,ACME-S01-TRUCK-065,haul_truck,2026-09-01T16:18:31.854Z,7,-16.628762,-71.565123,202.5,0.1,Dump-A,cycle-acme-s01-truck-065-00002,dumping,0.0,240.0,391415.04,37.7,True,True,2579.7,290026.2,False,False,False,89.7,24.5,[],1.0
d000d30f-73cb-4776-aea5-16df7173bc27,1.0,acme-mining,site-01,fleet_telemetry,ACME-S01-TRUCK-066,haul_truck,2026-09-01T16:18:31.854Z,7,-16.630055,-71.604351,337.9,0.5,Dump-A,cycle-acme-s01-truck-066-00002,dumping,0.0,240.0,340884.77,83.2,True,True,16938.08,258849.66,False,False,False,89.8,23.9,[],1.0
ff831e34-3b43-43a8-ac99-49ee35dcee60,1.0,acme-mining,site-01,fleet_telemetry,ACME-S01-TRUCK-067,haul_truck,2026-09-01T16:18:31.854Z,7,-16.51721,-71.611044,264.3,1.0,Dump-A,cycle-acme-s01-truck-067-00002,dumping,0.0,240.0,108658.2,29.8,True,True,1904.22,619709.53,False,False,False,87.6,23.8,[],1.0
dc4af8e1-d3b5-4a6d-bf44-67e2fcd33194,1.0,acme-mining,site-01,fleet_telemetry,ACME-S01-TRUCK-068,haul_truck,2026-09-01T16:18:31.854Z,7,-16.563299,-71.527262,303.2,0.4,Dump-A,cycle-acme-s01-truck-068-00002,dumping,0.0,240.0,77048.68,33.8,True,True,5026.46,32839.56,False,False,False,93.6,24.3,[],1.0
765fb202-9e94-460a-847a-b770dce99a38,1.0,acme-mining,site-01,fleet_telemetry,ACME-S01-TRUCK-069,haul_truck,2026-09-01T16:18:31.854Z,7,-16.652065,-71.48644,13.2,0.4,Dump-A,cycle-acme-s01-truck-069-00002,dumping,0.0,240.0,277189.34,77.3,True,True,17058.25,125707.31,False,False,False,90.7,23.9,[],1.0
f713f1f3-5f1a-43df-8d7e-c64cf08ee069,1.0,acme-mining,site-01,fleet_telemetry,ACME-S01-TRUCK-070,haul_truck,2026-09-01T16:18:31.854Z,7,-16.61033,-71.466835,180.0,0.2,Dump-A,cycle-acme-s01-truck-070-00002,dumping,0.0,240.0,263351.0,88.5,True,True,13068.13,605199.05,False,False,False,86.6,24.0,[],1.0
dbcc2393-532d-4516-bdc2-fe70d5fbc0ad,1.0,acme-mining,site-01,fleet_telemetry,ACME-S01-TRUCK-071,haul_truck,2026-09-01T16:18:31.854Z,7,-16.534325,-71.521429,191.3,0.6,Dump-A,cycle-acme-s01-truck-071-00002,dumping,0.0,240.0,54837.02,79.0,True,True,15441.04,415162.83,False,False,False,92.5,24.7,[],1.0
5b0d211b-712c-4fa4-b539-9ca22f2497f4,1.0,acme-mining,site-01,fleet_telemetry,ACME-S01-TRUCK-072,haul_truck,2026-09-01T16:18:31.854Z,7,-16.58942,-71.562877,35.2,0.3,Dump-A,cycle-acme-s01-truck-072-00002,dumping,0.0,240.0,198486.77,50.9,True,True,17391.88,238738.52,False,False,False,86.6,24.2,[],1.0
d4ef80ec-cb68-414f-8395-679d61afd34d,1.0,acme-mining,site-01,fleet_telemetry,ACME-S01-TRUCK-073,haul_truck,2026-09-01T16:18:31.854Z,7,-16.557253,-71.547834,319.8,1.5,Dump-A,cycle-acme-s01-truck-073-00002,dumping,0.0,240.0,289657.89,83.0,True,True,3037.43,625296.32,False,False,False,93.8,24.2,[],1.0
c353d63d-6d1f-4537-9ede-5b24b9c9c4c9,1.0,acme-mining,site-01,fleet_telemetry,ACME-S01-TRUCK-074,haul_truck,2026-09-01T16:18:31.854Z,7,-16.538278,-71.52271,254.0,0.1,Dump-A,cycle-acme-s01-truck-074-00002,dumping,0.0,240.0,350842.68,57.5,True,True,13857.35,599359.29,False,False,False,94.5,24.7,[],1.0
28a3229b-b585-4141-8654-16059dd7a0e7,1.0,acme-mining,site-01,fleet_telemetry,ACME-S01-TRUCK-075,haul_truck,2026-09-01T16:18:31.854Z,7,-16.596045,-71.519897,93.4,0.6,Dump-A,cycle-acme-s01-truck-075-00002,dumping,0.0,240.0,397918.17,42.0,True,True,18411.51,74597.77,False,False,False,87.7,24.9,[],1.0
37320c94-486a-4e83-b9ec-db917786ef66,1.0,acme-mining,site-01,fleet_telemetry,ACME-S01-TRUCK-076,haul_truck,2026-09-01T16:18:31.854Z,7,-16.629052,-71.572726,162.3,1.0,Dump-A,cycle-acme-s01-truck-076-00002,dumping,0.0,240.0,224522.41,49.8,True,True,11279.31,224759.09,False,False,False,87.5,24.6,[],1.0
56a4bfc3-413d-429c-9b32-c6a615f638ba,1.0,acme-mining,site-01,fleet_telemetry,ACME-S01-TRUCK-077,haul_truck,2026-09-01T16:18:31.854Z,7,-16.605344,-71.528669,154.3,1.3,Dump-A,cycle-acme-s01-truck-077-00002,dumping,0.0,240.0,94065.27,41.9,True,True,12582.78,345475.33,False,False,False,90.5,24.0,[],1.0
5cd43079-db24-43a9-9168-f23e1eb39019,1.0,acme-mining,site-01,fleet_telemetry,ACME-S01-TRUCK-078,haul_truck,2026-09-01T16:18:31.854Z,7,-16.634961,-71.506796,51.8,0.7,Dump-A,cycle-acme-s01-truck-078-00002,dumping,0.0,240.0,358890.91,31.5,True,True,14493.15,329217.58,False,False,False,92.8,25.1,[],1.0
00831909-1c0c-4067-bf33-daeffe3fb40f,1.0,acme-mining,site-01,fleet_telemetry,ACME-S01-TRUCK-079,haul_truck,2026-09-01T16:18:31.854Z,7,-16.582331,-71.561205,74.9,1.3,Dump-A,cycle-acme-s01-truck-079-00002,dumping,0.0,240.0,161253.7,94.7,True,True,8623.24,368688.09,False,False,False,95.4,24.6,[],1.0
a295928c-8b3f-4e36-9ddf-b62dc9ccafa6,1.0,acme-mining,site-01,fleet_telemetry,ACME-S01-TRUCK-080,haul_truck,2026-09-01T16:18:31.854Z,7,-16.584652,-71.495565,128.9,1.4,Dump-A,cycle-acme-s01-truck-080-00002,dumping,0.0,240.0,94737.53,33.3,True,True,6129.77,96013.35,False,False,False,92.9,24.0,[],1.0
7a237862-b6c7-4bc8-af03-d393c876bd88,1.0,acme-mining,site-02,fleet_telemetry,ACME-S02-TRUCK-001,haul_truck,2026-09-01T16:18:31.854Z,7,-16.537075,-71.488496,330.3,0.5,Dump-A,cycle-acme-s02-truck-001-00002,dumping,0.0,240.0,319615.8,60.0,True,True,4524.74,259530.81,False,False,False,91.1,24.2,[],1.0
5fbf0782-ca2e-4fca-ad77-fcfd93d9c27e,1.0,acme-mining,site-02,fleet_telemetry,ACME-S02-TRUCK-002,haul_truck,2026-09-01T16:18:31.854Z,7,-16.601711,-71.552817,320.4,0.2,Dump-A,cycle-acme-s02-truck-002-00002,dumping,0.0,240.0,44259.99,46.9,True,True,10047.87,309645.31,False,False,False,93.0,24.4,[],1.0
7feaec59-2c68-4819-b5fe-c2ec6b139351,1.0,acme-mining,site-02,fleet_telemetry,ACME-S02-TRUCK-003,haul_truck,2026-09-01T16:18:31.854Z,7,-16.571504,-71.484361,205.5,0.7,Dump-A,cycle-acme-s02-truck-003-00002,dumping,0.0,240.0,152898.44,81.1,True,True,3241.69,33139.78,False,False,False,86.3,24.0,[],1.0
d08c08fd-a28e-43b8-8dfa-f9dd70e46a15,1.0,acme-mining,site-02,fleet_telemetry,ACME-S02-TRUCK-004,haul_truck,2026-09-01T16:18:31.854Z,7,-16.657817,-71.47823,314.8,1.1,Dump-A,cycle-acme-s02-truck-004-00002,dumping,0.0,240.0,201698.12,53.0,True,True,10058.3,86693.92,False,False,False,88.7,24.2,[],1.0
d0d3525b-41be-4732-926a-731304c0e88a,1.0,acme-mining,site-02,fleet_telemetry,ACME-S02-TRUCK-005,haul_truck,2026-09-01T16:18:31.854Z,7,-16.58885,-71.472572,248.7,0.3,Dump-A,cycle-acme-s02-truck-005-00002,dumping,0.0,240.0,234613.09,32.9,True,True,7861.06,125923.74,False,False,False,86.6,25.0,[],1.0
a6e31f48-9316-4424-8f00-bf5dc442abdd,1.0,acme-mining,site-02,fleet_telemetry,ACME-S02-TRUCK-006,haul_truck,2026-09-01T16:18:31.854Z,7,-16.548786,-71.512637,259.1,0.5,Dump-A,cycle-acme-s02-truck-006-00002,dumping,0.0,240.0,96800.04,67.1,True,True,5808.91,112259.99,False,False,False,88.7,24.0,[],1.0
3e574b72-0371-4d22-b9cb-a4ec273c42c7,1.0,acme-mining,site-02,fleet_telemetry,ACME-S02-TRUCK-007,haul_truck,2026-09-01T16:18:31.854Z,7,-16.529276,-71.514616,302.8,0.9,Dump-A,cycle-acme-s02-truck-007-00002,dumping,0.0,240.0,264966.4,72.6,True,True,10635.81,375153.48,False,False,False,88.4,24.5,[],1.0
6ad03bfc-2700-4637-a2e3-fab74117ecbb,1.0,acme-mining,site-02,fleet_telemetry,ACME-S02-TRUCK-008,haul_truck,2026-09-01T16:18:31.854Z,7,-16.599662,-71.569025,50.3,0.7,Dump-A,cycle-acme-s02-truck-008-00002,dumping,0.0,240.0,76421.7,29.7,True,True,19122.04,415147.11,False,False,False,90.6,24.5,[],1.0
62f50468-505e-46e1-bac3-7692df8563ff,1.0,acme-mining,site-02,fleet_telemetry,ACME-S02-TRUCK-009,haul_truck,2026-09-01T16:18:31.854Z,7,-16.61145,-71.571575,309.5,1.5,Dump-A,cycle-acme-s02-truck-009-00002,dumping,0.0,240.0,213167.14,27.6,True,True,8261.18,66740.25,False,False,False,93.4,24.0,[],1.0
758448aa-9d4e-47b7-9e78-2110355fc8be,1.0,acme-mining,site-02,fleet_telemetry,ACME-S02-TRUCK-010,haul_truck,2026-09-01T16:18:31.854Z,7,-16.543712,-71.47416,91.5,0.1,Dump-A,cycle-acme-s02-truck-010-00002,dumping,0.0,240.0,213593.57,63.8,True,True,13838.19,339452.86,False,False,False,93.1,24.9,[],1.0
f198e462-733c-4702-b1c2-79ef8f41155d,1.0,acme-mining,site-02,fleet_telemetry,ACME-S02-TRUCK-011,haul_truck,2026-09-01T16:18:31.854Z,7,-16.660492,-71.600901,212.6,0.5,Dump-A,cycle-acme-s02-truck-011-00002,dumping,0.0,240.0,219277.22,35.5,True,True,14618.96,222562.02,False,False,False,93.9,24.8,[],1.0
dd72a137-bd19-4e93-adb2-080a5b8149de,1.0,acme-mining,site-02,fleet_telemetry,ACME-S02-TRUCK-012,haul_truck,2026-09-01T16:18:31.854Z,7,-16.557197,-71.45896,177.3,1.5,Dump-A,cycle-acme-s02-truck-012-00002,dumping,0.0,240.0,294296.36,27.7,True,True,21626.58,73127.55,False,False,False,91.4,24.4,[],1.0
d4adcf6a-4896-4f3e-8c73-eee06ee16b10,1.0,acme-mining,site-02,fleet_telemetry,ACME-S02-TRUCK-013,haul_truck,2026-09-01T16:18:31.854Z,7,-16.561756,-71.609112,75.2,1.0,Dump-A,cycle-acme-s02-truck-013-00002,dumping,0.0,240.0,180463.73,79.2,True,True,8514.65,598300.31,False,False,False,88.0,24.1,[],1.0
4bb3ac05-d2ed-4e1e-bfe7-71d7ec638f43,1.0,acme-mining,site-02,fleet_telemetry,ACME-S02-TRUCK-014,haul_truck,2026-09-01T16:18:31.854Z,7,-16.554609,-71.512447,127.5,0.3,Dump-A,cycle-acme-s02-truck-014-00002,dumping,0.0,240.0,308487.36,44.9,True,True,2197.34,79538.89,False,False,False,91.6,24.3,[],1.0
852d5b6c-a8c0-45bd-aa49-eff4cb5a11f9,1.0,acme-mining,site-02,fleet_telemetry,ACME-S02-TRUCK-015,haul_truck,2026-09-01T16:18:31.854Z,7,-16.515613,-71.505783,257.8,0.9,Dump-A,cycle-acme-s02-truck-015-00002,dumping,0.0,240.0,72228.93,49.5,True,True,7867.28,387126.06,False,False,False,89.4,24.7,[],1.0
b42cecb9-254d-4295-83f3-5460ff17e9de,1.0,acme-mining,site-02,fleet_telemetry,ACME-S02-TRUCK-016,haul_truck,2026-09-01T16:18:31.854Z,7,-16.617828,-71.597078,120.0,1.4,Dump-A,cycle-acme-s02-truck-016-00002,dumping,0.0,240.0,255926.16,70.0,True,True,15827.29,73373.13,False,False,False,94.8,24.5,[],1.0
502e3185-2fd3-4d6e-9a3d-deaadfc75be1,1.0,acme-mining,site-02,fleet_telemetry,ACME-S02-TRUCK-017,haul_truck,2026-09-01T16:18:31.854Z,7,-16.620998,-71.465311,298.6,1.2,Dump-A,cycle-acme-s02-truck-017-00002,dumping,0.0,240.0,233735.38,26.2,True,True,2781.21,442387.41,False,False,False,91.3,24.6,[],1.0
64a38c78-46df-4607-be0c-74bcc863e863,1.0,acme-mining,site-02,fleet_telemetry,ACME-S02-TRUCK-018,haul_truck,2026-09-01T16:18:31.854Z,7,-16.544294,-71.536273,285.7,1.5,Dump-A,cycle-acme-s02-truck-018-00002,dumping,0.0,240.0,78176.32,45.7,True,True,4870.52,649985.44,False,False,False,90.4,24.0,[],1.0
75fffcad-7fde-440e-b492-39abaeec027a,1.0,acme-mining,site-02,fleet_telemetry,ACME-S02-TRUCK-019,haul_truck,2026-09-01T16:18:31.854Z,7,-16.610138,-71.591543,45.1,1.2,Dump-A,cycle-acme-s02-truck-019-00002,dumping,0.0,240.0,347175.79,34.1,True,True,1600.26,232161.72,False,False,False,109.6,24.6,"[""ENG_OVERHEAT""]",0.72
5c2e68a5-a3d1-4db0-9dcb-e8586f7d0138,1.0,acme-mining,site-02,fleet_telemetry,ACME-S02-TRUCK-020,haul_truck,2026-09-01T16:18:31.854Z,7,-16.515246,-71.519818,280.8,0.3,Dump-A,cycle-acme-s02-truck-020-00002,dumping,0.0,240.0,170292.19,75.3,True,True,16089.09,47526.38,False,False,False,88.2,25.0,[],1.0
5f82e34a-a6da-47aa-95e3-2d80160fe39f,1.0,acme-mining,site-02,fleet_telemetry,ACME-S02-TRUCK-021,haul_truck,2026-09-01T16:18:31.854Z,7,-16.525809,-71.586447,60.7,1.1,Dump-A,cycle-acme-s02-truck-021-00002,dumping,0.0,240.0,434862.96,79.9,True,True,5760.87,170676.29,False,False,False,91.9,24.0,[],1.0
0757c3ea-c86c-4ecb-9fed-c9b498ce5e99,1.0,acme-mining,site-02,fleet_telemetry,ACME-S02-TRUCK-022,haul_truck,2026-09-01T16:18:31.854Z,7,-16.586012,-71.462893,191.9,0.3,Dump-A,cycle-acme-s02-truck-022-00002,dumping,0.0,240.0,133980.01,51.7,True,True,21670.13,310858.53,False,False,False,93.5,24.3,[],1.0
aadfb697-fe0f-4df9-978f-df4937cc24d5,1.0,acme-mining,site-02,fleet_telemetry,ACME-S02-TRUCK-023,haul_truck,2026-09-01T16:18:31.854Z,7,-16.520903,-71.503651,272.4,1.2,Dump-A,cycle-acme-s02-truck-023-00002,dumping,0.0,240.0,221460.33,50.9,True,True,19307.65,52873.41,False,False,False,90.1,25.2,[],1.0
a543a56d-e470-416a-bd3e-2dcd4f4989c0,1.0,acme-mining,site-02,fleet_telemetry,ACME-S02-TRUCK-024,haul_truck,2026-09-01T16:18:31.854Z,7,-16.64681,-71.547549,273.7,0.7,Dump-A,cycle-acme-s02-truck-024-00002,dumping,0.0,240.0,130028.62,88.3,True,True,6843.35,500763.73,False,False,False,87.9,25.0,[],1.0
0f9c3bd5-e5ec-488e-a80f-db2bffa9bdb5,1.0,acme-mining,site-02,fleet_telemetry,ACME-S02-TRUCK-025,haul_truck,2026-09-01T16:18:31.854Z,7,-16.606992,-71.557683,285.4,1.0,Dump-A,cycle-acme-s02-truck-025-00002,dumping,0.0,240.0,419408.09,54.0,True,True,18114.12,577316.89,False,False,False,95.5,24.1,[],1.0
b7e23f83-7763-463c-b000-e77131ec2c4d,1.0,acme-mining,site-02,fleet_telemetry,ACME-S02-TRUCK-026,haul_truck,2026-09-01T16:18:31.854Z,7,-16.566423,-71.490878,213.8,0.4,Dump-A,cycle-acme-s02-truck-026-00002,dumping,0.0,240.0,419563.84,83.7,True,True,8748.16,37758.29,False,False,False,91.7,24.9,[],1.0
df82c299-0484-47f5-a273-7b4c1b4b67c3,1.0,acme-mining,site-02,fleet_telemetry,ACME-S02-TRUCK-027,haul_truck,2026-09-01T16:18:31.854Z,7,-16.595332,-71.519046,299.2,0.9,Dump-A,cycle-acme-s02-truck-027-00002,dumping,0.0,240.0,375689.06,78.1,True,True,20248.81,317646.75,False,False,False,89.9,24.4,[],1.0
8612fd40-4aba-4f9e-a4bf-05b03b9d699e,1.0,acme-mining,site-02,fleet_telemetry,ACME-S02-TRUCK-028,haul_truck,2026-09-01T16:18:31.854Z,7,-16.585971,-71.599718,299.1,0.2,Dump-A,cycle-acme-s02-truck-028-00002,dumping,0.0,240.0,251474.31,75.9,True,True,6225.6,546026.89,False,False,False,88.6,24.3,[],1.0
4aeeeba8-45fb-4a38-9a03-70e1ab9fd443,1.0,acme-mining,site-02,fleet_telemetry,ACME-S02-TRUCK-029,haul_truck,2026-09-01T16:18:31.854Z,7,-16.660347,-71.483623,69.9,1.3,Dump-A,cycle-acme-s02-truck-029-00002,dumping,0.0,240.0,291139.21,68.6,True,True,3383.19,170217.04,False,False,False,89.6,23.9,[],1.0
949fa6f1-e8e5-4afa-a2ab-7de8e3b21287,1.0,acme-mining,site-02,fleet_telemetry,ACME-S02-TRUCK-030,haul_truck,2026-09-01T16:18:31.854Z,7,-16.601724,-71.519119,83.4,1.3,Dump-A,cycle-acme-s02-truck-030-00002,dumping,0.0,240.0,116453.22,35.0,True,True,1148.44,344686.85,False,False,False,86.2,23.9,[],1.0
5e7ceed5-f5df-46e7-802d-964dd6df0d98,1.0,acme-mining,site-02,fleet_telemetry,ACME-S02-TRUCK-031,haul_truck,2026-09-01T16:18:31.854Z,7,-16.517876,-71.53048,133.4,1.1,Dump-A,cycle-acme-s02-truck-031-00002,dumping,0.0,240.0,240333.65,50.2,True,True,4771.06,440975.54,False,False,False,88.2,24.1,[],1.0
5b713018-f5fa-4ca6-84cf-760268fbbaf7,1.0,acme-mining,site-02,fleet_telemetry,ACME-S02-TRUCK-032,haul_truck,2026-09-01T16:18:31.854Z,7,-16.513417,-71.576905,166.9,0.9,Dump-A,cycle-acme-s02-truck-032-00002,dumping,0.0,240.0,216859.88,69.5,True,True,12548.03,265985.99,False,False,False,89.0,23.9,[],1.0
6b7ee5ca-e673-495e-9ce7-7494511121b9,1.0,acme-mining,site-02,fleet_telemetry,ACME-S02-TRUCK-033,haul_truck,2026-09-01T16:18:31.854Z,7,-16.552756,-71.564285,16.8,0.9,Dump-A,cycle-acme-s02-truck-033-00002,dumping,0.0,240.0,286433.51,79.0,True,True,8109.82,481753.0,False,False,False,86.1,25.2,[],1.0
0146d448-0fc8-4f9a-a83c-1083f8b644e0,1.0,acme-mining,site-02,fleet_telemetry,ACME-S02-TRUCK-034,haul_truck,2026-09-01T16:18:31.854Z,7,-16.513468,-71.54095,13.4,1.4,Dump-A,cycle-acme-s02-truck-034-00002,dumping,0.0,240.0,375369.25,72.9,True,True,7977.21,424961.38,False,False,False,90.9,24.4,[],1.0
651213cc-b5a9-4f00-9024-bada67a53ce2,1.0,acme-mining,site-02,fleet_telemetry,ACME-S02-TRUCK-035,haul_truck,2026-09-01T16:18:31.854Z,7,-16.663379,-71.585612,299.1,0.6,Dump-A,cycle-acme-s02-truck-035-00002,dumping,0.0,240.0,211379.46,45.5,True,True,2137.74,509000.13,False,False,False,93.5,23.9,[],1.0
191cdb6c-a2fd-42c6-8d42-eb8fd66e0772,1.0,acme-mining,site-02,fleet_telemetry,ACME-S02-TRUCK-036,haul_truck,2026-09-01T16:18:31.854Z,7,-16.549896,-71.586956,78.6,1.5,Dump-A,cycle-acme-s02-truck-036-00002,dumping,0.0,240.0,248933.95,42.7,True,True,11726.14,643147.45,False,False,False,89.9,24.5,[],1.0
cb9bc30a-0d92-43d1-9354-d6e32d183847,1.0,acme-mining,site-02,fleet_telemetry,ACME-S02-TRUCK-037,haul_truck,2026-09-01T16:18:31.854Z,7,-16.528084,-71.498574,62.4,1.4,Dump-A,cycle-acme-s02-truck-037-00002,dumping,0.0,240.0,64769.45,50.7,True,True,19154.93,229112.71,False,False,False,108.1,24.2,"[""ENG_OVERHEAT""]",0.72
dc11e1e9-3494-4943-9be5-497c1847b005,1.0,acme-mining,site-02,fleet_telemetry,ACME-S02-TRUCK-038,haul_truck,2026-09-01T16:18:31.854Z,7,-16.542803,-71.574848,308.6,0.1,Dump-A,cycle-acme-s02-truck-038-00002,dumping,0.0,240.0,314510.58,50.7,True,True,7987.59,137694.96,False,False,False,92.6,24.7,[],1.0
91ff2fbd-8f92-40e4-bdbc-6622859b0829,1.0,acme-mining,site-02,fleet_telemetry,ACME-S02-TRUCK-039,haul_truck,2026-09-01T16:18:31.854Z,7,-16.618966,-71.604674,147.7,0.3,Dump-A,cycle-acme-s02-truck-039-00002,dumping,0.0,240.0,371830.61,63.1,True,True,2473.26,399545.71,False,False,False,88.0,23.8,[],1.0
e1c44c9b-8990-423c-b90d-439057d2307a,1.0,acme-mining,site-02,fleet_telemetry,ACME-S02-TRUCK-040,haul_truck,2026-09-01T16:18:31.854Z,7,-16.598842,-71.501199,33.5,1.4,Dump-A,cycle-acme-s02-truck-040-00002,dumping,0.0,240.0,83324.14,56.0,True,True,10253.42,472127.76,False,False,False,88.8,24.4,[],1.0
7ea1076c-5b05-4b78-ba9d-601b37e6bfda,1.0,acme-mining,site-02,fleet_telemetry,ACME-S02-TRUCK-041,haul_truck,2026-09-01T16:18:31.854Z,7,-16.568419,-71.559347,125.6,0.2,Dump-A,cycle-acme-s02-truck-041-00002,dumping,0.0,240.0,427078.37,30.2,True,True,6620.58,637417.33,False,False,False,87.0,25.1,[],1.0
637ebe71-45a9-4e99-8fb4-9e7c24331c12,1.0,acme-mining,site-02,fleet_telemetry,ACME-S02-TRUCK-042,haul_truck,2026-09-01T16:18:31.854Z,7,-16.664874,-71.606732,64.3,0.4,Dump-A,cycle-acme-s02-truck-042-00002,dumping,0.0,240.0,277332.52,79.7,True,True,20999.14,109951.22,False,False,False,88.0,24.5,[],1.0
30aeffdf-313e-4ee0-8d22-9de2cb3af4c0,1.0,acme-mining,site-02,fleet_telemetry,ACME-S02-TRUCK-043,haul_truck,2026-09-01T16:18:31.854Z,7,-16.598387,-71.558132,151.2,1.3,Dump-A,cycle-acme-s02-truck-043-00002,dumping,0.0,240.0,24249.99,35.7,True,True,8477.6,618164.4,False,False,False,90.8,25.1,[],1.0
e0ba9355-ccd4-4659-9292-7d9343ffe2f7,1.0,acme-mining,site-02,fleet_telemetry,ACME-S02-TRUCK-044,haul_truck,2026-09-01T16:18:31.854Z,7,-16.630419,-71.599376,90.3,0.0,Dump-A,cycle-acme-s02-truck-044-00002,dumping,0.0,240.0,185135.42,70.4,True,True,12967.15,353559.89,False,False,False,88.1,24.2,[],1.0
e30e1ac3-46a2-45d7-bfd8-0e74cf7b3d89,1.0,acme-mining,site-02,fleet_telemetry,ACME-S02-TRUCK-045,haul_truck,2026-09-01T16:18:31.854Z,7,-16.557766,-71.583179,25.0,0.9,Dump-A,cycle-acme-s02-truck-045-00002,dumping,0.0,240.0,61815.28,79.2,True,True,11776.21,595531.91,False,False,False,109.9,24.3,"[""ENG_OVERHEAT""]",0.72
106bb41f-6455-4122-a93e-d4d7fa8e009b,1.0,acme-mining,site-02,fleet_telemetry,ACME-S02-TRUCK-046,haul_truck,2026-09-01T16:18:31.854Z,7,-16.556247,-71.457927,359.2,0.5,Dump-A,cycle-acme-s02-truck-046-00002,dumping,0.0,240.0,42583.34,37.0,True,True,5043.79,105509.05,False,False,False,90.4,25.0,[],1.0
86ff16fa-ccfe-405c-a2c6-c203a5573ec7,1.0,acme-mining,site-02,fleet_telemetry,ACME-S02-TRUCK-047,haul_truck,2026-09-01T16:18:31.854Z,7,-16.622425,-71.592309,107.9,0.7,Dump-A,cycle-acme-s02-truck-047-00002,dumping,0.0,240.0,251999.19,45.3,True,True,14958.21,467010.64,False,False,False,87.9,24.1,[],1.0
380c392e-ffb8-4745-8cde-0bdd139dbdd3,1.0,acme-mining,site-02,fleet_telemetry,ACME-S02-TRUCK-048,haul_truck,2026-09-01T16:18:31.854Z,7,-16.648171,-71.491019,110.7,1.3,Dump-A,cycle-acme-s02-truck-048-00002,dumping,0.0,240.0,63399.92,39.0,True,True,17626.37,340516.27,False,False,False,88.2,24.9,[],1.0
88d442f1-bd37-474d-8ed6-3c347da57c5e,1.0,acme-mining,site-02,fleet_telemetry,ACME-S02-TRUCK-049,haul_truck,2026-09-01T16:18:31.854Z,7,-16.528915,-71.606978,124.3,0.1,Dump-A,cycle-acme-s02-truck-049-00002,dumping,0.0,240.0,442525.71,34.0,True,True,12932.29,314465.85,False,False,False,88.2,24.9,[],1.0
2f67b6e5-1497-4774-9251-171136ddbdb5,1.0,acme-mining,site-02,fleet_telemetry,ACME-S02-TRUCK-050,haul_truck,2026-09-01T16:18:31.854Z,7,-16.514808,-71.514701,92.0,1.2,Dump-A,cycle-acme-s02-truck-050-00002,dumping,0.0,240.0,372269.78,30.1,True,True,11944.76,504573.81,False,False,False,89.9,24.6,[],1.0
b1c92c5b-17bd-4042-b699-83f6a6391fb4,1.0,acme-mining,site-02,fleet_telemetry,ACME-S02-TRUCK-051,haul_truck,2026-09-01T16:18:31.854Z,7,-16.641274,-71.462888,278.1,1.5,Dump-A,cycle-acme-s02-truck-051-00002,dumping,0.0,240.0,353316.13,69.7,True,True,8103.72,573115.03,False,False,False,94.7,24.3,[],1.0
f643feb1-6f10-4ed5-9b17-a758f78b10df,1.0,acme-mining,site-02,fleet_telemetry,ACME-S02-TRUCK-052,haul_truck,2026-09-01T16:18:31.854Z,7,-16.52081,-71.581447,201.3,0.3,Dump-A,cycle-acme-s02-truck-052-00002,dumping,0.0,240.0,143815.24,36.3,True,True,18425.49,346404.46,False,False,False,87.4,23.9,[],1.0
205be4da-1ed5-4701-98df-76c09c4af0d2,1.0,acme-mining,site-02,fleet_telemetry,ACME-S02-TRUCK-053,haul_truck,2026-09-01T16:18:31.854Z,7,-16.582256,-71.597473,264.1,1.0,Dump-A,cycle-acme-s02-truck-053-00002,dumping,0.0,240.0,120266.78,69.4,True,True,19772.44,552938.35,False,False,False,91.2,24.2,[],1.0
b7c59bcc-dd14-4681-971a-9d6c34c733a7,1.0,acme-mining,site-02,fleet_telemetry,ACME-S02-TRUCK-054,haul_truck,2026-09-01T16:18:31.854Z,7,-16.643023,-71.517609,122.0,1.0,Dump-A,cycle-acme-s02-truck-054-00002,dumping,0.0,240.0,270396.16,65.6,True,True,2780.69,423822.21,False,False,False,86.0,24.5,[],1.0
93592079-00f1-4270-89ae-13c59f3fe3e9,1.0,acme-mining,site-02,fleet_telemetry,ACME-S02-TRUCK-055,haul_truck,2026-09-01T16:18:31.854Z,7,-16.66314,-71.514868,339.6,0.5,Dump-A,cycle-acme-s02-truck-055-00002,dumping,0.0,240.0,373104.4,26.9,True,True,18661.65,375079.55,False,False,False,90.8,24.0,[],1.0
d99b28ee-8613-491b-8985-05859aff74d2,1.0,acme-mining,site-02,fleet_telemetry,ACME-S02-TRUCK-056,haul_truck,2026-09-01T16:18:31.854Z,7,-16.570048,-71.571164,212.3,0.6,Dump-A,cycle-acme-s02-truck-056-00002,dumping,0.0,240.0,291156.57,59.8,True,True,17059.54,282449.83,False,False,False,89.2,23.8,[],1.0
88d07801-c0db-4a47-9ebc-916a0c52b673,1.0,acme-mining,site-02,fleet_telemetry,ACME-S02-TRUCK-057,haul_truck,2026-09-01T16:18:31.854Z,7,-16.560229,-71.592214,192.1,1.2,Dump-A,cycle-acme-s02-truck-057-00002,dumping,0.0,240.0,188681.16,56.7,True,True,5991.42,528630.2,False,False,False,88.2,24.2,[],1.0
13cbb267-5176-4115-9389-e18efd19c246,1.0,acme-mining,site-02,fleet_telemetry,ACME-S02-TRUCK-058,haul_truck,2026-09-01T16:18:31.854Z,7,-16.552952,-71.479774,228.6,0.6,Dump-A,cycle-acme-s02-truck-058-00002,dumping,0.0,240.0,147536.74,75.2,True,True,5125.3,402196.09,False,False,False,94.5,24.8,[],1.0
c38829a0-32ba-47f1-ac52-a7124a97f7dd,1.0,acme-mining,site-02,fleet_telemetry,ACME-S02-TRUCK-059,haul_truck,2026-09-01T16:18:31.854Z,7,-16.650791,-71.545561,188.1,0.4,Dump-A,cycle-acme-s02-truck-059-00002,dumping,0.0,240.0,56721.38,41.9,True,True,16926.11,344437.65,False,False,False,95.6,24.2,[],1.0
684704c3-016e-4fb9-bc18-cfa3ac065a23,1.0,acme-mining,site-02,fleet_telemetry,ACME-S02-TRUCK-060,haul_truck,2026-09-01T16:18:31.854Z,7,-16.53196,-71.591963,195.1,0.7,Dump-A,cycle-acme-s02-truck-060-00002,dumping,0.0,240.0,280766.52,42.3,True,True,6952.5,262014.55,False,False,False,89.8,24.4,[],1.0
bdb49853-7be7-4aed-90e7-16b77d8e64f6,1.0,acme-mining,site-02,fleet_telemetry,ACME-S02-TRUCK-061,haul_truck,2026-09-01T16:18:31.854Z,7,-16.595712,-71.47688,92.3,1.0,Dump-A,cycle-acme-s02-truck-061-00002,dumping,0.0,240.0,80111.11,94.7,True,True,16087.93,139595.61,False,False,False,94.8,24.4,[],1.0
409c1da2-b777-4293-8d12-e0c0c2249871,1.0,acme-mining,site-02,fleet_telemetry,ACME-S02-TRUCK-062,haul_truck,2026-09-01T16:18:31.854Z,7,-16.613927,-71.609434,84.2,0.7,Dump-A,cycle-acme-s02-truck-062-00002,dumping,0.0,240.0,435342.56,40.0,True,True,20838.95,338430.16,False,False,False,89.9,24.6,[],1.0
4319f5a1-6a96-42fe-9276-2b24262dacdc,1.0,acme-mining,site-02,fleet_telemetry,ACME-S02-TRUCK-063,haul_truck,2026-09-01T16:18:31.854Z,7,-16.628069,-71.558963,237.2,1.2,Dump-A,cycle-acme-s02-truck-063-00002,dumping,0.0,240.0,57299.16,34.3,True,True,6857.88,25151.92,False,False,False,86.7,25.0,[],1.0
b0e1e8bd-a9ed-4474-8e38-1fc6d513086d,1.0,acme-mining,site-02,fleet_telemetry,ACME-S02-TRUCK-064,haul_truck,2026-09-01T16:18:31.854Z,7,-16.658627,-71.536821,219.2,0.1,Dump-A,cycle-acme-s02-truck-064-00002,dumping,0.0,240.0,95648.78,63.7,True,True,9292.34,379277.56,False,False,False,91.2,23.8,[],1.0
0389368d-9286-4efe-8ac9-e480a9d596f5,1.0,acme-mining,site-02,fleet_telemetry,ACME-S02-TRUCK-065,haul_truck,2026-09-01T16:18:31.854Z,7,-16.654924,-71.557768,60.1,0.1,Dump-A,cycle-acme-s02-truck-065-00002,dumping,0.0,240.0,278859.43,34.0,True,True,18296.61,412642.34,False,False,False,95.2,25.0,[],1.0
f2f89d21-2d7f-4149-b6b4-a09252718417,1.0,acme-mining,site-02,fleet_telemetry,ACME-S02-TRUCK-066,haul_truck,2026-09-01T16:18:31.854Z,7,-16.590386,-71.610274,251.0,0.0,Dump-A,cycle-acme-s02-truck-066-00002,dumping,0.0,240.0,97585.91,60.6,True,True,20705.72,495628.17,False,False,False,89.3,24.7,[],1.0
45b1e49c-c218-4788-b275-fb2ee5d3a65b,1.0,acme-mining,site-02,fleet_telemetry,ACME-S02-TRUCK-067,haul_truck,2026-09-01T16:18:31.854Z,7,-16.648048,-71.4685,85.0,1.3,Dump-A,cycle-acme-s02-truck-067-00002,dumping,0.0,240.0,75534.34,87.5,True,True,17844.09,347179.78,False,False,False,88.9,24.4,[],1.0
9ca46a0a-e1bf-41c3-8e04-bdd9ea6ce6e6,1.0,acme-mining,site-02,fleet_telemetry,ACME-S02-TRUCK-068,haul_truck,2026-09-01T16:18:31.854Z,7,-16.537892,-71.532326,89.2,1.3,Dump-A,cycle-acme-s02-truck-068-00002,dumping,0.0,240.0,141663.56,48.5,True,True,21801.06,485771.34,False,False,False,108.1,24.2,"[""ENG_OVERHEAT""]",0.72
91f2ac0b-ecaf-4b50-bf53-e7a8ae1a6341,1.0,acme-mining,site-02,fleet_telemetry,ACME-S02-TRUCK-069,haul_truck,2026-09-01T16:18:31.854Z,7,-16.603733,-71.568278,142.6,0.6,Dump-A,cycle-acme-s02-truck-069-00002,dumping,0.0,240.0,155745.87,32.6,True,True,10867.73,30481.42,False,False,False,88.1,24.7,[],1.0
b15f06a5-911f-4bfd-965b-2385d2609b43,1.0,acme-mining,site-02,fleet_telemetry,ACME-S02-TRUCK-070,haul_truck,2026-09-01T16:18:31.854Z,7,-16.577851,-71.581112,319.5,1.0,Dump-A,cycle-acme-s02-truck-070-00002,dumping,0.0,240.0,298460.47,93.0,True,True,13454.49,187284.3,False,False,False,112.3,24.0,"[""ENG_OVERHEAT""]",0.72
931970b7-2ce9-490f-b076-080653827fc3,1.0,acme-mining,site-02,fleet_telemetry,ACME-S02-TRUCK-071,haul_truck,2026-09-01T16:18:31.854Z,7,-16.646736,-71.508604,147.7,1.4,Dump-A,cycle-acme-s02-truck-071-00002,dumping,0.0,240.0,282684.2,83.8,True,True,4414.87,416286.03,False,False,False,87.8,25.0,[],1.0
1e423583-608c-4a84-b524-c9c00c965bc0,1.0,acme-mining,site-02,fleet_telemetry,ACME-S02-TRUCK-072,haul_truck,2026-09-01T16:18:31.854Z,7,-16.637778,-71.537193,221.1,1.4,Dump-A,cycle-acme-s02-truck-072-00002,dumping,0.0,240.0,194263.78,53.9,True,True,4844.64,297854.42,False,False,False,93.8,24.9,[],1.0
4b3987b4-ba4c-4a38-a980-a19029c5dd12,1.0,acme-mining,site-02,fleet_telemetry,ACME-S02-TRUCK-073,haul_truck,2026-09-01T16:18:31.854Z,7,-16.637233,-71.565476,78.5,0.7,Dump-A,cycle-acme-s02-truck-073-00002,dumping,0.0,240.0,37404.21,34.6,True,True,19303.75,483577.61,False,False,False,90.3,24.9,[],1.0
028a3710-29cb-4e7a-90de-22482dd96bd0,1.0,acme-mining,site-02,fleet_telemetry,ACME-S02-TRUCK-074,haul_truck,2026-09-01T16:18:31.854Z,7,-16.582998,-71.509368,169.4,1.0,Dump-A,cycle-acme-s02-truck-074-00002,dumping,0.0,240.0,212252.4,62.3,True,True,8788.69,622712.01,False,False,False,86.5,24.1,[],1.0
a4dd0f4a-ecd4-4502-b2f2-03f1d32709d2,1.0,acme-mining,site-02,fleet_telemetry,ACME-S02-TRUCK-075,haul_truck,2026-09-01T16:18:31.854Z,7,-16.634423,-71.461805,250.6,0.6,Dump-A,cycle-acme-s02-truck-075-00002,dumping,0.0,240.0,118468.86,64.0,True,True,13733.63,141126.57,False,False,False,94.1,24.8,[],1.0
799dd7f9-3497-4d5a-9c53-1b2a55200221,1.0,acme-mining,site-02,fleet_telemetry,ACME-S02-TRUCK-076,haul_truck,2026-09-01T16:18:31.854Z,7,-16.580731,-71.467991,143.9,1.3,Dump-A,cycle-acme-s02-truck-076-00002,dumping,0.0,240.0,225161.8,58.5,True,True,15743.91,454851.27,False,False,False,90.8,24.8,[],1.0
3fc1001d-c9cf-4ed1-8bbf-db9ec7e1f84b,1.0,acme-mining,site-02,fleet_telemetry,ACME-S02-TRUCK-077,haul_truck,2026-09-01T16:18:31.854Z,7,-16.539417,-71.464763,7.9,0.5,Dump-A,cycle-acme-s02-truck-077-00002,dumping,0.0,240.0,177065.89,93.6,True,True,3383.74,446272.15,False,False,False,89.2,24.7,[],1.0
8d2b9022-26ef-4212-970e-520165a14692,1.0,acme-mining,site-02,fleet_telemetry,ACME-S02-TRUCK-078,haul_truck,2026-09-01T16:18:31.854Z,7,-16.565455,-71.497923,249.9,0.5,Dump-A,cycle-acme-s02-truck-078-00002,dumping,0.0,240.0,44773.4,89.6,True,True,1691.82,621847.76,False,False,False,94.3,23.9,[],1.0
31375c35-f2cd-4c98-9370-3e47e55f1699,1.0,acme-mining,site-02,fleet_telemetry,ACME-S02-TRUCK-079,haul_truck,2026-09-01T16:18:31.854Z,7,-16.551877,-71.579182,275.3,1.0,Dump-A,cycle-acme-s02-truck-079-00002,dumping,0.0,240.0,129513.89,32.6,True,True,6548.02,374071.49,False,False,False,93.6,24.6,[],1.0
f1a223d4-482a-4d0b-802c-ccf8ea765872,1.0,acme-mining,site-02,fleet_telemetry,ACME-S02-TRUCK-080,haul_truck,2026-09-01T16:18:31.854Z,7,-16.594787,-71.508489,140.6,0.6,Dump-A,cycle-acme-s02-truck-080-00002,dumping,0.0,240.0,54087.55,48.1,True,True,5584.25,166687.2,False,False,False,86.3,24.1,[],1.0
912449f4-9a44-4611-8e73-707402092e3d,1.0,beta-minerals,north-site,fleet_telemetry,BETA-NORTH-TRUCK-001,haul_truck,2026-09-01T16:18:31.854Z,7,-16.562036,-71.59117,167.9,0.4,Dump-A,cycle-beta-north-truck-001-00002,dumping,0.0,240.0,383639.65,70.3,True,True,17975.95,92503.87,False,False,False,92.6,24.4,[],1.0
f43dc3b3-4f6d-4f4b-98d2-3c583a8d794c,1.0,beta-minerals,north-site,fleet_telemetry,BETA-NORTH-TRUCK-002,haul_truck,2026-09-01T16:18:31.854Z,7,-16.596487,-71.489851,344.3,1.3,Dump-A,cycle-beta-north-truck-002-00002,dumping,0.0,240.0,155635.89,54.8,True,True,11739.08,367703.65,False,False,False,95.4,24.2,[],1.0
03495800-a848-4bdc-9b92-962445b7d20c,1.0,beta-minerals,north-site,fleet_telemetry,BETA-NORTH-TRUCK-003,haul_truck,2026-09-01T16:18:31.854Z,7,-16.638809,-71.522739,102.3,1.0,Dump-A,cycle-beta-north-truck-003-00002,dumping,0.0,240.0,22845.05,68.0,True,True,14378.16,292244.84,False,False,False,86.3,25.1,[],1.0
600fa7ca-1231-4e87-ba27-65f7b5e250a2,1.0,beta-minerals,north-site,fleet_telemetry,BETA-NORTH-TRUCK-004,haul_truck,2026-09-01T16:18:31.854Z,7,-16.654111,-71.477992,185.9,0.1,Dump-A,cycle-beta-north-truck-004-00002,dumping,0.0,240.0,365841.55,29.3,True,True,5162.64,493965.2,False,False,False,86.2,24.6,[],1.0
1d85d1c2-8711-45cc-91db-2b32697ded92,1.0,beta-minerals,north-site,fleet_telemetry,BETA-NORTH-TRUCK-005,haul_truck,2026-09-01T16:18:31.854Z,7,-16.515848,-71.567386,169.2,0.5,Dump-A,cycle-beta-north-truck-005-00002,dumping,0.0,240.0,305109.07,59.2,True,True,4977.98,91791.78,False,False,False,94.4,23.8,[],1.0
85a8583d-3bda-4af8-9825-95dfa1f83d70,1.0,beta-minerals,north-site,fleet_telemetry,BETA-NORTH-TRUCK-006,haul_truck,2026-09-01T16:18:31.854Z,7,-16.540212,-71.504506,241.6,0.9,Dump-A,cycle-beta-north-truck-006-00002,dumping,0.0,240.0,382028.28,68.2,True,True,13244.51,239192.67,False,False,False,89.3,24.2,[],1.0
f326f659-f9bb-4f47-9587-17f863913cb5,1.0,beta-minerals,north-site,fleet_telemetry,BETA-NORTH-TRUCK-007,haul_truck,2026-09-01T16:18:31.854Z,7,-16.641112,-71.506556,106.8,1.1,Dump-A,cycle-beta-north-truck-007-00002,dumping,0.0,240.0,61859.57,46.3,True,True,2596.75,104387.25,False,False,False,93.0,23.8,[],1.0
4c22348a-838c-4769-9a33-1fc129f89916,1.0,beta-minerals,north-site,fleet_telemetry,BETA-NORTH-TRUCK-008,haul_truck,2026-09-01T16:18:31.854Z,7,-16.584433,-71.470442,186.6,0.9,Dump-A,cycle-beta-north-truck-008-00002,dumping,0.0,240.0,196137.51,59.0,True,True,13444.24,382127.98,False,False,False,87.5,24.1,[],1.0
c045461e-4764-45b6-96b7-0e5c9b50d39f,1.0,beta-minerals,north-site,fleet_telemetry,BETA-NORTH-TRUCK-009,haul_truck,2026-09-01T16:18:31.854Z,7,-16.598259,-71.608941,154.1,1.2,Dump-A,cycle-beta-north-truck-009-00002,dumping,0.0,240.0,71730.92,47.0,True,True,12564.16,328474.64,False,False,False,114.9,25.1,"[""ENG_OVERHEAT""]",0.72
9d5f8f4e-b191-4098-bdf4-9e91c62e7c24,1.0,beta-minerals,north-site,fleet_telemetry,BETA-NORTH-TRUCK-010,haul_truck,2026-09-01T16:18:31.854Z,7,-16.565915,-71.552004,223.3,0.2,Dump-A,cycle-beta-north-truck-010-00002,dumping,0.0,240.0,178935.88,64.3,True,True,11073.72,142931.11,False,False,False,91.6,24.0,[],1.0
fd7180c3-d370-47ee-8088-a88f02772fa4,1.0,beta-minerals,north-site,fleet_telemetry,BETA-NORTH-TRUCK-011,haul_truck,2026-09-01T16:18:31.854Z,7,-16.62362,-71.573565,196.2,1.4,Dump-A,cycle-beta-north-truck-011-00002,dumping,0.0,240.0,23579.15,78.2,True,True,11160.44,72082.64,False,False,False,94.3,25.2,[],1.0
bb04cded-8380-420c-9929-7cb4f7ff6295,1.0,beta-minerals,north-site,fleet_telemetry,BETA-NORTH-TRUCK-012,haul_truck,2026-09-01T16:18:31.854Z,7,-16.58865,-71.525842,144.8,1.2,Dump-A,cycle-beta-north-truck-012-00002,dumping,0.0,240.0,349921.41,59.6,True,True,17351.7,376359.91,False,False,False,94.6,24.0,[],1.0
c22644bc-4692-4373-bda8-cc25016a6b70,1.0,beta-minerals,north-site,fleet_telemetry,BETA-NORTH-TRUCK-013,haul_truck,2026-09-01T16:18:31.854Z,7,-16.555345,-71.530057,226.0,0.0,Dump-A,cycle-beta-north-truck-013-00002,dumping,0.0,240.0,371949.25,27.9,True,True,18253.61,251123.05,False,False,False,89.6,23.8,[],1.0
2fe34549-e312-499e-baf3-dbac14432aa0,1.0,beta-minerals,north-site,fleet_telemetry,BETA-NORTH-TRUCK-014,haul_truck,2026-09-01T16:18:31.854Z,7,-16.665225,-71.575449,155.0,0.9,Dump-A,cycle-beta-north-truck-014-00002,dumping,0.0,240.0,118914.36,86.2,True,True,16402.97,431813.35,False,False,False,95.4,24.3,[],1.0
eb952e20-ab56-4606-9bb8-a825f586f464,1.0,beta-minerals,north-site,fleet_telemetry,BETA-NORTH-TRUCK-015,haul_truck,2026-09-01T16:18:31.854Z,7,-16.540732,-71.523437,263.6,0.7,Dump-A,cycle-beta-north-truck-015-00002,dumping,0.0,240.0,351278.37,41.5,True,True,10108.29,646193.49,False,False,False,92.5,25.1,[],1.0
4e072425-0bbb-4e08-a389-9702e8ceb1f1,1.0,beta-minerals,north-site,fleet_telemetry,BETA-NORTH-TRUCK-016,haul_truck,2026-09-01T16:18:31.854Z,7,-16.660905,-71.561369,286.3,0.4,Dump-A,cycle-beta-north-truck-016-00002,dumping,0.0,240.0,100913.09,39.4,True,True,4318.82,107718.16,False,False,False,89.1,24.2,[],1.0
333e9dbc-9245-4dd9-a87f-4c309ea5ff60,1.0,beta-minerals,north-site,fleet_telemetry,BETA-NORTH-TRUCK-017,haul_truck,2026-09-01T16:18:31.854Z,7,-16.518034,-71.535224,347.1,0.4,Dump-A,cycle-beta-north-truck-017-00002,dumping,0.0,240.0,138759.71,65.1,True,True,4369.61,636770.25,False,False,False,89.2,24.7,[],1.0
34165ce5-72f3-4dc9-8799-71119477ec5e,1.0,beta-minerals,north-site,fleet_telemetry,BETA-NORTH-TRUCK-018,haul_truck,2026-09-01T16:18:31.854Z,7,-16.62604,-71.512519,34.9,0.7,Dump-A,cycle-beta-north-truck-018-00002,dumping,0.0,240.0,191102.78,29.1,True,True,3674.49,492559.42,False,False,False,94.5,23.9,[],1.0
ad70f814-d8e7-4d1a-bfc4-b345f74d1c21,1.0,beta-minerals,north-site,fleet_telemetry,BETA-NORTH-TRUCK-019,haul_truck,2026-09-01T16:18:31.854Z,7,-16.562182,-71.539215,178.6,0.7,Dump-A,cycle-beta-north-truck-019-00002,dumping,0.0,240.0,374532.44,78.3,True,True,6093.17,468178.95,False,False,False,87.7,25.2,[],1.0
fdad4af2-37c6-4023-aab4-c8b99144f799,1.0,beta-minerals,north-site,fleet_telemetry,BETA-NORTH-TRUCK-020,haul_truck,2026-09-01T16:18:31.854Z,7,-16.5474,-71.553052,274.2,0.1,Dump-A,cycle-beta-north-truck-020-00002,dumping,0.0,240.0,43227.6,80.6,True,True,14109.64,256358.72,False,False,False,93.6,24.1,[],1.0
2dd0d317-bc7f-4520-ab09-afeecdbeb418,1.0,beta-minerals,north-site,fleet_telemetry,BETA-NORTH-TRUCK-021,haul_truck,2026-09-01T16:18:31.854Z,7,-16.53482,-71.602608,267.8,0.1,Dump-A,cycle-beta-north-truck-021-00002,dumping,0.0,240.0,266060.88,85.8,True,True,10439.56,327468.17,False,False,False,94.3,24.6,[],1.0
63e6fa6b-467c-432c-89bb-25b5e230ef0d,1.0,beta-minerals,north-site,fleet_telemetry,BETA-NORTH-TRUCK-022,haul_truck,2026-09-01T16:18:31.854Z,7,-16.538446,-71.538369,69.6,1.1,Dump-A,cycle-beta-north-truck-022-00002,dumping,0.0,240.0,184995.43,92.7,True,True,18822.26,521277.24,False,False,False,91.2,24.4,[],1.0
c605d379-866e-4b30-b74c-100865f330d4,1.0,beta-minerals,north-site,fleet_telemetry,BETA-NORTH-TRUCK-023,haul_truck,2026-09-01T16:18:31.854Z,7,-16.615441,-71.508269,306.6,0.3,Dump-A,cycle-beta-north-truck-023-00002,dumping,0.0,240.0,259102.97,58.9,True,True,7960.42,384098.33,False,False,False,94.1,24.2,[],1.0
b75b737b-a8e5-48bc-9b24-d70b3d95c1c4,1.0,beta-minerals,north-site,fleet_telemetry,BETA-NORTH-TRUCK-024,haul_truck,2026-09-01T16:18:31.854Z,7,-16.645105,-71.544448,280.6,1.3,Dump-A,cycle-beta-north-truck-024-00002,dumping,0.0,240.0,17164.24,90.0,True,True,14075.02,547122.51,False,False,False,92.1,24.5,[],1.0
3555ac75-4716-453e-8d79-995d2f1c5f7c,1.0,beta-minerals,north-site,fleet_telemetry,BETA-NORTH-TRUCK-025,haul_truck,2026-09-01T16:18:31.854Z,7,-16.644979,-71.468283,311.7,0.0,Dump-A,cycle-beta-north-truck-025-00002,dumping,0.0,240.0,68042.2,70.5,True,True,5089.16,453813.02,False,False,False,91.3,24.9,[],1.0
990cf48a-d612-4c10-99d4-c4c8bb6f6ec4,1.0,beta-minerals,north-site,fleet_telemetry,BETA-NORTH-TRUCK-026,haul_truck,2026-09-01T16:18:31.854Z,7,-16.606962,-71.568616,1.8,0.5,Dump-A,cycle-beta-north-truck-026-00002,dumping,0.0,240.0,407672.56,36.5,True,True,6108.26,254261.71,False,False,False,95.7,25.0,[],1.0
a31dc759-4e86-414e-9601-f289741bd15e,1.0,beta-minerals,north-site,fleet_telemetry,BETA-NORTH-TRUCK-027,haul_truck,2026-09-01T16:18:31.854Z,7,-16.657922,-71.522539,25.7,0.6,Dump-A,cycle-beta-north-truck-027-00002,dumping,0.0,240.0,51881.26,39.9,True,True,9899.71,77455.65,False,False,False,93.6,24.5,[],1.0
8d66ff36-ca9e-4064-923d-cf9b72f4639f,1.0,beta-minerals,north-site,fleet_telemetry,BETA-NORTH-TRUCK-028,haul_truck,2026-09-01T16:18:31.854Z,7,-16.602807,-71.596343,281.2,0.1,Dump-A,cycle-beta-north-truck-028-00002,dumping,0.0,240.0,369528.42,94.1,True,True,996.89,458226.31,False,False,False,91.6,24.3,[],1.0
9f6b4fd7-1f48-457b-bacf-1252a1e6cf32,1.0,beta-minerals,north-site,fleet_telemetry,BETA-NORTH-TRUCK-029,haul_truck,2026-09-01T16:18:31.854Z,7,-16.622527,-71.556268,310.9,0.7,Dump-A,cycle-beta-north-truck-029-00002,dumping,0.0,240.0,55409.12,50.7,True,True,2693.83,527752.95,False,False,False,92.6,24.6,[],1.0
84beab62-559b-4bb5-89de-f4a352f0727f,1.0,beta-minerals,north-site,fleet_telemetry,BETA-NORTH-TRUCK-030,haul_truck,2026-09-01T16:18:31.854Z,7,-16.572743,-71.591216,92.1,0.1,Dump-A,cycle-beta-north-truck-030-00002,dumping,0.0,240.0,40101.55,64.4,True,True,14401.42,446596.48,False,False,False,87.9,24.6,[],1.0
2b56b8e9-ec99-4330-95b8-cf8376feedae,1.0,beta-minerals,north-site,fleet_telemetry,BETA-NORTH-TRUCK-031,haul_truck,2026-09-01T16:18:31.854Z,7,-16.532787,-71.603614,123.9,0.1,Dump-A,cycle-beta-north-truck-031-00002,dumping,0.0,240.0,191152.8,73.0,True,True,14115.31,115365.83,False,False,False,91.1,24.6,[],1.0
3cd6b824-055e-4fbb-91ba-aeb7a5591a4b,1.0,beta-minerals,north-site,fleet_telemetry,BETA-NORTH-TRUCK-032,haul_truck,2026-09-01T16:18:31.854Z,7,-16.648047,-71.573184,322.2,0.1,Dump-A,cycle-beta-north-truck-032-00002,dumping,0.0,240.0,433829.88,47.0,True,True,13298.98,261940.25,False,False,False,87.0,24.4,[],1.0
c46ea50a-c830-4643-9730-2e16a1ad9e99,1.0,beta-minerals,north-site,fleet_telemetry,BETA-NORTH-TRUCK-033,haul_truck,2026-09-01T16:18:31.854Z,7,-16.666094,-71.481952,131.6,0.4,Dump-A,cycle-beta-north-truck-033-00002,dumping,0.0,240.0,135365.6,90.9,True,True,13541.19,474343.32,False,False,False,89.9,24.6,[],1.0
a0d5ed6a-7f29-46e1-b197-a45a273ee774,1.0,beta-minerals,north-site,fleet_telemetry,BETA-NORTH-TRUCK-034,haul_truck,2026-09-01T16:18:31.854Z,7,-16.661674,-71.473864,295.6,0.2,Dump-A,cycle-beta-north-truck-034-00002,dumping,0.0,240.0,339051.65,45.7,True,True,11776.29,340999.36,False,False,False,92.5,23.8,[],1.0
eb7edefa-a0fd-428b-bac6-36bd2d49fcc4,1.0,beta-minerals,north-site,fleet_telemetry,BETA-NORTH-TRUCK-035,haul_truck,2026-09-01T16:18:31.854Z,7,-16.5282,-71.615597,288.3,0.4,Dump-A,cycle-beta-north-truck-035-00002,dumping,0.0,240.0,290756.67,29.9,True,True,8980.78,171881.65,False,False,False,94.9,24.8,[],1.0
03e9b9fd-b463-4b34-9fb5-c24c323febc4,1.0,beta-minerals,north-site,fleet_telemetry,BETA-NORTH-TRUCK-036,haul_truck,2026-09-01T16:18:31.854Z,7,-16.561157,-71.495469,354.4,0.5,Dump-A,cycle-beta-north-truck-036-00002,dumping,0.0,240.0,260087.82,50.5,True,True,3598.05,562312.94,False,False,False,91.4,25.2,[],1.0
fa5e91ae-639b-442b-91d1-e2c1a349cbe8,1.0,beta-minerals,north-site,fleet_telemetry,BETA-NORTH-TRUCK-037,haul_truck,2026-09-01T16:18:31.854Z,7,-16.660723,-71.491243,53.8,0.4,Dump-A,cycle-beta-north-truck-037-00002,dumping,0.0,240.0,125361.97,27.8,True,True,1153.83,62545.63,False,False,False,93.1,23.9,[],1.0
3c8126a3-c3ae-406d-a0d9-5718f1356bb1,1.0,beta-minerals,north-site,fleet_telemetry,BETA-NORTH-TRUCK-038,haul_truck,2026-09-01T16:18:31.854Z,7,-16.584399,-71.593099,141.7,0.8,Dump-A,cycle-beta-north-truck-038-00002,dumping,0.0,240.0,187002.51,69.8,True,True,17062.74,286852.54,False,False,False,91.9,24.0,[],1.0
921f120d-7725-4401-96f3-5cb6d2fb7db5,1.0,beta-minerals,north-site,fleet_telemetry,BETA-NORTH-TRUCK-039,haul_truck,2026-09-01T16:18:31.854Z,7,-16.607886,-71.515996,133.8,1.4,Dump-A,cycle-beta-north-truck-039-00002,dumping,0.0,240.0,365546.88,62.5,True,True,11639.67,148014.55,False,False,False,88.4,24.9,[],1.0
43c8fd3c-1020-4f97-a3be-54ff07584f09,1.0,beta-minerals,north-site,fleet_telemetry,BETA-NORTH-TRUCK-040,haul_truck,2026-09-01T16:18:31.854Z,7,-16.631296,-71.469553,349.9,0.8,Dump-A,cycle-beta-north-truck-040-00002,dumping,0.0,240.0,429508.75,41.7,True,True,7375.6,295616.35,False,False,False,88.8,24.8,[],1.0
b7c3ba42-b64c-4759-81ac-0eea1e792575,1.0,beta-minerals,north-site,fleet_telemetry,BETA-NORTH-TRUCK-041,haul_truck,2026-09-01T16:18:31.854Z,7,-16.557102,-71.50525,141.0,1.0,Dump-A,cycle-beta-north-truck-041-00002,dumping,0.0,240.0,335890.04,33.3,True,True,7356.96,487267.03,False,False,False,86.1,24.0,[],1.0
2e890223-ce9d-49ca-afc2-de6050c1c4e8,1.0,beta-minerals,north-site,fleet_telemetry,BETA-NORTH-TRUCK-042,haul_truck,2026-09-01T16:18:31.854Z,7,-16.650097,-71.492532,101.7,1.0,Dump-A,cycle-beta-north-truck-042-00002,dumping,0.0,240.0,327137.27,36.7,True,True,11887.72,513282.0,False,False,False,95.0,24.4,[],1.0
27f8e807-a887-42cb-a96c-0d2089b2c746,1.0,beta-minerals,north-site,fleet_telemetry,BETA-NORTH-TRUCK-043,haul_truck,2026-09-01T16:18:31.854Z,7,-16.660154,-71.503517,123.3,0.9,Dump-A,cycle-beta-north-truck-043-00002,dumping,0.0,240.0,365127.9,44.0,True,True,17154.33,38494.58,False,False,False,93.2,24.4,[],1.0
589d6f63-0f17-4fde-b541-b46147794eda,1.0,beta-minerals,north-site,fleet_telemetry,BETA-NORTH-TRUCK-044,haul_truck,2026-09-01T16:18:31.854Z,7,-16.643664,-71.592315,168.6,0.3,Dump-A,cycle-beta-north-truck-044-00002,dumping,0.0,240.0,34393.65,85.1,True,True,11318.34,341792.72,False,False,False,92.0,24.2,[],1.0
ca3758ae-ea66-4ad1-ba4e-a6e9c8772a98,1.0,beta-minerals,north-site,fleet_telemetry,BETA-NORTH-TRUCK-045,haul_truck,2026-09-01T16:18:31.854Z,7,-16.533007,-71.615552,274.3,0.0,Dump-A,cycle-beta-north-truck-045-00002,dumping,0.0,240.0,335943.63,25.1,True,True,15091.36,92660.35,False,False,False,95.0,25.0,[],1.0
c5061b6d-3b2c-4283-8971-daf80d6ed40a,1.0,beta-minerals,north-site,fleet_telemetry,BETA-NORTH-TRUCK-046,haul_truck,2026-09-01T16:18:31.854Z,7,-16.581967,-71.47127,201.0,0.7,Dump-A,cycle-beta-north-truck-046-00002,dumping,0.0,240.0,419710.88,85.0,True,True,8919.17,114553.48,False,False,False,95.6,25.2,[],1.0
c52011f0-3cb9-4432-a380-7d413d2bc258,1.0,beta-minerals,north-site,fleet_telemetry,BETA-NORTH-TRUCK-047,haul_truck,2026-09-01T16:18:31.854Z,7,-16.538235,-71.526062,257.6,0.1,Dump-A,cycle-beta-north-truck-047-00002,dumping,0.0,240.0,412976.54,47.4,True,True,5559.73,176405.95,False,False,False,95.8,24.6,[],1.0
5812118a-e2bc-48e0-adc3-80aa91ed05fe,1.0,beta-minerals,north-site,fleet_telemetry,BETA-NORTH-TRUCK-048,haul_truck,2026-09-01T16:18:31.854Z,7,-16.659365,-71.543072,249.3,0.9,Dump-A,cycle-beta-north-truck-048-00002,dumping,0.0,240.0,441822.54,91.7,True,True,4602.11,526733.09,False,False,False,93.2,25.0,[],1.0
ebf54265-066f-481a-8f0f-93e25f07d52b,1.0,beta-minerals,north-site,fleet_telemetry,BETA-NORTH-TRUCK-049,haul_truck,2026-09-01T16:18:31.854Z,7,-16.580187,-71.568853,245.0,0.4,Dump-A,cycle-beta-north-truck-049-00002,dumping,0.0,240.0,13506.88,39.0,True,True,7738.79,368447.72,False,False,False,86.9,25.1,[],1.0
92c4ab3d-2f3b-49f4-a7cb-36aa2ec87b06,1.0,beta-minerals,north-site,fleet_telemetry,BETA-NORTH-TRUCK-050,haul_truck,2026-09-01T16:18:31.854Z,7,-16.553217,-71.53006,193.3,1.2,Dump-A,cycle-beta-north-truck-050-00002,dumping,0.0,240.0,449026.78,79.3,True,True,8607.41,632270.52,False,False,False,87.0,24.6,[],1.0
f1ac1f94-a658-4d36-abe1-2c506eb9403e,1.0,beta-minerals,north-site,fleet_telemetry,BETA-NORTH-TRUCK-051,haul_truck,2026-09-01T16:18:31.854Z,7,-16.536071,-71.477108,86.7,0.8,Dump-A,cycle-beta-north-truck-051-00002,dumping,0.0,240.0,112519.45,49.2,True,True,935.22,278322.89,False,False,False,94.0,24.7,[],1.0
975c0031-4007-4431-9b24-6f9df2aad7f8,1.0,beta-minerals,north-site,fleet_telemetry,BETA-NORTH-TRUCK-052,haul_truck,2026-09-01T16:18:31.854Z,7,-16.637595,-71.460177,357.8,0.2,Dump-A,cycle-beta-north-truck-052-00002,dumping,0.0,240.0,334756.81,46.5,True,True,16889.31,257053.26,False,False,False,86.3,24.9,[],1.0
58454a01-fffd-4661-bb43-f399d15137bb,1.0,beta-minerals,north-site,fleet_telemetry,BETA-NORTH-TRUCK-053,haul_truck,2026-09-01T16:18:31.854Z,7,-16.633368,-71.482198,81.3,1.0,Dump-A,cycle-beta-north-truck-053-00002,dumping,0.0,240.0,133123.56,28.0,True,True,21418.27,109695.42,False,False,False,86.2,25.1,[],1.0
1107d9d9-a4a5-45f4-bd08-5af1cb0d1ce8,1.0,beta-minerals,north-site,fleet_telemetry,BETA-NORTH-TRUCK-054,haul_truck,2026-09-01T16:18:31.854Z,7,-16.568406,-71.554406,130.8,1.0,Dump-A,cycle-beta-north-truck-054-00002,dumping,0.0,240.0,265539.52,60.3,True,True,10519.32,491176.75,False,False,False,95.5,24.2,[],1.0
51240d6e-7592-43a8-b127-a66e652eb27b,1.0,beta-minerals,north-site,fleet_telemetry,BETA-NORTH-TRUCK-055,haul_truck,2026-09-01T16:18:31.854Z,7,-16.620022,-71.489362,310.8,0.7,Dump-A,cycle-beta-north-truck-055-00002,dumping,0.0,240.0,114180.01,43.2,True,True,10021.65,627457.66,False,False,False,93.9,24.8,[],1.0
52b4b8e2-684e-4d1c-b64e-213a6432b5f8,1.0,beta-minerals,north-site,fleet_telemetry,BETA-NORTH-TRUCK-056,haul_truck,2026-09-01T16:18:31.854Z,7,-16.545584,-71.523934,70.8,1.0,Dump-A,cycle-beta-north-truck-056-00002,dumping,0.0,240.0,42862.92,39.2,True,True,7542.83,191332.34,False,False,False,92.4,24.4,[],1.0
8c9d610c-1163-4297-a343-0c5dfb631a05,1.0,beta-minerals,north-site,fleet_telemetry,BETA-NORTH-TRUCK-057,haul_truck,2026-09-01T16:18:31.854Z,7,-16.547162,-71.545181,222.3,0.1,Dump-A,cycle-beta-north-truck-057-00002,dumping,0.0,240.0,63124.61,50.0,True,True,10330.82,217841.1,False,False,False,86.7,24.3,[],1.0
ead531f7-e56a-45fe-875d-485cda9cec20,1.0,beta-minerals,north-site,fleet_telemetry,BETA-NORTH-TRUCK-058,haul_truck,2026-09-01T16:18:31.854Z,7,-16.5739,-71.583118,174.9,0.4,Dump-A,cycle-beta-north-truck-058-00002,dumping,0.0,240.0,143855.04,74.3,True,True,2716.93,528786.18,False,False,False,94.8,24.3,[],1.0
7075b3b9-87c9-4c8c-9bf1-9017827d5ad4,1.0,beta-minerals,north-site,fleet_telemetry,BETA-NORTH-TRUCK-059,haul_truck,2026-09-01T16:18:31.854Z,7,-16.562056,-71.575883,117.6,0.6,Dump-A,cycle-beta-north-truck-059-00002,dumping,0.0,240.0,166527.26,60.9,True,True,2733.72,176377.99,False,False,False,87.8,24.9,[],1.0
162c0426-62f1-42ef-bc45-0a59178189aa,1.0,beta-minerals,north-site,fleet_telemetry,BETA-NORTH-TRUCK-060,haul_truck,2026-09-01T16:18:31.854Z,7,-16.655215,-71.601215,269.6,0.6,Dump-A,cycle-beta-north-truck-060-00002,dumping,0.0,240.0,254620.1,63.5,True,True,20984.46,558398.97,False,False,False,106.1,23.9,"[""ENG_OVERHEAT""]",0.72
11346f27-da7e-4b21-811a-1d69fde4011e,1.0,beta-minerals,north-site,fleet_telemetry,BETA-NORTH-TRUCK-061,haul_truck,2026-09-01T16:18:31.854Z,7,-16.538621,-71.55793,326.5,0.8,Dump-A,cycle-beta-north-truck-061-00002,dumping,0.0,240.0,442330.03,34.1,True,True,1053.5,543134.71,False,False,False,113.3,23.8,"[""ENG_OVERHEAT""]",0.72
b88dd22c-a705-4818-b022-22158377901d,1.0,beta-minerals,north-site,fleet_telemetry,BETA-NORTH-TRUCK-062,haul_truck,2026-09-01T16:18:31.854Z,7,-16.660082,-71.473058,334.0,1.4,Dump-A,cycle-beta-north-truck-062-00002,dumping,0.0,240.0,367609.16,26.5,True,True,13145.27,183057.17,False,False,False,86.5,23.9,[],1.0
380456a3-87d8-4db5-8b9b-fec75e8f8ac2,1.0,beta-minerals,north-site,fleet_telemetry,BETA-NORTH-TRUCK-063,haul_truck,2026-09-01T16:18:31.854Z,7,-16.519653,-71.609358,298.4,0.4,Dump-A,cycle-beta-north-truck-063-00002,dumping,0.0,240.0,365910.82,33.5,True,True,2749.96,553783.67,False,False,False,88.4,24.3,[],1.0
1304f593-7d1a-499d-86fc-0fd658bca4e3,1.0,beta-minerals,north-site,fleet_telemetry,BETA-NORTH-TRUCK-064,haul_truck,2026-09-01T16:18:31.854Z,7,-16.642781,-71.583166,232.8,0.2,Dump-A,cycle-beta-north-truck-064-00002,dumping,0.0,240.0,22972.65,72.8,True,True,18219.74,268849.32,False,False,False,92.4,24.4,[],1.0
870de1b4-816b-4c50-bc68-478cc973562f,1.0,beta-minerals,north-site,fleet_telemetry,BETA-NORTH-TRUCK-065,haul_truck,2026-09-01T16:18:31.854Z,7,-16.566831,-71.537629,3.9,1.3,Dump-A,cycle-beta-north-truck-065-00002,dumping,0.0,240.0,280207.34,68.2,True,True,10255.45,113637.9,False,False,False,91.9,24.1,[],1.0
552c0ad2-fc47-4a63-82ab-30ace351bf69,1.0,beta-minerals,north-site,fleet_telemetry,BETA-NORTH-TRUCK-066,haul_truck,2026-09-01T16:18:31.854Z,7,-16.528865,-71.533351,289.9,0.1,Dump-A,cycle-beta-north-truck-066-00002,dumping,0.0,240.0,70384.29,38.9,True,True,2092.77,196259.0,False,False,False,87.6,24.1,[],1.0
d6429f66-8bd0-42fe-a2cd-9151f005d269,1.0,beta-minerals,north-site,fleet_telemetry,BETA-NORTH-TRUCK-067,haul_truck,2026-09-01T16:18:31.854Z,7,-16.583287,-71.539978,94.4,0.0,Dump-A,cycle-beta-north-truck-067-00002,dumping,0.0,240.0,354043.38,50.1,True,True,17650.75,643324.44,False,False,False,86.2,24.0,[],1.0
9b9e3002-8bcc-47d7-991a-996bcd034ecf,1.0,beta-minerals,north-site,fleet_telemetry,BETA-NORTH-TRUCK-068,haul_truck,2026-09-01T16:18:31.854Z,7,-16.665721,-71.487824,204.6,0.3,Dump-A,cycle-beta-north-truck-068-00002,dumping,0.0,240.0,21468.15,66.8,True,True,7618.02,190374.63,False,False,False,93.6,24.8,[],1.0
1bb85b53-7735-418f-87e0-8c8eb7853349,1.0,beta-minerals,north-site,fleet_telemetry,BETA-NORTH-TRUCK-069,haul_truck,2026-09-01T16:18:31.854Z,7,-16.654394,-71.51245,296.7,0.6,Dump-A,cycle-beta-north-truck-069-00002,dumping,0.0,240.0,449826.97,93.1,True,True,12023.97,503110.68,False,False,False,91.7,25.2,[],1.0
6a37ab7a-75bc-4470-8bc2-1d9fb039cc7e,1.0,beta-minerals,north-site,fleet_telemetry,BETA-NORTH-TRUCK-070,haul_truck,2026-09-01T16:18:31.854Z,7,-16.608251,-71.467861,15.5,0.1,Dump-A,cycle-beta-north-truck-070-00002,dumping,0.0,240.0,263304.97,93.7,True,True,16997.86,617115.7,False,False,False,91.3,25.0,[],1.0
a111986e-641a-4421-a753-9b827ee12218,1.0,beta-minerals,north-site,fleet_telemetry,BETA-NORTH-TRUCK-071,haul_truck,2026-09-01T16:18:31.854Z,7,-16.524164,-71.613019,336.3,0.7,Dump-A,cycle-beta-north-truck-071-00002,dumping,0.0,240.0,364732.94,73.8,True,True,4533.34,393287.43,False,False,False,95.5,24.7,[],1.0
091c8af7-35a9-4b12-bca7-2d84cba4520f,1.0,beta-minerals,north-site,fleet_telemetry,BETA-NORTH-TRUCK-072,haul_truck,2026-09-01T16:18:31.854Z,7,-16.529338,-71.538721,342.6,0.4,Dump-A,cycle-beta-north-truck-072-00002,dumping,0.0,240.0,92823.26,94.1,True,True,12748.47,374758.75,False,False,False,92.3,23.9,[],1.0
27d8a3d5-3c50-42c5-8e58-e99924c4664e,1.0,beta-minerals,north-site,fleet_telemetry,BETA-NORTH-TRUCK-073,haul_truck,2026-09-01T16:18:31.854Z,7,-16.59393,-71.564408,249.6,0.4,Dump-A,cycle-beta-north-truck-073-00002,dumping,0.0,240.0,274732.07,26.4,True,True,1604.84,55385.96,False,False,False,92.0,25.1,[],1.0
239c9af7-f13f-4723-8e32-a92cb16d54fc,1.0,beta-minerals,north-site,fleet_telemetry,BETA-NORTH-TRUCK-074,haul_truck,2026-09-01T16:18:31.854Z,7,-16.660885,-71.59382,227.0,0.3,Dump-A,cycle-beta-north-truck-074-00002,dumping,0.0,240.0,363067.2,85.7,True,True,8024.1,131799.86,False,False,False,91.6,24.0,[],1.0
dcea09c6-8058-45a0-9b74-42a28f2fadd5,1.0,beta-minerals,north-site,fleet_telemetry,BETA-NORTH-TRUCK-075,haul_truck,2026-09-01T16:18:31.854Z,7,-16.610613,-71.466792,190.5,0.8,Dump-A,cycle-beta-north-truck-075-00002,dumping,0.0,240.0,388695.01,92.2,True,True,17216.58,553283.1,False,False,False,92.3,24.2,[],1.0
0dd982e5-84b8-4be8-b92c-12b0bd17489c,1.0,beta-minerals,north-site,fleet_telemetry,BETA-NORTH-TRUCK-076,haul_truck,2026-09-01T16:18:31.854Z,7,-16.600472,-71.515256,352.8,1.3,Dump-A,cycle-beta-north-truck-076-00002,dumping,0.0,240.0,439379.14,76.2,True,True,7935.1,223240.16,False,False,False,89.3,24.0,[],1.0
1c6f9920-48af-4b2c-9b9d-f3d172b72d40,1.0,beta-minerals,north-site,fleet_telemetry,BETA-NORTH-TRUCK-077,haul_truck,2026-09-01T16:18:31.854Z,7,-16.544507,-71.581824,44.4,0.3,Dump-A,cycle-beta-north-truck-077-00002,dumping,0.0,240.0,315167.02,90.0,True,True,4493.11,630308.16,False,False,False,89.7,24.7,[],1.0
c6efc8fc-7a6a-4cba-9609-6f8e859b4ef8,1.0,beta-minerals,north-site,fleet_telemetry,BETA-NORTH-TRUCK-078,haul_truck,2026-09-01T16:18:31.854Z,7,-16.670088,-71.505168,84.5,0.1,Dump-A,cycle-beta-north-truck-078-00002,dumping,0.0,240.0,139588.04,37.4,True,True,8821.75,482416.97,False,False,False,89.8,24.9,[],1.0
6abb86f8-4486-48ee-9b2a-8912e06d9993,1.0,beta-minerals,north-site,fleet_telemetry,BETA-NORTH-TRUCK-079,haul_truck,2026-09-01T16:18:31.854Z,7,-16.63509,-71.527021,195.0,0.2,Dump-A,cycle-beta-north-truck-079-00002,dumping,0.0,240.0,415257.26,92.7,True,True,1486.52,399504.99,False,False,False,87.4,23.8,[],1.0
82293a8e-618d-45a9-a1bb-9813ad3108b7,1.0,beta-minerals,north-site,fleet_telemetry,BETA-NORTH-TRUCK-080,haul_truck,2026-09-01T16:18:31.854Z,7,-16.568617,-71.463419,272.7,0.0,Dump-A,cycle-beta-north-truck-080-00002,dumping,0.0,240.0,162596.9,47.3,True,True,7820.78,69018.32,False,False,False,92.4,25.1,[],1.0
76492e5c-99d0-47f3-af46-2b5b08f27186,1.0,acme-mining,site-01,fleet_telemetry,ACME-S01-TRUCK-001,haul_truck,2026-09-01T16:18:36.854Z,8,-16.552549,-71.509197,243.6,54.5,Dump-A,cycle-acme-s01-truck-001-00002,returning,0.0,240.0,131013.47,40.6,True,False,14355.86,35756.97,False,False,True,91.7,25.0,[],1.0
351b73b0-be12-437a-8192-a5761fdf0ac1,1.0,acme-mining,site-01,fleet_telemetry,ACME-S01-TRUCK-002,haul_truck,2026-09-01T16:18:36.854Z,8,-16.574099,-71.527681,0.4,34.5,Dump-A,cycle-acme-s01-truck-002-00002,returning,0.0,240.0,51226.47,41.2,True,False,13318.45,40023.28,False,False,False,95.8,24.8,[],1.0
4a2e9b7d-5fa6-49c5-ab17-8abe61f848d0,1.0,acme-mining,site-01,fleet_telemetry,ACME-S01-TRUCK-003,haul_truck,2026-09-01T16:18:36.854Z,8,-16.548975,-71.591936,348.9,28.5,Dump-A,cycle-acme-s01-truck-003-00002,returning,0.0,240.0,132404.48,85.8,True,False,9693.83,303001.9,False,False,False,94.0,24.3,[],1.0
2ed7831a-f191-4156-aae7-b145b8f780a8,1.0,acme-mining,site-01,fleet_telemetry,ACME-S01-TRUCK-004,haul_truck,2026-09-01T16:18:36.854Z,8,-16.654915,-71.481936,313.5,33.5,Dump-A,cycle-acme-s01-truck-004-00002,returning,0.0,240.0,158102.17,31.4,True,False,4096.18,623044.42,False,False,False,92.1,24.5,[],1.0
54660425-d77b-462d-ac92-27b540c27859,1.0,acme-mining,site-01,fleet_telemetry,ACME-S01-TRUCK-005,haul_truck,2026-09-01T16:18:36.854Z,8,-16.582084,-71.484813,165.5,39.2,Dump-A,cycle-acme-s01-truck-005-00002,returning,0.0,240.0,438171.5,51.5,True,False,16270.32,357823.89,False,False,False,90.4,24.2,[],1.0
5722ebb9-d696-44d7-a2db-8d0c295e17b4,1.0,acme-mining,site-01,fleet_telemetry,ACME-S01-TRUCK-006,haul_truck,2026-09-01T16:18:36.854Z,8,-16.624073,-71.604669,24.0,31.9,Dump-A,cycle-acme-s01-truck-006-00002,returning,0.0,240.0,30163.3,40.9,True,False,13039.88,463880.45,False,False,False,92.6,25.1,[],1.0
2474e098-6aa7-4d06-bf36-e38e26967ca4,1.0,acme-mining,site-01,fleet_telemetry,ACME-S01-TRUCK-007,haul_truck,2026-09-01T16:18:36.854Z,8,-16.613518,-71.510266,180.3,37.3,Dump-A,cycle-acme-s01-truck-007-00002,returning,0.0,240.0,377009.15,36.3,True,False,8858.69,305648.67,False,False,False,88.0,24.9,[],1.0
da6bd4a3-d663-43de-b43b-b0af6fcf9824,1.0,acme-mining,site-01,fleet_telemetry,ACME-S01-TRUCK-008,haul_truck,2026-09-01T16:18:36.854Z,8,-16.609699,-71.459186,185.1,26.3,Dump-A,cycle-acme-s01-truck-008-00002,returning,0.0,240.0,330816.36,36.4,True,False,13713.59,127817.52,False,False,False,90.0,25.1,[],1.0
7116f015-252e-4bde-b8a4-6734f4dbfaa0,1.0,acme-mining,site-01,fleet_telemetry,ACME-S01-TRUCK-009,haul_truck,2026-09-01T16:18:36.854Z,8,-16.538934,-71.488679,320.9,25.9,Dump-A,cycle-acme-s01-truck-009-00002,returning,0.0,240.0,348058.54,28.9,True,False,5455.85,224298.29,False,False,False,87.7,23.8,[],1.0
e8e816c1-89af-478c-9377-50acf4bd9532,1.0,acme-mining,site-01,fleet_telemetry,ACME-S01-TRUCK-010,haul_truck,2026-09-01T16:18:36.854Z,8,-16.565542,-71.554154,165.3,35.6,Dump-A,cycle-acme-s01-truck-010-00002,returning,0.0,240.0,395602.32,47.0,True,False,5272.85,614033.32,False,False,False,88.8,25.0,[],1.0
a7ae45a3-7aaa-4ef9-80df-c5f99ba83497,1.0,acme-mining,site-01,fleet_telemetry,ACME-S01-TRUCK-011,haul_truck,2026-09-01T16:18:36.854Z,8,-16.550905,-71.548939,0.9,29.3,Dump-A,cycle-acme-s01-truck-011-00002,returning,0.0,240.0,337795.72,62.7,True,False,3828.89,107967.28,False,False,False,87.9,24.4,[],1.0
f4aa46ae-f7a2-401f-8563-ef4a9265d3de,1.0,acme-mining,site-01,fleet_telemetry,ACME-S01-TRUCK-012,haul_truck,2026-09-01T16:18:36.854Z,8,-16.662825,-71.599913,33.2,39.2,Dump-A,cycle-acme-s01-truck-012-00002,returning,0.0,240.0,234192.14,31.3,True,False,5449.61,648448.91,False,False,False,86.9,24.9,[],1.0
94376293-7588-48a2-9550-5293b28c4e42,1.0,acme-mining,site-01,fleet_telemetry,ACME-S01-TRUCK-013,haul_truck,2026-09-01T16:18:36.854Z,8,-16.630209,-71.528983,280.3,40.6,Dump-A,cycle-acme-s01-truck-013-00002,returning,0.0,240.0,272191.48,57.7,True,False,13443.88,262403.6,False,False,False,87.5,25.0,[],1.0
6295f315-96ac-423b-8e29-e01dc90bbc6d,1.0,acme-mining,site-01,fleet_telemetry,ACME-S01-TRUCK-014,haul_truck,2026-09-01T16:18:36.854Z,8,-16.652532,-71.547914,300.9,38.8,Dump-A,cycle-acme-s01-truck-014-00002,returning,0.0,240.0,127403.65,69.8,True,False,15252.27,358291.53,False,False,False,91.5,25.1,[],1.0
220c633f-c049-4740-a0f2-8fefb401aa72,1.0,acme-mining,site-01,fleet_telemetry,ACME-S01-TRUCK-015,haul_truck,2026-09-01T16:18:36.854Z,8,-16.570342,-71.482847,42.8,40.7,Dump-A,cycle-acme-s01-truck-015-00002,returning,0.0,240.0,233380.5,32.4,True,False,21404.04,500036.39,False,False,False,92.5,24.7,[],1.0
0803cf30-dfd7-406f-aa06-73689456156a,1.0,acme-mining,site-01,fleet_telemetry,ACME-S01-TRUCK-016,haul_truck,2026-09-01T16:18:36.854Z,8,-16.585573,-71.617389,20.4,52.7,Dump-A,cycle-acme-s01-truck-016-00002,returning,0.0,240.0,247327.34,79.5,True,False,4040.2,500382.02,False,False,True,94.3,24.8,[],1.0
05fff819-4bbd-4bc8-8fac-4029c2a48649,1.0,acme-mining,site-01,fleet_telemetry,ACME-S01-TRUCK-017,haul_truck,2026-09-01T16:18:36.854Z,8,-16.632115,-71.578964,195.1,38.3,Dump-A,cycle-acme-s01-truck-017-00002,returning,0.0,240.0,443541.97,81.4,True,False,3171.61,248678.08,False,False,False,94.0,24.7,[],1.0
e2c50a5a-f3ae-4f37-8d32-caca9aadd5b9,1.0,acme-mining,site-01,fleet_telemetry,ACME-S01-TRUCK-018,haul_truck,2026-09-01T16:18:36.854Z,8,-16.547859,-71.596959,116.2,25.0,Dump-A,cycle-acme-s01-truck-018-00002,returning,0.0,240.0,40454.07,78.2,True,False,2615.86,326174.17,False,False,False,90.5,24.2,[],1.0
23892395-25be-4f6a-b77e-427afdc55096,1.0,acme-mining,site-01,fleet_telemetry,ACME-S01-TRUCK-019,haul_truck,2026-09-01T16:18:36.854Z,8,-16.52182,-71.496664,27.9,35.3,Dump-A,cycle-acme-s01-truck-019-00002,returning,0.0,240.0,276901.89,92.5,True,False,4300.7,352434.66,False,False,False,91.9,24.9,[],1.0
5b2fe805-28d1-45fc-b8ec-4123fb7d783c,1.0,acme-mining,site-01,fleet_telemetry,ACME-S01-TRUCK-020,haul_truck,2026-09-01T16:18:36.854Z,8,-16.598175,-71.577818,166.6,39.6,Dump-A,cycle-acme-s01-truck-020-00002,returning,0.0,240.0,174305.59,87.9,True,False,9258.65,443163.01,False,False,False,93.5,23.9,[],1.0
f6c4f43a-545d-48ff-9165-9d5944a653a8,1.0,acme-mining,site-01,fleet_telemetry,ACME-S01-TRUCK-021,haul_truck,2026-09-01T16:18:36.854Z,8,-16.569431,-71.580877,183.5,34.5,Dump-A,cycle-acme-s01-truck-021-00002,returning,0.0,240.0,106896.22,29.9,True,False,13272.16,164972.47,False,False,False,89.0,24.7,[],1.0
a9d5d013-7efa-4b65-9da5-b7c6ccfecf80,1.0,acme-mining,site-01,fleet_telemetry,ACME-S01-TRUCK-022,haul_truck,2026-09-01T16:18:36.854Z,8,-16.649193,-71.467818,198.1,36.8,Dump-A,cycle-acme-s01-truck-022-00002,returning,0.0,240.0,304350.79,39.9,True,False,2302.19,169943.17,False,False,False,91.1,24.4,[],1.0
042a2c4e-7f45-48b3-bf98-03fce639a617,1.0,acme-mining,site-01,fleet_telemetry,ACME-S01-TRUCK-023,haul_truck,2026-09-01T16:18:36.854Z,8,-16.564975,-71.560817,85.6,52.7,Dump-A,cycle-acme-s01-truck-023-00002,returning,0.0,240.0,189106.95,31.6,True,False,5951.55,317973.16,False,False,True,86.8,24.4,[],1.0
a6ee849d-7111-470f-b596-88bf13f10378,1.0,acme-mining,site-01,fleet_telemetry,ACME-S01-TRUCK-024,haul_truck,2026-09-01T16:18:36.854Z,8,-16.616102,-71.479622,305.8,26.0,Dump-A,cycle-acme-s01-truck-024-00002,returning,0.0,240.0,53304.43,53.1,True,False,15075.34,640024.26,False,False,False,86.3,24.8,[],1.0
03ec9ab5-bb11-4da6-bf26-4a889e2601dd,1.0,acme-mining,site-01,fleet_telemetry,ACME-S01-TRUCK-025,haul_truck,2026-09-01T16:18:36.854Z,8,-16.530466,-71.605425,194.4,33.8,Dump-A,cycle-acme-s01-truck-025-00002,returning,0.0,240.0,90735.3,57.3,True,False,12169.27,108315.05,False,False,False,92.5,24.7,[],1.0
a21b9b62-5f35-45da-af11-e3acd1bb8b5a,1.0,acme-mining,site-01,fleet_telemetry,ACME-S01-TRUCK-026,haul_truck,2026-09-01T16:18:36.854Z,8,-16.655505,-71.496893,9.6,39.3,Dump-A,cycle-acme-s01-truck-026-00002,returning,0.0,240.0,247859.26,26.0,True,False,2875.68,430851.46,False,False,False,94.2,25.0,[],1.0
d6024999-2286-4481-808c-c3742a6e89a6,1.0,acme-mining,site-01,fleet_telemetry,ACME-S01-TRUCK-027,haul_truck,2026-09-01T16:18:36.854Z,8,-16.609752,-71.459829,314.2,24.1,Dump-A,cycle-acme-s01-truck-027-00002,returning,0.0,240.0,186458.3,29.1,True,False,11095.6,154660.98,False,False,False,92.0,23.9,[],1.0
1348b81c-a72a-41e0-a04e-4e729c78b730,1.0,acme-mining,site-01,fleet_telemetry,ACME-S01-TRUCK-028,haul_truck,2026-09-01T16:18:36.854Z,8,-16.56451,-71.539637,199.1,34.6,Dump-A,cycle-acme-s01-truck-028-00002,returning,0.0,240.0,331422.91,79.8,True,False,6847.29,458852.86,False,False,False,87.4,25.1,[],1.0
db420806-8754-4185-8f76-b7e5f865ec7c,1.0,acme-mining,site-01,fleet_telemetry,ACME-S01-TRUCK-029,haul_truck,2026-09-01T16:18:36.854Z,8,-16.661252,-71.524013,109.3,28.0,Dump-A,cycle-acme-s01-truck-029-00002,returning,0.0,240.0,248566.46,77.3,True,False,21336.65,384883.78,False,False,False,90.4,25.1,[],1.0
f618cf53-3f1f-4e28-bfe5-c3c5c6c9c911,1.0,acme-mining,site-01,fleet_telemetry,ACME-S01-TRUCK-030,haul_truck,2026-09-01T16:18:36.854Z,8,-16.575182,-71.509465,183.9,40.6,Dump-A,cycle-acme-s01-truck-030-00002,returning,0.0,240.0,45249.61,38.0,True,False,4137.58,625290.93,False,False,False,89.3,24.4,[],1.0
f52d20e1-2c66-409a-ae81-b1b2f0affe4a,1.0,acme-mining,site-01,fleet_telemetry,ACME-S01-TRUCK-031,haul_truck,2026-09-01T16:18:36.854Z,8,-16.657288,-71.512314,248.5,33.3,Dump-A,cycle-acme-s01-truck-031-00002,returning,0.0,240.0,264724.95,27.7,True,False,20761.85,378895.71,False,False,False,89.4,23.8,[],1.0
d3fd0554-1cd8-4daa-9ed8-596ee7896246,1.0,acme-mining,site-01,fleet_telemetry,ACME-S01-TRUCK-032,haul_truck,2026-09-01T16:18:36.854Z,8,-16.607104,-71.510047,323.5,32.8,Dump-A,cycle-acme-s01-truck-032-00002,returning,0.0,240.0,325124.96,41.7,True,False,20615.78,148683.5,False,False,False,94.1,24.1,[],1.0
2852c6aa-6949-4e6a-a89a-270984520a31,1.0,acme-mining,site-01,fleet_telemetry,ACME-S01-TRUCK-033,haul_truck,2026-09-01T16:18:36.854Z,8,-16.580325,-71.601478,243.3,29.8,Dump-A,cycle-acme-s01-truck-033-00002,returning,0.0,240.0,14099.37,68.4,True,False,20495.2,609512.82,False,False,False,89.2,23.8,[],1.0
8c5de24d-1f49-44b3-9d2f-65d0934730de,1.0,acme-mining,site-01,fleet_telemetry,ACME-S01-TRUCK-034,haul_truck,2026-09-01T16:18:36.854Z,8,-16.611296,-71.592241,80.1,26.3,Dump-A,cycle-acme-s01-truck-034-00002,returning,0.0,240.0,397580.8,86.5,True,False,6422.26,607953.58,False,False,False,94.8,24.2,[],1.0
407daf9f-5244-4ca3-a0c8-7c83beff8771,1.0,acme-mining,site-01,fleet_telemetry,ACME-S01-TRUCK-035,haul_truck,2026-09-01T16:18:36.854Z,8,-16.539685,-71.569556,37.7,38.8,Dump-A,cycle-acme-s01-truck-035-00002,returning,0.0,240.0,297750.15,25.5,True,False,13767.58,641957.03,False,False,False,91.4,23.9,[],1.0
2d775c27-4694-4752-9837-f362bc6a6592,1.0,acme-mining,site-01,fleet_telemetry,ACME-S01-TRUCK-036,haul_truck,2026-09-01T16:18:36.854Z,8,-16.625266,-71.583815,270.8,25.2,Dump-A,cycle-acme-s01-truck-036-00002,returning,0.0,240.0,336663.91,35.8,True,False,6406.69,580519.23,False,False,False,93.0,25.1,[],1.0
a77e5d41-8320-411d-8234-b052efe526e2,1.0,acme-mining,site-01,fleet_telemetry,ACME-S01-TRUCK-037,haul_truck,2026-09-01T16:18:36.854Z,8,-16.568936,-71.484771,159.8,41.6,Dump-A,cycle-acme-s01-truck-037-00002,returning,0.0,240.0,409590.55,28.5,True,False,11514.68,178206.61,False,False,False,91.4,24.3,[],1.0
dd21369d-ad2f-49ae-9847-67862cc0d761,1.0,acme-mining,site-01,fleet_telemetry,ACME-S01-TRUCK-038,haul_truck,2026-09-01T16:18:36.854Z,8,-16.582156,-71.549039,209.7,37.5,Dump-A,cycle-acme-s01-truck-038-00002,returning,0.0,240.0,125260.88,76.8,True,False,17147.74,421381.63,False,False,False,93.4,24.4,[],1.0
45d673b5-cf47-4180-b283-260dcf6eafc3,1.0,acme-mining,site-01,fleet_telemetry,ACME-S01-TRUCK-039,haul_truck,2026-09-01T16:18:36.854Z,8,-16.611301,-71.529111,229.9,39.7,Dump-A,cycle-acme-s01-truck-039-00002,returning,0.0,240.0,75584.45,27.5,True,False,20835.09,455342.56,False,False,False,87.4,24.2,[],1.0
2668575a-ae73-474f-975b-d8f691443e12,1.0,acme-mining,site-01,fleet_telemetry,ACME-S01-TRUCK-040,haul_truck,2026-09-01T16:18:36.854Z,8,-16.526597,-71.583909,170.2,38.0,Dump-A,cycle-acme-s01-truck-040-00002,returning,0.0,240.0,360294.38,85.2,True,False,7335.09,586358.55,False,False,False,90.1,24.9,[],1.0
335cbbe4-fe19-4bfb-9289-a78f246380db,1.0,acme-mining,site-01,fleet_telemetry,ACME-S01-TRUCK-041,haul_truck,2026-09-01T16:18:36.854Z,8,-16.550488,-71.46935,153.8,24.4,Dump-A,cycle-acme-s01-truck-041-00002,returning,0.0,240.0,394874.17,93.1,True,False,8298.0,372726.78,False,False,False,93.3,24.2,[],1.0
c4e70563-b706-41b4-a945-712c54e0b06a,1.0,acme-mining,site-01,fleet_telemetry,ACME-S01-TRUCK-042,haul_truck,2026-09-01T16:18:36.854Z,8,-16.552498,-71.564341,272.9,24.4,Dump-A,cycle-acme-s01-truck-042-00002,returning,0.0,240.0,397823.7,26.7,True,False,21495.58,530786.36,False,False,False,90.8,24.5,[],1.0
2dd79691-1411-4900-aab8-931299cf080b,1.0,acme-mining,site-01,fleet_telemetry,ACME-S01-TRUCK-043,haul_truck,2026-09-01T16:18:36.854Z,8,-16.533033,-71.581892,330.0,27.7,Dump-A,cycle-acme-s01-truck-043-00002,returning,0.0,240.0,57562.64,86.0,True,False,6456.29,516046.13,False,False,False,90.5,24.6,[],1.0
0eeefc58-0b41-4d65-9927-bfd5c09e616c,1.0,acme-mining,site-01,fleet_telemetry,ACME-S01-TRUCK-044,haul_truck,2026-09-01T16:18:36.854Z,8,-16.564795,-71.553776,201.4,36.7,Dump-A,cycle-acme-s01-truck-044-00002,returning,0.0,240.0,393382.7,40.6,True,False,8212.77,536938.13,False,False,False,89.9,24.8,[],1.0
a3c1c3fa-b02c-4143-a913-4bc8a851d837,1.0,acme-mining,site-01,fleet_telemetry,ACME-S01-TRUCK-045,haul_truck,2026-09-01T16:18:36.854Z,8,-16.513415,-71.531711,253.8,36.8,Dump-A,cycle-acme-s01-truck-045-00002,returning,0.0,240.0,292252.53,52.9,True,False,21298.06,195848.95,False,False,False,89.7,24.2,[],1.0
c37f8007-29e7-468d-851b-e6d312325eb4,1.0,acme-mining,site-01,fleet_telemetry,ACME-S01-TRUCK-046,haul_truck,2026-09-01T16:18:36.854Z,8,-16.66426,-71.522033,357.3,26.9,Dump-A,cycle-acme-s01-truck-046-00002,returning,0.0,240.0,265460.05,93.8,True,False,19393.23,184565.76,False,False,False,89.8,24.3,[],1.0
62fe0cf5-9fe4-4d7d-8c6d-69a7baf41a76,1.0,acme-mining,site-01,fleet_telemetry,ACME-S01-TRUCK-047,haul_truck,2026-09-01T16:18:36.854Z,8,-16.639979,-71.610421,140.0,33.9,Dump-A,cycle-acme-s01-truck-047-00002,returning,0.0,240.0,60884.71,87.9,True,False,10051.56,640068.76,False,False,False,90.3,25.1,[],1.0
082d2284-2186-45a5-812a-6387ae0b5f41,1.0,acme-mining,site-01,fleet_telemetry,ACME-S01-TRUCK-048,haul_truck,2026-09-01T16:18:36.854Z,8,-16.563063,-71.559234,139.9,40.4,Dump-A,cycle-acme-s01-truck-048-00002,returning,0.0,240.0,326549.77,76.9,True,False,20422.2,359224.93,False,False,False,93.1,24.8,[],1.0
a66219fd-614c-47a2-b2cc-f18ec1d20c2f,1.0,acme-mining,site-01,fleet_telemetry,ACME-S01-TRUCK-049,haul_truck,2026-09-01T16:18:36.854Z,8,-16.589242,-71.51084,225.7,30.2,Dump-A,cycle-acme-s01-truck-049-00002,returning,0.0,240.0,64835.71,88.0,True,False,14010.91,437934.31,False,False,False,86.8,24.2,[],1.0
7a7a99a5-8b80-4b6a-a8b7-e3efebca9cdf,1.0,acme-mining,site-01,fleet_telemetry,ACME-S01-TRUCK-050,haul_truck,2026-09-01T16:18:36.854Z,8,-16.550712,-71.589651,4.7,40.8,Dump-A,cycle-acme-s01-truck-050-00002,returning,0.0,240.0,302569.52,51.5,True,False,12553.56,140859.46,False,False,False,86.0,24.0,[],1.0
a72c01e3-224b-4638-b921-39ed2e78823f,1.0,acme-mining,site-01,fleet_telemetry,ACME-S01-TRUCK-051,haul_truck,2026-09-01T16:18:36.854Z,8,-16.577595,-71.512716,300.2,27.0,Dump-A,cycle-acme-s01-truck-051-00002,returning,0.0,240.0,136242.6,55.0,True,False,12416.28,20256.0,False,False,False,86.7,24.2,[],1.0
716e2ee3-ec59-4b89-9568-b112f95e6506,1.0,acme-mining,site-01,fleet_telemetry,ACME-S01-TRUCK-052,haul_truck,2026-09-01T16:18:36.854Z,8,-16.552627,-71.512058,139.1,42.0,Dump-A,cycle-acme-s01-truck-052-00002,returning,0.0,240.0,359244.14,92.1,True,False,15123.31,342039.84,False,False,False,92.7,25.0,[],1.0
76be8afe-96de-42bb-8d08-572c658e9dba,1.0,acme-mining,site-01,fleet_telemetry,ACME-S01-TRUCK-053,haul_truck,2026-09-01T16:18:36.854Z,8,-16.541368,-71.593923,103.6,36.7,Dump-A,cycle-acme-s01-truck-053-00002,returning,0.0,240.0,113342.75,46.7,True,False,2779.82,619760.0,False,False,False,94.1,24.8,[],1.0
bd79eb62-60ab-4fbf-aefa-8f6e9a8e5ad1,1.0,acme-mining,site-01,fleet_telemetry,ACME-S01-TRUCK-054,haul_truck,2026-09-01T16:18:36.854Z,8,-16.578277,-71.502524,229.2,26.3,Dump-A,cycle-acme-s01-truck-054-00002,returning,0.0,240.0,210383.68,87.0,True,False,13759.02,504148.48,False,False,False,88.9,24.1,[],1.0
7283620b-7620-44ac-bf7a-6787b36687e7,1.0,acme-mining,site-01,fleet_telemetry,ACME-S01-TRUCK-055,haul_truck,2026-09-01T16:18:36.854Z,8,-16.547162,-71.600421,125.2,27.6,Dump-A,cycle-acme-s01-truck-055-00002,returning,0.0,240.0,12440.29,77.5,True,False,5972.48,433316.72,False,False,False,94.5,25.1,[],1.0
228e83c1-4306-491e-91c9-e234277eed8e,1.0,acme-mining,site-01,fleet_telemetry,ACME-S01-TRUCK-056,haul_truck,2026-09-01T16:18:36.854Z,8,-16.523597,-71.598062,200.8,24.5,Dump-A,cycle-acme-s01-truck-056-00002,returning,0.0,240.0,214402.52,64.0,True,False,17847.14,458424.61,False,False,False,87.9,24.1,[],1.0
60fe107f-f827-41b7-ae42-abe6727f7f75,1.0,acme-mining,site-01,fleet_telemetry,ACME-S01-TRUCK-057,haul_truck,2026-09-01T16:18:36.854Z,8,-16.527761,-71.519456,156.7,30.8,Dump-A,cycle-acme-s01-truck-057-00002,returning,0.0,240.0,271999.59,91.5,True,False,14952.66,642372.43,False,False,False,90.2,23.9,[],1.0
f8528339-b61e-4b80-8ced-be80210c044a,1.0,acme-mining,site-01,fleet_telemetry,ACME-S01-TRUCK-058,haul_truck,2026-09-01T16:18:36.854Z,8,-16.532515,-71.545502,342.0,26.5,Dump-A,cycle-acme-s01-truck-058-00002,returning,0.0,240.0,206202.56,36.1,True,False,9846.92,591318.67,False,False,False,87.7,23.8,[],1.0
1b84622d-3590-4fc8-907e-92eecdae7bf4,1.0,acme-mining,site-01,fleet_telemetry,ACME-S01-TRUCK-059,haul_truck,2026-09-01T16:18:36.854Z,8,-16.658011,-71.57174,220.9,38.3,Dump-A,cycle-acme-s01-truck-059-00002,returning,0.0,240.0,285769.88,44.2,True,False,17035.26,348419.07,False,False,False,88.2,24.6,[],1.0
a011c754-44aa-4c70-89dc-44167213ae4d,1.0,acme-mining,site-01,fleet_telemetry,ACME-S01-TRUCK-060,haul_truck,2026-09-01T16:18:36.854Z,8,-16.645962,-71.583226,320.7,25.3,Dump-A,cycle-acme-s01-truck-060-00002,returning,0.0,240.0,76366.06,51.8,True,False,19732.18,70764.1,False,False,False,91.5,24.5,[],1.0
d6bb6313-0b0c-433e-a52d-3f21d1e2fd78,1.0,acme-mining,site-01,fleet_telemetry,ACME-S01-TRUCK-061,haul_truck,2026-09-01T16:18:36.854Z,8,-16.525629,-71.524055,109.6,56.2,Dump-A,cycle-acme-s01-truck-061-00002,returning,0.0,240.0,101007.7,54.4,True,False,12303.37,281938.0,False,False,True,87.5,24.9,[],1.0
aa3004bb-8a3d-4e77-bcdc-972ef092677e,1.0,acme-mining,site-01,fleet_telemetry,ACME-S01-TRUCK-062,haul_truck,2026-09-01T16:18:36.854Z,8,-16.533854,-71.464962,126.1,26.2,Dump-A,cycle-acme-s01-truck-062-00002,returning,0.0,240.0,164774.44,77.7,True,False,8864.09,23714.72,False,False,False,93.8,24.4,[],1.0
a9307d9e-a86b-479b-95a1-dffc1c606f9b,1.0,acme-mining,site-01,fleet_telemetry,ACME-S01-TRUCK-063,haul_truck,2026-09-01T16:18:36.854Z,8,-16.592649,-71.555285,135.6,39.3,Dump-A,cycle-acme-s01-truck-063-00002,returning,0.0,240.0,224821.54,44.1,True,False,17757.22,585621.33,False,False,False,94.7,23.9,[],1.0
08709803-069b-4e82-8409-59ad32c14eb1,1.0,acme-mining,site-01,fleet_telemetry,ACME-S01-TRUCK-064,haul_truck,2026-09-01T16:18:36.854Z,8,-16.584929,-71.472404,210.4,33.9,Dump-A,cycle-acme-s01-truck-064-00002,returning,0.0,240.0,414598.88,93.6,True,False,16152.66,549518.76,False,False,False,86.7,24.9,[],1.0
25d5a63d-f694-41ad-8317-28c00a2b7522,1.0,acme-mining,site-01,fleet_telemetry,ACME-S01-TRUCK-065,haul_truck,2026-09-01T16:18:36.854Z,8,-16.628746,-71.565118,272.8,37.2,Dump-A,cycle-acme-s01-truck-065-00002,returning,0.0,240.0,391415.16,37.7,True,False,2579.7,290026.25,False,False,False,89.6,24.7,[],1.0
8f27379f-6851-4c53-a597-afd5337d7a13,1.0,acme-mining,site-01,fleet_telemetry,ACME-S01-TRUCK-066,haul_truck,2026-09-01T16:18:36.854Z,8,-16.630041,-71.60436,218.8,32.7,Dump-A,cycle-acme-s01-truck-066-00002,returning,0.0,240.0,340884.89,83.2,True,False,16938.08,258849.71,False,False,False,86.9,23.8,[],1.0
b6f29f43-42dd-4a4e-b273-3cd5266c514f,1.0,acme-mining,site-01,fleet_telemetry,ACME-S01-TRUCK-067,haul_truck,2026-09-01T16:18:36.854Z,8,-16.517193,-71.611043,64.4,40.7,Dump-A,cycle-acme-s01-truck-067-00002,returning,0.0,240.0,108658.32,29.8,True,False,1904.23,619709.59,False,False,False,86.0,24.9,[],1.0
3d8ca6a6-f277-4d9e-8dff-6c3ab2e52632,1.0,acme-mining,site-01,fleet_telemetry,ACME-S01-TRUCK-068,haul_truck,2026-09-01T16:18:36.854Z,8,-16.56328,-71.527249,97.6,30.2,Dump-A,cycle-acme-s01-truck-068-00002,returning,0.0,240.0,77048.8,33.8,True,False,5026.46,32839.6,False,False,False,93.8,24.2,[],1.0
cc2240ab-2341-4c36-ade4-f1479be07389,1.0,acme-mining,site-01,fleet_telemetry,ACME-S01-TRUCK-069,haul_truck,2026-09-01T16:18:36.854Z,8,-16.652069,-71.486454,192.9,36.3,Dump-A,cycle-acme-s01-truck-069-00002,returning,0.0,240.0,277189.46,77.3,True,False,17058.25,125707.36,False,False,False,91.3,24.6,[],1.0
9e23bcfe-12dd-4f72-bae0-172b42279c37,1.0,acme-mining,site-01,fleet_telemetry,ACME-S01-TRUCK-070,haul_truck,2026-09-01T16:18:36.854Z,8,-16.610312,-71.466853,99.3,29.4,Dump-A,cycle-acme-s01-truck-070-00002,returning,0.0,240.0,263351.13,88.5,True,False,13068.13,605199.1,False,False,False,95.3,24.8,[],1.0
21c9d01b-74c8-4f85-ba08-5527af54562b,1.0,acme-mining,site-01,fleet_telemetry,ACME-S01-TRUCK-071,haul_truck,2026-09-01T16:18:36.854Z,8,-16.534326,-71.521425,128.7,36.5,Dump-A,cycle-acme-s01-truck-071-00002,returning,0.0,240.0,54837.14,79.0,True,False,15441.04,415162.88,False,False,False,88.0,24.0,[],1.0
9d44e727-dd05-4478-953a-720e27ebdeab,1.0,acme-mining,site-01,fleet_telemetry,ACME-S01-TRUCK-072,haul_truck,2026-09-01T16:18:36.854Z,8,-16.589419,-71.562878,76.9,36.5,Dump-A,cycle-acme-s01-truck-072-00002,returning,0.0,240.0,198486.89,50.9,True,False,17391.88,238738.57,False,False,False,94.2,24.0,[],1.0
2d15f85d-d7fd-4af8-ae6f-ce801c29a21d,1.0,acme-mining,site-01,fleet_telemetry,ACME-S01-TRUCK-073,haul_truck,2026-09-01T16:18:36.854Z,8,-16.55725,-71.547843,234.2,36.4,Dump-A,cycle-acme-s01-truck-073-00002,returning,0.0,240.0,289658.01,83.0,True,False,3037.44,625296.37,False,False,False,90.4,24.4,[],1.0
0f678b84-b634-41c7-ba59-7e9a41bbf1de,1.0,acme-mining,site-01,fleet_telemetry,ACME-S01-TRUCK-074,haul_truck,2026-09-01T16:18:36.854Z,8,-16.538277,-71.522715,36.0,33.2,Dump-A,cycle-acme-s01-truck-074-00002,returning,0.0,240.0,350842.8,57.5,True,False,13857.35,599359.34,False,False,False,86.5,24.8,[],1.0
bbe3be6c-5ce2-45f8-9711-cb9cf8b5fc61,1.0,acme-mining,site-01,fleet_telemetry,ACME-S01-TRUCK-075,haul_truck,2026-09-01T16:18:36.854Z,8,-16.596053,-71.519894,337.7,32.6,Dump-A,cycle-acme-s01-truck-075-00002,returning,0.0,240.0,397918.29,42.0,True,False,18411.51,74597.82,False,False,False,89.2,24.2,[],1.0
bd36c275-d583-4e0b-89f3-70184f4bddde,1.0,acme-mining,site-01,fleet_telemetry,ACME-S01-TRUCK-076,haul_truck,2026-09-01T16:18:36.854Z,8,-16.629065,-71.572742,174.9,31.8,Dump-A,cycle-acme-s01-truck-076-00002,returning,0.0,240.0,224522.54,49.8,True,False,11279.31,224759.13,False,False,False,94.0,24.6,[],1.0
0e1a7a9a-5623-48c4-8dfc-bfe72d5e04c9,1.0,acme-mining,site-01,fleet_telemetry,ACME-S01-TRUCK-077,haul_truck,2026-09-01T16:18:36.854Z,8,-16.605339,-71.528673,152.3,33.9,Dump-A,cycle-acme-s01-truck-077-00002,returning,0.0,240.0,94065.39,41.8,True,False,12582.78,345475.38,False,False,False,91.2,24.0,[],1.0
d85a203e-b511-4303-8c9e-a286de5221a5,1.0,acme-mining,site-01,fleet_telemetry,ACME-S01-TRUCK-078,haul_truck,2026-09-01T16:18:36.854Z,8,-16.634965,-71.506794,51.4,37.7,Dump-A,cycle-acme-s01-truck-078-00002,returning,0.0,240.0,358891.03,31.5,True,False,14493.15,329217.64,False,False,False,94.4,24.4,[],1.0
2020ff2a-af21-4527-9b32-dd4312372a5c,1.0,acme-mining,site-01,fleet_telemetry,ACME-S01-TRUCK-079,haul_truck,2026-09-01T16:18:36.854Z,8,-16.582314,-71.561196,94.8,34.4,Dump-A,cycle-acme-s01-truck-079-00002,returning,0.0,240.0,161253.82,94.7,True,False,8623.24,368688.14,False,False,False,89.7,24.8,[],1.0
cff1fe0e-bd1f-49b2-84de-eaa829bc9558,1.0,acme-mining,site-01,fleet_telemetry,ACME-S01-TRUCK-080,haul_truck,2026-09-01T16:18:36.854Z,8,-16.58467,-71.495578,180.7,27.5,Dump-A,cycle-acme-s01-truck-080-00002,returning,0.0,240.0,94737.66,33.3,True,False,6129.77,96013.39,False,False,False,87.9,25.0,[],1.0
b9379eaf-533a-4dda-8bc6-df568ce847fb,1.0,acme-mining,site-02,fleet_telemetry,ACME-S02-TRUCK-001,haul_truck,2026-09-01T16:18:36.854Z,8,-16.537068,-71.488512,305.3,34.4,Dump-A,cycle-acme-s02-truck-001-00002,returning,0.0,240.0,319615.92,60.0,True,False,4524.74,259530.86,False,False,False,86.2,24.7,[],1.0
474e1e6f-d675-4eee-bd6e-b4552cdb3440,1.0,acme-mining,site-02,fleet_telemetry,ACME-S02-TRUCK-002,haul_truck,2026-09-01T16:18:36.854Z,8,-16.60173,-71.552816,150.2,40.6,Dump-A,cycle-acme-s02-truck-002-00002,returning,0.0,240.0,44260.12,46.9,True,False,10047.87,309645.37,False,False,False,94.3,24.4,[],1.0
195f79a2-7785-4772-845d-e5ee43121607,1.0,acme-mining,site-02,fleet_telemetry,ACME-S02-TRUCK-003,haul_truck,2026-09-01T16:18:36.854Z,8,-16.571484,-71.484351,223.4,26.1,Dump-A,cycle-acme-s02-truck-003-00002,returning,0.0,240.0,152898.57,81.0,True,False,3241.69,33139.81,False,False,False,86.7,23.9,[],1.0
b60b16d1-0012-446d-a78e-1b71efbc3d02,1.0,acme-mining,site-02,fleet_telemetry,ACME-S02-TRUCK-004,haul_truck,2026-09-01T16:18:36.854Z,8,-16.657803,-71.478242,267.3,29.3,Dump-A,cycle-acme-s02-truck-004-00002,returning,0.0,240.0,201698.24,53.0,True,False,10058.3,86693.96,False,False,False,91.0,24.3,[],1.0
5c1fc40d-2404-44b6-8cac-af7c71f7130f,1.0,acme-mining,site-02,fleet_telemetry,ACME-S02-TRUCK-005,haul_truck,2026-09-01T16:18:36.854Z,8,-16.58883,-71.472583,153.1,34.0,Dump-A,cycle-acme-s02-truck-005-00002,returning,0.0,240.0,234613.21,32.9,True,False,7861.07,125923.79,False,False,False,88.0,24.8,[],1.0
948a940c-5fa4-494a-8fca-712ebe9cfc01,1.0,acme-mining,site-02,fleet_telemetry,ACME-S02-TRUCK-006,haul_truck,2026-09-01T16:18:36.854Z,8,-16.548787,-71.51262,73.9,34.2,Dump-A,cycle-acme-s02-truck-006-00002,returning,0.0,240.0,96800.16,67.1,True,False,5808.91,112260.04,False,False,False,91.9,24.6,[],1.0
2d5112fa-aca8-4fc6-89b5-f5056f9f5816,1.0,acme-mining,site-02,fleet_telemetry,ACME-S02-TRUCK-007,haul_truck,2026-09-01T16:18:36.854Z,8,-16.529277,-71.514601,284.6,25.1,Dump-A,cycle-acme-s02-truck-007-00002,returning,0.0,240.0,264966.53,72.6,True,False,10635.82,375153.52,False,False,False,94.8,24.0,[],1.0
0465c91b-e0b1-4319-8e71-c9cb20c14363,1.0,acme-mining,site-02,fleet_telemetry,ACME-S02-TRUCK-008,haul_truck,2026-09-01T16:18:36.854Z,8,-16.599678,-71.569018,294.0,39.8,Dump-A,cycle-acme-s02-truck-008-00002,returning,0.0,240.0,76421.82,29.7,True,False,19122.04,415147.17,False,False,False,95.3,25.2,[],1.0
38022def-fc53-46ff-b099-2552db15f9c0,1.0,acme-mining,site-02,fleet_telemetry,ACME-S02-TRUCK-009,haul_truck,2026-09-01T16:18:36.854Z,8,-16.611435,-71.571588,200.0,29.5,Dump-A,cycle-acme-s02-truck-009-00002,returning,0.0,240.0,213167.26,27.6,True,False,8261.19,66740.29,False,False,False,95.3,24.7,[],1.0
0410517b-30b1-4839-b686-d789302d8532,1.0,acme-mining,site-02,fleet_telemetry,ACME-S02-TRUCK-010,haul_truck,2026-09-01T16:18:36.854Z,8,-16.543699,-71.474162,114.1,29.2,Dump-A,cycle-acme-s02-truck-010-00002,returning,0.0,240.0,213593.7,63.8,True,False,13838.19,339452.9,False,False,False,92.3,25.1,[],1.0
0adf9844-f606-4b12-b29a-4b6e35ba4f10,1.0,acme-mining,site-02,fleet_telemetry,ACME-S02-TRUCK-011,haul_truck,2026-09-01T16:18:36.854Z,8,-16.660475,-71.600912,305.6,40.8,Dump-A,cycle-acme-s02-truck-011-00002,returning,0.0,240.0,219277.34,35.5,True,False,14618.97,222562.08,False,False,False,90.4,24.3,[],1.0
dba1b4c4-0f8d-480a-b7fe-7398b36a73bd,1.0,acme-mining,site-02,fleet_telemetry,ACME-S02-TRUCK-012,haul_truck,2026-09-01T16:18:36.854Z,8,-16.557209,-71.458977,346.9,30.9,Dump-A,cycle-acme-s02-truck-012-00002,returning,0.0,240.0,294296.49,27.7,True,False,21626.59,73127.59,False,False,False,91.5,23.9,[],1.0
644e95a0-9817-4c14-9f1d-e9aed9d02809,1.0,acme-mining,site-02,fleet_telemetry,ACME-S02-TRUCK-013,haul_truck,2026-09-01T16:18:36.854Z,8,-16.561738,-71.609105,281.6,35.5,Dump-A,cycle-acme-s02-truck-013-00002,returning,0.0,240.0,180463.85,79.2,True,False,8514.65,598300.36,False,False,False,89.8,25.2,[],1.0
4191ea02-03e7-46ef-a3e1-378514aea798,1.0,acme-mining,site-02,fleet_telemetry,ACME-S02-TRUCK-014,haul_truck,2026-09-01T16:18:36.854Z,8,-16.554624,-71.512456,255.5,27.0,Dump-A,cycle-acme-s02-truck-014-00002,returning,0.0,240.0,308487.48,44.8,True,False,2197.34,79538.93,False,False,False,86.5,23.9,[],1.0
9da159a3-1cde-4882-ab5f-69596d41dac0,1.0,acme-mining,site-02,fleet_telemetry,ACME-S02-TRUCK-015,haul_truck,2026-09-01T16:18:36.854Z,8,-16.515617,-71.505776,66.8,30.0,Dump-A,cycle-acme-s02-truck-015-00002,returning,0.0,240.0,72229.05,49.4,True,False,7867.29,387126.1,False,False,False,95.7,23.9,[],1.0
37bf1742-8544-4335-93b3-d797b37c6163,1.0,acme-mining,site-02,fleet_telemetry,ACME-S02-TRUCK-016,haul_truck,2026-09-01T16:18:36.854Z,8,-16.617834,-71.597058,236.1,33.9,Dump-A,cycle-acme-s02-truck-016-00002,returning,0.0,240.0,255926.28,70.0,True,False,15827.29,73373.17,False,False,False,87.8,24.8,[],1.0
b4ae5565-ab28-44b1-8181-bfe7c6d93adb,1.0,acme-mining,site-02,fleet_telemetry,ACME-S02-TRUCK-017,haul_truck,2026-09-01T16:18:36.854Z,8,-16.621007,-71.465302,254.7,58.0,Dump-A,cycle-acme-s02-truck-017-00002,returning,0.0,240.0,233735.5,26.2,True,False,2781.21,442387.49,False,False,True,86.7,24.6,[],1.0
56ba30c7-da47-4a59-b1b3-bb290ba5a287,1.0,acme-mining,site-02,fleet_telemetry,ACME-S02-TRUCK-018,haul_truck,2026-09-01T16:18:36.854Z,8,-16.544293,-71.536257,140.5,34.7,Dump-A,cycle-acme-s02-truck-018-00002,returning,0.0,240.0,78176.44,45.7,True,False,4870.52,649985.48,False,False,False,89.6,24.2,[],1.0
c237dadc-892f-4501-916a-69d40930e895,1.0,acme-mining,site-02,fleet_telemetry,ACME-S02-TRUCK-019,haul_truck,2026-09-01T16:18:36.854Z,8,-16.610149,-71.591561,212.6,34.3,Dump-A,cycle-acme-s02-truck-019-00002,returning,0.0,240.0,347175.91,34.1,True,False,1600.26,232161.77,False,False,False,89.7,24.7,[],1.0
8b15a6d3-6fd4-4120-95de-f3234eedd53a,1.0,acme-mining,site-02,fleet_telemetry,ACME-S02-TRUCK-020,haul_truck,2026-09-01T16:18:36.854Z,8,-16.515252,-71.519812,131.6,37.1,Dump-A,cycle-acme-s02-truck-020-00002,returning,0.0,240.0,170292.31,75.3,True,False,16089.09,47526.43,False,False,False,90.0,24.9,[],1.0
ef655687-9ca7-452c-8466-5112febc9c2a,1.0,acme-mining,site-02,fleet_telemetry,ACME-S02-TRUCK-021,haul_truck,2026-09-01T16:18:36.854Z,8,-16.52579,-71.586449,164.0,29.3,Dump-A,cycle-acme-s02-truck-021-00002,returning,0.0,240.0,434863.09,79.9,True,False,5760.87,170676.33,False,False,False,93.2,24.3,[],1.0
7cbc98a0-558e-4cbf-aa0e-eb8839b53eec,1.0,acme-mining,site-02,fleet_telemetry,ACME-S02-TRUCK-022,haul_truck,2026-09-01T16:18:36.854Z,8,-16.586016,-71.462912,2.9,26.4,Dump-A,cycle-acme-s02-truck-022-00002,returning,0.0,240.0,133980.13,51.7,True,False,21670.13,310858.57,False,False,False,89.8,23.8,[],1.0
f86808b3-2280-4fe6-80c1-40dba50aea8d,1.0,acme-mining,site-02,fleet_telemetry,ACME-S02-TRUCK-023,haul_truck,2026-09-01T16:18:36.854Z,8,-16.520883,-71.503634,80.1,24.8,Dump-A,cycle-acme-s02-truck-023-00002,returning,0.0,240.0,221460.46,50.9,True,False,19307.65,52873.45,False,False,False,87.1,25.2,[],1.0
adb2b701-d2fd-4667-8601-30bd2a79662f,1.0,acme-mining,site-02,fleet_telemetry,ACME-S02-TRUCK-024,haul_truck,2026-09-01T16:18:36.854Z,8,-16.646791,-71.547535,283.4,30.8,Dump-A,cycle-acme-s02-truck-024-00002,returning,0.0,240.0,130028.74,88.3,True,False,6843.35,500763.77,False,False,False,88.6,24.5,[],1.0
12a1f3f9-e18a-47e7-a6ba-bcb658360fb6,1.0,acme-mining,site-02,fleet_telemetry,ACME-S02-TRUCK-025,haul_truck,2026-09-01T16:18:36.854Z,8,-16.607012,-71.557664,148.2,38.0,Dump-A,cycle-acme-s02-truck-025-00002,returning,0.0,240.0,419408.21,54.0,True,False,18114.12,577316.95,False,False,False,95.8,24.6,[],1.0
5bbc2434-ba89-4509-ac88-4f57b9e4c7e4,1.0,acme-mining,site-02,fleet_telemetry,ACME-S02-TRUCK-026,haul_truck,2026-09-01T16:18:36.854Z,8,-16.566404,-71.490867,193.0,25.1,Dump-A,cycle-acme-s02-truck-026-00002,returning,0.0,240.0,419563.96,83.7,True,False,8748.16,37758.32,False,False,False,90.9,23.8,[],1.0
ab2d908e-702b-4e24-ac0f-1a576b581c0a,1.0,acme-mining,site-02,fleet_telemetry,ACME-S02-TRUCK-027,haul_truck,2026-09-01T16:18:36.854Z,8,-16.595323,-71.519061,237.4,31.3,Dump-A,cycle-acme-s02-truck-027-00002,returning,0.0,240.0,375689.18,78.1,True,False,20248.81,317646.79,False,False,False,94.7,24.0,[],1.0
7c16f818-e584-4ff5-b352-b0d34c16abd4,1.0,acme-mining,site-02,fleet_telemetry,ACME-S02-TRUCK-028,haul_truck,2026-09-01T16:18:36.854Z,8,-16.585984,-71.599732,100.0,26.6,Dump-A,cycle-acme-s02-truck-028-00002,returning,0.0,240.0,251474.43,75.9,True,False,6225.6,546026.92,False,False,False,86.1,24.3,[],1.0
423c805a-0607-41ff-8dbb-b0f5a9ba1a6e,1.0,acme-mining,site-02,fleet_telemetry,ACME-S02-TRUCK-029,haul_truck,2026-09-01T16:18:36.854Z,8,-16.660327,-71.48362,0.5,26.8,Dump-A,cycle-acme-s02-truck-029-00002,returning,0.0,240.0,291139.33,68.5,True,False,3383.2,170217.07,False,False,False,89.0,23.9,[],1.0
ac2f39f7-fef6-4b14-a4f7-28319f52d6d3,1.0,acme-mining,site-02,fleet_telemetry,ACME-S02-TRUCK-030,haul_truck,2026-09-01T16:18:36.854Z,8,-16.601726,-71.519107,320.3,37.1,Dump-A,cycle-acme-s02-truck-030-00002,returning,0.0,240.0,116453.35,35.0,True,False,1148.44,344686.9,False,False,False,88.3,23.9,[],1.0
b1e166af-27e1-4782-97d2-a7588fecc501,1.0,acme-mining,site-02,fleet_telemetry,ACME-S02-TRUCK-031,haul_truck,2026-09-01T16:18:36.854Z,8,-16.51787,-71.530467,113.2,26.1,Dump-A,cycle-acme-s02-truck-031-00002,returning,0.0,240.0,240333.77,50.2,True,False,4771.07,440975.58,False,False,False,95.5,24.2,[],1.0
216ba4ee-6782-40f9-840f-8f6fa2c0d626,1.0,acme-mining,site-02,fleet_telemetry,ACME-S02-TRUCK-032,haul_truck,2026-09-01T16:18:36.854Z,8,-16.513432,-71.576895,47.2,38.0,Dump-A,cycle-acme-s02-truck-032-00002,returning,0.0,240.0,216860.0,69.4,True,False,12548.03,265986.04,False,False,False,91.3,25.0,[],1.0
efad2b50-3b1b-428b-aa52-3911ad2632be,1.0,acme-mining,site-02,fleet_telemetry,ACME-S02-TRUCK-033,haul_truck,2026-09-01T16:18:36.854Z,8,-16.552771,-71.564277,344.2,38.2,Dump-A,cycle-acme-s02-truck-033-00002,returning,0.0,240.0,286433.63,79.0,True,False,8109.82,481753.05,False,False,False,92.6,24.6,[],1.0
89e1e0fe-c350-4291-a33a-37f3b591fa46,1.0,acme-mining,site-02,fleet_telemetry,ACME-S02-TRUCK-034,haul_truck,2026-09-01T16:18:36.854Z,8,-16.513467,-71.540969,6.2,24.7,Dump-A,cycle-acme-s02-truck-034-00002,returning,0.0,240.0,375369.38,72.9,True,False,7977.21,424961.41,False,False,False,95.3,23.9,[],1.0
b9ce26ed-df98-4621-b100-cddd5648bdc0,1.0,acme-mining,site-02,fleet_telemetry,ACME-S02-TRUCK-035,haul_truck,2026-09-01T16:18:36.854Z,8,-16.663387,-71.585598,87.3,40.1,Dump-A,cycle-acme-s02-truck-035-00002,returning,0.0,240.0,211379.58,45.5,True,False,2137.74,509000.19,False,False,False,95.4,23.9,[],1.0
7b0edd70-724d-4c37-a75b-99ed43085102,1.0,acme-mining,site-02,fleet_telemetry,ACME-S02-TRUCK-036,haul_truck,2026-09-01T16:18:36.854Z,8,-16.549885,-71.586955,334.6,30.0,Dump-A,cycle-acme-s02-truck-036-00002,returning,0.0,240.0,248934.07,42.7,True,False,11726.14,643147.49,False,False,False,95.1,24.2,[],1.0
e96373c8-5943-4e9c-b967-b3c2c942bd40,1.0,acme-mining,site-02,fleet_telemetry,ACME-S02-TRUCK-037,haul_truck,2026-09-01T16:18:36.854Z,8,-16.528086,-71.498565,198.2,32.5,Dump-A,cycle-acme-s02-truck-037-00002,returning,0.0,240.0,64769.57,50.7,True,False,19154.93,229112.75,False,False,False,92.3,24.0,[],1.0
63357102-48f1-4d70-b716-1799e57f7d1e,1.0,acme-mining,site-02,fleet_telemetry,ACME-S02-TRUCK-038,haul_truck,2026-09-01T16:18:36.854Z,8,-16.542786,-71.574859,272.1,35.5,Dump-A,cycle-acme-s02-truck-038-00002,returning,0.0,240.0,314510.7,50.7,True,False,7987.59,137695.01,False,False,False,89.9,24.5,[],1.0
0d773115-d5e3-406f-b4cd-6c3cd15cfa34,1.0,acme-mining,site-02,fleet_telemetry,ACME-S02-TRUCK-039,haul_truck,2026-09-01T16:18:36.854Z,8,-16.618948,-71.604667,200.9,40.4,Dump-A,cycle-acme-s02-truck-039-00002,returning,0.0,240.0,371830.73,63.1,True,False,2473.26,399545.77,False,False,False,88.3,24.9,[],1.0
0d40aca2-a52a-415b-9843-cb8f6faa8640,1.0,acme-mining,site-02,fleet_telemetry,ACME-S02-TRUCK-040,haul_truck,2026-09-01T16:18:36.854Z,8,-16.598829,-71.501194,160.0,36.0,Dump-A,cycle-acme-s02-truck-040-00002,returning,0.0,240.0,83324.27,56.0,True,False,10253.43,472127.81,False,False,False,95.0,25.1,[],1.0
3cf924f4-ffd6-452b-8a01-71473c440478,1.0,acme-mining,site-02,fleet_telemetry,ACME-S02-TRUCK-041,haul_truck,2026-09-01T16:18:36.854Z,8,-16.568423,-71.559344,119.5,40.3,Dump-A,cycle-acme-s02-truck-041-00002,returning,0.0,240.0,427078.49,30.2,True,False,6620.58,637417.39,False,False,False,89.2,24.3,[],1.0
02208583-de43-4d39-8998-36ab4613f14a,1.0,acme-mining,site-02,fleet_telemetry,ACME-S02-TRUCK-042,haul_truck,2026-09-01T16:18:36.854Z,8,-16.664879,-71.60673,7.5,30.2,Dump-A,cycle-acme-s02-truck-042-00002,returning,0.0,240.0,277332.64,79.6,True,False,20999.15,109951.26,False,False,False,93.0,24.9,[],1.0
a78c8138-c211-48ee-885f-b15fc051237c,1.0,acme-mining,site-02,fleet_telemetry,ACME-S02-TRUCK-043,haul_truck,2026-09-01T16:18:36.854Z,8,-16.598407,-71.558135,203.9,27.4,Dump-A,cycle-acme-s02-truck-043-00002,returning,0.0,240.0,24250.11,35.7,True,False,8477.6,618164.44,False,False,False,95.6,23.9,[],1.0
af4b9928-ab83-4b16-9ac4-c3c9e92eff18,1.0,acme-mining,site-02,fleet_telemetry,ACME-S02-TRUCK-044,haul_truck,2026-09-01T16:18:36.854Z,8,-16.630418,-71.599364,135.8,29.4,Dump-A,cycle-acme-s02-truck-044-00002,returning,0.0,240.0,185135.55,70.4,True,False,12967.15,353559.94,False,False,False,90.3,24.8,[],1.0
a6df3725-5b5a-428a-a411-ce01c20bf60f,1.0,acme-mining,site-02,fleet_telemetry,ACME-S02-TRUCK-045,haul_truck,2026-09-01T16:18:36.854Z,8,-16.557777,-71.583181,159.8,31.0,Dump-A,cycle-acme-s02-truck-045-00002,returning,0.0,240.0,61815.4,79.2,True,False,11776.21,595531.96,False,False,False,88.7,23.9,[],1.0
6d24da90-f148-497f-99b9-cda20a033fdd,1.0,acme-mining,site-02,fleet_telemetry,ACME-S02-TRUCK-046,haul_truck,2026-09-01T16:18:36.854Z,8,-16.55625,-71.45791,201.6,31.2,Dump-A,cycle-acme-s02-truck-046-00002,returning,0.0,240.0,42583.46,37.0,True,False,5043.79,105509.09,False,False,False,90.2,24.2,[],1.0
93d71e37-7a9d-4ac7-b906-ccc59b87a7e4,1.0,acme-mining,site-02,fleet_telemetry,ACME-S02-TRUCK-047,haul_truck,2026-09-01T16:18:36.854Z,8,-16.622431,-71.592303,70.0,40.2,Dump-A,cycle-acme-s02-truck-047-00002,returning,0.0,240.0,251999.31,45.3,True,False,14958.21,467010.7,False,False,False,91.1,24.8,[],1.0
4052c00f-aac3-4b65-a9b4-fe0b75de9692,1.0,acme-mining,site-02,fleet_telemetry,ACME-S02-TRUCK-048,haul_truck,2026-09-01T16:18:36.854Z,8,-16.648166,-71.491023,165.5,35.1,Dump-A,cycle-acme-s02-truck-048-00002,returning,0.0,240.0,63400.05,39.0,True,False,17626.37,340516.32,False,False,False,88.7,25.0,[],1.0
9fe4cbd7-ec14-47a7-9ac7-5297379d30f5,1.0,acme-mining,site-02,fleet_telemetry,ACME-S02-TRUCK-049,haul_truck,2026-09-01T16:18:36.854Z,8,-16.528903,-71.606966,243.0,39.5,Dump-A,cycle-acme-s02-truck-049-00002,returning,0.0,240.0,442525.83,34.0,True,False,12932.29,314465.9,False,False,False,91.3,24.1,[],1.0
de65a205-ed5e-4c9d-9673-d4f8b02c19ea,1.0,acme-mining,site-02,fleet_telemetry,ACME-S02-TRUCK-050,haul_truck,2026-09-01T16:18:36.854Z,8,-16.51482,-71.5147,98.6,26.5,Dump-A,cycle-acme-s02-truck-050-00002,returning,0.0,240.0,372269.9,30.1,True,False,11944.76,504573.84,False,False,False,93.7,24.4,[],1.0
476ea567-5824-4aae-b2a7-c000f68ba895,1.0,acme-mining,site-02,fleet_telemetry,ACME-S02-TRUCK-051,haul_truck,2026-09-01T16:18:36.854Z,8,-16.64128,-71.462898,216.1,26.3,Dump-A,cycle-acme-s02-truck-051-00002,returning,0.0,240.0,353316.26,69.7,True,False,8103.72,573115.06,False,False,False,94.7,24.3,[],1.0
12e18ffd-5f35-400e-822c-6bc4bf3708b1,1.0,acme-mining,site-02,fleet_telemetry,ACME-S02-TRUCK-052,haul_truck,2026-09-01T16:18:36.854Z,8,-16.520796,-71.581444,62.7,30.1,Dump-A,cycle-acme-s02-truck-052-00002,returning,0.0,240.0,143815.37,36.3,True,False,18425.5,346404.5,False,False,False,86.3,24.5,[],1.0
5a84a636-a9b2-4711-893c-86a81c80220b,1.0,acme-mining,site-02,fleet_telemetry,ACME-S02-TRUCK-053,haul_truck,2026-09-01T16:18:36.854Z,8,-16.582261,-71.59749,76.6,54.1,Dump-A,cycle-acme-s02-truck-053-00002,returning,0.0,240.0,120266.9,69.4,True,False,19772.44,552938.43,False,False,True,96.0,24.7,[],1.0
d4cfedbf-5799-487d-a5f6-e0b668fa991c,1.0,acme-mining,site-02,fleet_telemetry,ACME-S02-TRUCK-054,haul_truck,2026-09-01T16:18:36.854Z,8,-16.643019,-71.517615,305.3,35.2,Dump-A,cycle-acme-s02-truck-054-00002,returning,0.0,240.0,270396.28,65.6,True,False,2780.69,423822.26,False,False,False,95.3,24.3,[],1.0
f452fcb2-7fab-44f2-a8b8-7cccc1d3d080,1.0,acme-mining,site-02,fleet_telemetry,ACME-S02-TRUCK-055,haul_truck,2026-09-01T16:18:36.854Z,8,-16.663139,-71.514879,328.1,33.7,Dump-A,cycle-acme-s02-truck-055-00002,returning,0.0,240.0,373104.52,26.9,True,False,18661.65,375079.6,False,False,False,88.8,24.0,[],1.0
55cbd84f-3376-47a7-901f-6b578902d840,1.0,acme-mining,site-02,fleet_telemetry,ACME-S02-TRUCK-056,haul_truck,2026-09-01T16:18:36.854Z,8,-16.570032,-71.57116,56.8,31.8,Dump-A,cycle-acme-s02-truck-056-00002,returning,0.0,240.0,291156.69,59.8,True,False,17059.54,282449.88,False,False,False,86.9,24.5,[],1.0
0ca1fc4c-e4c1-4bc1-85fc-a2696b2358df,1.0,acme-mining,site-02,fleet_telemetry,ACME-S02-TRUCK-057,haul_truck,2026-09-01T16:18:36.854Z,8,-16.560216,-71.592233,167.0,41.1,Dump-A,cycle-acme-s02-truck-057-00002,returning,0.0,240.0,188681.28,56.7,True,False,5991.42,528630.26,False,False,False,86.9,25.1,[],1.0
8356f70d-accf-4d4b-aae6-1d404183b079,1.0,acme-mining,site-02,fleet_telemetry,ACME-S02-TRUCK-058,haul_truck,2026-09-01T16:18:36.854Z,8,-16.552945,-71.479771,137.6,27.2,Dump-A,cycle-acme-s02-truck-058-00002,returning,0.0,240.0,147536.87,75.2,True,False,5125.3,402196.13,False,False,False,95.0,24.1,[],1.0
166e4dbb-ed48-4f4a-aaed-786e7c8c0ed8,1.0,acme-mining,site-02,fleet_telemetry,ACME-S02-TRUCK-059,haul_truck,2026-09-01T16:18:36.854Z,8,-16.650795,-71.545541,270.5,39.5,Dump-A,cycle-acme-s02-truck-059-00002,returning,0.0,240.0,56721.5,41.9,True,False,16926.11,344437.7,False,False,False,94.2,25.2,[],1.0
29c47713-d082-4aa3-9b13-79e443142380,1.0,acme-mining,site-02,fleet_telemetry,ACME-S02-TRUCK-060,haul_truck,2026-09-01T16:18:36.854Z,8,-16.531974,-71.591981,337.4,26.2,Dump-A,cycle-acme-s02-truck-060-00002,returning,0.0,240.0,280766.64,42.3,True,False,6952.51,262014.58,False,False,False,91.3,24.3,[],1.0
4dc339a2-6c43-4b32-abd7-c07156e0738e,1.0,acme-mining,site-02,fleet_telemetry,ACME-S02-TRUCK-061,haul_truck,2026-09-01T16:18:36.854Z,8,-16.595708,-71.476896,87.6,52.0,Dump-A,cycle-acme-s02-truck-061-00002,returning,0.0,240.0,80111.23,94.7,True,False,16087.93,139595.68,False,False,True,88.4,24.3,[],1.0
f3cd2bc2-5888-4ae1-8882-acf2c2194216,1.0,acme-mining,site-02,fleet_telemetry,ACME-S02-TRUCK-062,haul_truck,2026-09-01T16:18:36.854Z,8,-16.613943,-71.609452,7.8,28.1,Dump-A,cycle-acme-s02-truck-062-00002,returning,0.0,240.0,435342.68,40.0,True,False,20838.95,338430.2,False,False,False,86.6,24.8,[],1.0
1294e027-4865-469d-917d-649ef87d4f12,1.0,acme-mining,site-02,fleet_telemetry,ACME-S02-TRUCK-063,haul_truck,2026-09-01T16:18:36.854Z,8,-16.628074,-71.558976,257.5,35.7,Dump-A,cycle-acme-s02-truck-063-00002,returning,0.0,240.0,57299.28,34.3,True,False,6857.88,25151.97,False,False,False,89.4,24.7,[],1.0
7f1c6ba2-7004-4d3a-9e20-6d5fecd4f98f,1.0,acme-mining,site-02,fleet_telemetry,ACME-S02-TRUCK-064,haul_truck,2026-09-01T16:18:36.854Z,8,-16.658618,-71.536827,0.9,36.6,Dump-A,cycle-acme-s02-truck-064-00002,returning,0.0,240.0,95648.9,63.7,True,False,9292.34,379277.62,False,False,False,92.0,24.4,[],1.0
b4cf8c49-12c0-4c2f-b826-7daef48eb914,1.0,acme-mining,site-02,fleet_telemetry,ACME-S02-TRUCK-065,haul_truck,2026-09-01T16:18:36.854Z,8,-16.654939,-71.557787,123.9,42.0,Dump-A,cycle-acme-s02-truck-065-00002,returning,0.0,240.0,278859.55,34.0,True,False,18296.61,412642.4,False,False,False,93.9,24.9,[],1.0
f8b3d7c8-7627-422e-941b-58edb40c990a,1.0,acme-mining,site-02,fleet_telemetry,ACME-S02-TRUCK-066,haul_truck,2026-09-01T16:18:36.854Z,8,-16.590403,-71.610279,167.5,27.9,Dump-A,cycle-acme-s02-truck-066-00002,returning,0.0,240.0,97586.03,60.6,True,False,20705.72,495628.21,False,False,False,92.3,24.9,[],1.0
ed901420-c483-4efe-9008-cf32eb68e179,1.0,acme-mining,site-02,fleet_telemetry,ACME-S02-TRUCK-067,haul_truck,2026-09-01T16:18:36.854Z,8,-16.648053,-71.468503,88.2,37.8,Dump-A,cycle-acme-s02-truck-067-00002,returning,0.0,240.0,75534.46,87.5,True,False,17844.09,347179.83,False,False,False,88.9,23.8,[],1.0
7c7c083b-1bf0-4b84-8153-925d288cb49a,1.0,acme-mining,site-02,fleet_telemetry,ACME-S02-TRUCK-068,haul_truck,2026-09-01T16:18:36.854Z,8,-16.537874,-71.532332,251.7,37.3,Dump-A,cycle-acme-s02-truck-068-00002,returning,0.0,240.0,141663.68,48.5,True,False,21801.06,485771.39,False,False,False,92.8,23.9,[],1.0
43ef053d-dd41-4ddf-89be-b7979a028609,1.0,acme-mining,site-02,fleet_telemetry,ACME-S02-TRUCK-069,haul_truck,2026-09-01T16:18:36.854Z,8,-16.603733,-71.568259,122.4,25.4,Dump-A,cycle-acme-s02-truck-069-00002,returning,0.0,240.0,155745.99,32.6,True,False,10867.73,30481.46,False,False,False,93.1,24.3,[],1.0
492c28a0-0499-4520-8711-6f2ac176fdc8,1.0,acme-mining,site-02,fleet_telemetry,ACME-S02-TRUCK-070,haul_truck,2026-09-01T16:18:36.854Z,8,-16.577841,-71.581129,207.1,35.9,Dump-A,cycle-acme-s02-truck-070-00002,returning,0.0,240.0,298460.59,93.0,True,False,13454.49,187284.35,False,False,False,86.3,24.6,[],1.0
9d8fa5b6-a584-4fe0-8786-45ea7742522d,1.0,acme-mining,site-02,fleet_telemetry,ACME-S02-TRUCK-071,haul_truck,2026-09-01T16:18:36.854Z,8,-16.646737,-71.508622,286.9,38.8,Dump-A,cycle-acme-s02-truck-071-00002,returning,0.0,240.0,282684.32,83.8,True,False,4414.87,416286.09,False,False,False,92.6,24.7,[],1.0
50c172db-6d1c-49bd-b03e-f45a41f11371,1.0,acme-mining,site-02,fleet_telemetry,ACME-S02-TRUCK-072,haul_truck,2026-09-01T16:18:36.854Z,8,-16.637771,-71.537197,244.6,26.8,Dump-A,cycle-acme-s02-truck-072-00002,returning,0.0,240.0,194263.9,53.9,True,False,4844.64,297854.46,False,False,False,92.3,24.4,[],1.0
7a131353-d1d9-4c76-9c32-6f3ce6b4f774,1.0,acme-mining,site-02,fleet_telemetry,ACME-S02-TRUCK-073,haul_truck,2026-09-01T16:18:36.854Z,8,-16.637228,-71.565488,54.4,31.0,Dump-A,cycle-acme-s02-truck-073-00002,returning,0.0,240.0,37404.33,34.6,True,False,19303.75,483577.65,False,False,False,88.5,24.8,[],1.0
09ebc87e-970d-4987-bdf0-90ea85e6e7ff,1.0,acme-mining,site-02,fleet_telemetry,ACME-S02-TRUCK-074,haul_truck,2026-09-01T16:18:36.854Z,8,-16.583012,-71.509353,228.8,26.2,Dump-A,cycle-acme-s02-truck-074-00002,returning,0.0,240.0,212252.52,62.3,True,False,8788.7,622712.04,False,False,False,89.8,24.8,[],1.0
7adb8cf3-d096-4704-8cc7-74ba25a2df58,1.0,acme-mining,site-02,fleet_telemetry,ACME-S02-TRUCK-075,haul_truck,2026-09-01T16:18:36.854Z,8,-16.634434,-71.461805,304.4,35.6,Dump-A,cycle-acme-s02-truck-075-00002,returning,0.0,240.0,118468.99,64.0,True,False,13733.63,141126.62,False,False,False,86.8,24.6,[],1.0
18ea1661-1184-4b32-96c0-d0f664a7877a,1.0,acme-mining,site-02,fleet_telemetry,ACME-S02-TRUCK-076,haul_truck,2026-09-01T16:18:36.854Z,8,-16.580741,-71.467978,88.4,61.3,Dump-A,cycle-acme-s02-truck-076-00002,returning,0.0,240.0,225161.92,58.5,True,False,15743.91,454851.35,False,False,True,93.7,24.9,[],1.0
0401938c-13d8-4403-bdc6-eaca09098e8b,1.0,acme-mining,site-02,fleet_telemetry,ACME-S02-TRUCK-077,haul_truck,2026-09-01T16:18:36.854Z,8,-16.539402,-71.464754,51.5,34.2,Dump-A,cycle-acme-s02-truck-077-00002,returning,0.0,240.0,177066.01,93.6,True,False,3383.74,446272.2,False,False,False,86.7,24.4,[],1.0
b1456a8e-4365-4738-af19-6b88bacba003,1.0,acme-mining,site-02,fleet_telemetry,ACME-S02-TRUCK-078,haul_truck,2026-09-01T16:18:36.854Z,8,-16.565441,-71.497927,349.4,34.8,Dump-A,cycle-acme-s02-truck-078-00002,returning,0.0,240.0,44773.52,89.6,True,False,1691.82,621847.81,False,False,False,88.1,24.9,[],1.0
4389d975-d525-4bf9-97b6-7b561cfb13f3,1.0,acme-mining,site-02,fleet_telemetry,ACME-S02-TRUCK-079,haul_truck,2026-09-01T16:18:36.854Z,8,-16.551877,-71.57918,178.8,33.6,Dump-A,cycle-acme-s02-truck-079-00002,returning,0.0,240.0,129514.01,32.6,True,False,6548.02,374071.54,False,False,False,94.0,24.3,[],1.0
94db4e65-743f-43dd-afd5-8e4317fe7fab,1.0,acme-mining,site-02,fleet_telemetry,ACME-S02-TRUCK-080,haul_truck,2026-09-01T16:18:36.854Z,8,-16.594771,-71.508472,33.9,25.3,Dump-A,cycle-acme-s02-truck-080-00002,returning,0.0,240.0,54087.67,48.1,True,False,5584.25,166687.23,False,False,False,87.4,24.9,[],1.0
95e9f9f7-888d-4b17-8e1a-1d6553913d27,1.0,beta-minerals,north-site,fleet_telemetry,BETA-NORTH-TRUCK-001,haul_truck,2026-09-01T16:18:36.854Z,8,-16.562048,-71.591184,73.6,60.6,Dump-A,cycle-beta-north-truck-001-00002,returning,0.0,240.0,383639.77,70.3,True,False,17975.95,92503.96,False,False,True,91.2,25.1,[],1.0
1b491f2c-3f9f-4cdc-967c-b4df98cd8b86,1.0,beta-minerals,north-site,fleet_telemetry,BETA-NORTH-TRUCK-002,haul_truck,2026-09-01T16:18:36.854Z,8,-16.596492,-71.489847,79.9,32.3,Dump-A,cycle-beta-north-truck-002-00002,returning,0.0,240.0,155636.02,54.8,True,False,11739.08,367703.69,False,False,False,94.1,24.2,[],1.0
0de5c885-ede6-48e8-a6d7-ea65386bacaf,1.0,beta-minerals,north-site,fleet_telemetry,BETA-NORTH-TRUCK-003,haul_truck,2026-09-01T16:18:36.854Z,8,-16.6388,-71.522753,186.4,35.5,Dump-A,cycle-beta-north-truck-003-00002,returning,0.0,240.0,22845.17,67.9,True,False,14378.16,292244.89,False,False,False,87.3,25.1,[],1.0
9418590b-26af-4333-8e88-2461c83aac67,1.0,beta-minerals,north-site,fleet_telemetry,BETA-NORTH-TRUCK-004,haul_truck,2026-09-01T16:18:36.854Z,8,-16.654131,-71.47799,338.8,31.7,Dump-A,cycle-beta-north-truck-004-00002,returning,0.0,240.0,365841.67,29.3,True,False,5162.64,493965.24,False,False,False,94.2,23.8,[],1.0
4504efa6-1ecf-409b-8c19-9268fc544817,1.0,beta-minerals,north-site,fleet_telemetry,BETA-NORTH-TRUCK-005,haul_truck,2026-09-01T16:18:36.854Z,8,-16.515863,-71.567377,164.4,40.5,Dump-A,cycle-beta-north-truck-005-00002,returning,0.0,240.0,305109.2,59.2,True,False,4977.99,91791.83,False,False,False,86.1,25.0,[],1.0
86f5322f-6f75-44bd-96c3-914d7a552a4c,1.0,beta-minerals,north-site,fleet_telemetry,BETA-NORTH-TRUCK-006,haul_truck,2026-09-01T16:18:36.854Z,8,-16.540225,-71.504507,164.1,34.0,Dump-A,cycle-beta-north-truck-006-00002,returning,0.0,240.0,382028.4,68.2,True,False,13244.51,239192.72,False,False,False,90.8,24.8,[],1.0
67163562-557e-458a-abd7-b200091eef4a,1.0,beta-minerals,north-site,fleet_telemetry,BETA-NORTH-TRUCK-007,haul_truck,2026-09-01T16:18:36.854Z,8,-16.641102,-71.506564,249.5,37.6,Dump-A,cycle-beta-north-truck-007-00002,returning,0.0,240.0,61859.69,46.3,True,False,2596.75,104387.3,False,False,False,89.2,24.5,[],1.0
abbd48da-c527-4566-9842-275b0116cf75,1.0,beta-minerals,north-site,fleet_telemetry,BETA-NORTH-TRUCK-008,haul_truck,2026-09-01T16:18:36.854Z,8,-16.584453,-71.470438,326.6,33.1,Dump-A,cycle-beta-north-truck-008-00002,returning,0.0,240.0,196137.63,59.0,True,False,13444.24,382128.02,False,False,False,86.1,24.0,[],1.0
4fae91e5-fabd-4b42-98ec-4c151402a968,1.0,beta-minerals,north-site,fleet_telemetry,BETA-NORTH-TRUCK-009,haul_truck,2026-09-01T16:18:36.854Z,8,-16.598245,-71.608955,104.5,24.9,Dump-A,cycle-beta-north-truck-009-00002,returning,0.0,240.0,71731.04,47.0,True,False,12564.16,328474.67,False,False,False,89.0,24.1,[],1.0
7fb2844c-28f4-4d08-8c28-a1f9d917d4a3,1.0,beta-minerals,north-site,fleet_telemetry,BETA-NORTH-TRUCK-010,haul_truck,2026-09-01T16:18:36.854Z,8,-16.565906,-71.552005,238.3,36.2,Dump-A,cycle-beta-north-truck-010-00002,returning,0.0,240.0,178936.0,64.3,True,False,11073.72,142931.16,False,False,False,94.2,25.2,[],1.0
6deec108-19ba-4196-97b5-c12e81d95968,1.0,beta-minerals,north-site,fleet_telemetry,BETA-NORTH-TRUCK-011,haul_truck,2026-09-01T16:18:36.854Z,8,-16.623603,-71.573557,43.3,25.7,Dump-A,cycle-beta-north-truck-011-00002,returning,0.0,240.0,23579.28,78.2,True,False,11160.44,72082.67,False,False,False,90.3,24.6,[],1.0
7ee7aa0f-bc5b-4ac6-92f9-2689da69ec93,1.0,beta-minerals,north-site,fleet_telemetry,BETA-NORTH-TRUCK-012,haul_truck,2026-09-01T16:18:36.854Z,8,-16.588656,-71.525838,143.5,35.4,Dump-A,cycle-beta-north-truck-012-00002,returning,0.0,240.0,349921.53,59.6,True,False,17351.7,376359.96,False,False,False,89.5,24.9,[],1.0
806dbda4-4586-45e0-b59f-6220d33b0bd2,1.0,beta-minerals,north-site,fleet_telemetry,BETA-NORTH-TRUCK-013,haul_truck,2026-09-01T16:18:36.854Z,8,-16.555338,-71.530056,103.5,57.7,Dump-A,cycle-beta-north-truck-013-00002,returning,0.0,240.0,371949.37,27.9,True,False,18253.61,251123.13,False,False,True,88.3,24.2,[],1.0
455c13a8-dfc0-4ae1-b9ef-2e106c61e334,1.0,beta-minerals,north-site,fleet_telemetry,BETA-NORTH-TRUCK-014,haul_truck,2026-09-01T16:18:36.854Z,8,-16.665238,-71.575432,340.1,24.3,Dump-A,cycle-beta-north-truck-014-00002,returning,0.0,240.0,118914.48,86.2,True,False,16402.97,431813.39,False,False,False,94.4,25.2,[],1.0
1adc73f7-078c-46c3-93d8-2596e32a3330,1.0,beta-minerals,north-site,fleet_telemetry,BETA-NORTH-TRUCK-015,haul_truck,2026-09-01T16:18:36.854Z,8,-16.540744,-71.523438,250.0,30.8,Dump-A,cycle-beta-north-truck-015-00002,returning,0.0,240.0,351278.49,41.5,True,False,10108.29,646193.54,False,False,False,88.0,24.0,[],1.0
566bd6ae-5d02-47b0-ab8b-7dac4dc6df61,1.0,beta-minerals,north-site,fleet_telemetry,BETA-NORTH-TRUCK-016,haul_truck,2026-09-01T16:18:36.854Z,8,-16.660915,-71.561349,165.1,25.6,Dump-A,cycle-beta-north-truck-016-00002,returning,0.0,240.0,100913.22,39.4,True,False,4318.82,107718.19,False,False,False,93.0,24.3,[],1.0
453d77ff-8431-4fa3-b59b-27b635f11d64,1.0,beta-minerals,north-site,fleet_telemetry,BETA-NORTH-TRUCK-017,haul_truck,2026-09-01T16:18:36.854Z,8,-16.518037,-71.535214,283.8,29.1,Dump-A,cycle-beta-north-truck-017-00002,returning,0.0,240.0,138759.83,65.0,True,False,4369.61,636770.29,False,False,False,89.3,24.6,[],1.0
d255f6d8-bc5a-4343-a76a-80d69dc5f310,1.0,beta-minerals,north-site,fleet_telemetry,BETA-NORTH-TRUCK-018,haul_truck,2026-09-01T16:18:36.854Z,8,-16.626059,-71.512511,142.9,25.5,Dump-A,cycle-beta-north-truck-018-00002,returning,0.0,240.0,191102.9,29.1,True,False,3674.5,492559.46,False,False,False,86.4,25.0,[],1.0
3560bac6-665d-4bf3-b415-90f6a6e2c0a0,1.0,beta-minerals,north-site,fleet_telemetry,BETA-NORTH-TRUCK-019,haul_truck,2026-09-01T16:18:36.854Z,8,-16.562197,-71.539221,75.2,56.5,Dump-A,cycle-beta-north-truck-019-00002,returning,0.0,240.0,374532.56,78.3,True,False,6093.17,468179.03,False,False,True,91.7,24.2,[],1.0
de5c7694-a58a-4b7d-b906-baffdec800b4,1.0,beta-minerals,north-site,fleet_telemetry,BETA-NORTH-TRUCK-020,haul_truck,2026-09-01T16:18:36.854Z,8,-16.547401,-71.553049,79.4,32.4,Dump-A,cycle-beta-north-truck-020-00002,returning,0.0,240.0,43227.73,80.6,True,False,14109.64,256358.76,False,False,False,94.5,24.2,[],1.0
39181da0-ed94-4922-a4b7-722a74911d80,1.0,beta-minerals,north-site,fleet_telemetry,BETA-NORTH-TRUCK-021,haul_truck,2026-09-01T16:18:36.854Z,8,-16.53482,-71.602625,102.1,33.0,Dump-A,cycle-beta-north-truck-021-00002,returning,0.0,240.0,266061.01,85.8,True,False,10439.56,327468.22,False,False,False,87.9,24.4,[],1.0
17289a89-ce4e-451e-96e8-7ac5ed9fbd39,1.0,beta-minerals,north-site,fleet_telemetry,BETA-NORTH-TRUCK-022,haul_truck,2026-09-01T16:18:36.854Z,8,-16.53845,-71.53835,332.6,34.3,Dump-A,cycle-beta-north-truck-022-00002,returning,0.0,240.0,184995.55,92.7,True,False,18822.26,521277.29,False,False,False,93.1,25.2,[],1.0
160c63bd-079f-4fa8-9f90-8b5dd45b51b1,1.0,beta-minerals,north-site,fleet_telemetry,BETA-NORTH-TRUCK-023,haul_truck,2026-09-01T16:18:36.854Z,8,-16.615428,-71.508257,74.7,31.0,Dump-A,cycle-beta-north-truck-023-00002,returning,0.0,240.0,259103.1,58.9,True,False,7960.42,384098.37,False,False,False,86.2,25.1,[],1.0
274f3568-08a7-42ef-b5ac-69812de65c2a,1.0,beta-minerals,north-site,fleet_telemetry,BETA-NORTH-TRUCK-024,haul_truck,2026-09-01T16:18:36.854Z,8,-16.645092,-71.544452,280.2,41.1,Dump-A,cycle-beta-north-truck-024-00002,returning,0.0,240.0,17164.36,90.0,True,False,14075.02,547122.57,False,False,False,89.6,24.0,[],1.0
762e5c00-fddb-41ba-bbd7-6496dc7272b6,1.0,beta-minerals,north-site,fleet_telemetry,BETA-NORTH-TRUCK-025,haul_truck,2026-09-01T16:18:36.854Z,8,-16.644965,-71.468279,259.3,31.1,Dump-A,cycle-beta-north-truck-025-00002,returning,0.0,240.0,68042.33,70.5,True,False,5089.16,453813.06,False,False,False,87.7,24.7,[],1.0
888a06f2-273c-49a7-bda8-f56fa3328b6c,1.0,beta-minerals,north-site,fleet_telemetry,BETA-NORTH-TRUCK-026,haul_truck,2026-09-01T16:18:36.854Z,8,-16.606947,-71.568609,196.5,51.4,Dump-A,cycle-beta-north-truck-026-00002,returning,0.0,240.0,407672.68,36.5,True,False,6108.26,254261.78,False,False,True,87.4,24.7,[],1.0
c056708d-74fd-4d47-bd47-d2bddde85206,1.0,beta-minerals,north-site,fleet_telemetry,BETA-NORTH-TRUCK-027,haul_truck,2026-09-01T16:18:36.854Z,8,-16.657927,-71.522558,8.7,25.6,Dump-A,cycle-beta-north-truck-027-00002,returning,0.0,240.0,51881.38,39.9,True,False,9899.71,77455.68,False,False,False,86.9,24.9,[],1.0
3c8fe1f4-b88c-4641-b23c-cef1d020c71e,1.0,beta-minerals,north-site,fleet_telemetry,BETA-NORTH-TRUCK-028,haul_truck,2026-09-01T16:18:36.854Z,8,-16.602807,-71.596358,73.0,29.0,Dump-A,cycle-beta-north-truck-028-00002,returning,0.0,240.0,369528.54,94.1,True,False,996.89,458226.35,False,False,False,95.5,23.9,[],1.0
d4b6df4c-352a-4175-8724-cc8f18305e70,1.0,beta-minerals,north-site,fleet_telemetry,BETA-NORTH-TRUCK-029,haul_truck,2026-09-01T16:18:36.854Z,8,-16.622507,-71.556275,235.9,35.6,Dump-A,cycle-beta-north-truck-029-00002,returning,0.0,240.0,55409.24,50.7,True,False,2693.83,527753.0,False,False,False,90.2,24.1,[],1.0
269d8291-ebeb-41fc-937a-96f761692011,1.0,beta-minerals,north-site,fleet_telemetry,BETA-NORTH-TRUCK-030,haul_truck,2026-09-01T16:18:36.854Z,8,-16.572727,-71.591204,21.0,34.8,Dump-A,cycle-beta-north-truck-030-00002,returning,0.0,240.0,40101.67,64.4,True,False,14401.43,446596.53,False,False,False,86.9,24.8,[],1.0
6c778206-1628-4e31-a991-7b1ec0730288,1.0,beta-minerals,north-site,fleet_telemetry,BETA-NORTH-TRUCK-031,haul_truck,2026-09-01T16:18:36.854Z,8,-16.532783,-71.603624,187.5,34.6,Dump-A,cycle-beta-north-truck-031-00002,returning,0.0,240.0,191152.92,73.0,True,False,14115.31,115365.88,False,False,False,91.5,24.8,[],1.0
d34e0c0d-8a3f-48fd-a138-5576c3e28261,1.0,beta-minerals,north-site,fleet_telemetry,BETA-NORTH-TRUCK-032,haul_truck,2026-09-01T16:18:36.854Z,8,-16.648034,-71.573166,231.7,38.6,Dump-A,cycle-beta-north-truck-032-00002,returning,0.0,240.0,433830.0,47.0,True,False,13298.98,261940.31,False,False,False,87.7,25.1,[],1.0
bbb0d247-5116-47e8-9ae0-8f76460084d0,1.0,beta-minerals,north-site,fleet_telemetry,BETA-NORTH-TRUCK-033,haul_truck,2026-09-01T16:18:36.854Z,8,-16.666111,-71.48195,272.1,30.0,Dump-A,cycle-beta-north-truck-033-00002,returning,0.0,240.0,135365.72,90.8,True,False,13541.19,474343.36,False,False,False,95.4,24.7,[],1.0
d3ee6776-9b92-4d01-a072-8ff3805c339b,1.0,beta-minerals,north-site,fleet_telemetry,BETA-NORTH-TRUCK-034,haul_truck,2026-09-01T16:18:36.854Z,8,-16.661692,-71.473874,159.6,24.9,Dump-A,cycle-beta-north-truck-034-00002,returning,0.0,240.0,339051.77,45.6,True,False,11776.29,340999.4,False,False,False,88.2,24.4,[],1.0
aa7c53ce-eed6-425a-9b52-349a0dc23e03,1.0,beta-minerals,north-site,fleet_telemetry,BETA-NORTH-TRUCK-035,haul_truck,2026-09-01T16:18:36.854Z,8,-16.528213,-71.61558,283.9,28.4,Dump-A,cycle-beta-north-truck-035-00002,returning,0.0,240.0,290756.79,29.9,True,False,8980.79,171881.69,False,False,False,86.2,23.9,[],1.0
e3147c3c-9373-4047-9528-74d424750343,1.0,beta-minerals,north-site,fleet_telemetry,BETA-NORTH-TRUCK-036,haul_truck,2026-09-01T16:18:36.854Z,8,-16.56116,-71.495487,311.4,41.7,Dump-A,cycle-beta-north-truck-036-00002,returning,0.0,240.0,260087.94,50.5,True,False,3598.05,562313.0,False,False,False,94.5,24.6,[],1.0
3ca1661f-552c-4325-9ac6-7bddf6e6aafc,1.0,beta-minerals,north-site,fleet_telemetry,BETA-NORTH-TRUCK-037,haul_truck,2026-09-01T16:18:36.854Z,8,-16.660703,-71.491233,313.8,38.0,Dump-A,cycle-beta-north-truck-037-00002,returning,0.0,240.0,125362.09,27.7,True,False,1153.83,62545.69,False,False,False,94.5,25.1,[],1.0
28b81395-57f0-412f-b903-6d07f6e47316,1.0,beta-minerals,north-site,fleet_telemetry,BETA-NORTH-TRUCK-038,haul_truck,2026-09-01T16:18:36.854Z,8,-16.584385,-71.593116,245.0,28.0,Dump-A,cycle-beta-north-truck-038-00002,returning,0.0,240.0,187002.63,69.8,True,False,17062.74,286852.58,False,False,False,95.8,25.1,[],1.0
440b377f-23d8-4ed4-ae9b-db4d52935bc4,1.0,beta-minerals,north-site,fleet_telemetry,BETA-NORTH-TRUCK-039,haul_truck,2026-09-01T16:18:36.854Z,8,-16.607906,-71.515991,73.0,36.1,Dump-A,cycle-beta-north-truck-039-00002,returning,0.0,240.0,365547.0,62.5,True,False,11639.67,148014.6,False,False,False,91.0,24.4,[],1.0
b5c31f4e-0f7f-48fb-88f1-0dcffc97512d,1.0,beta-minerals,north-site,fleet_telemetry,BETA-NORTH-TRUCK-040,haul_truck,2026-09-01T16:18:36.854Z,8,-16.631313,-71.469549,111.0,33.1,Dump-A,cycle-beta-north-truck-040-00002,returning,0.0,240.0,429508.88,41.7,True,False,7375.6,295616.4,False,False,False,87.2,24.7,[],1.0
3a3e99cd-caee-421e-879b-e24eb22c9820,1.0,beta-minerals,north-site,fleet_telemetry,BETA-NORTH-TRUCK-041,haul_truck,2026-09-01T16:18:36.854Z,8,-16.557106,-71.505236,272.6,34.9,Dump-A,cycle-beta-north-truck-041-00002,returning,0.0,240.0,335890.17,33.3,True,False,7356.96,487267.08,False,False,False,92.5,23.9,[],1.0
553ad3ff-143d-482f-9069-65dd45b4f50f,1.0,beta-minerals,north-site,fleet_telemetry,BETA-NORTH-TRUCK-042,haul_truck,2026-09-01T16:18:36.854Z,8,-16.65009,-71.492548,143.3,38.6,Dump-A,cycle-beta-north-truck-042-00002,returning,0.0,240.0,327137.39,36.6,True,False,11887.72,513282.06,False,False,False,91.0,25.1,[],1.0
032c7af0-9e25-487f-8a3c-7654527c8a6f,1.0,beta-minerals,north-site,fleet_telemetry,BETA-NORTH-TRUCK-043,haul_truck,2026-09-01T16:18:36.854Z,8,-16.660135,-71.50352,196.1,35.8,Dump-A,cycle-beta-north-truck-043-00002,returning,0.0,240.0,365128.02,44.0,True,False,17154.33,38494.63,False,False,False,88.4,25.1,[],1.0
4d656a29-c90d-40b6-9419-a22ae9a9be85,1.0,beta-minerals,north-site,fleet_telemetry,BETA-NORTH-TRUCK-044,haul_truck,2026-09-01T16:18:36.854Z,8,-16.643668,-71.592304,165.5,59.0,Dump-A,cycle-beta-north-truck-044-00002,returning,0.0,240.0,34393.78,85.1,True,False,11318.34,341792.8,False,False,True,92.4,24.4,[],1.0
3b698ce7-85f8-4cd1-9d66-f75193bfc319,1.0,beta-minerals,north-site,fleet_telemetry,BETA-NORTH-TRUCK-045,haul_truck,2026-09-01T16:18:36.854Z,8,-16.53301,-71.615555,185.3,34.7,Dump-A,cycle-beta-north-truck-045-00002,returning,0.0,240.0,335943.75,25.1,True,False,15091.36,92660.4,False,False,False,94.3,24.6,[],1.0
2433b43e-0f21-4569-9283-11244526132e,1.0,beta-minerals,north-site,fleet_telemetry,BETA-NORTH-TRUCK-046,haul_truck,2026-09-01T16:18:36.854Z,8,-16.581971,-71.471252,116.9,36.4,Dump-A,cycle-beta-north-truck-046-00002,returning,0.0,240.0,419711.0,85.0,True,False,8919.18,114553.53,False,False,False,95.9,24.1,[],1.0
2aa29844-732e-422c-8576-b80e3dcab153,1.0,beta-minerals,north-site,fleet_telemetry,BETA-NORTH-TRUCK-047,haul_truck,2026-09-01T16:18:36.854Z,8,-16.53822,-71.526061,166.9,40.5,Dump-A,cycle-beta-north-truck-047-00002,returning,0.0,240.0,412976.66,47.3,True,False,5559.74,176406.0,False,False,False,92.1,24.6,[],1.0
b540272b-777b-46c0-ad33-9589218e72ad,1.0,beta-minerals,north-site,fleet_telemetry,BETA-NORTH-TRUCK-048,haul_truck,2026-09-01T16:18:36.854Z,8,-16.659363,-71.543086,171.5,28.4,Dump-A,cycle-beta-north-truck-048-00002,returning,0.0,240.0,441822.67,91.7,True,False,4602.11,526733.13,False,False,False,89.4,24.5,[],1.0
a9f6aad5-35a0-4f9d-8776-334a103e678e,1.0,beta-minerals,north-site,fleet_telemetry,BETA-NORTH-TRUCK-049,haul_truck,2026-09-01T16:18:36.854Z,8,-16.580174,-71.568857,301.8,31.8,Dump-A,cycle-beta-north-truck-049-00002,returning,0.0,240.0,13507.0,39.0,True,False,7738.79,368447.76,False,False,False,86.2,25.1,[],1.0
a8587ff2-3fbf-4ea0-bd8f-f128d615562f,1.0,beta-minerals,north-site,fleet_telemetry,BETA-NORTH-TRUCK-050,haul_truck,2026-09-01T16:18:36.854Z,8,-16.553236,-71.530079,255.7,30.6,Dump-A,cycle-beta-north-truck-050-00002,returning,0.0,240.0,449026.9,79.3,True,False,8607.41,632270.56,False,False,False,86.7,25.1,[],1.0
f101abc5-d136-43e5-8bcd-1281bc80e01e,1.0,beta-minerals,north-site,fleet_telemetry,BETA-NORTH-TRUCK-051,haul_truck,2026-09-01T16:18:36.854Z,8,-16.536055,-71.477097,198.5,26.2,Dump-A,cycle-beta-north-truck-051-00002,returning,0.0,240.0,112519.57,49.2,True,False,935.22,278322.93,False,False,False,89.3,24.1,[],1.0
47874e86-1f22-4fb3-a132-83a008500686,1.0,beta-minerals,north-site,fleet_telemetry,BETA-NORTH-TRUCK-052,haul_truck,2026-09-01T16:18:36.854Z,8,-16.637592,-71.460159,142.7,25.3,Dump-A,cycle-beta-north-truck-052-00002,returning,0.0,240.0,334756.94,46.5,True,False,16889.31,257053.3,False,False,False,89.5,24.9,[],1.0
58dce73d-4a81-49e6-bd2c-9e059cb17d4f,1.0,beta-minerals,north-site,fleet_telemetry,BETA-NORTH-TRUCK-053,haul_truck,2026-09-01T16:18:36.854Z,8,-16.633362,-71.482184,154.2,33.6,Dump-A,cycle-beta-north-truck-053-00002,returning,0.0,240.0,133123.69,28.0,True,False,21418.27,109695.47,False,False,False,89.1,23.9,[],1.0
1738681f-07cd-427c-af0c-3f46fe7d72a5,1.0,beta-minerals,north-site,fleet_telemetry,BETA-NORTH-TRUCK-054,haul_truck,2026-09-01T16:18:36.854Z,8,-16.568426,-71.554402,213.9,35.7,Dump-A,cycle-beta-north-truck-054-00002,returning,0.0,240.0,265539.64,60.3,True,False,10519.32,491176.8,False,False,False,88.6,24.7,[],1.0
b15a5b73-f687-4647-92c4-9112d899df71,1.0,beta-minerals,north-site,fleet_telemetry,BETA-NORTH-TRUCK-055,haul_truck,2026-09-01T16:18:36.854Z,8,-16.620009,-71.489363,357.2,33.4,Dump-A,cycle-beta-north-truck-055-00002,returning,0.0,240.0,114180.13,43.2,True,False,10021.65,627457.71,False,False,False,92.4,24.7,[],1.0
7ca133f9-2fec-4792-a195-4872491402b5,1.0,beta-minerals,north-site,fleet_telemetry,BETA-NORTH-TRUCK-056,haul_truck,2026-09-01T16:18:36.854Z,8,-16.54558,-71.523953,315.7,35.6,Dump-A,cycle-beta-north-truck-056-00002,returning,0.0,240.0,42863.04,39.1,True,False,7542.83,191332.39,False,False,False,87.0,24.3,[],1.0
e333a4d6-58d8-4885-b992-36edb8f7caed,1.0,beta-minerals,north-site,fleet_telemetry,BETA-NORTH-TRUCK-057,haul_truck,2026-09-01T16:18:36.854Z,8,-16.547167,-71.545176,61.5,24.2,Dump-A,cycle-beta-north-truck-057-00002,returning,0.0,240.0,63124.73,50.0,True,False,10330.83,217841.13,False,False,False,90.9,24.9,[],1.0
449dccef-e59a-4365-9989-d59be2293df4,1.0,beta-minerals,north-site,fleet_telemetry,BETA-NORTH-TRUCK-058,haul_truck,2026-09-01T16:18:36.854Z,8,-16.573896,-71.583132,81.7,24.4,Dump-A,cycle-beta-north-truck-058-00002,returning,0.0,240.0,143855.16,74.3,True,False,2716.93,528786.21,False,False,False,87.8,24.1,[],1.0
4733cda6-4fd1-4a54-90eb-16798705a292,1.0,beta-minerals,north-site,fleet_telemetry,BETA-NORTH-TRUCK-059,haul_truck,2026-09-01T16:18:36.854Z,8,-16.56205,-71.575903,15.1,34.9,Dump-A,cycle-beta-north-truck-059-00002,returning,0.0,240.0,166527.38,60.9,True,False,2733.72,176378.04,False,False,False,87.7,24.9,[],1.0
ec5dd9e0-4db9-485b-b1de-9d443be7f982,1.0,beta-minerals,north-site,fleet_telemetry,BETA-NORTH-TRUCK-060,haul_truck,2026-09-01T16:18:36.854Z,8,-16.655197,-71.601202,325.6,33.0,Dump-A,cycle-beta-north-truck-060-00002,returning,0.0,240.0,254620.22,63.5,True,False,20984.46,558399.02,False,False,False,93.9,24.7,[],1.0
713db23d-1866-45c2-a149-764db2bc9642,1.0,beta-minerals,north-site,fleet_telemetry,BETA-NORTH-TRUCK-061,haul_truck,2026-09-01T16:18:36.854Z,8,-16.538609,-71.557932,340.2,31.6,Dump-A,cycle-beta-north-truck-061-00002,returning,0.0,240.0,442330.15,34.1,True,False,1053.5,543134.76,False,False,False,88.4,24.8,[],1.0
9339c372-c9fc-40d0-a879-6602c8abe937,1.0,beta-minerals,north-site,fleet_telemetry,BETA-NORTH-TRUCK-062,haul_truck,2026-09-01T16:18:36.854Z,8,-16.660082,-71.473047,231.1,59.9,Dump-A,cycle-beta-north-truck-062-00002,returning,0.0,240.0,367609.29,26.5,True,False,13145.28,183057.25,False,False,True,86.9,24.2,[],1.0
9cd8030b-0e06-47cf-9f0c-c6a39862806b,1.0,beta-minerals,north-site,fleet_telemetry,BETA-NORTH-TRUCK-063,haul_truck,2026-09-01T16:18:36.854Z,8,-16.519649,-71.609342,326.9,31.0,Dump-A,cycle-beta-north-truck-063-00002,returning,0.0,240.0,365910.94,33.5,True,False,2749.96,553783.71,False,False,False,92.8,24.2,[],1.0
ec1e37bb-043e-45d9-a783-35f5ff5c7f1f,1.0,beta-minerals,north-site,fleet_telemetry,BETA-NORTH-TRUCK-064,haul_truck,2026-09-01T16:18:36.854Z,8,-16.642782,-71.583178,91.1,37.0,Dump-A,cycle-beta-north-truck-064-00002,returning,0.0,240.0,22972.78,72.8,True,False,18219.74,268849.37,False,False,False,92.5,24.3,[],1.0
cc40ec02-c3f0-478e-9436-c192570c07f0,1.0,beta-minerals,north-site,fleet_telemetry,BETA-NORTH-TRUCK-065,haul_truck,2026-09-01T16:18:36.854Z,8,-16.56684,-71.537623,351.0,28.6,Dump-A,cycle-beta-north-truck-065-00002,returning,0.0,240.0,280207.46,68.1,True,False,10255.45,113637.94,False,False,False,95.0,24.7,[],1.0
583ec56a-84ca-4ceb-8793-0e0a39dc17d5,1.0,beta-minerals,north-site,fleet_telemetry,BETA-NORTH-TRUCK-066,haul_truck,2026-09-01T16:18:36.854Z,8,-16.528865,-71.533344,182.4,31.5,Dump-A,cycle-beta-north-truck-066-00002,returning,0.0,240.0,70384.41,38.9,True,False,2092.77,196259.05,False,False,False,94.7,24.9,[],1.0
15993f21-a5be-4410-8c28-1ae26ec96f5b,1.0,beta-minerals,north-site,fleet_telemetry,BETA-NORTH-TRUCK-067,haul_truck,2026-09-01T16:18:36.854Z,8,-16.583281,-71.539961,340.0,34.1,Dump-A,cycle-beta-north-truck-067-00002,returning,0.0,240.0,354043.5,50.1,True,False,17650.75,643324.49,False,False,False,92.5,24.7,[],1.0
7035ce63-d1d1-450c-bab1-66132e7a33f0,1.0,beta-minerals,north-site,fleet_telemetry,BETA-NORTH-TRUCK-068,haul_truck,2026-09-01T16:18:36.854Z,8,-16.665732,-71.487804,186.3,39.4,Dump-A,cycle-beta-north-truck-068-00002,returning,0.0,240.0,21468.27,66.8,True,False,7618.02,190374.68,False,False,False,94.3,24.1,[],1.0
b711e040-fac3-4041-8933-c59a33e8a69b,1.0,beta-minerals,north-site,fleet_telemetry,BETA-NORTH-TRUCK-069,haul_truck,2026-09-01T16:18:36.854Z,8,-16.654395,-71.512456,332.7,24.5,Dump-A,cycle-beta-north-truck-069-00002,returning,0.0,240.0,449827.1,93.1,True,False,12023.98,503110.72,False,False,False,90.7,25.1,[],1.0
e01a5b53-f121-4df5-94c1-941c8555a3a7,1.0,beta-minerals,north-site,fleet_telemetry,BETA-NORTH-TRUCK-070,haul_truck,2026-09-01T16:18:36.854Z,8,-16.608235,-71.467864,201.9,29.2,Dump-A,cycle-beta-north-truck-070-00002,returning,0.0,240.0,263305.09,93.7,True,False,16997.87,617115.74,False,False,False,94.0,24.7,[],1.0
3dd82543-932f-4d7f-89f2-d308df2c787e,1.0,beta-minerals,north-site,fleet_telemetry,BETA-NORTH-TRUCK-071,haul_truck,2026-09-01T16:18:36.854Z,8,-16.524149,-71.61301,248.5,35.7,Dump-A,cycle-beta-north-truck-071-00002,returning,0.0,240.0,364733.07,73.8,True,False,4533.34,393287.48,False,False,False,96.0,25.0,[],1.0
f2c55d60-1105-4ff5-b620-9ec3c1e59490,1.0,beta-minerals,north-site,fleet_telemetry,BETA-NORTH-TRUCK-072,haul_truck,2026-09-01T16:18:36.854Z,8,-16.529346,-71.538709,259.4,59.0,Dump-A,cycle-beta-north-truck-072-00002,returning,0.0,240.0,92823.38,94.1,True,False,12748.47,374758.83,False,False,True,89.6,24.6,[],1.0
2d068ddc-1d65-4fe5-b63f-8996c445d617,1.0,beta-minerals,north-site,fleet_telemetry,BETA-NORTH-TRUCK-073,haul_truck,2026-09-01T16:18:36.854Z,8,-16.593944,-71.564395,70.9,33.6,Dump-A,cycle-beta-north-truck-073-00002,returning,0.0,240.0,274732.19,26.3,True,False,1604.84,55386.01,False,False,False,86.5,24.0,[],1.0
f0087c18-6a0e-47df-bf7a-09ee8dfa2901,1.0,beta-minerals,north-site,fleet_telemetry,BETA-NORTH-TRUCK-074,haul_truck,2026-09-01T16:18:36.854Z,8,-16.660898,-71.593838,81.8,41.7,Dump-A,cycle-beta-north-truck-074-00002,returning,0.0,240.0,363067.32,85.7,True,False,8024.1,131799.92,False,False,False,90.7,24.8,[],1.0
3a8720d5-c385-47c8-8392-ec35a35869bd,1.0,beta-minerals,north-site,fleet_telemetry,BETA-NORTH-TRUCK-075,haul_truck,2026-09-01T16:18:36.854Z,8,-16.610609,-71.466801,124.3,40.3,Dump-A,cycle-beta-north-truck-075-00002,returning,0.0,240.0,388695.13,92.2,True,False,17216.58,553283.15,False,False,False,93.9,24.7,[],1.0
f461305f-7621-4158-a248-d2b3d4a103cc,1.0,beta-minerals,north-site,fleet_telemetry,BETA-NORTH-TRUCK-076,haul_truck,2026-09-01T16:18:36.854Z,8,-16.600455,-71.515274,201.2,36.3,Dump-A,cycle-beta-north-truck-076-00002,returning,0.0,240.0,439379.26,76.2,True,False,7935.11,223240.21,False,False,False,87.4,24.3,[],1.0
ef01eaf4-34bd-4d48-854e-87e70076a0e0,1.0,beta-minerals,north-site,fleet_telemetry,BETA-NORTH-TRUCK-077,haul_truck,2026-09-01T16:18:36.854Z,8,-16.544499,-71.581818,123.6,30.4,Dump-A,cycle-beta-north-truck-077-00002,returning,0.0,240.0,315167.14,90.0,True,False,4493.11,630308.21,False,False,False,89.0,24.7,[],1.0
d3503cd1-4bc7-4d7b-a89a-d0bab3401155,1.0,beta-minerals,north-site,fleet_telemetry,BETA-NORTH-TRUCK-078,haul_truck,2026-09-01T16:18:36.854Z,8,-16.670099,-71.505179,327.1,41.3,Dump-A,cycle-beta-north-truck-078-00002,returning,0.0,240.0,139588.16,37.4,True,False,8821.75,482417.03,False,False,False,86.6,24.6,[],1.0
22dad671-6de0-497d-983d-979d69e8012b,1.0,beta-minerals,north-site,fleet_telemetry,BETA-NORTH-TRUCK-079,haul_truck,2026-09-01T16:18:36.854Z,8,-16.635083,-71.527008,223.3,37.9,Dump-A,cycle-beta-north-truck-079-00002,returning,0.0,240.0,415257.38,92.7,True,False,1486.53,399505.04,False,False,False,93.5,25.0,[],1.0
6d197242-5e57-4634-9009-928cc66c4f76,1.0,beta-minerals,north-site,fleet_telemetry,BETA-NORTH-TRUCK-080,haul_truck,2026-09-01T16:18:36.854Z,8,-16.568608,-71.463403,86.0,30.0,Dump-A,cycle-beta-north-truck-080-00002,returning,0.0,240.0,162597.02,47.3,True,False,7820.78,69018.36,False,False,False,87.1,24.3,[],1.0
4e925571-432d-4b63-9fc8-d9a0d750b5c7,1.0,acme-mining,site-01,fleet_telemetry,ACME-S01-TRUCK-001,haul_truck,2026-09-01T16:18:41.854Z,9,-16.552549,-71.509197,3.4,0.9,Pit-A,cycle-acme-s01-truck-001-00003,loading,227.9,240.0,131013.49,40.6,True,True,14355.86,35756.97,False,False,False,94.9,23.9,[],1.0
6a05cb4b-d550-4de4-8f26-effe88a4e12b,1.0,acme-mining,site-01,fleet_telemetry,ACME-S01-TRUCK-002,haul_truck,2026-09-01T16:18:41.854Z,9,-16.574099,-71.527681,112.8,0.3,Pit-A,cycle-acme-s01-truck-002-00003,loading,226.2,240.0,51226.49,41.2,True,True,13318.45,40023.28,False,False,False,94.7,25.0,[],1.0
50a59e20-f6f7-4982-b1a2-93f12285c5bd,1.0,acme-mining,site-01,fleet_telemetry,ACME-S01-TRUCK-003,haul_truck,2026-09-01T16:18:41.854Z,9,-16.548975,-71.591936,165.9,0.1,Pit-A,cycle-acme-s01-truck-003-00003,loading,225.9,240.0,132404.5,85.8,True,True,9693.83,303001.9,False,False,False,87.7,25.1,[],1.0
8f85c6da-1edb-4fe5-9932-9a217062fd6e,1.0,acme-mining,site-01,fleet_telemetry,ACME-S01-TRUCK-004,haul_truck,2026-09-01T16:18:41.854Z,9,-16.654915,-71.481936,149.1,1.2,Pit-A,cycle-acme-s01-truck-004-00003,loading,218.1,240.0,158102.19,31.4,True,True,4096.18,623044.42,False,False,False,94.7,24.4,[],1.0
8c50f8dd-aebc-482f-992b-2b91d9cfd891,1.0,acme-mining,site-01,fleet_telemetry,ACME-S01-TRUCK-005,haul_truck,2026-09-01T16:18:41.854Z,9,-16.582084,-71.484813,25.6,0.5,Pit-A,cycle-acme-s01-truck-005-00003,loading,221.9,240.0,438171.52,51.4,True,True,16270.33,357823.89,False,False,False,91.6,24.6,[],1.0
7754df60-f8bf-48bd-8b48-717eb00e6869,1.0,acme-mining,site-01,fleet_telemetry,ACME-S01-TRUCK-006,haul_truck,2026-09-01T16:18:41.854Z,9,-16.624073,-71.604669,209.0,1.3,Pit-A,cycle-acme-s01-truck-006-00003,loading,224.3,240.0,30163.31,40.9,True,True,13039.88,463880.45,False,False,False,91.9,24.6,[],1.0
73c71780-4c9c-46ed-beb1-f19fc2d16a74,1.0,acme-mining,site-01,fleet_telemetry,ACME-S01-TRUCK-007,haul_truck,2026-09-01T16:18:41.854Z,9,-16.613518,-71.510266,274.8,0.6,Pit-A,cycle-acme-s01-truck-007-00003,loading,218.0,240.0,377009.17,36.3,True,True,8858.69,305648.67,False,False,False,86.5,24.7,[],1.0
4cc65ef0-597c-4683-993b-ce780a35ff4b,1.0,acme-mining,site-01,fleet_telemetry,ACME-S01-TRUCK-008,haul_truck,2026-09-01T16:18:41.854Z,9,-16.609699,-71.459186,286.2,0.0,Pit-A,cycle-acme-s01-truck-008-00003,loading,227.9,240.0,330816.38,36.4,True,True,13713.59,127817.52,False,False,False,89.5,24.8,[],1.0
73697686-a629-4d62-9a65-6b6ffabbf69d,1.0,acme-mining,site-01,fleet_telemetry,ACME-S01-TRUCK-009,haul_truck,2026-09-01T16:18:41.854Z,9,-16.538934,-71.488679,331.4,0.2,Pit-A,cycle-acme-s01-truck-009-00003,loading,227.8,240.0,348058.56,28.9,True,True,5455.85,224298.29,False,False,False,87.9,24.9,[],1.0
87bccc49-226b-4531-b693-17a69cb2e978,1.0,acme-mining,site-01,fleet_telemetry,ACME-S01-TRUCK-010,haul_truck,2026-09-01T16:18:41.854Z,9,-16.565542,-71.554154,208.2,0.4,Pit-A,cycle-acme-s01-truck-010-00003,loading,226.3,240.0,395602.34,47.0,True,True,5272.85,614033.32,False,False,False,89.3,24.9,[],1.0
134b773d-c0ed-4c00-b033-a001de6a562d,1.0,acme-mining,site-01,fleet_telemetry,ACME-S01-TRUCK-011,haul_truck,2026-09-01T16:18:41.854Z,9,-16.550905,-71.548939,242.1,0.1,Pit-A,cycle-acme-s01-truck-011-00003,loading,226.0,240.0,337795.74,62.7,True,True,3828.89,107967.28,False,False,False,88.4,24.6,[],1.0
74dcce38-3406-4117-8fd8-4fa9e4cd8636,1.0,acme-mining,site-01,fleet_telemetry,ACME-S01-TRUCK-012,haul_truck,2026-09-01T16:18:41.854Z,9,-16.662825,-71.599913,123.0,1.1,Pit-A,cycle-acme-s01-truck-012-00003,loading,225.3,240.0,234192.16,31.3,True,True,5449.61,648448.91,False,False,False,91.0,24.4,[],1.0
a6a8b163-8287-4360-9316-3f2ee209d1a3,1.0,acme-mining,site-01,fleet_telemetry,ACME-S01-TRUCK-013,haul_truck,2026-09-01T16:18:41.854Z,9,-16.630209,-71.528983,197.3,1.5,Pit-A,cycle-acme-s01-truck-013-00003,loading,224.2,240.0,272191.49,57.7,True,True,13443.88,262403.6,False,False,False,95.2,25.0,[],1.0
0984bb8d-75f8-465d-8cbe-e547cca29b9c,1.0,acme-mining,site-01,fleet_telemetry,ACME-S01-TRUCK-014,haul_truck,2026-09-01T16:18:41.854Z,9,-16.652532,-71.547914,227.5,0.2,Pit-A,cycle-acme-s01-truck-014-00003,loading,228.0,240.0,127403.67,69.8,True,True,15252.27,358291.53,False,False,False,88.2,24.0,[],1.0
50763ede-01ff-4f81-a17f-fab507722c21,1.0,acme-mining,site-01,fleet_telemetry,ACME-S01-TRUCK-015,haul_truck,2026-09-01T16:18:41.854Z,9,-16.570342,-71.482847,98.0,0.5,Pit-A,cycle-acme-s01-truck-015-00003,loading,220.1,240.0,233380.52,32.4,True,True,21404.04,500036.39,False,False,False,90.4,25.0,[],1.0
efeebd1f-aeb3-4d28-94b7-bda5cd33c201,1.0,acme-mining,site-01,fleet_telemetry,ACME-S01-TRUCK-016,haul_truck,2026-09-01T16:18:41.854Z,9,-16.585573,-71.617389,226.5,1.1,Pit-A,cycle-acme-s01-truck-016-00003,loading,222.7,240.0,247327.36,79.5,True,True,4040.2,500382.02,False,False,False,94.8,25.0,[],1.0
9125cc1f-139e-4d28-b722-2361d676ea06,1.0,acme-mining,site-01,fleet_telemetry,ACME-S01-TRUCK-017,haul_truck,2026-09-01T16:18:41.854Z,9,-16.632115,-71.578964,323.2,1.4,Pit-A,cycle-acme-s01-truck-017-00003,loading,226.0,240.0,443541.99,81.4,True,True,3171.61,248678.08,False,False,False,94.7,25.1,[],1.0
475577d2-7c61-483e-a679-2f14f78e5dc0,1.0,acme-mining,site-01,fleet_telemetry,ACME-S01-TRUCK-018,haul_truck,2026-09-01T16:18:41.854Z,9,-16.547859,-71.596959,291.9,0.2,Pit-A,cycle-acme-s01-truck-018-00003,loading,218.2,240.0,40454.09,78.2,True,True,2615.87,326174.17,False,False,False,87.9,24.0,[],1.0
c5a19433-9ba0-4040-9869-a405b68955d5,1.0,acme-mining,site-01,fleet_telemetry,ACME-S01-TRUCK-019,haul_truck,2026-09-01T16:18:41.854Z,9,-16.52182,-71.496664,35.2,0.8,Pit-A,cycle-acme-s01-truck-019-00003,loading,223.2,240.0,276901.91,92.5,True,True,4300.7,352434.66,False,False,False,89.6,24.1,[],1.0
b124bdc5-a7be-40be-aa9c-3523eaa22d4a,1.0,acme-mining,site-01,fleet_telemetry,ACME-S01-TRUCK-020,haul_truck,2026-09-01T16:18:41.854Z,9,-16.598175,-71.577818,78.3,1.2,Pit-A,cycle-acme-s01-truck-020-00003,loading,218.8,240.0,174305.61,87.9,True,True,9258.65,443163.01,False,False,False,89.1,23.9,[],1.0
62c3db70-b295-472b-b852-ff918d555120,1.0,acme-mining,site-01,fleet_telemetry,ACME-S01-TRUCK-021,haul_truck,2026-09-01T16:18:41.854Z,9,-16.569431,-71.580877,187.6,0.4,Pit-A,cycle-acme-s01-truck-021-00003,loading,225.6,240.0,106896.24,29.9,True,True,13272.16,164972.47,False,False,False,92.0,24.8,[],1.0
696ef8c0-1118-49f4-a4d1-fef1e710b912,1.0,acme-mining,site-01,fleet_telemetry,ACME-S01-TRUCK-022,haul_truck,2026-09-01T16:18:41.854Z,9,-16.649193,-71.467818,238.1,1.2,Pit-A,cycle-acme-s01-truck-022-00003,loading,223.8,240.0,304350.81,39.9,True,True,2302.19,169943.17,False,False,False,90.3,24.3,[],1.0
d5357861-1dcd-439f-9723-bf6ce5314d89,1.0,acme-mining,site-01,fleet_telemetry,ACME-S01-TRUCK-023,haul_truck,2026-09-01T16:18:41.854Z,9,-16.564975,-71.560817,262.5,1.2,Pit-A,cycle-acme-s01-truck-023-00003,loading,217.6,240.0,189106.97,31.6,True,True,5951.55,317973.16,False,False,False,88.8,24.6,[],1.0
51aa5b61-65b3-4869-82ba-3658ae21c03a,1.0,acme-mining,site-01,fleet_telemetry,ACME-S01-TRUCK-024,haul_truck,2026-09-01T16:18:41.854Z,9,-16.616102,-71.479622,174.0,1.1,Pit-A,cycle-acme-s01-truck-024-00003,loading,218.1,240.0,53304.45,53.1,True,True,15075.34,640024.26,False,False,False,87.1,24.9,[],1.0
71fc0edd-86f3-4ef5-a64c-f910727076a3,1.0,acme-mining,site-01,fleet_telemetry,ACME-S01-TRUCK-025,haul_truck,2026-09-01T16:18:41.854Z,9,-16.530466,-71.605425,144.1,0.3,Pit-A,cycle-acme-s01-truck-025-00003,loading,225.1,240.0,90735.32,57.3,True,True,12169.27,108315.05,False,False,False,86.9,23.9,[],1.0
cb3e8e52-61d8-40b3-8a87-9d3946696261,1.0,acme-mining,site-01,fleet_telemetry,ACME-S01-TRUCK-026,haul_truck,2026-09-01T16:18:41.854Z,9,-16.655505,-71.496893,154.3,1.3,Pit-A,cycle-acme-s01-truck-026-00003,loading,223.5,240.0,247859.28,26.0,True,True,2875.68,430851.46,False,False,False,87.9,23.8,[],1.0
2bf879c6-7a06-4a82-adcf-41c59e40b110,1.0,acme-mining,site-01,fleet_telemetry,ACME-S01-TRUCK-027,haul_truck,2026-09-01T16:18:41.854Z,9,-16.609752,-71.459829,350.8,1.0,Pit-A,cycle-acme-s01-truck-027-00003,loading,223.9,240.0,186458.31,29.1,True,True,11095.6,154660.98,False,False,False,93.1,24.8,[],1.0
d6bb1293-0bfa-42cb-9e49-c0658e75d24a,1.0,acme-mining,site-01,fleet_telemetry,ACME-S01-TRUCK-028,haul_truck,2026-09-01T16:18:41.854Z,9,-16.56451,-71.539637,306.3,0.3,Pit-A,cycle-acme-s01-truck-028-00003,loading,218.1,240.0,331422.93,79.8,True,True,6847.3,458852.86,False,False,False,87.7,24.2,[],1.0
be5d472f-5fb7-4d8e-ad04-9175b587333e,1.0,acme-mining,site-01,fleet_telemetry,ACME-S01-TRUCK-029,haul_truck,2026-09-01T16:18:41.854Z,9,-16.661252,-71.524013,291.8,1.0,Pit-A,cycle-acme-s01-truck-029-00003,loading,225.5,240.0,248566.47,77.3,True,True,21336.65,384883.79,False,False,False,93.2,23.9,[],1.0
27129797-5856-4d3d-b8b2-10dc7057d0ef,1.0,acme-mining,site-01,fleet_telemetry,ACME-S01-TRUCK-030,haul_truck,2026-09-01T16:18:41.854Z,9,-16.575182,-71.509465,111.0,1.0,Pit-A,cycle-acme-s01-truck-030-00003,loading,224.8,240.0,45249.63,38.0,True,True,4137.59,625290.93,False,False,False,90.3,23.8,[],1.0
5b9eb110-8354-4596-9288-6b31375bb75c,1.0,acme-mining,site-01,fleet_telemetry,ACME-S01-TRUCK-031,haul_truck,2026-09-01T16:18:41.854Z,9,-16.657288,-71.512314,60.5,1.3,Pit-A,cycle-acme-s01-truck-031-00003,loading,225.5,240.0,264724.97,27.7,True,True,20761.85,378895.71,False,False,False,88.9,24.9,[],1.0
a66ec165-c893-42b1-9209-a2aff14f7986,1.0,acme-mining,site-01,fleet_telemetry,ACME-S01-TRUCK-032,haul_truck,2026-09-01T16:18:41.854Z,9,-16.607104,-71.510047,11.1,0.8,Pit-A,cycle-acme-s01-truck-032-00003,loading,217.9,240.0,325124.98,41.7,True,True,20615.79,148683.5,False,False,False,95.9,24.8,[],1.0
2e4848e5-9bf7-4a54-86e4-02564f39ff2b,1.0,acme-mining,site-01,fleet_telemetry,ACME-S01-TRUCK-033,haul_truck,2026-09-01T16:18:41.854Z,9,-16.580325,-71.601478,110.7,0.4,Pit-A,cycle-acme-s01-truck-033-00003,loading,220.4,240.0,14099.39,68.4,True,True,20495.2,609512.82,False,False,False,93.0,24.4,[],1.0
2576d9e7-5d1b-453f-a991-8d8408a66de3,1.0,acme-mining,site-01,fleet_telemetry,ACME-S01-TRUCK-034,haul_truck,2026-09-01T16:18:41.854Z,9,-16.611296,-71.592241,153.2,1.1,Pit-A,cycle-acme-s01-truck-034-00003,loading,217.4,240.0,397580.82,86.5,True,True,6422.26,607953.59,False,False,False,93.4,23.9,[],1.0
5c5120a2-e6dc-4d21-8ae9-2c823fab634e,1.0,acme-mining,site-01,fleet_telemetry,ACME-S01-TRUCK-035,haul_truck,2026-09-01T16:18:41.854Z,9,-16.539685,-71.569556,102.6,0.5,Pit-A,cycle-acme-s01-truck-035-00003,loading,216.1,240.0,297750.17,25.5,True,True,13767.58,641957.03,False,False,False,94.0,24.2,[],1.0
a0720f14-7222-4e88-8dd2-1ef25541c1e5,1.0,acme-mining,site-01,fleet_telemetry,ACME-S01-TRUCK-036,haul_truck,2026-09-01T16:18:41.854Z,9,-16.625266,-71.583815,69.3,0.5,Pit-A,cycle-acme-s01-truck-036-00003,loading,223.4,240.0,336663.93,35.8,True,True,6406.69,580519.23,False,False,False,86.6,23.9,[],1.0
c0fd89be-a6ee-418e-b7ca-e391d115e0bf,1.0,acme-mining,site-01,fleet_telemetry,ACME-S01-TRUCK-037,haul_truck,2026-09-01T16:18:41.854Z,9,-16.568936,-71.484771,33.6,0.5,Pit-A,cycle-acme-s01-truck-037-00003,loading,219.6,240.0,409590.57,28.5,True,True,11514.68,178206.61,False,False,False,89.2,24.7,[],1.0
ae95c562-2cec-4a3f-9984-2b545aba2533,1.0,acme-mining,site-01,fleet_telemetry,ACME-S01-TRUCK-038,haul_truck,2026-09-01T16:18:41.854Z,9,-16.582156,-71.549039,240.2,0.1,Pit-A,cycle-acme-s01-truck-038-00003,loading,218.1,240.0,125260.9,76.8,True,True,17147.74,421381.63,False,False,False,94.6,25.0,[],1.0
edcef5a3-d543-46c7-9df6-f4e1d183a750,1.0,acme-mining,site-01,fleet_telemetry,ACME-S01-TRUCK-039,haul_truck,2026-09-01T16:18:41.854Z,9,-16.611301,-71.529111,96.2,0.1,Pit-A,cycle-acme-s01-truck-039-00003,loading,219.8,240.0,75584.47,27.5,True,True,20835.09,455342.56,False,False,False,89.2,24.8,[],1.0
020934b5-401f-46c6-b0cb-3b0f1755c395,1.0,acme-mining,site-01,fleet_telemetry,ACME-S01-TRUCK-040,haul_truck,2026-09-01T16:18:41.854Z,9,-16.526597,-71.583909,172.9,0.9,Pit-A,cycle-acme-s01-truck-040-00003,loading,223.6,240.0,360294.4,85.2,True,True,7335.09,586358.55,False,False,False,87.7,24.8,[],1.0
666f8070-923d-420a-883f-1b3c026dde40,1.0,acme-mining,site-01,fleet_telemetry,ACME-S01-TRUCK-041,haul_truck,2026-09-01T16:18:41.854Z,9,-16.550488,-71.46935,279.1,0.6,Pit-A,cycle-acme-s01-truck-041-00003,loading,228.0,240.0,394874.18,93.1,True,True,8298.0,372726.78,False,False,False,92.0,24.6,[],1.0
180173bf-3eab-4817-92b3-72009764d21f,1.0,acme-mining,site-01,fleet_telemetry,ACME-S01-TRUCK-042,haul_truck,2026-09-01T16:18:41.854Z,9,-16.552498,-71.564341,300.4,0.4,Pit-A,cycle-acme-s01-truck-042-00003,loading,217.1,240.0,397823.72,26.7,True,True,21495.58,530786.36,False,False,False,88.5,24.7,[],1.0
dc945d6b-f104-40ec-85c8-ee6cb3f9ba5f,1.0,acme-mining,site-01,fleet_telemetry,ACME-S01-TRUCK-043,haul_truck,2026-09-01T16:18:41.854Z,9,-16.533033,-71.581892,223.5,0.8,Pit-A,cycle-acme-s01-truck-043-00003,loading,223.3,240.0,57562.66,86.0,True,True,6456.29,516046.14,False,False,False,86.2,24.1,[],1.0
2366dc85-fcc2-43cd-98ae-6dc92894aed5,1.0,acme-mining,site-01,fleet_telemetry,ACME-S01-TRUCK-044,haul_truck,2026-09-01T16:18:41.854Z,9,-16.564795,-71.553776,105.8,1.2,Pit-A,cycle-acme-s01-truck-044-00003,loading,223.8,240.0,393382.72,40.6,True,True,8212.77,536938.13,False,False,False,94.6,24.3,[],1.0
b7cd79aa-2e91-427a-829b-81f087ca0db8,1.0,acme-mining,site-01,fleet_telemetry,ACME-S01-TRUCK-045,haul_truck,2026-09-01T16:18:41.854Z,9,-16.513415,-71.531711,72.5,1.0,Pit-A,cycle-acme-s01-truck-045-00003,loading,218.3,240.0,292252.55,52.9,True,True,21298.06,195848.95,False,False,False,90.1,24.2,[],1.0
651505b8-fa10-4618-8f65-4f2aa69addea,1.0,acme-mining,site-01,fleet_telemetry,ACME-S01-TRUCK-046,haul_truck,2026-09-01T16:18:41.854Z,9,-16.66426,-71.522033,170.1,0.8,Pit-A,cycle-acme-s01-truck-046-00003,loading,227.4,240.0,265460.07,93.8,True,True,19393.23,184565.76,False,False,False,88.6,23.9,[],1.0
9dc32993-928b-4af0-9c9f-f5031cfaa408,1.0,acme-mining,site-01,fleet_telemetry,ACME-S01-TRUCK-047,haul_truck,2026-09-01T16:18:41.854Z,9,-16.639979,-71.610421,263.3,1.4,Pit-A,cycle-acme-s01-truck-047-00003,loading,221.2,240.0,60884.73,87.9,True,True,10051.56,640068.77,False,False,False,92.1,24.5,[],1.0
4654d891-0bbc-4996-b1f0-6bd2aa73ca2e,1.0,acme-mining,site-01,fleet_telemetry,ACME-S01-TRUCK-048,haul_truck,2026-09-01T16:18:41.854Z,9,-16.563063,-71.559234,261.8,1.2,Pit-A,cycle-acme-s01-truck-048-00003,loading,219.5,240.0,326549.79,76.9,True,True,20422.21,359224.94,False,False,False,88.8,24.0,[],1.0
886852a8-a359-4784-85f4-e1d32b87f9fb,1.0,acme-mining,site-01,fleet_telemetry,ACME-S01-TRUCK-049,haul_truck,2026-09-01T16:18:41.854Z,9,-16.589242,-71.51084,161.9,1.4,Pit-A,cycle-acme-s01-truck-049-00003,loading,222.7,240.0,64835.73,88.0,True,True,14010.91,437934.31,False,False,False,89.4,24.1,[],1.0
082303ee-4bd0-48c4-a43d-3f640be6b72e,1.0,acme-mining,site-01,fleet_telemetry,ACME-S01-TRUCK-050,haul_truck,2026-09-01T16:18:41.854Z,9,-16.550712,-71.589651,201.3,1.2,Pit-A,cycle-acme-s01-truck-050-00003,loading,226.3,240.0,302569.54,51.5,True,True,12553.56,140859.46,False,False,False,112.8,25.1,"[""ENG_OVERHEAT""]",0.72
2b2d12b4-edc0-4c9b-9709-cb2d22876462,1.0,acme-mining,site-01,fleet_telemetry,ACME-S01-TRUCK-051,haul_truck,2026-09-01T16:18:41.854Z,9,-16.577595,-71.512716,354.7,0.8,Pit-A,cycle-acme-s01-truck-051-00003,loading,220.5,240.0,136242.62,55.0,True,True,12416.28,20256.0,False,False,False,88.7,24.5,[],1.0
54cca417-c1cf-4ba1-97bd-dc590ea6b1ba,1.0,acme-mining,site-01,fleet_telemetry,ACME-S01-TRUCK-052,haul_truck,2026-09-01T16:18:41.854Z,9,-16.552627,-71.512058,345.6,0.9,Pit-A,cycle-acme-s01-truck-052-00003,loading,222.8,240.0,359244.16,92.1,True,True,15123.31,342039.84,False,False,False,111.4,24.2,"[""ENG_OVERHEAT""]",0.72
787816b0-2fbf-42c2-aa52-0d9d88d56879,1.0,acme-mining,site-01,fleet_telemetry,ACME-S01-TRUCK-053,haul_truck,2026-09-01T16:18:41.854Z,9,-16.541368,-71.593923,118.1,0.3,Pit-A,cycle-acme-s01-truck-053-00003,loading,226.1,240.0,113342.77,46.7,True,True,2779.82,619760.0,False,False,False,90.7,24.2,[],1.0
597ec396-4332-46c9-8e27-38febb041f33,1.0,acme-mining,site-01,fleet_telemetry,ACME-S01-TRUCK-054,haul_truck,2026-09-01T16:18:41.854Z,9,-16.578277,-71.502524,213.0,0.2,Pit-A,cycle-acme-s01-truck-054-00003,loading,218.4,240.0,210383.7,87.0,True,True,13759.02,504148.48,False,False,False,86.4,24.6,[],1.0
049f3dae-4e46-45cc-b25c-8ee3c58184aa,1.0,acme-mining,site-01,fleet_telemetry,ACME-S01-TRUCK-055,haul_truck,2026-09-01T16:18:41.854Z,9,-16.547162,-71.600421,98.9,0.4,Pit-A,cycle-acme-s01-truck-055-00003,loading,227.4,240.0,12440.31,77.5,True,True,5972.48,433316.72,False,False,False,88.1,24.2,[],1.0
7a057e8c-e478-47ef-96aa-9f5cea3d3a6c,1.0,acme-mining,site-01,fleet_telemetry,ACME-S01-TRUCK-056,haul_truck,2026-09-01T16:18:41.854Z,9,-16.523597,-71.598062,156.1,1.1,Pit-A,cycle-acme-s01-truck-056-00003,loading,224.0,240.0,214402.54,64.0,True,True,17847.14,458424.61,False,False,False,91.2,24.4,[],1.0
29b84f89-d660-4573-bece-7c96363722b5,1.0,acme-mining,site-01,fleet_telemetry,ACME-S01-TRUCK-057,haul_truck,2026-09-01T16:18:41.854Z,9,-16.527761,-71.519456,38.3,0.8,Pit-A,cycle-acme-s01-truck-057-00003,loading,221.5,240.0,271999.61,91.5,True,True,14952.66,642372.43,False,False,False,90.1,24.8,[],1.0
d931b7fa-b164-4447-bc32-b43c21cc4b09,1.0,acme-mining,site-01,fleet_telemetry,ACME-S01-TRUCK-058,haul_truck,2026-09-01T16:18:41.854Z,9,-16.532515,-71.545502,30.6,1.3,Pit-A,cycle-acme-s01-truck-058-00003,loading,226.4,240.0,206202.58,36.1,True,True,9846.92,591318.67,False,False,False,111.3,24.2,"[""ENG_OVERHEAT""]",0.72
7d92f44f-524f-441a-a75f-502aebe10097,1.0,acme-mining,site-01,fleet_telemetry,ACME-S01-TRUCK-059,haul_truck,2026-09-01T16:18:41.854Z,9,-16.658011,-71.57174,287.4,0.7,Pit-A,cycle-acme-s01-truck-059-00003,loading,216.3,240.0,285769.9,44.2,True,True,17035.26,348419.07,False,False,False,93.6,24.2,[],1.0
91beb678-12c8-4773-944e-140d16413e41,1.0,acme-mining,site-01,fleet_telemetry,ACME-S01-TRUCK-060,haul_truck,2026-09-01T16:18:41.854Z,9,-16.645962,-71.583226,141.1,1.4,Pit-A,cycle-acme-s01-truck-060-00003,loading,227.3,240.0,76366.08,51.8,True,True,19732.18,70764.1,False,False,False,87.0,25.0,[],1.0
4430e02d-7313-4be2-989c-f59c9898f713,1.0,acme-mining,site-01,fleet_telemetry,ACME-S01-TRUCK-061,haul_truck,2026-09-01T16:18:41.854Z,9,-16.525629,-71.524055,195.4,0.6,Pit-A,cycle-acme-s01-truck-061-00003,loading,216.0,240.0,101007.72,54.4,True,True,12303.37,281938.0,False,False,False,89.4,24.5,[],1.0
b9cf1806-981e-46be-a042-69e8801d85fc,1.0,acme-mining,site-01,fleet_telemetry,ACME-S01-TRUCK-062,haul_truck,2026-09-01T16:18:41.854Z,9,-16.533854,-71.464962,93.8,1.4,Pit-A,cycle-acme-s01-truck-062-00003,loading,220.6,240.0,164774.46,77.7,True,True,8864.09,23714.73,False,False,False,92.6,25.0,[],1.0
60ea671b-df55-4795-905d-c96b7c8a07b6,1.0,acme-mining,site-01,fleet_telemetry,ACME-S01-TRUCK-063,haul_truck,2026-09-01T16:18:41.854Z,9,-16.592649,-71.555285,132.4,1.0,Pit-A,cycle-acme-s01-truck-063-00003,loading,224.3,240.0,224821.56,44.1,True,True,17757.22,585621.33,False,False,False,95.7,25.0,[],1.0
a576a77b-634f-46bd-9652-a35b7b2faeb0,1.0,acme-mining,site-01,fleet_telemetry,ACME-S01-TRUCK-064,haul_truck,2026-09-01T16:18:41.854Z,9,-16.584929,-71.472404,357.1,1.5,Pit-A,cycle-acme-s01-truck-064-00003,loading,219.9,240.0,414598.9,93.6,True,True,16152.66,549518.76,False,False,False,94.8,24.2,[],1.0
566651fd-69af-4171-8e7e-7136e439cf89,1.0,acme-mining,site-01,fleet_telemetry,ACME-S01-TRUCK-065,haul_truck,2026-09-01T16:18:41.854Z,9,-16.628746,-71.565118,207.5,1.1,Pit-A,cycle-acme-s01-truck-065-00003,loading,220.0,240.0,391415.18,37.7,True,True,2579.7,290026.25,False,False,False,113.7,25.1,"[""ENG_OVERHEAT""]",0.72
7722e764-f7df-41f1-8c59-2e9cb8848f5c,1.0,acme-mining,site-01,fleet_telemetry,ACME-S01-TRUCK-066,haul_truck,2026-09-01T16:18:41.854Z,9,-16.630041,-71.60436,324.3,0.7,Pit-A,cycle-acme-s01-truck-066-00003,loading,217.6,240.0,340884.91,83.2,True,True,16938.08,258849.71,False,False,False,93.1,25.1,[],1.0
38134c8d-2e9b-4ae8-bc61-7b70a3b7f3c0,1.0,acme-mining,site-01,fleet_telemetry,ACME-S01-TRUCK-067,haul_truck,2026-09-01T16:18:41.854Z,9,-16.517193,-71.611043,211.6,1.2,Pit-A,cycle-acme-s01-truck-067-00003,loading,221.7,240.0,108658.34,29.8,True,True,1904.23,619709.59,False,False,False,93.0,25.1,[],1.0
f3fca8d2-9d39-4e06-828e-655d024892f2,1.0,acme-mining,site-01,fleet_telemetry,ACME-S01-TRUCK-068,haul_truck,2026-09-01T16:18:41.854Z,9,-16.56328,-71.527249,118.9,1.2,Pit-A,cycle-acme-s01-truck-068-00003,loading,227.5,240.0,77048.82,33.8,True,True,5026.46,32839.6,False,False,False,94.4,25.2,[],1.0
c1f6914b-046d-4ba5-a5db-97922056bea5,1.0,acme-mining,site-01,fleet_telemetry,ACME-S01-TRUCK-069,haul_truck,2026-09-01T16:18:41.854Z,9,-16.652069,-71.486454,176.5,1.0,Pit-A,cycle-acme-s01-truck-069-00003,loading,219.9,240.0,277189.48,77.3,True,True,17058.25,125707.36,False,False,False,93.1,24.8,[],1.0
73669a83-e07f-4b43-be7a-3e4052822cb3,1.0,acme-mining,site-01,fleet_telemetry,ACME-S01-TRUCK-070,haul_truck,2026-09-01T16:18:41.854Z,9,-16.610312,-71.466853,25.7,1.1,Pit-A,cycle-acme-s01-truck-070-00003,loading,219.6,240.0,263351.15,88.5,True,True,13068.13,605199.1,False,False,False,95.9,24.4,[],1.0
f038e0be-0958-4891-8ea8-f53fe9da6cf5,1.0,acme-mining,site-01,fleet_telemetry,ACME-S01-TRUCK-071,haul_truck,2026-09-01T16:18:41.854Z,9,-16.534326,-71.521425,269.4,1.1,Pit-A,cycle-acme-s01-truck-071-00003,loading,219.5,240.0,54837.16,79.0,True,True,15441.04,415162.89,False,False,False,88.4,25.0,[],1.0
209f2ea0-303c-4ddb-b055-35023052c684,1.0,acme-mining,site-01,fleet_telemetry,ACME-S01-TRUCK-072,haul_truck,2026-09-01T16:18:41.854Z,9,-16.589419,-71.562878,79.4,1.3,Pit-A,cycle-acme-s01-truck-072-00003,loading,218.4,240.0,198486.91,50.9,True,True,17391.88,238738.58,False,False,False,91.1,24.8,[],1.0
313c64af-157a-44e6-9362-b327c659bef9,1.0,acme-mining,site-01,fleet_telemetry,ACME-S01-TRUCK-073,haul_truck,2026-09-01T16:18:41.854Z,9,-16.55725,-71.547843,197.7,0.1,Pit-A,cycle-acme-s01-truck-073-00003,loading,226.2,240.0,289658.03,83.0,True,True,3037.44,625296.37,False,False,False,87.4,24.3,[],1.0
27ce3920-bdf0-49e5-8590-3259a8cdb553,1.0,acme-mining,site-01,fleet_telemetry,ACME-S01-TRUCK-074,haul_truck,2026-09-01T16:18:41.854Z,9,-16.538277,-71.522715,273.2,0.5,Pit-A,cycle-acme-s01-truck-074-00003,loading,223.3,240.0,350842.82,57.5,True,True,13857.35,599359.34,False,False,False,88.1,24.7,[],1.0
031ce283-11f6-46be-8737-f371b2ae049b,1.0,acme-mining,site-01,fleet_telemetry,ACME-S01-TRUCK-075,haul_truck,2026-09-01T16:18:41.854Z,9,-16.596053,-71.519894,176.3,0.8,Pit-A,cycle-acme-s01-truck-075-00003,loading,226.9,240.0,397918.31,42.0,True,True,18411.51,74597.82,False,False,False,95.0,24.3,[],1.0
7ef9b346-3592-450c-a5d6-3bd4094e3bc0,1.0,acme-mining,site-01,fleet_telemetry,ACME-S01-TRUCK-076,haul_truck,2026-09-01T16:18:41.854Z,9,-16.629065,-71.572742,149.3,0.6,Pit-A,cycle-acme-s01-truck-076-00003,loading,226.7,240.0,224522.56,49.8,True,True,11279.31,224759.14,False,False,False,89.9,23.9,[],1.0
17d1f934-56f8-4cb5-a5bc-011dc20baaa4,1.0,acme-mining,site-01,fleet_telemetry,ACME-S01-TRUCK-077,haul_truck,2026-09-01T16:18:41.854Z,9,-16.605339,-71.528673,76.0,0.3,Pit-A,cycle-acme-s01-truck-077-00003,loading,219.0,240.0,94065.41,41.8,True,True,12582.78,345475.38,False,False,False,92.8,24.6,[],1.0
436308cf-abf1-4560-bc54-a37ae04b7bd4,1.0,acme-mining,site-01,fleet_telemetry,ACME-S01-TRUCK-078,haul_truck,2026-09-01T16:18:41.854Z,9,-16.634965,-71.506794,88.0,0.6,Pit-A,cycle-acme-s01-truck-078-00003,loading,220.5,240.0,358891.05,31.5,True,True,14493.15,329217.64,False,False,False,93.4,23.9,[],1.0
52612122-7f1f-4bf5-b2d5-ca8dfba36706,1.0,acme-mining,site-01,fleet_telemetry,ACME-S01-TRUCK-079,haul_truck,2026-09-01T16:18:41.854Z,9,-16.582314,-71.561196,244.6,0.1,Pit-A,cycle-acme-s01-truck-079-00003,loading,218.4,240.0,161253.84,94.7,True,True,8623.25,368688.14,False,False,False,89.7,23.9,[],1.0
00e3b8c4-4f56-430a-bce2-1584f1a90dae,1.0,acme-mining,site-01,fleet_telemetry,ACME-S01-TRUCK-080,haul_truck,2026-09-01T16:18:41.854Z,9,-16.58467,-71.495578,301.7,1.1,Pit-A,cycle-acme-s01-truck-080-00003,loading,216.6,240.0,94737.68,33.3,True,True,6129.77,96013.39,False,False,False,94.8,25.0,[],1.0
89357cf6-0fe5-4b33-860c-8728ba9cd7bc,1.0,acme-mining,site-02,fleet_telemetry,ACME-S02-TRUCK-001,haul_truck,2026-09-01T16:18:41.854Z,9,-16.537068,-71.488512,241.8,1.2,Pit-A,cycle-acme-s02-truck-001-00003,loading,221.4,240.0,319615.94,60.0,True,True,4524.74,259530.86,False,False,False,91.3,23.9,[],1.0
0be516b6-96ba-45f2-b344-e080a242bded,1.0,acme-mining,site-02,fleet_telemetry,ACME-S02-TRUCK-002,haul_truck,2026-09-01T16:18:41.854Z,9,-16.60173,-71.552816,197.6,0.1,Pit-A,cycle-acme-s02-truck-002-00003,loading,224.9,240.0,44260.14,46.9,True,True,10047.87,309645.37,False,False,False,89.6,24.7,[],1.0
ebff03ff-aada-4fca-b78d-c61473b38a78,1.0,acme-mining,site-02,fleet_telemetry,ACME-S02-TRUCK-003,haul_truck,2026-09-01T16:18:41.854Z,9,-16.571484,-71.484351,85.4,0.5,Pit-A,cycle-acme-s02-truck-003-00003,loading,224.9,240.0,152898.59,81.0,True,True,3241.69,33139.81,False,False,False,93.1,24.9,[],1.0
3f557921-85ad-40b5-8f83-064575635cf4,1.0,acme-mining,site-02,fleet_telemetry,ACME-S02-TRUCK-004,haul_truck,2026-09-01T16:18:41.854Z,9,-16.657803,-71.478242,350.5,0.5,Pit-A,cycle-acme-s02-truck-004-00003,loading,217.4,240.0,201698.26,53.0,True,True,10058.3,86693.96,False,False,False,91.6,24.6,[],1.0
34474e10-d021-415b-807e-ad46ba6c01e8,1.0,acme-mining,site-02,fleet_telemetry,ACME-S02-TRUCK-005,haul_truck,2026-09-01T16:18:41.854Z,9,-16.58883,-71.472583,96.1,0.1,Pit-A,cycle-acme-s02-truck-005-00003,loading,223.4,240.0,234613.23,32.9,True,True,7861.07,125923.79,False,False,False,95.0,24.0,[],1.0
3c6148a1-d1b2-443b-8e36-803b2ef8c0b1,1.0,acme-mining,site-02,fleet_telemetry,ACME-S02-TRUCK-006,haul_truck,2026-09-01T16:18:41.854Z,9,-16.548787,-71.51262,289.2,0.6,Pit-A,cycle-acme-s02-truck-006-00003,loading,227.2,240.0,96800.18,67.1,True,True,5808.91,112260.04,False,False,False,95.2,23.8,[],1.0
29d21ac8-7858-42e7-a357-008ab7554e87,1.0,acme-mining,site-02,fleet_telemetry,ACME-S02-TRUCK-007,haul_truck,2026-09-01T16:18:41.854Z,9,-16.529277,-71.514601,137.0,1.5,Pit-A,cycle-acme-s02-truck-007-00003,loading,225.0,240.0,264966.55,72.6,True,True,10635.82,375153.52,False,False,False,95.8,24.7,[],1.0
2a4476c1-de8c-4f8d-ac46-c45c436a1494,1.0,acme-mining,site-02,fleet_telemetry,ACME-S02-TRUCK-008,haul_truck,2026-09-01T16:18:41.854Z,9,-16.599678,-71.569018,261.5,0.0,Pit-A,cycle-acme-s02-truck-008-00003,loading,226.7,240.0,76421.84,29.7,True,True,19122.05,415147.17,False,False,False,94.5,24.7,[],1.0
4a48ac87-f543-4c65-85ac-2484593e3b24,1.0,acme-mining,site-02,fleet_telemetry,ACME-S02-TRUCK-009,haul_truck,2026-09-01T16:18:41.854Z,9,-16.611435,-71.571588,192.7,0.2,Pit-A,cycle-acme-s02-truck-009-00003,loading,225.6,240.0,213167.28,27.6,True,True,8261.19,66740.29,False,False,False,87.2,24.4,[],1.0
3f2bafeb-8859-46ff-9f91-fdb45ad8d0f0,1.0,acme-mining,site-02,fleet_telemetry,ACME-S02-TRUCK-010,haul_truck,2026-09-01T16:18:41.854Z,9,-16.543699,-71.474162,179.7,0.8,Pit-A,cycle-acme-s02-truck-010-00003,loading,224.2,240.0,213593.72,63.8,True,True,13838.19,339452.9,False,False,False,92.3,25.1,[],1.0
2dbd587b-ff11-4a13-9f7b-3cd1230cabdf,1.0,acme-mining,site-02,fleet_telemetry,ACME-S02-TRUCK-011,haul_truck,2026-09-01T16:18:41.854Z,9,-16.660475,-71.600912,280.4,0.6,Pit-A,cycle-acme-s02-truck-011-00003,loading,220.6,240.0,219277.36,35.5,True,True,14618.97,222562.08,False,False,False,92.2,25.1,[],1.0
ed92ae24-01a4-4b91-b71b-9641b0349be0,1.0,acme-mining,site-02,fleet_telemetry,ACME-S02-TRUCK-012,haul_truck,2026-09-01T16:18:41.854Z,9,-16.557209,-71.458977,335.6,0.0,Pit-A,cycle-acme-s02-truck-012-00003,loading,219.3,240.0,294296.51,27.7,True,True,21626.59,73127.59,False,False,False,91.7,23.9,[],1.0
691e77e3-3647-4a4e-b73c-562eb4308ec0,1.0,acme-mining,site-02,fleet_telemetry,ACME-S02-TRUCK-013,haul_truck,2026-09-01T16:18:41.854Z,9,-16.561738,-71.609105,228.2,0.0,Pit-A,cycle-acme-s02-truck-013-00003,loading,218.8,240.0,180463.87,79.2,True,True,8514.65,598300.36,False,False,False,92.6,25.1,[],1.0
59fd4d38-f433-40db-a503-eca288f3a9b4,1.0,acme-mining,site-02,fleet_telemetry,ACME-S02-TRUCK-014,haul_truck,2026-09-01T16:18:41.854Z,9,-16.554624,-71.512456,225.8,1.4,Pit-A,cycle-acme-s02-truck-014-00003,loading,217.6,240.0,308487.5,44.8,True,True,2197.34,79538.93,False,False,False,87.3,23.9,[],1.0
b99a65f6-1f60-4f42-84f8-2d74cedb759f,1.0,acme-mining,site-02,fleet_telemetry,ACME-S02-TRUCK-015,haul_truck,2026-09-01T16:18:41.854Z,9,-16.515617,-71.505776,166.7,0.3,Pit-A,cycle-acme-s02-truck-015-00003,loading,216.6,240.0,72229.07,49.4,True,True,7867.29,387126.1,False,False,False,92.5,25.0,[],1.0
e8192c83-5c9c-4ce4-a5b0-5a6f659affa1,1.0,acme-mining,site-02,fleet_telemetry,ACME-S02-TRUCK-016,haul_truck,2026-09-01T16:18:41.854Z,9,-16.617834,-71.597058,68.9,0.8,Pit-A,cycle-acme-s02-truck-016-00003,loading,224.8,240.0,255926.3,70.0,True,True,15827.29,73373.17,False,False,False,88.5,24.4,[],1.0
b0043771-b3b1-4304-b050-e0167216b369,1.0,acme-mining,site-02,fleet_telemetry,ACME-S02-TRUCK-017,haul_truck,2026-09-01T16:18:41.854Z,9,-16.621007,-71.465302,324.3,0.2,Pit-A,cycle-acme-s02-truck-017-00003,loading,217.1,240.0,233735.52,26.2,True,True,2781.22,442387.49,False,False,False,89.3,24.9,[],1.0
9d610e2a-3695-40f0-ba1e-513774fa103a,1.0,acme-mining,site-02,fleet_telemetry,ACME-S02-TRUCK-018,haul_truck,2026-09-01T16:18:41.854Z,9,-16.544293,-71.536257,8.3,0.5,Pit-A,cycle-acme-s02-truck-018-00003,loading,226.6,240.0,78176.46,45.7,True,True,4870.52,649985.49,False,False,False,94.0,25.1,[],1.0
9784cf67-018f-4322-b1d7-4a986a5862af,1.0,acme-mining,site-02,fleet_telemetry,ACME-S02-TRUCK-019,haul_truck,2026-09-01T16:18:41.854Z,9,-16.610149,-71.591561,15.8,1.4,Pit-A,cycle-acme-s02-truck-019-00003,loading,220.8,240.0,347175.93,34.1,True,True,1600.26,232161.77,False,False,False,94.1,24.6,[],1.0
d37ff1ec-1c1f-41c0-bdfb-eefe3215ada2,1.0,acme-mining,site-02,fleet_telemetry,ACME-S02-TRUCK-020,haul_truck,2026-09-01T16:18:41.854Z,9,-16.515252,-71.519812,281.9,0.3,Pit-A,cycle-acme-s02-truck-020-00003,loading,218.2,240.0,170292.33,75.3,True,True,16089.09,47526.43,False,False,False,86.1,25.0,[],1.0
23e30831-9aed-44ba-8347-c353165e7897,1.0,acme-mining,site-02,fleet_telemetry,ACME-S02-TRUCK-021,haul_truck,2026-09-01T16:18:41.854Z,9,-16.52579,-71.586449,352.6,1.3,Pit-A,cycle-acme-s02-truck-021-00003,loading,227.5,240.0,434863.11,79.9,True,True,5760.87,170676.33,False,False,False,90.0,25.2,[],1.0
1b02789d-8bb9-44fe-8d79-e67532c41b1b,1.0,acme-mining,site-02,fleet_telemetry,ACME-S02-TRUCK-022,haul_truck,2026-09-01T16:18:41.854Z,9,-16.586016,-71.462912,180.9,0.1,Pit-A,cycle-acme-s02-truck-022-00003,loading,219.1,240.0,133980.15,51.7,True,True,21670.14,310858.57,False,False,False,86.8,24.8,[],1.0
0d83bd1f-d25e-46b9-939f-84e286edad85,1.0,acme-mining,site-02,fleet_telemetry,ACME-S02-TRUCK-023,haul_truck,2026-09-01T16:18:41.854Z,9,-16.520883,-71.503634,12.7,0.8,Pit-A,cycle-acme-s02-truck-023-00003,loading,227.6,240.0,221460.47,50.9,True,True,19307.65,52873.45,False,False,False,88.6,25.1,[],1.0
5e9fa5aa-be89-4daf-be0e-b441c2c0aa33,1.0,acme-mining,site-02,fleet_telemetry,ACME-S02-TRUCK-024,haul_truck,2026-09-01T16:18:41.854Z,9,-16.646791,-71.547535,185.3,0.5,Pit-A,cycle-acme-s02-truck-024-00003,loading,221.2,240.0,130028.76,88.3,True,True,6843.35,500763.77,False,False,False,87.3,24.5,[],1.0
61f71199-5cec-40b2-a8da-946bbb45350e,1.0,acme-mining,site-02,fleet_telemetry,ACME-S02-TRUCK-025,haul_truck,2026-09-01T16:18:41.854Z,9,-16.607012,-71.557664,153.2,0.8,Pit-A,cycle-acme-s02-truck-025-00003,loading,224.7,240.0,419408.23,54.0,True,True,18114.12,577316.95,False,False,False,89.8,25.2,[],1.0
265e2057-4b25-4934-be07-67803529297e,1.0,acme-mining,site-02,fleet_telemetry,ACME-S02-TRUCK-026,haul_truck,2026-09-01T16:18:41.854Z,9,-16.566404,-71.490867,237.2,1.5,Pit-A,cycle-acme-s02-truck-026-00003,loading,218.9,240.0,419563.98,83.7,True,True,8748.16,37758.33,False,False,False,88.1,23.9,[],1.0
b5899d0b-ebd8-4e29-ba14-9efd87f72468,1.0,acme-mining,site-02,fleet_telemetry,ACME-S02-TRUCK-027,haul_truck,2026-09-01T16:18:41.854Z,9,-16.595323,-71.519061,318.4,1.0,Pit-A,cycle-acme-s02-truck-027-00003,loading,217.7,240.0,375689.2,78.1,True,True,20248.81,317646.79,False,False,False,91.9,25.2,[],1.0
66914da1-02d4-485a-a06e-85c66ff1bbd7,1.0,acme-mining,site-02,fleet_telemetry,ACME-S02-TRUCK-028,haul_truck,2026-09-01T16:18:41.854Z,9,-16.585984,-71.599732,100.6,1.2,Pit-A,cycle-acme-s02-truck-028-00003,loading,222.7,240.0,251474.45,75.9,True,True,6225.6,546026.93,False,False,False,86.1,25.0,[],1.0
60a98583-e3df-4dce-96ef-68823b77a66f,1.0,acme-mining,site-02,fleet_telemetry,ACME-S02-TRUCK-029,haul_truck,2026-09-01T16:18:41.854Z,9,-16.660327,-71.48362,207.8,0.4,Pit-A,cycle-acme-s02-truck-029-00003,loading,226.8,240.0,291139.35,68.5,True,True,3383.2,170217.07,False,False,False,86.8,23.8,[],1.0
6b488099-45f8-4164-b63a-57c3fdf2c78b,1.0,acme-mining,site-02,fleet_telemetry,ACME-S02-TRUCK-030,haul_truck,2026-09-01T16:18:41.854Z,9,-16.601726,-71.519107,92.3,0.8,Pit-A,cycle-acme-s02-truck-030-00003,loading,217.5,240.0,116453.37,35.0,True,True,1148.44,344686.91,False,False,False,93.2,25.2,[],1.0
434cb35c-da62-43ab-89f9-83bb339409bf,1.0,acme-mining,site-02,fleet_telemetry,ACME-S02-TRUCK-031,haul_truck,2026-09-01T16:18:41.854Z,9,-16.51787,-71.530467,60.6,0.9,Pit-A,cycle-acme-s02-truck-031-00003,loading,219.9,240.0,240333.79,50.2,True,True,4771.07,440975.58,False,False,False,88.5,24.8,[],1.0
ce761032-8914-4b7e-be2e-9f567c81cb34,1.0,acme-mining,site-02,fleet_telemetry,ACME-S02-TRUCK-032,haul_truck,2026-09-01T16:18:41.854Z,9,-16.513432,-71.576895,165.4,0.4,Pit-A,cycle-acme-s02-truck-032-00003,loading,224.5,240.0,216860.02,69.4,True,True,12548.03,265986.04,False,False,False,87.2,24.6,[],1.0
42674a95-98c9-4cd4-b505-aeb05f56dac2,1.0,acme-mining,site-02,fleet_telemetry,ACME-S02-TRUCK-033,haul_truck,2026-09-01T16:18:41.854Z,9,-16.552771,-71.564277,86.1,0.1,Pit-A,cycle-acme-s02-truck-033-00003,loading,219.7,240.0,286433.65,79.0,True,True,8109.83,481753.05,False,False,False,87.3,24.3,[],1.0
22cc5836-af99-4d0d-80ef-1414164f747d,1.0,acme-mining,site-02,fleet_telemetry,ACME-S02-TRUCK-034,haul_truck,2026-09-01T16:18:41.854Z,9,-16.513467,-71.540969,295.1,0.1,Pit-A,cycle-acme-s02-truck-034-00003,loading,221.7,240.0,375369.4,72.9,True,True,7977.21,424961.41,False,False,False,92.4,24.3,[],1.0
5db40327-5b92-4c6c-816f-a8d8e752c546,1.0,acme-mining,site-02,fleet_telemetry,ACME-S02-TRUCK-035,haul_truck,2026-09-01T16:18:41.854Z,9,-16.663387,-71.585598,200.3,0.3,Pit-A,cycle-acme-s02-truck-035-00003,loading,220.7,240.0,211379.6,45.5,True,True,2137.74,509000.19,False,False,False,86.1,25.0,[],1.0
bbd8ecf1-70f3-4569-a791-eb7ae9d03e4d,1.0,acme-mining,site-02,fleet_telemetry,ACME-S02-TRUCK-036,haul_truck,2026-09-01T16:18:41.854Z,9,-16.549885,-71.586955,149.0,1.1,Pit-A,cycle-acme-s02-truck-036-00003,loading,223.5,240.0,248934.09,42.7,True,True,11726.14,643147.5,False,False,False,93.5,24.9,[],1.0
0da7d81a-bec9-488d-9526-33934b06b07e,1.0,acme-mining,site-02,fleet_telemetry,ACME-S02-TRUCK-037,haul_truck,2026-09-01T16:18:41.854Z,9,-16.528086,-71.498565,278.7,0.6,Pit-A,cycle-acme-s02-truck-037-00003,loading,223.1,240.0,64769.59,50.7,True,True,19154.94,229112.75,False,False,False,87.7,25.1,[],1.0
f93a4a1a-43db-4479-9dcc-2720998b1226,1.0,acme-mining,site-02,fleet_telemetry,ACME-S02-TRUCK-038,haul_truck,2026-09-01T16:18:41.854Z,9,-16.542786,-71.574859,59.3,0.8,Pit-A,cycle-acme-s02-truck-038-00003,loading,226.6,240.0,314510.72,50.7,True,True,7987.59,137695.01,False,False,False,91.3,24.6,[],1.0
044fd0a4-c76e-4500-98da-e7e8ea0b8e00,1.0,acme-mining,site-02,fleet_telemetry,ACME-S02-TRUCK-039,haul_truck,2026-09-01T16:18:41.854Z,9,-16.618948,-71.604667,134.4,0.0,Pit-A,cycle-acme-s02-truck-039-00003,loading,222.3,240.0,371830.75,63.1,True,True,2473.27,399545.77,False,False,False,87.5,23.9,[],1.0
61e96c88-06d5-4861-8cc8-2ccfca60027d,1.0,acme-mining,site-02,fleet_telemetry,ACME-S02-TRUCK-040,haul_truck,2026-09-01T16:18:41.854Z,9,-16.598829,-71.501194,245.3,1.3,Pit-A,cycle-acme-s02-truck-040-00003,loading,221.1,240.0,83324.29,56.0,True,True,10253.43,472127.82,False,False,False,93.3,25.0,[],1.0
73348625-1734-40c4-ab2a-654b9de0f7dc,1.0,acme-mining,site-02,fleet_telemetry,ACME-S02-TRUCK-041,haul_truck,2026-09-01T16:18:41.854Z,9,-16.568423,-71.559344,341.6,0.7,Pit-A,cycle-acme-s02-truck-041-00003,loading,221.9,240.0,427078.51,30.2,True,True,6620.59,637417.39,False,False,False,86.2,24.2,[],1.0
ffaaff87-9df0-4afe-be5a-b498e5fc4c0a,1.0,acme-mining,site-02,fleet_telemetry,ACME-S02-TRUCK-042,haul_truck,2026-09-01T16:18:41.854Z,9,-16.664879,-71.60673,206.8,1.2,Pit-A,cycle-acme-s02-truck-042-00003,loading,227.7,240.0,277332.66,79.6,True,True,20999.15,109951.26,False,False,False,93.3,25.0,[],1.0
c9b80c5d-905d-43c2-ac03-dc6319a5fc23,1.0,acme-mining,site-02,fleet_telemetry,ACME-S02-TRUCK-043,haul_truck,2026-09-01T16:18:41.854Z,9,-16.598407,-71.558135,29.2,0.7,Pit-A,cycle-acme-s02-truck-043-00003,loading,218.8,240.0,24250.13,35.7,True,True,8477.6,618164.44,False,False,False,92.4,24.5,[],1.0
06f82cc0-5fe9-4301-ae4d-471d4fe63042,1.0,acme-mining,site-02,fleet_telemetry,ACME-S02-TRUCK-044,haul_truck,2026-09-01T16:18:41.854Z,9,-16.630418,-71.599364,57.1,1.3,Pit-A,cycle-acme-s02-truck-044-00003,loading,224.5,240.0,185135.57,70.4,True,True,12967.15,353559.94,False,False,False,92.0,24.5,[],1.0
0ba21d14-3fa6-4b89-b886-b3cece03fcfd,1.0,acme-mining,site-02,fleet_telemetry,ACME-S02-TRUCK-045,haul_truck,2026-09-01T16:18:41.854Z,9,-16.557777,-71.583181,31.3,0.9,Pit-A,cycle-acme-s02-truck-045-00003,loading,224.5,240.0,61815.42,79.2,True,True,11776.21,595531.96,False,False,False,95.7,24.8,[],1.0
be5c02e3-b44f-46e5-83e6-2f960d02c31b,1.0,acme-mining,site-02,fleet_telemetry,ACME-S02-TRUCK-046,haul_truck,2026-09-01T16:18:41.854Z,9,-16.55625,-71.45791,353.7,1.1,Pit-A,cycle-acme-s02-truck-046-00003,loading,222.3,240.0,42583.48,37.0,True,True,5043.79,105509.09,False,False,False,92.8,24.0,[],1.0
254cbd07-a2fa-43ac-a946-2110920cb485,1.0,acme-mining,site-02,fleet_telemetry,ACME-S02-TRUCK-047,haul_truck,2026-09-01T16:18:41.854Z,9,-16.622431,-71.592303,284.3,0.7,Pit-A,cycle-acme-s02-truck-047-00003,loading,226.1,240.0,251999.33,45.3,True,True,14958.22,467010.7,False,False,False,92.5,24.7,[],1.0
a92ba82b-c8cd-49b2-b1b1-7cfc6d52e137,1.0,acme-mining,site-02,fleet_telemetry,ACME-S02-TRUCK-048,haul_truck,2026-09-01T16:18:41.854Z,9,-16.648166,-71.491023,283.3,0.6,Pit-A,cycle-acme-s02-truck-048-00003,loading,219.2,240.0,63400.07,39.0,True,True,17626.38,340516.32,False,False,False,90.1,23.9,[],1.0
e7349313-1dcd-4690-89d3-572990aa8c0b,1.0,acme-mining,site-02,fleet_telemetry,ACME-S02-TRUCK-049,haul_truck,2026-09-01T16:18:41.854Z,9,-16.528903,-71.606966,145.1,0.5,Pit-A,cycle-acme-s02-truck-049-00003,loading,219.7,240.0,442525.85,34.0,True,True,12932.29,314465.9,False,False,False,87.1,24.5,[],1.0
60b2b978-f5e6-400e-a730-0eb6a344e334,1.0,acme-mining,site-02,fleet_telemetry,ACME-S02-TRUCK-050,haul_truck,2026-09-01T16:18:41.854Z,9,-16.51482,-71.5147,203.6,0.6,Pit-A,cycle-acme-s02-truck-050-00003,loading,216.1,240.0,372269.92,30.1,True,True,11944.76,504573.84,False,False,False,94.1,24.1,[],1.0
f6b05d5a-24b9-45d9-a030-95c7e76cdb3a,1.0,acme-mining,site-02,fleet_telemetry,ACME-S02-TRUCK-051,haul_truck,2026-09-01T16:18:41.854Z,9,-16.64128,-71.462898,282.3,1.1,Pit-A,cycle-acme-s02-truck-051-00003,loading,216.7,240.0,353316.27,69.7,True,True,8103.73,573115.06,False,False,False,87.1,25.0,[],1.0
12d576d4-4184-4edf-a90b-479d30e1beca,1.0,acme-mining,site-02,fleet_telemetry,ACME-S02-TRUCK-052,haul_truck,2026-09-01T16:18:41.854Z,9,-16.520796,-71.581444,55.9,0.1,Pit-A,cycle-acme-s02-truck-052-00003,loading,222.9,240.0,143815.38,36.3,True,True,18425.5,346404.5,False,False,False,92.5,25.1,[],1.0
114723e2-9422-4ef8-bf2c-bc24ed369231,1.0,acme-mining,site-02,fleet_telemetry,ACME-S02-TRUCK-053,haul_truck,2026-09-01T16:18:41.854Z,9,-16.582261,-71.59749,77.4,0.2,Pit-A,cycle-acme-s02-truck-053-00003,loading,225.1,240.0,120266.92,69.4,True,True,19772.44,552938.43,False,False,False,93.9,24.9,[],1.0
08cee19a-4cf0-4bb7-acf0-96e23b133e6b,1.0,acme-mining,site-02,fleet_telemetry,ACME-S02-TRUCK-054,haul_truck,2026-09-01T16:18:41.854Z,9,-16.643019,-71.517615,226.2,0.9,Pit-A,cycle-acme-s02-truck-054-00003,loading,220.9,240.0,270396.3,65.6,True,True,2780.69,423822.26,False,False,False,86.5,24.9,[],1.0
258fa9d3-e840-48be-b5d5-e69ed28e45e9,1.0,acme-mining,site-02,fleet_telemetry,ACME-S02-TRUCK-055,haul_truck,2026-09-01T16:18:41.854Z,9,-16.663139,-71.514879,314.6,0.7,Pit-A,cycle-acme-s02-truck-055-00003,loading,227.5,240.0,373104.54,26.9,True,True,18661.65,375079.6,False,False,False,94.0,25.2,[],1.0
42ce6f5e-9943-44b2-b1fe-d5af347beff0,1.0,acme-mining,site-02,fleet_telemetry,ACME-S02-TRUCK-056,haul_truck,2026-09-01T16:18:41.854Z,9,-16.570032,-71.57116,1.8,0.4,Pit-A,cycle-acme-s02-truck-056-00003,loading,218.4,240.0,291156.71,59.8,True,True,17059.54,282449.88,False,False,False,89.0,25.0,[],1.0
7881997f-f674-49c6-8eb4-3f4e83db2616,1.0,acme-mining,site-02,fleet_telemetry,ACME-S02-TRUCK-057,haul_truck,2026-09-01T16:18:41.854Z,9,-16.560216,-71.592233,317.1,0.5,Pit-A,cycle-acme-s02-truck-057-00003,loading,225.0,240.0,188681.3,56.7,True,True,5991.42,528630.26,False,False,False,89.7,24.4,[],1.0
128fa021-eda1-4793-91e3-c92ba6b0ea6e,1.0,acme-mining,site-02,fleet_telemetry,ACME-S02-TRUCK-058,haul_truck,2026-09-01T16:18:41.854Z,9,-16.552945,-71.479771,98.1,1.5,Pit-A,cycle-acme-s02-truck-058-00003,loading,227.1,240.0,147536.89,75.2,True,True,5125.3,402196.13,False,False,False,89.3,25.0,[],1.0
eab8ac71-28ba-4917-9e4e-a3ab2c507da7,1.0,acme-mining,site-02,fleet_telemetry,ACME-S02-TRUCK-059,haul_truck,2026-09-01T16:18:41.854Z,9,-16.650795,-71.545541,320.5,0.5,Pit-A,cycle-acme-s02-truck-059-00003,loading,226.7,240.0,56721.52,41.9,True,True,16926.11,344437.7,False,False,False,86.4,24.5,[],1.0
255c791c-fdea-44b4-8091-fa8e5b8e77d1,1.0,acme-mining,site-02,fleet_telemetry,ACME-S02-TRUCK-060,haul_truck,2026-09-01T16:18:41.854Z,9,-16.531974,-71.591981,49.6,0.4,Pit-A,cycle-acme-s02-truck-060-00003,loading,227.9,240.0,280766.66,42.3,True,True,6952.51,262014.59,False,False,False,92.3,24.0,[],1.0
118ef9cb-c1ee-4913-9b52-a48928cfb792,1.0,acme-mining,site-02,fleet_telemetry,ACME-S02-TRUCK-061,haul_truck,2026-09-01T16:18:41.854Z,9,-16.595708,-71.476896,285.5,0.9,Pit-A,cycle-acme-s02-truck-061-00003,loading,220.7,240.0,80111.25,94.7,True,True,16087.94,139595.69,False,False,False,93.0,24.7,[],1.0
4602f908-7926-40d0-8ff9-5f7eb3b192d3,1.0,acme-mining,site-02,fleet_telemetry,ACME-S02-TRUCK-062,haul_truck,2026-09-01T16:18:41.854Z,9,-16.613943,-71.609452,353.2,0.1,Pit-A,cycle-acme-s02-truck-062-00003,loading,217.8,240.0,435342.7,40.0,True,True,20838.95,338430.2,False,False,False,91.3,24.4,[],1.0
a8f08aa2-89ac-414e-9510-29ec18eeb155,1.0,acme-mining,site-02,fleet_telemetry,ACME-S02-TRUCK-063,haul_truck,2026-09-01T16:18:41.854Z,9,-16.628074,-71.558976,265.6,1.1,Pit-A,cycle-acme-s02-truck-063-00003,loading,217.8,240.0,57299.3,34.3,True,True,6857.88,25151.97,False,False,False,91.0,24.0,[],1.0
5e25fa6d-e2b0-41ff-a05f-041d63323cc8,1.0,acme-mining,site-02,fleet_telemetry,ACME-S02-TRUCK-064,haul_truck,2026-09-01T16:18:41.854Z,9,-16.658618,-71.536827,318.9,0.1,Pit-A,cycle-acme-s02-truck-064-00003,loading,220.3,240.0,95648.92,63.7,True,True,9292.34,379277.62,False,False,False,89.2,24.9,[],1.0
f79c823a-cf14-4c17-8562-ae8dd2a8153a,1.0,acme-mining,site-02,fleet_telemetry,ACME-S02-TRUCK-065,haul_truck,2026-09-01T16:18:41.854Z,9,-16.654939,-71.557787,178.9,1.3,Pit-A,cycle-acme-s02-truck-065-00003,loading,219.0,240.0,278859.57,34.0,True,True,18296.61,412642.4,False,False,False,86.2,24.3,[],1.0
f988b36e-7d1a-4465-8388-ccfcd23532d8,1.0,acme-mining,site-02,fleet_telemetry,ACME-S02-TRUCK-066,haul_truck,2026-09-01T16:18:41.854Z,9,-16.590403,-71.610279,150.0,0.5,Pit-A,cycle-acme-s02-truck-066-00003,loading,227.0,240.0,97586.05,60.6,True,True,20705.72,495628.21,False,False,False,89.9,24.1,[],1.0
2cef0ae0-511c-4ef8-a252-8587f58f2a34,1.0,acme-mining,site-02,fleet_telemetry,ACME-S02-TRUCK-067,haul_truck,2026-09-01T16:18:41.854Z,9,-16.648053,-71.468503,269.3,0.9,Pit-A,cycle-acme-s02-truck-067-00003,loading,223.7,240.0,75534.48,87.5,True,True,17844.09,347179.83,False,False,False,88.7,23.8,[],1.0
93869174-2e25-4a4a-b028-e03b4c2aec29,1.0,acme-mining,site-02,fleet_telemetry,ACME-S02-TRUCK-068,haul_truck,2026-09-01T16:18:41.854Z,9,-16.537874,-71.532332,123.6,0.8,Pit-A,cycle-acme-s02-truck-068-00003,loading,216.3,240.0,141663.7,48.5,True,True,21801.07,485771.39,False,False,False,90.8,24.7,[],1.0
448aa9e6-1482-47dc-a4a2-e0d401aecf9d,1.0,acme-mining,site-02,fleet_telemetry,ACME-S02-TRUCK-069,haul_truck,2026-09-01T16:18:41.854Z,9,-16.603733,-71.568259,23.3,1.3,Pit-A,cycle-acme-s02-truck-069-00003,loading,227.3,240.0,155746.01,32.6,True,True,10867.74,30481.46,False,False,False,92.1,24.5,[],1.0
0ccd41b5-da6b-4c92-86d1-f15de4bb27ee,1.0,acme-mining,site-02,fleet_telemetry,ACME-S02-TRUCK-070,haul_truck,2026-09-01T16:18:41.854Z,9,-16.577841,-71.581129,34.5,0.6,Pit-A,cycle-acme-s02-truck-070-00003,loading,224.1,240.0,298460.61,93.0,True,True,13454.5,187284.35,False,False,False,88.8,24.2,[],1.0
a95a69c8-7f79-4e45-8d32-dbc54c7c66b9,1.0,acme-mining,site-02,fleet_telemetry,ACME-S02-TRUCK-071,haul_truck,2026-09-01T16:18:41.854Z,9,-16.646737,-71.508622,99.2,1.2,Pit-A,cycle-acme-s02-truck-071-00003,loading,224.1,240.0,282684.34,83.8,True,True,4414.87,416286.09,False,False,False,90.3,24.6,[],1.0
cdf35aa1-de47-404e-972b-a14ed990bc98,1.0,acme-mining,site-02,fleet_telemetry,ACME-S02-TRUCK-072,haul_truck,2026-09-01T16:18:41.854Z,9,-16.637771,-71.537197,121.1,0.8,Pit-A,cycle-acme-s02-truck-072-00003,loading,218.9,240.0,194263.92,53.9,True,True,4844.64,297854.46,False,False,False,93.8,24.6,[],1.0
5e5895ff-3194-4677-b7fb-6f7a68edd083,1.0,acme-mining,site-02,fleet_telemetry,ACME-S02-TRUCK-073,haul_truck,2026-09-01T16:18:41.854Z,9,-16.637228,-71.565488,209.6,0.4,Pit-A,cycle-acme-s02-truck-073-00003,loading,220.2,240.0,37404.35,34.6,True,True,19303.75,483577.65,False,False,False,93.8,23.9,[],1.0
2643c310-af46-45e0-9fdf-9b3f635a7515,1.0,acme-mining,site-02,fleet_telemetry,ACME-S02-TRUCK-074,haul_truck,2026-09-01T16:18:41.854Z,9,-16.583012,-71.509353,285.7,0.0,Pit-A,cycle-acme-s02-truck-074-00003,loading,224.7,240.0,212252.54,62.3,True,True,8788.7,622712.04,False,False,False,88.6,24.1,[],1.0
34f33465-b3e8-4404-9dac-3b1aa19581b4,1.0,acme-mining,site-02,fleet_telemetry,ACME-S02-TRUCK-075,haul_truck,2026-09-01T16:18:41.854Z,9,-16.634434,-71.461805,236.5,1.3,Pit-A,cycle-acme-s02-truck-075-00003,loading,225.2,240.0,118469.01,64.0,True,True,13733.64,141126.62,False,False,False,91.4,23.9,[],1.0
f4109ed1-b232-47b2-8a57-2d5599e20b08,1.0,acme-mining,site-02,fleet_telemetry,ACME-S02-TRUCK-076,haul_truck,2026-09-01T16:18:41.854Z,9,-16.580741,-71.467978,1.0,1.3,Pit-A,cycle-acme-s02-truck-076-00003,loading,218.1,240.0,225161.94,58.5,True,True,15743.91,454851.35,False,False,False,87.4,24.6,[],1.0
6d794bdd-bb1f-4b84-a7ff-520d182885a4,1.0,acme-mining,site-02,fleet_telemetry,ACME-S02-TRUCK-077,haul_truck,2026-09-01T16:18:41.854Z,9,-16.539402,-71.464754,341.7,1.2,Pit-A,cycle-acme-s02-truck-077-00003,loading,216.6,240.0,177066.03,93.6,True,True,3383.74,446272.2,False,False,False,90.0,24.1,[],1.0
b6f24d88-fcf4-4b35-be69-39b7bedb4610,1.0,acme-mining,site-02,fleet_telemetry,ACME-S02-TRUCK-078,haul_truck,2026-09-01T16:18:41.854Z,9,-16.565441,-71.497927,45.0,1.3,Pit-A,cycle-acme-s02-truck-078-00003,loading,220.3,240.0,44773.54,89.6,True,True,1691.82,621847.81,False,False,False,90.6,23.9,[],1.0
df04ec14-a1ee-4f7f-85ff-cbd29f29c777,1.0,acme-mining,site-02,fleet_telemetry,ACME-S02-TRUCK-079,haul_truck,2026-09-01T16:18:41.854Z,9,-16.551877,-71.57918,163.7,0.1,Pit-A,cycle-acme-s02-truck-079-00003,loading,220.0,240.0,129514.03,32.6,True,True,6548.03,374071.54,False,False,False,88.5,24.1,[],1.0
d959d1f3-7e90-4ba0-b691-578a0f531f12,1.0,acme-mining,site-02,fleet_telemetry,ACME-S02-TRUCK-080,haul_truck,2026-09-01T16:18:41.854Z,9,-16.594771,-71.508472,321.9,0.4,Pit-A,cycle-acme-s02-truck-080-00003,loading,218.9,240.0,54087.69,48.1,True,True,5584.25,166687.23,False,False,False,86.7,24.2,[],1.0
f35730ed-bbcc-4afb-acfb-3a26bc781bf8,1.0,beta-minerals,north-site,fleet_telemetry,BETA-NORTH-TRUCK-001,haul_truck,2026-09-01T16:18:41.854Z,9,-16.562048,-71.591184,211.9,1.2,Pit-A,cycle-beta-north-truck-001-00003,loading,221.2,240.0,383639.79,70.3,True,True,17975.95,92503.96,False,False,False,89.0,23.9,[],1.0
9eab58cd-f150-4b6a-9082-4ac1c40e100a,1.0,beta-minerals,north-site,fleet_telemetry,BETA-NORTH-TRUCK-002,haul_truck,2026-09-01T16:18:41.854Z,9,-16.596492,-71.489847,245.4,0.1,Pit-A,cycle-beta-north-truck-002-00003,loading,224.2,240.0,155636.03,54.8,True,True,11739.08,367703.69,False,False,False,88.3,24.3,[],1.0
8f0ea7d4-ac95-4b91-bb05-f27170effac4,1.0,beta-minerals,north-site,fleet_telemetry,BETA-NORTH-TRUCK-003,haul_truck,2026-09-01T16:18:41.854Z,9,-16.6388,-71.522753,258.9,1.4,Pit-A,cycle-beta-north-truck-003-00003,loading,222.8,240.0,22845.19,67.9,True,True,14378.16,292244.89,False,False,False,95.7,24.9,[],1.0
cc3cdb71-2bfd-4c42-ac62-97bf20d09288,1.0,beta-minerals,north-site,fleet_telemetry,BETA-NORTH-TRUCK-004,haul_truck,2026-09-01T16:18:41.854Z,9,-16.654131,-71.47799,359.2,1.0,Pit-A,cycle-beta-north-truck-004-00003,loading,217.6,240.0,365841.69,29.3,True,True,5162.64,493965.24,False,False,False,94.1,24.8,[],1.0
e760d7b6-25ff-40c4-b2a9-3d3b540b6215,1.0,beta-minerals,north-site,fleet_telemetry,BETA-NORTH-TRUCK-005,haul_truck,2026-09-01T16:18:41.854Z,9,-16.515863,-71.567377,310.7,0.9,Pit-A,cycle-beta-north-truck-005-00003,loading,217.5,240.0,305109.21,59.2,True,True,4977.99,91791.83,False,False,False,86.7,24.6,[],1.0
2cd4fe55-af04-4e39-8dcb-931ee8f40c36,1.0,beta-minerals,north-site,fleet_telemetry,BETA-NORTH-TRUCK-006,haul_truck,2026-09-01T16:18:41.854Z,9,-16.540225,-71.504507,167.2,0.1,Pit-A,cycle-beta-north-truck-006-00003,loading,222.5,240.0,382028.42,68.2,True,True,13244.51,239192.72,False,False,False,91.8,23.8,[],1.0
b5ef0f2d-8efa-4f63-a951-565c98cfb932,1.0,beta-minerals,north-site,fleet_telemetry,BETA-NORTH-TRUCK-007,haul_truck,2026-09-01T16:18:41.854Z,9,-16.641102,-71.506564,215.4,0.4,Pit-A,cycle-beta-north-truck-007-00003,loading,220.0,240.0,61859.71,46.3,True,True,2596.75,104387.3,False,False,False,88.5,24.7,[],1.0
300d383f-2406-4fbe-8e73-9ecb0e1e16a5,1.0,beta-minerals,north-site,fleet_telemetry,BETA-NORTH-TRUCK-008,haul_truck,2026-09-01T16:18:41.854Z,9,-16.584453,-71.470438,144.5,0.6,Pit-A,cycle-beta-north-truck-008-00003,loading,226.5,240.0,196137.65,59.0,True,True,13444.24,382128.02,False,False,False,95.5,23.8,[],1.0
5b37b714-a4dc-4b6c-a3b5-3547a5df5267,1.0,beta-minerals,north-site,fleet_telemetry,BETA-NORTH-TRUCK-009,haul_truck,2026-09-01T16:18:41.854Z,9,-16.598245,-71.608955,198.1,0.3,Pit-A,cycle-beta-north-truck-009-00003,loading,224.8,240.0,71731.06,47.0,True,True,12564.16,328474.67,False,False,False,93.6,24.5,[],1.0
be10aa45-3c77-4361-a405-63e9396d8bcf,1.0,beta-minerals,north-site,fleet_telemetry,BETA-NORTH-TRUCK-010,haul_truck,2026-09-01T16:18:41.854Z,9,-16.565906,-71.552005,334.0,0.6,Pit-A,cycle-beta-north-truck-010-00003,loading,216.1,240.0,178936.02,64.3,True,True,11073.72,142931.16,False,False,False,94.6,24.1,[],1.0
346da876-d8bf-4cb2-a0c6-3382632a002e,1.0,beta-minerals,north-site,fleet_telemetry,BETA-NORTH-TRUCK-011,haul_truck,2026-09-01T16:18:41.854Z,9,-16.623603,-71.573557,107.3,1.2,Pit-A,cycle-beta-north-truck-011-00003,loading,218.8,240.0,23579.3,78.2,True,True,11160.44,72082.67,False,False,False,91.0,24.8,[],1.0
fbbcc932-781d-47e5-9ae4-e24c9b0e0af9,1.0,beta-minerals,north-site,fleet_telemetry,BETA-NORTH-TRUCK-012,haul_truck,2026-09-01T16:18:41.854Z,9,-16.588656,-71.525838,318.7,0.9,Pit-A,cycle-beta-north-truck-012-00003,loading,220.9,240.0,349921.55,59.6,True,True,17351.7,376359.96,False,False,False,90.5,24.3,[],1.0
d0f1ea6b-7028-4e85-85b7-2e15b81c503d,1.0,beta-minerals,north-site,fleet_telemetry,BETA-NORTH-TRUCK-013,haul_truck,2026-09-01T16:18:41.854Z,9,-16.555338,-71.530056,78.3,0.1,Pit-A,cycle-beta-north-truck-013-00003,loading,227.0,240.0,371949.39,27.9,True,True,18253.61,251123.13,False,False,False,89.8,24.8,[],1.0
fb109e25-d621-4a9f-972c-ddf3582a8545,1.0,beta-minerals,north-site,fleet_telemetry,BETA-NORTH-TRUCK-014,haul_truck,2026-09-01T16:18:41.854Z,9,-16.665238,-71.575432,290.7,0.5,Pit-A,cycle-beta-north-truck-014-00003,loading,218.0,240.0,118914.5,86.2,True,True,16402.97,431813.39,False,False,False,106.4,23.9,"[""ENG_OVERHEAT""]",0.72
fa5f9171-a942-41a2-9afc-f398f38b0610,1.0,beta-minerals,north-site,fleet_telemetry,BETA-NORTH-TRUCK-015,haul_truck,2026-09-01T16:18:41.854Z,9,-16.540744,-71.523438,184.7,1.4,Pit-A,cycle-beta-north-truck-015-00003,loading,217.0,240.0,351278.51,41.5,True,True,10108.29,646193.54,False,False,False,89.3,24.7,[],1.0
75b3e2be-20ab-4b50-9f0d-c0786214dc83,1.0,beta-minerals,north-site,fleet_telemetry,BETA-NORTH-TRUCK-016,haul_truck,2026-09-01T16:18:41.854Z,9,-16.660915,-71.561349,290.8,1.1,Pit-A,cycle-beta-north-truck-016-00003,loading,216.1,240.0,100913.23,39.4,True,True,4318.82,107718.2,False,False,False,88.2,25.0,[],1.0
b186e08c-d405-4ca6-923b-31fe274b434b,1.0,beta-minerals,north-site,fleet_telemetry,BETA-NORTH-TRUCK-017,haul_truck,2026-09-01T16:18:41.854Z,9,-16.518037,-71.535214,251.7,0.7,Pit-A,cycle-beta-north-truck-017-00003,loading,221.9,240.0,138759.85,65.0,True,True,4369.61,636770.29,False,False,False,94.6,24.1,[],1.0
d6888786-16b5-4754-8699-53a0e700bcb5,1.0,beta-minerals,north-site,fleet_telemetry,BETA-NORTH-TRUCK-018,haul_truck,2026-09-01T16:18:41.854Z,9,-16.626059,-71.512511,109.2,0.5,Pit-A,cycle-beta-north-truck-018-00003,loading,226.9,240.0,191102.92,29.1,True,True,3674.5,492559.46,False,False,False,94.9,24.0,[],1.0
0cb7524c-dd75-47e7-b07a-ad55ab735054,1.0,beta-minerals,north-site,fleet_telemetry,BETA-NORTH-TRUCK-019,haul_truck,2026-09-01T16:18:41.854Z,9,-16.562197,-71.539221,141.1,1.4,Pit-A,cycle-beta-north-truck-019-00003,loading,216.1,240.0,374532.58,78.3,True,True,6093.17,468179.03,False,False,False,86.9,24.6,[],1.0
3e582eba-8a98-40fc-8e1c-7b0df700253b,1.0,beta-minerals,north-site,fleet_telemetry,BETA-NORTH-TRUCK-020,haul_truck,2026-09-01T16:18:41.854Z,9,-16.547401,-71.553049,86.0,0.3,Pit-A,cycle-beta-north-truck-020-00003,loading,222.7,240.0,43227.75,80.6,True,True,14109.64,256358.76,False,False,False,89.2,24.3,[],1.0
88fdd430-b26e-4e17-a7c3-11f473670c98,1.0,beta-minerals,north-site,fleet_telemetry,BETA-NORTH-TRUCK-021,haul_truck,2026-09-01T16:18:41.854Z,9,-16.53482,-71.602625,164.7,0.4,Pit-A,cycle-beta-north-truck-021-00003,loading,221.4,240.0,266061.03,85.8,True,True,10439.56,327468.22,False,False,False,94.3,25.0,[],1.0
405afc72-a0ca-4c7f-9d5e-9d4887037182,1.0,beta-minerals,north-site,fleet_telemetry,BETA-NORTH-TRUCK-022,haul_truck,2026-09-01T16:18:41.854Z,9,-16.53845,-71.53835,116.8,0.7,Pit-A,cycle-beta-north-truck-022-00003,loading,220.7,240.0,184995.57,92.7,True,True,18822.26,521277.29,False,False,False,88.2,25.1,[],1.0
5b963e40-932e-487d-a5bf-2ab540da3d26,1.0,beta-minerals,north-site,fleet_telemetry,BETA-NORTH-TRUCK-023,haul_truck,2026-09-01T16:18:41.854Z,9,-16.615428,-71.508257,228.5,1.3,Pit-A,cycle-beta-north-truck-023-00003,loading,225.6,240.0,259103.11,58.9,True,True,7960.42,384098.37,False,False,False,90.6,25.0,[],1.0
98212ef0-87be-486b-a150-548001a82c73,1.0,beta-minerals,north-site,fleet_telemetry,BETA-NORTH-TRUCK-024,haul_truck,2026-09-01T16:18:41.854Z,9,-16.645092,-71.544452,81.9,1.3,Pit-A,cycle-beta-north-truck-024-00003,loading,221.7,240.0,17164.38,90.0,True,True,14075.02,547122.57,False,False,False,88.4,24.0,[],1.0
32d4592f-3edf-45c2-93c6-8a5030f83ec3,1.0,beta-minerals,north-site,fleet_telemetry,BETA-NORTH-TRUCK-025,haul_truck,2026-09-01T16:18:41.854Z,9,-16.644965,-71.468279,120.0,0.9,Pit-A,cycle-beta-north-truck-025-00003,loading,225.9,240.0,68042.34,70.5,True,True,5089.16,453813.06,False,False,False,93.3,24.9,[],1.0
f06cc59e-bbe5-4042-9762-0bdc35c35faa,1.0,beta-minerals,north-site,fleet_telemetry,BETA-NORTH-TRUCK-026,haul_truck,2026-09-01T16:18:41.854Z,9,-16.606947,-71.568609,280.5,0.7,Pit-A,cycle-beta-north-truck-026-00003,loading,227.9,240.0,407672.7,36.5,True,True,6108.27,254261.78,False,False,False,89.4,24.2,[],1.0
51ec9204-d9cd-44ab-91f7-8972e894935b,1.0,beta-minerals,north-site,fleet_telemetry,BETA-NORTH-TRUCK-027,haul_truck,2026-09-01T16:18:41.854Z,9,-16.657927,-71.522558,314.3,0.4,Pit-A,cycle-beta-north-truck-027-00003,loading,216.5,240.0,51881.4,39.9,True,True,9899.71,77455.68,False,False,False,89.0,24.4,[],1.0
a373db5d-7ba4-441d-8d62-13288735d6e5,1.0,beta-minerals,north-site,fleet_telemetry,BETA-NORTH-TRUCK-028,haul_truck,2026-09-01T16:18:41.854Z,9,-16.602807,-71.596358,139.3,1.2,Pit-A,cycle-beta-north-truck-028-00003,loading,222.5,240.0,369528.56,94.1,True,True,996.9,458226.36,False,False,False,95.9,25.0,[],1.0
17d7f198-1d1d-4c9c-a8fb-9d8145d2814e,1.0,beta-minerals,north-site,fleet_telemetry,BETA-NORTH-TRUCK-029,haul_truck,2026-09-01T16:18:41.854Z,9,-16.622507,-71.556275,305.5,1.3,Pit-A,cycle-beta-north-truck-029-00003,loading,216.6,240.0,55409.26,50.7,True,True,2693.83,527753.0,False,False,False,91.9,25.0,[],1.0
525c28e8-d5f9-43ab-bf96-fdb5ef179182,1.0,beta-minerals,north-site,fleet_telemetry,BETA-NORTH-TRUCK-030,haul_truck,2026-09-01T16:18:41.854Z,9,-16.572727,-71.591204,148.8,0.5,Pit-A,cycle-beta-north-truck-030-00003,loading,226.7,240.0,40101.69,64.4,True,True,14401.43,446596.53,False,False,False,94.0,24.0,[],1.0
146ca339-a7a6-4f0a-b89f-14b50b550403,1.0,beta-minerals,north-site,fleet_telemetry,BETA-NORTH-TRUCK-031,haul_truck,2026-09-01T16:18:41.854Z,9,-16.532783,-71.603624,110.4,0.2,Pit-A,cycle-beta-north-truck-031-00003,loading,227.9,240.0,191152.94,73.0,True,True,14115.31,115365.88,False,False,False,90.7,24.4,[],1.0
11b33eea-4b9c-4cc3-9152-4e47c94d5f9f,1.0,beta-minerals,north-site,fleet_telemetry,BETA-NORTH-TRUCK-032,haul_truck,2026-09-01T16:18:41.854Z,9,-16.648034,-71.573166,184.2,0.4,Pit-A,cycle-beta-north-truck-032-00003,loading,221.0,240.0,433830.02,47.0,True,True,13298.98,261940.31,False,False,False,90.6,24.9,[],1.0
2911076c-2405-4a96-87d0-8afac7ed1899,1.0,beta-minerals,north-site,fleet_telemetry,BETA-NORTH-TRUCK-033,haul_truck,2026-09-01T16:18:41.854Z,9,-16.666111,-71.48195,121.6,0.2,Pit-A,cycle-beta-north-truck-033-00003,loading,222.9,240.0,135365.74,90.8,True,True,13541.19,474343.36,False,False,False,89.0,25.1,[],1.0
0fbae57f-d292-40d8-947b-36eafe57d6d4,1.0,beta-minerals,north-site,fleet_telemetry,BETA-NORTH-TRUCK-034,haul_truck,2026-09-01T16:18:41.854Z,9,-16.661692,-71.473874,92.8,1.0,Pit-A,cycle-beta-north-truck-034-00003,loading,223.0,240.0,339051.79,45.6,True,True,11776.29,340999.4,False,False,False,92.1,24.8,[],1.0
1e79a7cd-3fa3-4672-93eb-2f71d81b6f62,1.0,beta-minerals,north-site,fleet_telemetry,BETA-NORTH-TRUCK-035,haul_truck,2026-09-01T16:18:41.854Z,9,-16.528213,-71.61558,136.4,0.8,Pit-A,cycle-beta-north-truck-035-00003,loading,221.0,240.0,290756.81,29.9,True,True,8980.79,171881.69,False,False,False,94.4,24.6,[],1.0
254db7ec-9777-450e-9ff1-92458da2777f,1.0,beta-minerals,north-site,fleet_telemetry,BETA-NORTH-TRUCK-036,haul_truck,2026-09-01T16:18:41.854Z,9,-16.56116,-71.495487,146.7,0.9,Pit-A,cycle-beta-north-truck-036-00003,loading,227.4,240.0,260087.96,50.5,True,True,3598.05,562313.0,False,False,False,93.2,24.1,[],1.0
8fbcf884-1748-4b10-ad59-3fe5567b0f99,1.0,beta-minerals,north-site,fleet_telemetry,BETA-NORTH-TRUCK-037,haul_truck,2026-09-01T16:18:41.854Z,9,-16.660703,-71.491233,276.2,0.2,Pit-A,cycle-beta-north-truck-037-00003,loading,222.6,240.0,125362.11,27.7,True,True,1153.83,62545.69,False,False,False,86.3,24.4,[],1.0
294f70d6-de30-4a6a-89eb-7d13ae30f922,1.0,beta-minerals,north-site,fleet_telemetry,BETA-NORTH-TRUCK-038,haul_truck,2026-09-01T16:18:41.854Z,9,-16.584385,-71.593116,272.4,0.7,Pit-A,cycle-beta-north-truck-038-00003,loading,223.2,240.0,187002.65,69.8,True,True,17062.74,286852.58,False,False,False,90.7,24.1,[],1.0
596d9b08-b028-4e5e-993c-7cd03a131b7e,1.0,beta-minerals,north-site,fleet_telemetry,BETA-NORTH-TRUCK-039,haul_truck,2026-09-01T16:18:41.854Z,9,-16.607906,-71.515991,168.6,0.8,Pit-A,cycle-beta-north-truck-039-00003,loading,217.7,240.0,365547.02,62.5,True,True,11639.67,148014.6,False,False,False,88.2,24.1,[],1.0
91019b5a-0f32-460d-a6dc-05aa51d29f0b,1.0,beta-minerals,north-site,fleet_telemetry,BETA-NORTH-TRUCK-040,haul_truck,2026-09-01T16:18:41.854Z,9,-16.631313,-71.469549,30.7,1.1,Pit-A,cycle-beta-north-truck-040-00003,loading,221.3,240.0,429508.9,41.7,True,True,7375.61,295616.4,False,False,False,92.7,25.1,[],1.0
a407940c-532f-4c28-9138-51519a98a09a,1.0,beta-minerals,north-site,fleet_telemetry,BETA-NORTH-TRUCK-041,haul_truck,2026-09-01T16:18:41.854Z,9,-16.557106,-71.505236,151.0,1.1,Pit-A,cycle-beta-north-truck-041-00003,loading,217.5,240.0,335890.19,33.3,True,True,7356.96,487267.08,False,False,False,91.5,24.1,[],1.0
555dd74d-5838-4c45-a093-a1aeb929bf49,1.0,beta-minerals,north-site,fleet_telemetry,BETA-NORTH-TRUCK-042,haul_truck,2026-09-01T16:18:41.854Z,9,-16.65009,-71.492548,60.4,1.2,Pit-A,cycle-beta-north-truck-042-00003,loading,227.6,240.0,327137.41,36.6,True,True,11887.73,513282.06,False,False,False,92.5,24.1,[],1.0
2e5c05d1-d32e-4ff5-ae4b-affdfb35de34,1.0,beta-minerals,north-site,fleet_telemetry,BETA-NORTH-TRUCK-043,haul_truck,2026-09-01T16:18:41.854Z,9,-16.660135,-71.50352,51.5,0.3,Pit-A,cycle-beta-north-truck-043-00003,loading,225.3,240.0,365128.04,44.0,True,True,17154.33,38494.63,False,False,False,86.5,24.7,[],1.0
661b6652-2aab-4b46-ad96-be202067e526,1.0,beta-minerals,north-site,fleet_telemetry,BETA-NORTH-TRUCK-044,haul_truck,2026-09-01T16:18:41.854Z,9,-16.643668,-71.592304,293.1,1.4,Pit-A,cycle-beta-north-truck-044-00003,loading,220.5,240.0,34393.79,85.1,True,True,11318.34,341792.8,False,False,False,93.9,25.0,[],1.0
fcb62eef-e3fb-45ee-8728-522535758fef,1.0,beta-minerals,north-site,fleet_telemetry,BETA-NORTH-TRUCK-045,haul_truck,2026-09-01T16:18:41.854Z,9,-16.53301,-71.615555,93.1,1.3,Pit-A,cycle-beta-north-truck-045-00003,loading,220.5,240.0,335943.77,25.1,True,True,15091.37,92660.4,False,False,False,95.8,24.1,[],1.0
385a4d6e-b342-4c5c-8507-26cec06a39c7,1.0,beta-minerals,north-site,fleet_telemetry,BETA-NORTH-TRUCK-046,haul_truck,2026-09-01T16:18:41.854Z,9,-16.581971,-71.471252,122.7,1.4,Pit-A,cycle-beta-north-truck-046-00003,loading,220.1,240.0,419711.02,85.0,True,True,8919.18,114553.53,False,False,False,87.3,24.6,[],1.0
4d1654e1-6e0d-4a89-9713-dd5bd43d5091,1.0,beta-minerals,north-site,fleet_telemetry,BETA-NORTH-TRUCK-047,haul_truck,2026-09-01T16:18:41.854Z,9,-16.53822,-71.526061,182.1,0.6,Pit-A,cycle-beta-north-truck-047-00003,loading,223.2,240.0,412976.68,47.3,True,True,5559.74,176406.01,False,False,False,86.9,24.1,[],1.0
91c03c25-c2a6-4222-8ae1-3ea466150d11,1.0,beta-minerals,north-site,fleet_telemetry,BETA-NORTH-TRUCK-048,haul_truck,2026-09-01T16:18:41.854Z,9,-16.659363,-71.543086,191.1,1.1,Pit-A,cycle-beta-north-truck-048-00003,loading,225.4,240.0,441822.69,91.7,True,True,4602.11,526733.13,False,False,False,108.4,25.0,"[""ENG_OVERHEAT""]",0.72
29ec9bc0-3272-4671-b0ed-8140aa2b86f5,1.0,beta-minerals,north-site,fleet_telemetry,BETA-NORTH-TRUCK-049,haul_truck,2026-09-01T16:18:41.854Z,9,-16.580174,-71.568857,38.4,0.5,Pit-A,cycle-beta-north-truck-049-00003,loading,225.4,240.0,13507.02,39.0,True,True,7738.79,368447.76,False,False,False,89.4,25.1,[],1.0
b9d1e29d-ef02-4fc4-8611-aa76db3fda42,1.0,beta-minerals,north-site,fleet_telemetry,BETA-NORTH-TRUCK-050,haul_truck,2026-09-01T16:18:41.854Z,9,-16.553236,-71.530079,60.0,0.9,Pit-A,cycle-beta-north-truck-050-00003,loading,222.2,240.0,449026.92,79.3,True,True,8607.41,632270.56,False,False,False,86.1,24.3,[],1.0
0db95bd1-905a-4795-91de-1e975e0e880e,1.0,beta-minerals,north-site,fleet_telemetry,BETA-NORTH-TRUCK-051,haul_truck,2026-09-01T16:18:41.854Z,9,-16.536055,-71.477097,350.7,0.5,Pit-A,cycle-beta-north-truck-051-00003,loading,225.6,240.0,112519.59,49.2,True,True,935.22,278322.93,False,False,False,89.2,24.4,[],1.0
3d0ce569-957b-467e-808f-21750f06edff,1.0,beta-minerals,north-site,fleet_telemetry,BETA-NORTH-TRUCK-052,haul_truck,2026-09-01T16:18:41.854Z,9,-16.637592,-71.460159,172.6,1.5,Pit-A,cycle-beta-north-truck-052-00003,loading,220.4,240.0,334756.96,46.5,True,True,16889.31,257053.3,False,False,False,94.0,25.0,[],1.0
88b331db-d957-478e-9540-ec5c1120b882,1.0,beta-minerals,north-site,fleet_telemetry,BETA-NORTH-TRUCK-053,haul_truck,2026-09-01T16:18:41.854Z,9,-16.633362,-71.482184,142.8,1.4,Pit-A,cycle-beta-north-truck-053-00003,loading,223.7,240.0,133123.71,28.0,True,True,21418.27,109695.47,False,False,False,90.5,24.8,[],1.0
c3e0e8b6-37d7-4536-8402-6e0de3894e09,1.0,beta-minerals,north-site,fleet_telemetry,BETA-NORTH-TRUCK-054,haul_truck,2026-09-01T16:18:41.854Z,9,-16.568426,-71.554402,89.7,0.1,Pit-A,cycle-beta-north-truck-054-00003,loading,227.4,240.0,265539.66,60.3,True,True,10519.32,491176.8,False,False,False,87.7,23.9,[],1.0
93ce40e3-446c-4e64-abf7-01e6a6cc44c9,1.0,beta-minerals,north-site,fleet_telemetry,BETA-NORTH-TRUCK-055,haul_truck,2026-09-01T16:18:41.854Z,9,-16.620009,-71.489363,325.2,0.7,Pit-A,cycle-beta-north-truck-055-00003,loading,217.1,240.0,114180.15,43.2,True,True,10021.65,627457.71,False,False,False,95.7,24.6,[],1.0
8f1c240c-3c65-4acb-bdfc-98d813d003ab,1.0,beta-minerals,north-site,fleet_telemetry,BETA-NORTH-TRUCK-056,haul_truck,2026-09-01T16:18:41.854Z,9,-16.54558,-71.523953,238.2,1.4,Pit-A,cycle-beta-north-truck-056-00003,loading,227.4,240.0,42863.06,39.1,True,True,7542.84,191332.39,False,False,False,93.8,24.6,[],1.0
e17c5029-9599-43e9-94db-7f0e16ffca60,1.0,beta-minerals,north-site,fleet_telemetry,BETA-NORTH-TRUCK-057,haul_truck,2026-09-01T16:18:41.854Z,9,-16.547167,-71.545176,186.9,0.7,Pit-A,cycle-beta-north-truck-057-00003,loading,221.8,240.0,63124.75,50.0,True,True,10330.83,217841.13,False,False,False,95.2,24.1,[],1.0
00e2be09-1a6a-453d-bd3b-77bcaaa78e8b,1.0,beta-minerals,north-site,fleet_telemetry,BETA-NORTH-TRUCK-058,haul_truck,2026-09-01T16:18:41.854Z,9,-16.573896,-71.583132,204.2,1.2,Pit-A,cycle-beta-north-truck-058-00003,loading,225.6,240.0,143855.18,74.3,True,True,2716.94,528786.21,False,False,False,94.1,24.9,[],1.0
5d7ca00c-6d8d-4041-83f8-40bf5e245fab,1.0,beta-minerals,north-site,fleet_telemetry,BETA-NORTH-TRUCK-059,haul_truck,2026-09-01T16:18:41.854Z,9,-16.56205,-71.575903,141.2,0.3,Pit-A,cycle-beta-north-truck-059-00003,loading,221.7,240.0,166527.4,60.9,True,True,2733.73,176378.04,False,False,False,92.7,24.2,[],1.0
3a5feaed-003c-4006-9935-005539a6a4fe,1.0,beta-minerals,north-site,fleet_telemetry,BETA-NORTH-TRUCK-060,haul_truck,2026-09-01T16:18:41.854Z,9,-16.655197,-71.601202,182.3,0.6,Pit-A,cycle-beta-north-truck-060-00003,loading,225.1,240.0,254620.24,63.5,True,True,20984.46,558399.02,False,False,False,91.4,24.5,[],1.0
44f5c34f-b1d0-42be-8796-c733516d16ba,1.0,beta-minerals,north-site,fleet_telemetry,BETA-NORTH-TRUCK-061,haul_truck,2026-09-01T16:18:41.854Z,9,-16.538609,-71.557932,112.4,0.0,Pit-A,cycle-beta-north-truck-061-00003,loading,216.5,240.0,442330.17,34.1,True,True,1053.5,543134.76,False,False,False,91.3,24.8,[],1.0
3faf03a1-cd52-4cad-8f6a-249f942f3f91,1.0,beta-minerals,north-site,fleet_telemetry,BETA-NORTH-TRUCK-062,haul_truck,2026-09-01T16:18:41.854Z,9,-16.660082,-71.473047,1.3,0.2,Pit-A,cycle-beta-north-truck-062-00003,loading,224.2,240.0,367609.31,26.5,True,True,13145.28,183057.25,False,False,False,111.9,24.8,"[""ENG_OVERHEAT""]",0.72
2a8dd8af-94ac-459b-9876-3c6d314663e2,1.0,beta-minerals,north-site,fleet_telemetry,BETA-NORTH-TRUCK-063,haul_truck,2026-09-01T16:18:41.854Z,9,-16.519649,-71.609342,99.1,0.7,Pit-A,cycle-beta-north-truck-063-00003,loading,227.4,240.0,365910.96,33.5,True,True,2749.96,553783.71,False,False,False,86.7,24.5,[],1.0
af2d377d-bdb6-4c2e-8236-263f442d0130,1.0,beta-minerals,north-site,fleet_telemetry,BETA-NORTH-TRUCK-064,haul_truck,2026-09-01T16:18:41.854Z,9,-16.642782,-71.583178,96.8,0.2,Pit-A,cycle-beta-north-truck-064-00003,loading,216.8,240.0,22972.8,72.8,True,True,18219.74,268849.37,False,False,False,94.7,24.4,[],1.0
8dacd8a6-18cc-4dbb-b77e-962c720061d1,1.0,beta-minerals,north-site,fleet_telemetry,BETA-NORTH-TRUCK-065,haul_truck,2026-09-01T16:18:41.854Z,9,-16.56684,-71.537623,127.9,1.3,Pit-A,cycle-beta-north-truck-065-00003,loading,224.9,240.0,280207.48,68.1,True,True,10255.45,113637.95,False,False,False,93.8,24.4,[],1.0
f0a08931-a0b5-4d98-a7f5-4e73df32d59c,1.0,beta-minerals,north-site,fleet_telemetry,BETA-NORTH-TRUCK-066,haul_truck,2026-09-01T16:18:41.854Z,9,-16.528865,-71.533344,82.7,1.0,Pit-A,cycle-beta-north-truck-066-00003,loading,219.3,240.0,70384.43,38.9,True,True,2092.77,196259.05,False,False,False,94.3,24.8,[],1.0
f246ab6f-9b66-444e-8961-f280fed2cdca,1.0,beta-minerals,north-site,fleet_telemetry,BETA-NORTH-TRUCK-067,haul_truck,2026-09-01T16:18:41.854Z,9,-16.583281,-71.539961,195.4,0.1,Pit-A,cycle-beta-north-truck-067-00003,loading,225.2,240.0,354043.52,50.1,True,True,17650.75,643324.49,False,False,False,88.9,25.1,[],1.0
561a3630-913e-4e57-a5fa-f984aad63cbc,1.0,beta-minerals,north-site,fleet_telemetry,BETA-NORTH-TRUCK-068,haul_truck,2026-09-01T16:18:41.854Z,9,-16.665732,-71.487804,324.7,0.3,Pit-A,cycle-beta-north-truck-068-00003,loading,227.6,240.0,21468.29,66.7,True,True,7618.03,190374.68,False,False,False,110.4,24.8,"[""ENG_OVERHEAT""]",0.72
d7918edc-3d8c-44b5-af28-e6cd270c9fb8,1.0,beta-minerals,north-site,fleet_telemetry,BETA-NORTH-TRUCK-069,haul_truck,2026-09-01T16:18:41.854Z,9,-16.654395,-71.512456,286.3,0.3,Pit-A,cycle-beta-north-truck-069-00003,loading,223.7,240.0,449827.11,93.1,True,True,12023.98,503110.72,False,False,False,90.3,25.0,[],1.0
179d31ba-3c01-44f3-8854-3a35d9f59034,1.0,beta-minerals,north-site,fleet_telemetry,BETA-NORTH-TRUCK-070,haul_truck,2026-09-01T16:18:41.854Z,9,-16.608235,-71.467864,174.7,0.5,Pit-A,cycle-beta-north-truck-070-00003,loading,217.8,240.0,263305.11,93.7,True,True,16997.87,617115.74,False,False,False,87.3,24.2,[],1.0
ccc10da6-390b-4f68-a146-1f5e07167ed3,1.0,beta-minerals,north-site,fleet_telemetry,BETA-NORTH-TRUCK-071,haul_truck,2026-09-01T16:18:41.854Z,9,-16.524149,-71.61301,165.7,1.0,Pit-A,cycle-beta-north-truck-071-00003,loading,224.4,240.0,364733.09,73.8,True,True,4533.34,393287.48,False,False,False,92.2,23.9,[],1.0
b5701f36-97d4-4cfb-99ba-dec093c026e8,1.0,beta-minerals,north-site,fleet_telemetry,BETA-NORTH-TRUCK-072,haul_truck,2026-09-01T16:18:41.854Z,9,-16.529346,-71.538709,304.8,0.1,Pit-A,cycle-beta-north-truck-072-00003,loading,221.2,240.0,92823.4,94.1,True,True,12748.47,374758.83,False,False,False,92.1,24.5,[],1.0
ca5f14a1-8365-4e6a-a001-2caa751ac777,1.0,beta-minerals,north-site,fleet_telemetry,BETA-NORTH-TRUCK-073,haul_truck,2026-09-01T16:18:41.854Z,9,-16.593944,-71.564395,16.6,0.2,Pit-A,cycle-beta-north-truck-073-00003,loading,220.2,240.0,274732.21,26.3,True,True,1604.84,55386.01,False,False,False,91.7,25.0,[],1.0
ac11003d-7fed-44ef-b59a-504a8eed9bef,1.0,beta-minerals,north-site,fleet_telemetry,BETA-NORTH-TRUCK-074,haul_truck,2026-09-01T16:18:41.854Z,9,-16.660898,-71.593838,253.7,0.2,Pit-A,cycle-beta-north-truck-074-00003,loading,220.2,240.0,363067.34,85.7,True,True,8024.1,131799.92,False,False,False,88.4,25.2,[],1.0
2dfea25b-2aaf-47dc-b1fc-6acedd9cc483,1.0,beta-minerals,north-site,fleet_telemetry,BETA-NORTH-TRUCK-075,haul_truck,2026-09-01T16:18:41.854Z,9,-16.610609,-71.466801,171.5,0.7,Pit-A,cycle-beta-north-truck-075-00003,loading,219.2,240.0,388695.15,92.2,True,True,17216.58,553283.15,False,False,False,107.8,24.3,"[""ENG_OVERHEAT""]",0.72
6185861d-ee79-4056-b30b-26bf00f662f1,1.0,beta-minerals,north-site,fleet_telemetry,BETA-NORTH-TRUCK-076,haul_truck,2026-09-01T16:18:41.854Z,9,-16.600455,-71.515274,227.3,0.2,Pit-A,cycle-beta-north-truck-076-00003,loading,220.1,240.0,439379.28,76.2,True,True,7935.11,223240.21,False,False,False,95.6,24.3,[],1.0
b6bec94b-e2ea-40fa-ba51-16cf1a3ac448,1.0,beta-minerals,north-site,fleet_telemetry,BETA-NORTH-TRUCK-077,haul_truck,2026-09-01T16:18:41.854Z,9,-16.544499,-71.581818,217.5,0.5,Pit-A,cycle-beta-north-truck-077-00003,loading,221.2,240.0,315167.16,90.0,True,True,4493.11,630308.21,False,False,False,88.1,24.4,[],1.0
c6440276-e0e5-4e5e-9701-273139a2d1e8,1.0,beta-minerals,north-site,fleet_telemetry,BETA-NORTH-TRUCK-078,haul_truck,2026-09-01T16:18:41.854Z,9,-16.670099,-71.505179,120.3,0.4,Pit-A,cycle-beta-north-truck-078-00003,loading,216.2,240.0,139588.18,37.4,True,True,8821.76,482417.03,False,False,False,93.9,25.1,[],1.0
26144909-d82a-46c3-9e21-e4a6cb789df4,1.0,beta-minerals,north-site,fleet_telemetry,BETA-NORTH-TRUCK-079,haul_truck,2026-09-01T16:18:41.854Z,9,-16.635083,-71.527008,329.2,0.5,Pit-A,cycle-beta-north-truck-079-00003,loading,227.9,240.0,415257.4,92.7,True,True,1486.53,399505.04,False,False,False,95.6,24.2,[],1.0
912a0357-91f0-4167-a3f9-940dcbcde7b5,1.0,beta-minerals,north-site,fleet_telemetry,BETA-NORTH-TRUCK-080,haul_truck,2026-09-01T16:18:41.854Z,9,-16.568608,-71.463403,46.9,1.2,Pit-A,cycle-beta-north-truck-080-00003,loading,223.0,240.0,162597.04,47.3,True,True,7820.78,69018.36,False,False,False,87.6,24.6,[],1.0
1f48cfe1-b6c6-46a4-9f1c-5dcfe5c9c0db,1.0,acme-mining,site-01,fleet_telemetry,ACME-S01-TRUCK-001,haul_truck,2026-09-01T16:18:46.854Z,10,-16.552532,-71.509183,227.1,24.7,Pit-A,cycle-acme-s01-truck-001-00003,hauling,222.8,240.0,131013.61,40.6,True,False,14355.86,35757.01,False,False,False,91.0,24.1,[],1.0
35e82fa0-c12a-46a4-bb61-c7b50252deac,1.0,acme-mining,site-01,fleet_telemetry,ACME-S01-TRUCK-002,haul_truck,2026-09-01T16:18:46.854Z,10,-16.574104,-71.527686,277.8,33.2,Pit-A,cycle-acme-s01-truck-002-00003,hauling,216.2,240.0,51226.61,41.2,True,False,13318.46,40023.32,False,False,False,94.0,24.1,[],1.0
837a8c04-f99d-4cdc-9ea1-b8fd7db50154,1.0,acme-mining,site-01,fleet_telemetry,ACME-S01-TRUCK-003,haul_truck,2026-09-01T16:18:46.854Z,10,-16.548994,-71.591933,221.4,28.0,Pit-A,cycle-acme-s01-truck-003-00003,hauling,219.5,240.0,132404.62,85.8,True,False,9693.83,303001.94,False,False,False,89.1,24.7,[],1.0
34c401d1-4a90-4ab9-a5fd-8fa72cdf6b12,1.0,acme-mining,site-01,fleet_telemetry,ACME-S01-TRUCK-004,haul_truck,2026-09-01T16:18:46.854Z,10,-16.654906,-71.481952,231.7,58.6,Pit-A,cycle-acme-s01-truck-004-00003,hauling,227.9,240.0,158102.31,31.4,True,False,4096.18,623044.5,False,False,True,91.7,24.2,[],1.0
e588e05d-803a-44b4-b3a1-6281c80e645d,1.0,acme-mining,site-01,fleet_telemetry,ACME-S01-TRUCK-005,haul_truck,2026-09-01T16:18:46.854Z,10,-16.582098,-71.484808,187.8,28.9,Pit-A,cycle-acme-s01-truck-005-00003,hauling,224.3,240.0,438171.64,51.4,True,False,16270.33,357823.93,False,False,False,89.6,24.9,[],1.0
5730c6b0-c7d2-4a79-af58-22e0ccb5dc18,1.0,acme-mining,site-01,fleet_telemetry,ACME-S01-TRUCK-006,haul_truck,2026-09-01T16:18:46.854Z,10,-16.624075,-71.604676,45.8,26.8,Pit-A,cycle-acme-s01-truck-006-00003,hauling,220.9,240.0,30163.44,40.9,True,False,13039.88,463880.49,False,False,False,86.0,23.9,[],1.0
5600e7a8-97fb-41c4-a718-9cf5435f992b,1.0,acme-mining,site-01,fleet_telemetry,ACME-S01-TRUCK-007,haul_truck,2026-09-01T16:18:46.854Z,10,-16.613536,-71.510271,351.1,28.0,Pit-A,cycle-acme-s01-truck-007-00003,hauling,221.6,240.0,377009.3,36.3,True,False,8858.69,305648.71,False,False,False,94.5,23.9,[],1.0
9a6b9088-c18b-4df3-a5a4-882504f76562,1.0,acme-mining,site-01,fleet_telemetry,ACME-S01-TRUCK-008,haul_truck,2026-09-01T16:18:46.854Z,10,-16.609698,-71.459177,185.9,30.5,Pit-A,cycle-acme-s01-truck-008-00003,hauling,225.9,240.0,330816.5,36.4,True,False,13713.59,127817.57,False,False,False,87.0,24.7,[],1.0
41658363-002b-4e83-91b7-363bf5ba8913,1.0,acme-mining,site-01,fleet_telemetry,ACME-S01-TRUCK-009,haul_truck,2026-09-01T16:18:46.854Z,10,-16.538918,-71.488685,255.4,37.9,Pit-A,cycle-acme-s01-truck-009-00003,hauling,221.0,240.0,348058.68,28.9,True,False,5455.86,224298.35,False,False,False,90.3,24.9,[],1.0
0c094bac-2543-455c-9782-8dc7f5a1c738,1.0,acme-mining,site-01,fleet_telemetry,ACME-S01-TRUCK-010,haul_truck,2026-09-01T16:18:46.854Z,10,-16.565557,-71.554153,228.5,39.3,Pit-A,cycle-acme-s01-truck-010-00003,hauling,219.5,240.0,395602.46,47.0,True,False,5272.85,614033.37,False,False,False,88.8,23.8,[],1.0
8988dab4-0f67-429c-bb98-f18edc829611,1.0,acme-mining,site-01,fleet_telemetry,ACME-S01-TRUCK-011,haul_truck,2026-09-01T16:18:46.854Z,10,-16.550908,-71.548946,298.4,34.0,Pit-A,cycle-acme-s01-truck-011-00003,hauling,221.7,240.0,337795.86,62.7,True,False,3828.89,107967.32,False,False,False,92.1,24.9,[],1.0
0c19acab-d49b-4427-8ff1-b5e669554e94,1.0,acme-mining,site-01,fleet_telemetry,ACME-S01-TRUCK-012,haul_truck,2026-09-01T16:18:46.854Z,10,-16.662833,-71.599932,249.8,39.4,Pit-A,cycle-acme-s01-truck-012-00003,hauling,217.9,240.0,234192.28,31.3,True,False,5449.61,648448.97,False,False,False,95.8,24.0,[],1.0
66d6190f-f655-472e-ac98-4674fa7e35bc,1.0,acme-mining,site-01,fleet_telemetry,ACME-S01-TRUCK-013,haul_truck,2026-09-01T16:18:46.854Z,10,-16.630221,-71.529,27.6,33.7,Pit-A,cycle-acme-s01-truck-013-00003,hauling,226.4,240.0,272191.62,57.7,True,False,13443.89,262403.65,False,False,False,88.3,24.3,[],1.0
6981e6bd-b49d-47d2-ab5c-6004389df269,1.0,acme-mining,site-01,fleet_telemetry,ACME-S01-TRUCK-014,haul_truck,2026-09-01T16:18:46.854Z,10,-16.652519,-71.54793,136.9,28.1,Pit-A,cycle-acme-s01-truck-014-00003,hauling,222.4,240.0,127403.79,69.8,True,False,15252.27,358291.57,False,False,False,93.0,24.3,[],1.0
f0a1b881-9cd8-45e2-9fe9-ccf9e4ab40a4,1.0,acme-mining,site-01,fleet_telemetry,ACME-S01-TRUCK-015,haul_truck,2026-09-01T16:18:46.854Z,10,-16.570351,-71.482862,147.1,34.6,Pit-A,cycle-acme-s01-truck-015-00003,hauling,225.1,240.0,233380.65,32.4,True,False,21404.04,500036.44,False,False,False,92.7,24.3,[],1.0
7a72293c-b1bc-496c-998a-b1d5e537ae8a,1.0,acme-mining,site-01,fleet_telemetry,ACME-S01-TRUCK-016,haul_truck,2026-09-01T16:18:46.854Z,10,-16.585561,-71.617405,44.7,24.4,Pit-A,cycle-acme-s01-truck-016-00003,hauling,222.0,240.0,247327.48,79.4,True,False,4040.21,500382.06,False,False,False,94.3,23.9,[],1.0
e605ac12-8a18-44c5-9a23-7369901abf4a,1.0,acme-mining,site-01,fleet_telemetry,ACME-S01-TRUCK-017,haul_truck,2026-09-01T16:18:46.854Z,10,-16.63213,-71.578971,243.5,34.4,Pit-A,cycle-acme-s01-truck-017-00003,hauling,227.4,240.0,443542.12,81.4,True,False,3171.61,248678.13,False,False,False,95.6,24.0,[],1.0
5c790a5a-061b-4a95-81f5-7e9ca5766ea6,1.0,acme-mining,site-01,fleet_telemetry,ACME-S01-TRUCK-018,haul_truck,2026-09-01T16:18:46.854Z,10,-16.547856,-71.596952,16.3,29.5,Pit-A,cycle-acme-s01-truck-018-00003,hauling,218.5,240.0,40454.22,78.2,True,False,2615.87,326174.21,False,False,False,86.6,24.2,[],1.0
bdd0a265-ece0-433e-a4fc-b09420f19124,1.0,acme-mining,site-01,fleet_telemetry,ACME-S01-TRUCK-019,haul_truck,2026-09-01T16:18:46.854Z,10,-16.521838,-71.49668,202.4,29.1,Pit-A,cycle-acme-s01-truck-019-00003,hauling,227.3,240.0,276902.03,92.4,True,False,4300.71,352434.7,False,False,False,96.0,23.9,[],1.0
6cad825a-ab70-49fe-8831-fffe7beeea7e,1.0,acme-mining,site-01,fleet_telemetry,ACME-S01-TRUCK-020,haul_truck,2026-09-01T16:18:46.854Z,10,-16.598158,-71.57781,41.7,24.2,Pit-A,cycle-acme-s01-truck-020-00003,hauling,218.8,240.0,174305.73,87.9,True,False,9258.65,443163.04,False,False,False,89.1,25.0,[],1.0
06024da4-a466-4397-8af8-f209a90a43db,1.0,acme-mining,site-01,fleet_telemetry,ACME-S01-TRUCK-021,haul_truck,2026-09-01T16:18:46.854Z,10,-16.569433,-71.580877,98.9,36.0,Pit-A,cycle-acme-s01-truck-021-00003,hauling,221.0,240.0,106896.36,29.9,True,False,13272.16,164972.52,False,False,False,91.7,23.9,[],1.0
38c6e1ef-db18-4741-b605-083487e1f24e,1.0,acme-mining,site-01,fleet_telemetry,ACME-S01-TRUCK-022,haul_truck,2026-09-01T16:18:46.854Z,10,-16.649209,-71.467812,24.9,42.0,Pit-A,cycle-acme-s01-truck-022-00003,hauling,222.0,240.0,304350.93,39.9,True,False,2302.19,169943.23,False,False,False,91.3,24.1,[],1.0
b7288bb0-d3fa-4128-ac77-80c741df7749,1.0,acme-mining,site-01,fleet_telemetry,ACME-S01-TRUCK-023,haul_truck,2026-09-01T16:18:46.854Z,10,-16.564964,-71.560822,275.2,28.7,Pit-A,cycle-acme-s01-truck-023-00003,hauling,219.8,240.0,189107.09,31.5,True,False,5951.56,317973.2,False,False,False,87.3,24.4,[],1.0
188ad4eb-7035-4df0-83f5-378ec75ec921,1.0,acme-mining,site-01,fleet_telemetry,ACME-S01-TRUCK-024,haul_truck,2026-09-01T16:18:46.854Z,10,-16.616111,-71.47964,77.3,35.9,Pit-A,cycle-acme-s01-truck-024-00003,hauling,224.7,240.0,53304.57,53.1,True,False,15075.34,640024.31,False,False,False,86.3,25.2,[],1.0
14b088ca-b110-421c-a5aa-ee4431b6d899,1.0,acme-mining,site-01,fleet_telemetry,ACME-S01-TRUCK-025,haul_truck,2026-09-01T16:18:46.854Z,10,-16.530461,-71.60542,217.5,32.1,Pit-A,cycle-acme-s01-truck-025-00003,hauling,227.6,240.0,90735.44,57.3,True,False,12169.27,108315.1,False,False,False,90.5,24.1,[],1.0
bfbc37f7-624b-4c7c-8dc5-e66475a5f9f7,1.0,acme-mining,site-01,fleet_telemetry,ACME-S01-TRUCK-026,haul_truck,2026-09-01T16:18:46.854Z,10,-16.65551,-71.496874,293.6,35.0,Pit-A,cycle-acme-s01-truck-026-00003,hauling,223.4,240.0,247859.4,26.0,True,False,2875.68,430851.51,False,False,False,86.9,24.4,[],1.0
86fa35d5-cd80-45bf-a64e-9e2f2d745ea8,1.0,acme-mining,site-01,fleet_telemetry,ACME-S01-TRUCK-027,haul_truck,2026-09-01T16:18:46.854Z,10,-16.609763,-71.459832,338.4,55.2,Pit-A,cycle-acme-s01-truck-027-00003,hauling,225.7,240.0,186458.44,29.0,True,False,11095.61,154661.06,False,False,True,89.5,24.8,[],1.0
63b8354c-47cc-430e-a1f0-10722fdd3d78,1.0,acme-mining,site-01,fleet_telemetry,ACME-S01-TRUCK-028,haul_truck,2026-09-01T16:18:46.854Z,10,-16.564493,-71.539641,29.2,34.0,Pit-A,cycle-acme-s01-truck-028-00003,hauling,217.1,240.0,331423.05,79.8,True,False,6847.3,458852.91,False,False,False,94.4,25.2,[],1.0
a55ecb12-e858-4df0-95a9-d5d5e1760924,1.0,acme-mining,site-01,fleet_telemetry,ACME-S01-TRUCK-029,haul_truck,2026-09-01T16:18:46.854Z,10,-16.66126,-71.524002,13.5,34.8,Pit-A,cycle-acme-s01-truck-029-00003,hauling,218.0,240.0,248566.6,77.3,True,False,21336.65,384883.83,False,False,False,88.3,25.1,[],1.0
693d1705-4e6d-4090-85d8-21d0d42d371c,1.0,acme-mining,site-01,fleet_telemetry,ACME-S01-TRUCK-030,haul_truck,2026-09-01T16:18:46.854Z,10,-16.57519,-71.509464,202.1,24.4,Pit-A,cycle-acme-s01-truck-030-00003,hauling,221.6,240.0,45249.75,37.9,True,False,4137.59,625290.97,False,False,False,89.0,24.9,[],1.0
1f6c54bc-0613-4a4c-82cd-e0aaeb9d7a14,1.0,acme-mining,site-01,fleet_telemetry,ACME-S01-TRUCK-031,haul_truck,2026-09-01T16:18:46.854Z,10,-16.657284,-71.512314,323.3,35.5,Pit-A,cycle-acme-s01-truck-031-00003,hauling,222.2,240.0,264725.09,27.7,True,False,20761.85,378895.76,False,False,False,90.7,24.1,[],1.0
7d9e6514-b637-44d6-9460-b93aa87cca8c,1.0,acme-mining,site-01,fleet_telemetry,ACME-S01-TRUCK-032,haul_truck,2026-09-01T16:18:46.854Z,10,-16.607088,-71.510036,175.0,51.6,Pit-A,cycle-acme-s01-truck-032-00003,hauling,216.0,240.0,325125.1,41.6,True,False,20615.79,148683.57,False,False,True,86.7,25.1,[],1.0
506d6132-dbd5-453a-b609-86ca83276d8a,1.0,acme-mining,site-01,fleet_telemetry,ACME-S01-TRUCK-033,haul_truck,2026-09-01T16:18:46.854Z,10,-16.580333,-71.601462,293.6,39.5,Pit-A,cycle-acme-s01-truck-033-00003,hauling,223.1,240.0,14099.51,68.4,True,False,20495.2,609512.88,False,False,False,94.1,25.1,[],1.0
4665dcdb-e523-40d6-8c44-b74ba2b17484,1.0,acme-mining,site-01,fleet_telemetry,ACME-S01-TRUCK-034,haul_truck,2026-09-01T16:18:46.854Z,10,-16.611278,-71.592258,152.3,32.0,Pit-A,cycle-acme-s01-truck-034-00003,hauling,217.3,240.0,397580.94,86.5,True,False,6422.26,607953.63,False,False,False,93.0,23.9,[],1.0
6255fed6-04a9-4de0-bc9d-3489f2006fc1,1.0,acme-mining,site-01,fleet_telemetry,ACME-S01-TRUCK-035,haul_truck,2026-09-01T16:18:46.854Z,10,-16.539698,-71.569573,349.7,24.7,Pit-A,cycle-acme-s01-truck-035-00003,hauling,219.4,240.0,297750.29,25.5,True,False,13767.58,641957.06,False,False,False,86.9,24.3,[],1.0
d18bd905-1542-4a84-ad28-656e86129b99,1.0,acme-mining,site-01,fleet_telemetry,ACME-S01-TRUCK-036,haul_truck,2026-09-01T16:18:46.854Z,10,-16.625274,-71.583826,238.8,39.3,Pit-A,cycle-acme-s01-truck-036-00003,hauling,224.0,240.0,336664.05,35.8,True,False,6406.69,580519.29,False,False,False,91.2,24.8,[],1.0
050ca9cd-5483-490f-9796-00c63bec234a,1.0,acme-mining,site-01,fleet_telemetry,ACME-S01-TRUCK-037,haul_truck,2026-09-01T16:18:46.854Z,10,-16.568941,-71.484784,279.3,41.7,Pit-A,cycle-acme-s01-truck-037-00003,hauling,222.8,240.0,409590.69,28.5,True,False,11514.69,178206.67,False,False,False,87.1,23.8,[],1.0
07dfb966-6e36-4998-9762-360e1ebc3578,1.0,acme-mining,site-01,fleet_telemetry,ACME-S01-TRUCK-038,haul_truck,2026-09-01T16:18:46.854Z,10,-16.582166,-71.549059,222.1,27.8,Pit-A,cycle-acme-s01-truck-038-00003,hauling,227.2,240.0,125261.02,76.8,True,False,17147.74,421381.67,False,False,False,86.6,24.9,[],1.0
b9ea5540-bf61-429c-b48d-b9b60afdc702,1.0,acme-mining,site-01,fleet_telemetry,ACME-S01-TRUCK-039,haul_truck,2026-09-01T16:18:46.854Z,10,-16.611305,-71.529117,344.5,34.5,Pit-A,cycle-acme-s01-truck-039-00003,hauling,224.6,240.0,75584.59,27.5,True,False,20835.09,455342.6,False,False,False,93.2,24.7,[],1.0
ff27a907-3623-4a15-bea8-636688fcfdb4,1.0,acme-mining,site-01,fleet_telemetry,ACME-S01-TRUCK-040,haul_truck,2026-09-01T16:18:46.854Z,10,-16.526613,-71.583911,274.7,35.7,Pit-A,cycle-acme-s01-truck-040-00003,hauling,227.5,240.0,360294.52,85.2,True,False,7335.09,586358.6,False,False,False,94.7,24.8,[],1.0
92e582bb-c431-443e-93a4-2ef2366f1ead,1.0,acme-mining,site-01,fleet_telemetry,ACME-S01-TRUCK-041,haul_truck,2026-09-01T16:18:46.854Z,10,-16.55048,-71.469364,292.2,26.8,Pit-A,cycle-acme-s01-truck-041-00003,hauling,227.0,240.0,394874.31,93.1,True,False,8298.0,372726.82,False,False,False,93.9,25.0,[],1.0
5a25340d-fcbf-4962-9673-fb10d5995810,1.0,acme-mining,site-01,fleet_telemetry,ACME-S01-TRUCK-042,haul_truck,2026-09-01T16:18:46.854Z,10,-16.552505,-71.564334,172.5,39.2,Pit-A,cycle-acme-s01-truck-042-00003,hauling,226.0,240.0,397823.84,26.7,True,False,21495.58,530786.41,False,False,False,87.5,24.9,[],1.0
6655bbbd-e1e8-46d6-b35a-f3fe1a9f5d88,1.0,acme-mining,site-01,fleet_telemetry,ACME-S01-TRUCK-043,haul_truck,2026-09-01T16:18:46.854Z,10,-16.533042,-71.581909,207.5,34.0,Pit-A,cycle-acme-s01-truck-043-00003,hauling,227.1,240.0,57562.78,86.0,True,False,6456.29,516046.18,False,False,False,88.4,24.9,[],1.0
0e279feb-f608-4b3e-b8b4-8b1daca9c1bb,1.0,acme-mining,site-01,fleet_telemetry,ACME-S01-TRUCK-044,haul_truck,2026-09-01T16:18:46.854Z,10,-16.56479,-71.553778,130.9,40.1,Pit-A,cycle-acme-s01-truck-044-00003,hauling,216.4,240.0,393382.84,40.5,True,False,8212.77,536938.18,False,False,False,86.1,24.7,[],1.0
b206ef6f-11cf-4339-bdf4-ce5992035327,1.0,acme-mining,site-01,fleet_telemetry,ACME-S01-TRUCK-045,haul_truck,2026-09-01T16:18:46.854Z,10,-16.513422,-71.531706,139.9,32.6,Pit-A,cycle-acme-s01-truck-045-00003,hauling,217.4,240.0,292252.67,52.9,True,False,21298.06,195849.0,False,False,False,93.2,24.3,[],1.0
81db3b21-d1f9-49ef-b79b-8aa9bc9d4c7a,1.0,acme-mining,site-01,fleet_telemetry,ACME-S01-TRUCK-046,haul_truck,2026-09-01T16:18:46.854Z,10,-16.664257,-71.522046,141.5,31.1,Pit-A,cycle-acme-s01-truck-046-00003,hauling,226.5,240.0,265460.19,93.8,True,False,19393.23,184565.8,False,False,False,93.5,24.4,[],1.0
267c9d1f-f8e3-4cea-bacd-8e76e0649cac,1.0,acme-mining,site-01,fleet_telemetry,ACME-S01-TRUCK-047,haul_truck,2026-09-01T16:18:46.854Z,10,-16.639975,-71.610441,226.2,38.8,Pit-A,cycle-acme-s01-truck-047-00003,hauling,227.3,240.0,60884.85,87.9,True,False,10051.56,640068.82,False,False,False,92.6,24.3,[],1.0
3b24dc15-1068-43e4-84e8-8330b7052663,1.0,acme-mining,site-01,fleet_telemetry,ACME-S01-TRUCK-048,haul_truck,2026-09-01T16:18:46.854Z,10,-16.563074,-71.559225,250.4,32.7,Pit-A,cycle-acme-s01-truck-048-00003,hauling,219.0,240.0,326549.91,76.9,True,False,20422.21,359224.98,False,False,False,87.3,25.2,[],1.0
d6097106-7b23-408b-a09b-c70c55a109ed,1.0,acme-mining,site-01,fleet_telemetry,ACME-S01-TRUCK-049,haul_truck,2026-09-01T16:18:46.854Z,10,-16.589246,-71.51083,45.4,37.0,Pit-A,cycle-acme-s01-truck-049-00003,hauling,227.6,240.0,64835.85,87.9,True,False,14010.91,437934.36,False,False,False,89.6,25.0,[],1.0
5e416313-105e-4420-be1d-3b552f701646,1.0,acme-mining,site-01,fleet_telemetry,ACME-S01-TRUCK-050,haul_truck,2026-09-01T16:18:46.854Z,10,-16.550707,-71.589664,240.0,35.7,Pit-A,cycle-acme-s01-truck-050-00003,hauling,227.8,240.0,302569.66,51.5,True,False,12553.56,140859.51,False,False,False,86.1,24.9,[],1.0
f9a172b6-07e6-4f20-9aef-9f25d1447981,1.0,acme-mining,site-01,fleet_telemetry,ACME-S01-TRUCK-051,haul_truck,2026-09-01T16:18:46.854Z,10,-16.577585,-71.512734,149.5,38.3,Pit-A,cycle-acme-s01-truck-051-00003,hauling,225.8,240.0,136242.74,55.0,True,False,12416.28,20256.05,False,False,False,90.2,25.0,[],1.0
43d85451-6dc0-4be3-8838-587ace4a3a45,1.0,acme-mining,site-01,fleet_telemetry,ACME-S01-TRUCK-052,haul_truck,2026-09-01T16:18:46.854Z,10,-16.552615,-71.512039,29.5,32.3,Pit-A,cycle-acme-s01-truck-052-00003,hauling,225.0,240.0,359244.28,92.1,True,False,15123.31,342039.89,False,False,False,92.3,25.1,[],1.0
2a6672df-35eb-41f8-b0a0-845929a1ea73,1.0,acme-mining,site-01,fleet_telemetry,ACME-S01-TRUCK-053,haul_truck,2026-09-01T16:18:46.854Z,10,-16.541365,-71.593938,109.0,58.4,Pit-A,cycle-acme-s01-truck-053-00003,hauling,225.2,240.0,113342.89,46.7,True,False,2779.82,619760.08,False,False,True,91.3,25.2,[],1.0
8810456a-e614-4315-b0db-1c3f0ba9f113,1.0,acme-mining,site-01,fleet_telemetry,ACME-S01-TRUCK-054,haul_truck,2026-09-01T16:18:46.854Z,10,-16.578266,-71.502516,201.8,39.0,Pit-A,cycle-acme-s01-truck-054-00003,hauling,226.7,240.0,210383.82,87.0,True,False,13759.02,504148.53,False,False,False,93.1,24.4,[],1.0
e434e8ad-36b3-449e-a632-74b496180d68,1.0,acme-mining,site-01,fleet_telemetry,ACME-S01-TRUCK-055,haul_truck,2026-09-01T16:18:46.854Z,10,-16.547173,-71.600439,177.7,26.3,Pit-A,cycle-acme-s01-truck-055-00003,hauling,224.0,240.0,12440.43,77.5,True,False,5972.48,433316.76,False,False,False,91.3,25.0,[],1.0
cd514212-ceab-4c3b-9f99-0060e68edf27,1.0,acme-mining,site-01,fleet_telemetry,ACME-S01-TRUCK-056,haul_truck,2026-09-01T16:18:46.854Z,10,-16.523607,-71.598042,348.9,41.6,Pit-A,cycle-acme-s01-truck-056-00003,hauling,226.3,240.0,214402.66,64.0,True,False,17847.14,458424.67,False,False,False,95.4,24.8,[],1.0
1196c102-1641-4e39-80c3-d66fdd9bf4fd,1.0,acme-mining,site-01,fleet_telemetry,ACME-S01-TRUCK-057,haul_truck,2026-09-01T16:18:46.854Z,10,-16.527742,-71.519445,50.3,25.3,Pit-A,cycle-acme-s01-truck-057-00003,hauling,222.4,240.0,271999.73,91.4,True,False,14952.66,642372.47,False,False,False,87.4,24.4,[],1.0
4e01ec2f-157e-4240-a822-693eeafeeb75,1.0,acme-mining,site-01,fleet_telemetry,ACME-S01-TRUCK-058,haul_truck,2026-09-01T16:18:46.854Z,10,-16.532496,-71.545489,229.6,37.5,Pit-A,cycle-acme-s01-truck-058-00003,hauling,217.5,240.0,206202.7,36.1,True,False,9846.92,591318.73,False,False,False,89.8,24.7,[],1.0
4cab0798-05e6-4fee-a9ea-e4bd0ad6c472,1.0,acme-mining,site-01,fleet_telemetry,ACME-S01-TRUCK-059,haul_truck,2026-09-01T16:18:46.854Z,10,-16.658025,-71.571743,157.0,36.9,Pit-A,cycle-acme-s01-truck-059-00003,hauling,225.2,240.0,285770.02,44.2,True,False,17035.26,348419.12,False,False,False,92.9,24.1,[],1.0
245bb446-1c8b-4fdc-a82a-966251fd3e70,1.0,acme-mining,site-01,fleet_telemetry,ACME-S01-TRUCK-060,haul_truck,2026-09-01T16:18:46.854Z,10,-16.645957,-71.583222,98.6,33.1,Pit-A,cycle-acme-s01-truck-060-00003,hauling,221.0,240.0,76366.2,51.8,True,False,19732.18,70764.14,False,False,False,90.6,25.0,[],1.0
d850a8a9-0a50-4e69-9653-87dc6b35e4b7,1.0,acme-mining,site-01,fleet_telemetry,ACME-S01-TRUCK-061,haul_truck,2026-09-01T16:18:46.854Z,10,-16.525623,-71.524047,351.8,26.7,Pit-A,cycle-acme-s01-truck-061-00003,hauling,224.8,240.0,101007.84,54.4,True,False,12303.37,281938.03,False,False,False,92.6,24.0,[],1.0
a225975b-e8a8-4510-a343-0065242b06bd,1.0,acme-mining,site-01,fleet_telemetry,ACME-S01-TRUCK-062,haul_truck,2026-09-01T16:18:46.854Z,10,-16.533839,-71.46495,62.9,40.2,Pit-A,cycle-acme-s01-truck-062-00003,hauling,225.7,240.0,164774.58,77.7,True,False,8864.09,23714.78,False,False,False,95.1,25.0,[],1.0
09b4ee01-d742-4ce8-a275-d7b76e2835fd,1.0,acme-mining,site-01,fleet_telemetry,ACME-S01-TRUCK-063,haul_truck,2026-09-01T16:18:46.854Z,10,-16.592645,-71.555281,337.0,28.3,Pit-A,cycle-acme-s01-truck-063-00003,hauling,219.9,240.0,224821.68,44.0,True,False,17757.22,585621.37,False,False,False,94.6,24.2,[],1.0
02ae971e-9cc5-4de3-8386-b2ecca84130c,1.0,acme-mining,site-01,fleet_telemetry,ACME-S01-TRUCK-064,haul_truck,2026-09-01T16:18:46.854Z,10,-16.584939,-71.472412,89.4,40.3,Pit-A,cycle-acme-s01-truck-064-00003,hauling,222.2,240.0,414599.02,93.6,True,False,16152.66,549518.81,False,False,False,93.6,25.1,[],1.0
8f971192-6cc3-464c-a4bd-27ebb995ccf7,1.0,acme-mining,site-01,fleet_telemetry,ACME-S01-TRUCK-065,haul_truck,2026-09-01T16:18:46.854Z,10,-16.628737,-71.565121,41.8,35.3,Pit-A,cycle-acme-s01-truck-065-00003,hauling,217.4,240.0,391415.3,37.7,True,False,2579.7,290026.3,False,False,False,95.7,24.2,[],1.0
c2c22125-d9f1-4791-a7d4-9699234d8427,1.0,acme-mining,site-01,fleet_telemetry,ACME-S01-TRUCK-066,haul_truck,2026-09-01T16:18:46.854Z,10,-16.630044,-71.604379,202.2,41.5,Pit-A,cycle-acme-s01-truck-066-00003,hauling,224.5,240.0,340885.03,83.2,True,False,16938.08,258849.77,False,False,False,86.2,24.5,[],1.0
62c163fa-fbb0-456f-81a4-8968eab4b1de,1.0,acme-mining,site-01,fleet_telemetry,ACME-S01-TRUCK-067,haul_truck,2026-09-01T16:18:46.854Z,10,-16.517199,-71.611036,230.4,39.1,Pit-A,cycle-acme-s01-truck-067-00003,hauling,225.4,240.0,108658.46,29.7,True,False,1904.23,619709.64,False,False,False,86.6,24.3,[],1.0
a232c15d-db98-42db-be5f-9f0dd7a78648,1.0,acme-mining,site-01,fleet_telemetry,ACME-S01-TRUCK-068,haul_truck,2026-09-01T16:18:46.854Z,10,-16.563279,-71.527232,207.7,40.0,Pit-A,cycle-acme-s01-truck-068-00003,hauling,216.6,240.0,77048.94,33.8,True,False,5026.46,32839.66,False,False,False,95.2,24.8,[],1.0
5f8ef3c2-d19e-46a6-9ea5-853aff584b69,1.0,acme-mining,site-01,fleet_telemetry,ACME-S01-TRUCK-069,haul_truck,2026-09-01T16:18:46.854Z,10,-16.652051,-71.486436,64.3,24.3,Pit-A,cycle-acme-s01-truck-069-00003,hauling,221.6,240.0,277189.61,77.3,True,False,17058.25,125707.4,False,False,False,87.2,24.8,[],1.0
aea9a013-f51a-426c-a2ac-d95566dfc2c5,1.0,acme-mining,site-01,fleet_telemetry,ACME-S01-TRUCK-070,haul_truck,2026-09-01T16:18:46.854Z,10,-16.610323,-71.466865,286.6,31.1,Pit-A,cycle-acme-s01-truck-070-00003,hauling,222.1,240.0,263351.27,88.5,True,False,13068.13,605199.14,False,False,False,86.7,24.0,[],1.0
c6c6ad43-837b-40eb-aec3-43c247a3ff48,1.0,acme-mining,site-01,fleet_telemetry,ACME-S01-TRUCK-071,haul_truck,2026-09-01T16:18:46.854Z,10,-16.534322,-71.521407,163.9,29.8,Pit-A,cycle-acme-s01-truck-071-00003,hauling,221.6,240.0,54837.28,79.0,True,False,15441.04,415162.93,False,False,False,88.3,25.1,[],1.0
7af6de60-96a9-4f38-a11d-2addc821277b,1.0,acme-mining,site-01,fleet_telemetry,ACME-S01-TRUCK-072,haul_truck,2026-09-01T16:18:46.854Z,10,-16.589424,-71.562878,24.3,34.3,Pit-A,cycle-acme-s01-truck-072-00003,hauling,222.9,240.0,198487.03,50.9,True,False,17391.88,238738.62,False,False,False,93.6,25.1,[],1.0
b70d14a0-ff7a-4909-a708-438b620076d5,1.0,acme-mining,site-01,fleet_telemetry,ACME-S01-TRUCK-073,haul_truck,2026-09-01T16:18:46.854Z,10,-16.557252,-71.547835,77.9,38.7,Pit-A,cycle-acme-s01-truck-073-00003,hauling,216.9,240.0,289658.16,83.0,True,False,3037.44,625296.43,False,False,False,90.8,24.3,[],1.0
8eac53f5-7286-4132-8dee-16fc00a1709f,1.0,acme-mining,site-01,fleet_telemetry,ACME-S01-TRUCK-074,haul_truck,2026-09-01T16:18:46.854Z,10,-16.53828,-71.522696,310.5,58.8,Pit-A,cycle-acme-s01-truck-074-00003,hauling,220.7,240.0,350842.95,57.5,True,False,13857.36,599359.42,False,False,True,92.5,23.9,[],1.0
42187574-5182-4166-9fb5-58c2a5b7abe7,1.0,acme-mining,site-01,fleet_telemetry,ACME-S01-TRUCK-075,haul_truck,2026-09-01T16:18:46.854Z,10,-16.596061,-71.51988,5.2,26.9,Pit-A,cycle-acme-s01-truck-075-00003,hauling,218.5,240.0,397918.43,42.0,True,False,18411.51,74597.86,False,False,False,86.3,23.9,[],1.0
6a6c1c4e-a8ef-466c-ae81-905e7058912f,1.0,acme-mining,site-01,fleet_telemetry,ACME-S01-TRUCK-076,haul_truck,2026-09-01T16:18:46.854Z,10,-16.629055,-71.572742,226.1,31.2,Pit-A,cycle-acme-s01-truck-076-00003,hauling,217.8,240.0,224522.68,49.8,True,False,11279.31,224759.18,False,False,False,95.6,25.2,[],1.0
9b9fed6a-5438-40c8-a076-ab7e66868184,1.0,acme-mining,site-01,fleet_telemetry,ACME-S01-TRUCK-077,haul_truck,2026-09-01T16:18:46.854Z,10,-16.60535,-71.528656,14.1,34.1,Pit-A,cycle-acme-s01-truck-077-00003,hauling,226.4,240.0,94065.53,41.8,True,False,12582.78,345475.43,False,False,False,94.0,24.5,[],1.0
40d94f58-04ec-4f43-9cf1-0ac00908c8b6,1.0,acme-mining,site-01,fleet_telemetry,ACME-S01-TRUCK-078,haul_truck,2026-09-01T16:18:46.854Z,10,-16.634981,-71.506788,127.1,36.9,Pit-A,cycle-acme-s01-truck-078-00003,hauling,218.8,240.0,358891.17,31.5,True,False,14493.16,329217.69,False,False,False,90.3,25.1,[],1.0
4ca939c5-1053-44c8-b49b-baa48b52f642,1.0,acme-mining,site-01,fleet_telemetry,ACME-S01-TRUCK-079,haul_truck,2026-09-01T16:18:46.854Z,10,-16.582334,-71.561211,8.1,33.8,Pit-A,cycle-acme-s01-truck-079-00003,hauling,216.8,240.0,161253.96,94.7,True,False,8623.25,368688.18,False,False,False,90.5,24.2,[],1.0
3374ad59-dd95-42f4-b136-06fc9d43495c,1.0,acme-mining,site-01,fleet_telemetry,ACME-S01-TRUCK-080,haul_truck,2026-09-01T16:18:46.854Z,10,-16.584663,-71.49558,251.3,33.8,Pit-A,cycle-acme-s01-truck-080-00003,hauling,224.6,240.0,94737.8,33.3,True,False,6129.77,96013.44,False,False,False,90.9,24.9,[],1.0
9e0eca8f-c17d-4bed-bf40-804c00823747,1.0,acme-mining,site-02,fleet_telemetry,ACME-S02-TRUCK-001,haul_truck,2026-09-01T16:18:46.854Z,10,-16.537062,-71.488521,204.4,37.9,Pit-A,cycle-acme-s02-truck-001-00003,hauling,221.4,240.0,319616.06,60.0,True,False,4524.74,259530.91,False,False,False,89.5,24.8,[],1.0
64c536b0-ab22-4404-b217-a2b6b1916173,1.0,acme-mining,site-02,fleet_telemetry,ACME-S02-TRUCK-002,haul_truck,2026-09-01T16:18:46.854Z,10,-16.60174,-71.552822,331.4,24.6,Pit-A,cycle-acme-s02-truck-002-00003,hauling,223.8,240.0,44260.26,46.9,True,False,10047.87,309645.41,False,False,False,91.2,24.5,[],1.0
551a1d07-51ae-47fa-9a4e-842a86783ee7,1.0,acme-mining,site-02,fleet_telemetry,ACME-S02-TRUCK-003,haul_truck,2026-09-01T16:18:46.854Z,10,-16.571469,-71.484342,281.7,41.2,Pit-A,cycle-acme-s02-truck-003-00003,hauling,221.5,240.0,152898.71,81.0,True,False,3241.69,33139.87,False,False,False,92.1,25.2,[],1.0
eb34cc92-a157-4d52-982d-ee69e46408af,1.0,acme-mining,site-02,fleet_telemetry,ACME-S02-TRUCK-004,haul_truck,2026-09-01T16:18:46.854Z,10,-16.657805,-71.478231,149.9,30.5,Pit-A,cycle-acme-s02-truck-004-00003,hauling,227.1,240.0,201698.38,53.0,True,False,10058.3,86694.0,False,False,False,91.0,25.2,[],1.0
32f43926-08e7-4de5-bde1-d63c633c33db,1.0,acme-mining,site-02,fleet_telemetry,ACME-S02-TRUCK-005,haul_truck,2026-09-01T16:18:46.854Z,10,-16.588829,-71.472563,14.0,33.9,Pit-A,cycle-acme-s02-truck-005-00003,hauling,218.6,240.0,234613.35,32.9,True,False,7861.07,125923.83,False,False,False,89.1,25.0,[],1.0
201c5c36-a581-4f51-b3f8-59883a121a84,1.0,acme-mining,site-02,fleet_telemetry,ACME-S02-TRUCK-006,haul_truck,2026-09-01T16:18:46.854Z,10,-16.548789,-71.512613,167.6,36.5,Pit-A,cycle-acme-s02-truck-006-00003,hauling,225.7,240.0,96800.3,67.1,True,False,5808.91,112260.09,False,False,False,94.4,24.3,[],1.0
76cb72e4-162e-4532-9bb1-7c343055c18c,1.0,acme-mining,site-02,fleet_telemetry,ACME-S02-TRUCK-007,haul_truck,2026-09-01T16:18:46.854Z,10,-16.529263,-71.514609,177.0,39.8,Pit-A,cycle-acme-s02-truck-007-00003,hauling,216.3,240.0,264966.67,72.6,True,False,10635.82,375153.58,False,False,False,92.3,24.5,[],1.0
8b683ef9-c6b6-4d8e-b390-4ff79fe3acc7,1.0,acme-mining,site-02,fleet_telemetry,ACME-S02-TRUCK-008,haul_truck,2026-09-01T16:18:46.854Z,10,-16.599691,-71.569009,85.0,31.0,Pit-A,cycle-acme-s02-truck-008-00003,hauling,222.0,240.0,76421.96,29.7,True,False,19122.05,415147.21,False,False,False,88.8,24.1,[],1.0
8f8cf388-6ca9-4679-918f-8b82331ec30c,1.0,acme-mining,site-02,fleet_telemetry,ACME-S02-TRUCK-009,haul_truck,2026-09-01T16:18:46.854Z,10,-16.61145,-71.571586,67.4,34.5,Pit-A,cycle-acme-s02-truck-009-00003,hauling,224.2,240.0,213167.4,27.6,True,False,8261.19,66740.33,False,False,False,86.4,23.9,[],1.0
79208021-7b52-4f5a-981a-6d6f267f67c1,1.0,acme-mining,site-02,fleet_telemetry,ACME-S02-TRUCK-010,haul_truck,2026-09-01T16:18:46.854Z,10,-16.543686,-71.474149,85.6,42.0,Pit-A,cycle-acme-s02-truck-010-00003,hauling,219.8,240.0,213593.84,63.7,True,False,13838.19,339452.96,False,False,False,87.6,24.8,[],1.0
76a57eb3-ecc5-4e3a-8865-379075758835,1.0,acme-mining,site-02,fleet_telemetry,ACME-S02-TRUCK-011,haul_truck,2026-09-01T16:18:46.854Z,10,-16.660483,-71.600914,67.8,36.8,Pit-A,cycle-acme-s02-truck-011-00003,hauling,219.1,240.0,219277.48,35.5,True,False,14618.97,222562.13,False,False,False,92.9,25.2,[],1.0
d65e5c08-24fd-4fcd-8143-6511b4a5a8e1,1.0,acme-mining,site-02,fleet_telemetry,ACME-S02-TRUCK-012,haul_truck,2026-09-01T16:18:46.854Z,10,-16.557226,-71.45898,210.6,28.4,Pit-A,cycle-acme-s02-truck-012-00003,hauling,223.3,240.0,294296.63,27.7,True,False,21626.59,73127.63,False,False,False,94.9,24.8,[],1.0
8521a515-db73-4975-83d0-9f2ca0fd112e,1.0,acme-mining,site-02,fleet_telemetry,ACME-S02-TRUCK-013,haul_truck,2026-09-01T16:18:46.854Z,10,-16.561739,-71.609086,14.7,29.7,Pit-A,cycle-acme-s02-truck-013-00003,hauling,227.0,240.0,180463.99,79.2,True,False,8514.65,598300.4,False,False,False,87.5,24.0,[],1.0
b6fa6554-82e9-4879-ac82-06226a050ec4,1.0,acme-mining,site-02,fleet_telemetry,ACME-S02-TRUCK-014,haul_truck,2026-09-01T16:18:46.854Z,10,-16.554605,-71.512465,98.6,28.5,Pit-A,cycle-acme-s02-truck-014-00003,hauling,227.2,240.0,308487.62,44.8,True,False,2197.35,79538.97,False,False,False,89.6,24.5,[],1.0
4109aa5b-1e87-4ac7-83fc-3cb5334d749b,1.0,acme-mining,site-02,fleet_telemetry,ACME-S02-TRUCK-015,haul_truck,2026-09-01T16:18:46.854Z,10,-16.515633,-71.505773,344.3,31.0,Pit-A,cycle-acme-s02-truck-015-00003,hauling,227.1,240.0,72229.2,49.4,True,False,7867.29,387126.15,False,False,False,92.0,24.0,[],1.0
7a20eff5-401e-4dcd-9bc9-f0415436019d,1.0,acme-mining,site-02,fleet_telemetry,ACME-S02-TRUCK-016,haul_truck,2026-09-01T16:18:46.854Z,10,-16.617854,-71.597061,37.2,36.2,Pit-A,cycle-acme-s02-truck-016-00003,hauling,216.4,240.0,255926.42,70.0,True,False,15827.29,73373.23,False,False,False,93.3,24.0,[],1.0
74c84a26-1a18-478b-9794-a35656cfec37,1.0,acme-mining,site-02,fleet_telemetry,ACME-S02-TRUCK-017,haul_truck,2026-09-01T16:18:46.854Z,10,-16.621005,-71.465312,139.0,39.6,Pit-A,cycle-acme-s02-truck-017-00003,hauling,224.5,240.0,233735.64,26.2,True,False,2781.22,442387.55,False,False,False,86.3,24.2,[],1.0
36e6b641-ec94-4529-8b2e-b2af96c43c9d,1.0,acme-mining,site-02,fleet_telemetry,ACME-S02-TRUCK-018,haul_truck,2026-09-01T16:18:46.854Z,10,-16.544286,-71.536239,338.2,34.0,Pit-A,cycle-acme-s02-truck-018-00003,hauling,220.5,240.0,78176.58,45.6,True,False,4870.52,649985.53,False,False,False,89.2,24.6,[],1.0
61940081-3def-47e1-bf45-870378570c31,1.0,acme-mining,site-02,fleet_telemetry,ACME-S02-TRUCK-019,haul_truck,2026-09-01T16:18:46.854Z,10,-16.610161,-71.591567,276.5,24.9,Pit-A,cycle-acme-s02-truck-019-00003,hauling,216.1,240.0,347176.05,34.1,True,False,1600.26,232161.81,False,False,False,91.0,24.6,[],1.0
c2ce2ee5-69f4-46b2-87de-2d11be53e021,1.0,acme-mining,site-02,fleet_telemetry,ACME-S02-TRUCK-020,haul_truck,2026-09-01T16:18:46.854Z,10,-16.515263,-71.519806,69.0,36.1,Pit-A,cycle-acme-s02-truck-020-00003,hauling,221.9,240.0,170292.45,75.3,True,False,16089.09,47526.48,False,False,False,94.6,24.8,[],1.0
3bf7a9f5-bde5-47fa-92f4-490d24cd1644,1.0,acme-mining,site-02,fleet_telemetry,ACME-S02-TRUCK-021,haul_truck,2026-09-01T16:18:46.854Z,10,-16.525793,-71.586468,87.9,25.1,Pit-A,cycle-acme-s02-truck-021-00003,hauling,218.1,240.0,434863.23,79.8,True,False,5760.88,170676.37,False,False,False,93.4,24.6,[],1.0
454e07cc-95a9-4b29-b0d5-4d216e7c0b1e,1.0,acme-mining,site-02,fleet_telemetry,ACME-S02-TRUCK-022,haul_truck,2026-09-01T16:18:46.854Z,10,-16.586002,-71.462894,6.3,37.0,Pit-A,cycle-acme-s02-truck-022-00003,hauling,221.1,240.0,133980.27,51.7,True,False,21670.14,310858.62,False,False,False,95.3,25.1,[],1.0
f97f6cbb-b257-40fd-be50-9c051001d871,1.0,acme-mining,site-02,fleet_telemetry,ACME-S02-TRUCK-023,haul_truck,2026-09-01T16:18:46.854Z,10,-16.520885,-71.503616,164.8,27.3,Pit-A,cycle-acme-s02-truck-023-00003,hauling,224.1,240.0,221460.6,50.9,True,False,19307.65,52873.49,False,False,False,90.0,24.6,[],1.0
b74f622c-bd9c-4617-b5c6-8fdd8b28dca8,1.0,acme-mining,site-02,fleet_telemetry,ACME-S02-TRUCK-024,haul_truck,2026-09-01T16:18:46.854Z,10,-16.646793,-71.547518,38.8,31.8,Pit-A,cycle-acme-s02-truck-024-00003,hauling,216.8,240.0,130028.88,88.3,True,False,6843.35,500763.82,False,False,False,89.4,23.9,[],1.0
bb3045fb-b628-4352-97cc-79c65ceb8691,1.0,acme-mining,site-02,fleet_telemetry,ACME-S02-TRUCK-025,haul_truck,2026-09-01T16:18:46.854Z,10,-16.607022,-71.55766,321.8,27.7,Pit-A,cycle-acme-s02-truck-025-00003,hauling,221.5,240.0,419408.36,54.0,True,False,18114.12,577316.99,False,False,False,92.0,25.1,[],1.0
fb933e78-8de6-4da9-af57-6213efb5ac17,1.0,acme-mining,site-02,fleet_telemetry,ACME-S02-TRUCK-026,haul_truck,2026-09-01T16:18:46.854Z,10,-16.566402,-71.49088,83.2,30.9,Pit-A,cycle-acme-s02-truck-026-00003,hauling,218.9,240.0,419564.11,83.7,True,False,8748.16,37758.37,False,False,False,92.9,24.8,[],1.0
d30abed0-eeb1-4601-8f43-f98df0011763,1.0,acme-mining,site-02,fleet_telemetry,ACME-S02-TRUCK-027,haul_truck,2026-09-01T16:18:46.854Z,10,-16.595319,-71.519058,52.8,39.4,Pit-A,cycle-acme-s02-truck-027-00003,hauling,220.5,240.0,375689.32,78.1,True,False,20248.81,317646.85,False,False,False,92.5,23.8,[],1.0
c00242e7-221e-492b-a041-d6cbd7826b8d,1.0,acme-mining,site-02,fleet_telemetry,ACME-S02-TRUCK-028,haul_truck,2026-09-01T16:18:46.854Z,10,-16.585997,-71.599735,45.3,51.9,Pit-A,cycle-acme-s02-truck-028-00003,hauling,226.4,240.0,251474.58,75.8,True,False,6225.6,546027.0,False,False,True,95.0,24.0,[],1.0
833da796-c449-4037-a90e-caa8eb2d70a0,1.0,acme-mining,site-02,fleet_telemetry,ACME-S02-TRUCK-029,haul_truck,2026-09-01T16:18:46.854Z,10,-16.660317,-71.483632,223.3,28.2,Pit-A,cycle-acme-s02-truck-029-00003,hauling,225.4,240.0,291139.47,68.5,True,False,3383.2,170217.11,False,False,False,89.2,24.3,[],1.0
befe804a-12d2-486f-b98d-d128a151b48f,1.0,acme-mining,site-02,fleet_telemetry,ACME-S02-TRUCK-030,haul_truck,2026-09-01T16:18:46.854Z,10,-16.601728,-71.51912,144.0,37.2,Pit-A,cycle-acme-s02-truck-030-00003,hauling,222.6,240.0,116453.49,35.0,True,False,1148.44,344686.96,False,False,False,87.5,24.0,[],1.0
2fd7ecba-50a7-4d61-823b-71fe556ace26,1.0,acme-mining,site-02,fleet_telemetry,ACME-S02-TRUCK-031,haul_truck,2026-09-01T16:18:46.854Z,10,-16.517862,-71.530457,60.3,36.5,Pit-A,cycle-acme-s02-truck-031-00003,hauling,227.5,240.0,240333.91,50.2,True,False,4771.07,440975.63,False,False,False,95.8,25.2,[],1.0
f99ee967-7737-4749-be01-d0d913301edf,1.0,acme-mining,site-02,fleet_telemetry,ACME-S02-TRUCK-032,haul_truck,2026-09-01T16:18:46.854Z,10,-16.513441,-71.576886,49.4,34.0,Pit-A,cycle-acme-s02-truck-032-00003,hauling,220.4,240.0,216860.14,69.4,True,False,12548.04,265986.09,False,False,False,91.8,25.0,[],1.0
622f8145-e9de-48f5-9a83-e90d647aca0d,1.0,acme-mining,site-02,fleet_telemetry,ACME-S02-TRUCK-033,haul_truck,2026-09-01T16:18:46.854Z,10,-16.552758,-71.564265,342.2,57.2,Pit-A,cycle-acme-s02-truck-033-00003,hauling,223.8,240.0,286433.77,78.9,True,False,8109.83,481753.13,False,False,True,94.9,24.4,[],1.0
5d412942-b524-4a84-bd10-3048736904b0,1.0,acme-mining,site-02,fleet_telemetry,ACME-S02-TRUCK-034,haul_truck,2026-09-01T16:18:46.854Z,10,-16.513454,-71.540976,198.0,36.5,Pit-A,cycle-acme-s02-truck-034-00003,hauling,220.3,240.0,375369.52,72.9,True,False,7977.22,424961.46,False,False,False,88.2,24.8,[],1.0
4af01567-5310-4b91-ad15-8548578c07fb,1.0,acme-mining,site-02,fleet_telemetry,ACME-S02-TRUCK-035,haul_truck,2026-09-01T16:18:46.854Z,10,-16.663386,-71.585617,218.1,32.4,Pit-A,cycle-acme-s02-truck-035-00003,hauling,216.0,240.0,211379.72,45.5,True,False,2137.75,509000.23,False,False,False,93.0,24.4,[],1.0
725e553c-17fd-481e-913a-49db03111e97,1.0,acme-mining,site-02,fleet_telemetry,ACME-S02-TRUCK-036,haul_truck,2026-09-01T16:18:46.854Z,10,-16.54987,-71.586935,185.0,32.6,Pit-A,cycle-acme-s02-truck-036-00003,hauling,217.0,240.0,248934.22,42.7,True,False,11726.15,643147.54,False,False,False,95.0,24.6,[],1.0
60814b36-5039-411c-a30a-380ac660d2b8,1.0,acme-mining,site-02,fleet_telemetry,ACME-S02-TRUCK-037,haul_truck,2026-09-01T16:18:46.854Z,10,-16.528093,-71.498569,184.5,41.2,Pit-A,cycle-acme-s02-truck-037-00003,hauling,216.7,240.0,64769.71,50.7,True,False,19154.94,229112.81,False,False,False,92.0,25.2,[],1.0
a049185d-34a4-4d27-b2aa-2c0f90279de1,1.0,acme-mining,site-02,fleet_telemetry,ACME-S02-TRUCK-038,haul_truck,2026-09-01T16:18:46.854Z,10,-16.542803,-71.574853,9.7,40.1,Pit-A,cycle-acme-s02-truck-038-00003,hauling,220.5,240.0,314510.84,50.7,True,False,7987.59,137695.07,False,False,False,87.2,24.3,[],1.0
4add8b40-82b4-4c8d-93d7-54df6e4dc74a,1.0,acme-mining,site-02,fleet_telemetry,ACME-S02-TRUCK-039,haul_truck,2026-09-01T16:18:46.854Z,10,-16.618947,-71.60467,143.2,39.6,Pit-A,cycle-acme-s02-truck-039-00003,hauling,220.0,240.0,371830.87,63.1,True,False,2473.27,399545.82,False,False,False,93.3,24.5,[],1.0
93e7e784-46eb-49be-9bce-74eed3cd7849,1.0,acme-mining,site-02,fleet_telemetry,ACME-S02-TRUCK-040,haul_truck,2026-09-01T16:18:46.854Z,10,-16.598815,-71.501189,348.9,38.3,Pit-A,cycle-acme-s02-truck-040-00003,hauling,220.5,240.0,83324.41,56.0,True,False,10253.43,472127.87,False,False,False,96.0,24.6,[],1.0
6d520634-21ca-4bd4-be4d-507ccee25292,1.0,acme-mining,site-02,fleet_telemetry,ACME-S02-TRUCK-041,haul_truck,2026-09-01T16:18:46.854Z,10,-16.568425,-71.559343,273.9,30.6,Pit-A,cycle-acme-s02-truck-041-00003,hauling,226.8,240.0,427078.63,30.2,True,False,6620.59,637417.43,False,False,False,94.8,25.2,[],1.0
95959bef-6851-4f4e-9ef5-daf0983b740e,1.0,acme-mining,site-02,fleet_telemetry,ACME-S02-TRUCK-042,haul_truck,2026-09-01T16:18:46.854Z,10,-16.66489,-71.606735,143.6,26.4,Pit-A,cycle-acme-s02-truck-042-00003,hauling,224.2,240.0,277332.79,79.6,True,False,20999.15,109951.3,False,False,False,86.8,23.8,[],1.0
03c21910-b787-41d7-962e-adf1498ba96e,1.0,acme-mining,site-02,fleet_telemetry,ACME-S02-TRUCK-043,haul_truck,2026-09-01T16:18:46.854Z,10,-16.598403,-71.558128,1.0,34.4,Pit-A,cycle-acme-s02-truck-043-00003,hauling,222.7,240.0,24250.25,35.7,True,False,8477.61,618164.49,False,False,False,91.2,24.8,[],1.0
044490e8-f9d4-4946-acb3-893a2034ac1a,1.0,acme-mining,site-02,fleet_telemetry,ACME-S02-TRUCK-044,haul_truck,2026-09-01T16:18:46.854Z,10,-16.630407,-71.599356,132.1,32.5,Pit-A,cycle-acme-s02-truck-044-00003,hauling,221.8,240.0,185135.69,70.4,True,False,12967.16,353559.98,False,False,False,95.0,23.9,[],1.0
d654c8b3-d383-4bfd-9681-fd107979add9,1.0,acme-mining,site-02,fleet_telemetry,ACME-S02-TRUCK-045,haul_truck,2026-09-01T16:18:46.854Z,10,-16.557759,-71.583182,81.0,32.4,Pit-A,cycle-acme-s02-truck-045-00003,hauling,219.4,240.0,61815.55,79.2,True,False,11776.21,595532.0,False,False,False,88.8,25.2,[],1.0
84187d43-fd42-4bdf-b235-9249d61cd883,1.0,acme-mining,site-02,fleet_telemetry,ACME-S02-TRUCK-046,haul_truck,2026-09-01T16:18:46.854Z,10,-16.556246,-71.457912,148.4,34.4,Pit-A,cycle-acme-s02-truck-046-00003,hauling,217.8,240.0,42583.61,37.0,True,False,5043.79,105509.14,False,False,False,95.1,24.7,[],1.0
94a616f5-1df7-41a4-9bd7-9278884ece98,1.0,acme-mining,site-02,fleet_telemetry,ACME-S02-TRUCK-047,haul_truck,2026-09-01T16:18:46.854Z,10,-16.62245,-71.59229,168.8,29.9,Pit-A,cycle-acme-s02-truck-047-00003,hauling,227.1,240.0,251999.45,45.3,True,False,14958.22,467010.74,False,False,False,86.5,24.9,[],1.0
1d91b9ef-5251-404d-86e8-404d9d863c34,1.0,acme-mining,site-02,fleet_telemetry,ACME-S02-TRUCK-048,haul_truck,2026-09-01T16:18:46.854Z,10,-16.648185,-71.491036,239.4,32.9,Pit-A,cycle-acme-s02-truck-048-00003,hauling,220.5,240.0,63400.19,39.0,True,False,17626.38,340516.36,False,False,False,87.5,24.6,[],1.0
d14566a6-0b75-4e63-860b-cfc8b62caba3,1.0,acme-mining,site-02,fleet_telemetry,ACME-S02-TRUCK-049,haul_truck,2026-09-01T16:18:46.854Z,10,-16.528897,-71.606958,4.3,26.9,Pit-A,cycle-acme-s02-truck-049-00003,hauling,223.4,240.0,442525.97,34.0,True,False,12932.29,314465.94,False,False,False,86.3,24.7,[],1.0
f2ac47aa-83da-488e-a397-f42d60fffe44,1.0,acme-mining,site-02,fleet_telemetry,ACME-S02-TRUCK-050,haul_truck,2026-09-01T16:18:46.854Z,10,-16.514825,-71.514695,165.8,35.2,Pit-A,cycle-acme-s02-truck-050-00003,hauling,223.2,240.0,372270.04,30.1,True,False,11944.76,504573.89,False,False,False,88.7,24.8,[],1.0
48fcde7f-3cfb-4ef2-a509-59c40619deb4,1.0,acme-mining,site-02,fleet_telemetry,ACME-S02-TRUCK-051,haul_truck,2026-09-01T16:18:46.854Z,10,-16.641275,-71.462883,269.4,35.9,Pit-A,cycle-acme-s02-truck-051-00003,hauling,221.1,240.0,353316.4,69.7,True,False,8103.73,573115.11,False,False,False,92.0,24.4,[],1.0
eee025d3-2773-4072-8fe9-ec4368598544,1.0,acme-mining,site-02,fleet_telemetry,ACME-S02-TRUCK-052,haul_truck,2026-09-01T16:18:46.854Z,10,-16.520809,-71.581458,274.8,29.6,Pit-A,cycle-acme-s02-truck-052-00003,hauling,224.0,240.0,143815.51,36.3,True,False,18425.5,346404.55,False,False,False,92.8,24.2,[],1.0
5a276782-a83c-459a-aa92-9f8d18f5a042,1.0,acme-mining,site-02,fleet_telemetry,ACME-S02-TRUCK-053,haul_truck,2026-09-01T16:18:46.854Z,10,-16.582278,-71.597499,158.6,35.7,Pit-A,cycle-acme-s02-truck-053-00003,hauling,220.2,240.0,120267.04,69.4,True,False,19772.44,552938.48,False,False,False,93.2,23.9,[],1.0
26ef8e37-8971-4067-91d9-5b59f6bd6a0d,1.0,acme-mining,site-02,fleet_telemetry,ACME-S02-TRUCK-054,haul_truck,2026-09-01T16:18:46.854Z,10,-16.643024,-71.517599,337.4,38.3,Pit-A,cycle-acme-s02-truck-054-00003,hauling,227.9,240.0,270396.42,65.6,True,False,2780.7,423822.32,False,False,False,88.4,25.2,[],1.0
afe3ed59-8ef7-4099-bac6-1a69e68d61e4,1.0,acme-mining,site-02,fleet_telemetry,ACME-S02-TRUCK-055,haul_truck,2026-09-01T16:18:46.854Z,10,-16.663128,-71.514867,281.9,37.8,Pit-A,cycle-acme-s02-truck-055-00003,hauling,220.7,240.0,373104.67,26.9,True,False,18661.65,375079.65,False,False,False,91.7,24.7,[],1.0
261061a4-3f10-406d-bedd-f7885026a6f6,1.0,acme-mining,site-02,fleet_telemetry,ACME-S02-TRUCK-056,haul_truck,2026-09-01T16:18:46.854Z,10,-16.570025,-71.571165,115.3,30.8,Pit-A,cycle-acme-s02-truck-056-00003,hauling,227.0,240.0,291156.83,59.8,True,False,17059.54,282449.92,False,False,False,94.4,24.5,[],1.0
df9c0ba7-41b9-438c-80f8-bec568dd88d8,1.0,acme-mining,site-02,fleet_telemetry,ACME-S02-TRUCK-057,haul_truck,2026-09-01T16:18:46.854Z,10,-16.560224,-71.592227,221.5,25.6,Pit-A,cycle-acme-s02-truck-057-00003,hauling,225.6,240.0,188681.42,56.7,True,False,5991.43,528630.3,False,False,False,91.2,24.3,[],1.0
f8e04a95-861e-4172-90b1-a4ac5b45afd8,1.0,acme-mining,site-02,fleet_telemetry,ACME-S02-TRUCK-058,haul_truck,2026-09-01T16:18:46.854Z,10,-16.552941,-71.479789,286.8,33.2,Pit-A,cycle-acme-s02-truck-058-00003,hauling,216.7,240.0,147537.01,75.2,True,False,5125.3,402196.18,False,False,False,95.6,24.5,[],1.0
c00af937-849b-489b-b3c3-6d56d1d4ee6d,1.0,acme-mining,site-02,fleet_telemetry,ACME-S02-TRUCK-059,haul_truck,2026-09-01T16:18:46.854Z,10,-16.650788,-71.545544,222.1,27.1,Pit-A,cycle-acme-s02-truck-059-00003,hauling,219.2,240.0,56721.64,41.9,True,False,16926.11,344437.74,False,False,False,86.3,24.6,[],1.0
895e4144-8991-4a7a-8bff-c03d685b18ca,1.0,acme-mining,site-02,fleet_telemetry,ACME-S02-TRUCK-060,haul_truck,2026-09-01T16:18:46.854Z,10,-16.531964,-71.591989,39.3,27.8,Pit-A,cycle-acme-s02-truck-060-00003,hauling,227.7,240.0,280766.78,42.3,True,False,6952.51,262014.62,False,False,False,93.4,25.1,[],1.0
41f6dae0-5236-4410-a2ce-90bab6e5d4e0,1.0,acme-mining,site-02,fleet_telemetry,ACME-S02-TRUCK-061,haul_truck,2026-09-01T16:18:46.854Z,10,-16.595692,-71.476895,346.3,25.6,Pit-A,cycle-acme-s02-truck-061-00003,hauling,225.6,240.0,80111.37,94.7,True,False,16087.94,139595.72,False,False,False,94.6,24.2,[],1.0
e6e0dba7-3bd8-4a10-81ed-7dbe1b2c836b,1.0,acme-mining,site-02,fleet_telemetry,ACME-S02-TRUCK-062,haul_truck,2026-09-01T16:18:46.854Z,10,-16.613939,-71.609445,294.6,36.2,Pit-A,cycle-acme-s02-truck-062-00003,hauling,224.7,240.0,435342.83,40.0,True,False,20838.95,338430.25,False,False,False,92.0,23.9,[],1.0
1e9cc7ab-3800-48f9-a9e6-a0790bd04e3e,1.0,acme-mining,site-02,fleet_telemetry,ACME-S02-TRUCK-063,haul_truck,2026-09-01T16:18:46.854Z,10,-16.62809,-71.558969,260.3,30.4,Pit-A,cycle-acme-s02-truck-063-00003,hauling,216.6,240.0,57299.43,34.3,True,False,6857.88,25152.01,False,False,False,92.6,24.1,[],1.0
d595d170-d3a2-45c3-b0e1-bcbb6307ea6a,1.0,acme-mining,site-02,fleet_telemetry,ACME-S02-TRUCK-064,haul_truck,2026-09-01T16:18:46.854Z,10,-16.658616,-71.536812,236.3,28.9,Pit-A,cycle-acme-s02-truck-064-00003,hauling,216.5,240.0,95649.04,63.7,True,False,9292.34,379277.66,False,False,False,87.6,24.4,[],1.0
9764eb7f-9d3b-4372-b007-ed138ed7706f,1.0,acme-mining,site-02,fleet_telemetry,ACME-S02-TRUCK-065,haul_truck,2026-09-01T16:18:46.854Z,10,-16.654921,-71.557781,119.4,26.8,Pit-A,cycle-acme-s02-truck-065-00003,hauling,217.6,240.0,278859.69,33.9,True,False,18296.61,412642.44,False,False,False,89.3,24.6,[],1.0
6838d473-38db-4ec5-aeb6-e1da259b263f,1.0,acme-mining,site-02,fleet_telemetry,ACME-S02-TRUCK-066,haul_truck,2026-09-01T16:18:46.854Z,10,-16.590388,-71.610262,36.7,27.0,Pit-A,cycle-acme-s02-truck-066-00003,hauling,227.1,240.0,97586.18,60.6,True,False,20705.72,495628.25,False,False,False,91.5,24.7,[],1.0
b448a557-c09d-49e1-bd76-72df7b4afb63,1.0,acme-mining,site-02,fleet_telemetry,ACME-S02-TRUCK-067,haul_truck,2026-09-01T16:18:46.854Z,10,-16.648041,-71.468504,194.3,41.4,Pit-A,cycle-acme-s02-truck-067-00003,hauling,224.2,240.0,75534.6,87.5,True,False,17844.09,347179.89,False,False,False,92.1,24.4,[],1.0
fa2342f4-226c-4de2-a933-c0ab0e8ebd9d,1.0,acme-mining,site-02,fleet_telemetry,ACME-S02-TRUCK-068,haul_truck,2026-09-01T16:18:46.854Z,10,-16.537871,-71.532314,197.1,31.0,Pit-A,cycle-acme-s02-truck-068-00003,hauling,227.5,240.0,141663.82,48.5,True,False,21801.07,485771.44,False,False,False,90.8,24.2,[],1.0
69bc57d6-6ef7-4fe5-a471-752cd3e92e3e,1.0,acme-mining,site-02,fleet_telemetry,ACME-S02-TRUCK-069,haul_truck,2026-09-01T16:18:46.854Z,10,-16.603746,-71.568268,120.9,32.5,Pit-A,cycle-acme-s02-truck-069-00003,hauling,216.9,240.0,155746.13,32.6,True,False,10867.74,30481.5,False,False,False,87.8,23.9,[],1.0
2fdb706a-da64-4bf9-885c-700c01364c1f,1.0,acme-mining,site-02,fleet_telemetry,ACME-S02-TRUCK-070,haul_truck,2026-09-01T16:18:46.854Z,10,-16.577836,-71.581113,301.9,28.9,Pit-A,cycle-acme-s02-truck-070-00003,hauling,221.1,240.0,298460.74,93.0,True,False,13454.5,187284.39,False,False,False,94.6,24.7,[],1.0
fd5874c5-fa6b-4f37-965f-80ab874ba610,1.0,acme-mining,site-02,fleet_telemetry,ACME-S02-TRUCK-071,haul_truck,2026-09-01T16:18:46.854Z,10,-16.646739,-71.508603,119.0,33.1,Pit-A,cycle-acme-s02-truck-071-00003,hauling,222.3,240.0,282684.46,83.8,True,False,4414.87,416286.14,False,False,False,95.4,24.2,[],1.0
580ff386-d332-406f-91bd-4e52886e116d,1.0,acme-mining,site-02,fleet_telemetry,ACME-S02-TRUCK-072,haul_truck,2026-09-01T16:18:46.854Z,10,-16.637761,-71.537178,330.4,33.2,Pit-A,cycle-acme-s02-truck-072-00003,hauling,218.8,240.0,194264.04,53.8,True,False,4844.64,297854.51,False,False,False,86.0,25.1,[],1.0
ba70aa4a-dddd-4152-a2ab-50b12fa11f8c,1.0,acme-mining,site-02,fleet_telemetry,ACME-S02-TRUCK-073,haul_truck,2026-09-01T16:18:46.854Z,10,-16.637208,-71.565468,1.2,26.5,Pit-A,cycle-acme-s02-truck-073-00003,hauling,221.0,240.0,37404.47,34.6,True,False,19303.75,483577.69,False,False,False,94.9,24.3,[],1.0
7acc3342-d993-4ee0-86ab-94691972163f,1.0,acme-mining,site-02,fleet_telemetry,ACME-S02-TRUCK-074,haul_truck,2026-09-01T16:18:46.854Z,10,-16.583014,-71.509347,75.1,34.8,Pit-A,cycle-acme-s02-truck-074-00003,hauling,216.8,240.0,212252.66,62.3,True,False,8788.7,622712.09,False,False,False,93.0,24.3,[],1.0
60d5758c-8de3-46cd-a5f4-f25924147f80,1.0,acme-mining,site-02,fleet_telemetry,ACME-S02-TRUCK-075,haul_truck,2026-09-01T16:18:46.854Z,10,-16.63445,-71.461791,283.5,28.5,Pit-A,cycle-acme-s02-truck-075-00003,hauling,226.1,240.0,118469.13,64.0,True,False,13733.64,141126.66,False,False,False,91.3,24.5,[],1.0
8a86c536-756d-459b-884a-c7ad7d4cbc55,1.0,acme-mining,site-02,fleet_telemetry,ACME-S02-TRUCK-076,haul_truck,2026-09-01T16:18:46.854Z,10,-16.580734,-71.467981,129.6,28.4,Pit-A,cycle-acme-s02-truck-076-00003,hauling,227.1,240.0,225162.06,58.5,True,False,15743.91,454851.39,False,False,False,86.7,24.6,[],1.0
d4da8e26-5f59-4128-8171-bcbf1c691dde,1.0,acme-mining,site-02,fleet_telemetry,ACME-S02-TRUCK-077,haul_truck,2026-09-01T16:18:46.854Z,10,-16.539394,-71.464765,292.0,31.2,Pit-A,cycle-acme-s02-truck-077-00003,hauling,226.8,240.0,177066.15,93.6,True,False,3383.74,446272.24,False,False,False,95.7,23.8,[],1.0
e905fe4c-8fc6-4294-9a2d-1e28f1736b17,1.0,acme-mining,site-02,fleet_telemetry,ACME-S02-TRUCK-078,haul_truck,2026-09-01T16:18:46.854Z,10,-16.565441,-71.497913,12.6,31.5,Pit-A,cycle-acme-s02-truck-078-00003,hauling,227.6,240.0,44773.66,89.6,True,False,1691.82,621847.85,False,False,False,87.0,24.8,[],1.0
f6eba065-5a3c-46d7-8e2f-61d0d2227342,1.0,acme-mining,site-02,fleet_telemetry,ACME-S02-TRUCK-079,haul_truck,2026-09-01T16:18:46.854Z,10,-16.551888,-71.579198,63.4,32.1,Pit-A,cycle-acme-s02-truck-079-00003,hauling,226.0,240.0,129514.15,32.6,True,False,6548.03,374071.58,False,False,False,95.6,25.0,[],1.0
602d4c56-0adc-4c3c-b48e-027d99405394,1.0,acme-mining,site-02,fleet_telemetry,ACME-S02-TRUCK-080,haul_truck,2026-09-01T16:18:46.854Z,10,-16.594772,-71.50847,107.3,35.7,Pit-A,cycle-acme-s02-truck-080-00003,hauling,223.6,240.0,54087.81,48.1,True,False,5584.25,166687.28,False,False,False,87.6,25.0,[],1.0
2e78d8d1-6ae5-44bc-9695-e6fb47839bc2,1.0,beta-minerals,north-site,fleet_telemetry,BETA-NORTH-TRUCK-001,haul_truck,2026-09-01T16:18:46.854Z,10,-16.562056,-71.591192,14.5,39.0,Pit-A,cycle-beta-north-truck-001-00003,hauling,217.8,240.0,383639.91,70.3,True,False,17975.96,92504.01,False,False,False,94.0,24.9,[],1.0
6c26b415-dd2f-447e-beed-e111b9507d2a,1.0,beta-minerals,north-site,fleet_telemetry,BETA-NORTH-TRUCK-002,haul_truck,2026-09-01T16:18:46.854Z,10,-16.596481,-71.489832,263.0,26.4,Pit-A,cycle-beta-north-truck-002-00003,hauling,221.6,240.0,155636.16,54.8,True,False,11739.08,367703.73,False,False,False,86.3,24.6,[],1.0
4bad3a8b-7ee0-40e7-a0da-b1f62e7be50b,1.0,beta-minerals,north-site,fleet_telemetry,BETA-NORTH-TRUCK-003,haul_truck,2026-09-01T16:18:46.854Z,10,-16.638787,-71.522758,337.3,29.4,Pit-A,cycle-beta-north-truck-003-00003,hauling,226.3,240.0,22845.31,67.9,True,False,14378.17,292244.94,False,False,False,87.7,24.9,[],1.0
b43331a4-dc75-4547-8dc7-679e45769202,1.0,beta-minerals,north-site,fleet_telemetry,BETA-NORTH-TRUCK-004,haul_truck,2026-09-01T16:18:46.854Z,10,-16.654111,-71.47801,359.4,37.3,Pit-A,cycle-beta-north-truck-004-00003,hauling,224.4,240.0,365841.82,29.3,True,False,5162.64,493965.29,False,False,False,91.8,24.4,[],1.0
b96643bb-10eb-4553-b60f-db558657a7c2,1.0,beta-minerals,north-site,fleet_telemetry,BETA-NORTH-TRUCK-005,haul_truck,2026-09-01T16:18:46.854Z,10,-16.515852,-71.567374,31.9,29.2,Pit-A,cycle-beta-north-truck-005-00003,hauling,217.1,240.0,305109.34,59.2,True,False,4977.99,91791.87,False,False,False,94.0,24.6,[],1.0
c57989bf-8a5f-4cab-86bb-10ea9796f2e3,1.0,beta-minerals,north-site,fleet_telemetry,BETA-NORTH-TRUCK-006,haul_truck,2026-09-01T16:18:46.854Z,10,-16.540219,-71.504512,22.0,24.7,Pit-A,cycle-beta-north-truck-006-00003,hauling,222.9,240.0,382028.54,68.2,True,False,13244.51,239192.76,False,False,False,91.8,23.8,[],1.0
c14e41e7-de92-4fe0-8f38-c3196fbc0b9b,1.0,beta-minerals,north-site,fleet_telemetry,BETA-NORTH-TRUCK-007,haul_truck,2026-09-01T16:18:46.854Z,10,-16.641085,-71.50658,325.4,40.7,Pit-A,cycle-beta-north-truck-007-00003,hauling,225.6,240.0,61859.84,46.3,True,False,2596.76,104387.36,False,False,False,92.6,24.3,[],1.0
f4624380-fe8a-4537-9e83-9222f95eff53,1.0,beta-minerals,north-site,fleet_telemetry,BETA-NORTH-TRUCK-008,haul_truck,2026-09-01T16:18:46.854Z,10,-16.584437,-71.470455,287.9,31.3,Pit-A,cycle-beta-north-truck-008-00003,hauling,227.6,240.0,196137.77,59.0,True,False,13444.24,382128.07,False,False,False,87.1,24.8,[],1.0
94ed40f3-9d4c-425f-b06f-fb6c1acedf9e,1.0,beta-minerals,north-site,fleet_telemetry,BETA-NORTH-TRUCK-009,haul_truck,2026-09-01T16:18:46.854Z,10,-16.598233,-71.608947,216.2,37.1,Pit-A,cycle-beta-north-truck-009-00003,hauling,221.7,240.0,71731.18,47.0,True,False,12564.16,328474.72,False,False,False,88.0,24.8,[],1.0
03b3b860-faab-4a7a-a018-a905f6ea294e,1.0,beta-minerals,north-site,fleet_telemetry,BETA-NORTH-TRUCK-010,haul_truck,2026-09-01T16:18:46.854Z,10,-16.565907,-71.552003,104.5,31.8,Pit-A,cycle-beta-north-truck-010-00003,hauling,217.0,240.0,178936.15,64.3,True,False,11073.72,142931.2,False,False,False,90.9,24.0,[],1.0
d6eb00d2-b52a-4a47-ac22-6033e2ba124f,1.0,beta-minerals,north-site,fleet_telemetry,BETA-NORTH-TRUCK-011,haul_truck,2026-09-01T16:18:46.854Z,10,-16.623592,-71.573552,180.9,37.8,Pit-A,cycle-beta-north-truck-011-00003,hauling,226.6,240.0,23579.42,78.2,True,False,11160.44,72082.73,False,False,False,93.1,25.2,[],1.0
61103d79-b9ad-4ec3-8fcc-79c3b67dd299,1.0,beta-minerals,north-site,fleet_telemetry,BETA-NORTH-TRUCK-012,haul_truck,2026-09-01T16:18:46.854Z,10,-16.588641,-71.525835,216.8,24.7,Pit-A,cycle-beta-north-truck-012-00003,hauling,218.0,240.0,349921.67,59.6,True,False,17351.71,376360.0,False,False,False,91.3,24.6,[],1.0
13ab5696-3f59-4c48-b6a6-86c3643120d6,1.0,beta-minerals,north-site,fleet_telemetry,BETA-NORTH-TRUCK-013,haul_truck,2026-09-01T16:18:46.854Z,10,-16.555335,-71.530049,67.8,35.6,Pit-A,cycle-beta-north-truck-013-00003,hauling,219.6,240.0,371949.52,27.9,True,False,18253.61,251123.18,False,False,False,89.6,25.0,[],1.0
289687e6-fa6b-401c-8a6a-8ccac92284fa,1.0,beta-minerals,north-site,fleet_telemetry,BETA-NORTH-TRUCK-014,haul_truck,2026-09-01T16:18:46.854Z,10,-16.665235,-71.575431,115.5,25.9,Pit-A,cycle-beta-north-truck-014-00003,hauling,216.8,240.0,118914.62,86.2,True,False,16402.97,431813.42,False,False,False,88.2,25.1,[],1.0
1e48b7fb-bb78-4e63-9e63-d63ae400fcf7,1.0,beta-minerals,north-site,fleet_telemetry,BETA-NORTH-TRUCK-015,haul_truck,2026-09-01T16:18:46.854Z,10,-16.54076,-71.52342,310.4,37.1,Pit-A,cycle-beta-north-truck-015-00003,hauling,218.8,240.0,351278.63,41.5,True,False,10108.3,646193.59,False,False,False,90.3,24.4,[],1.0
e66178ff-37ab-4ccd-8edc-84af33b55b52,1.0,beta-minerals,north-site,fleet_telemetry,BETA-NORTH-TRUCK-016,haul_truck,2026-09-01T16:18:46.854Z,10,-16.660898,-71.561334,30.6,25.0,Pit-A,cycle-beta-north-truck-016-00003,hauling,227.9,240.0,100913.36,39.4,True,False,4318.82,107718.23,False,False,False,95.1,25.0,[],1.0
82b3bc6d-279b-47fa-9a9c-c28ac41ff2d0,1.0,beta-minerals,north-site,fleet_telemetry,BETA-NORTH-TRUCK-017,haul_truck,2026-09-01T16:18:46.854Z,10,-16.518035,-71.535209,172.4,27.9,Pit-A,cycle-beta-north-truck-017-00003,hauling,226.7,240.0,138759.98,65.0,True,False,4369.61,636770.33,False,False,False,93.9,23.9,[],1.0
e9d0e64c-f428-4e8c-8084-6e389dcca0a3,1.0,beta-minerals,north-site,fleet_telemetry,BETA-NORTH-TRUCK-018,haul_truck,2026-09-01T16:18:46.854Z,10,-16.626071,-71.512525,98.0,53.6,Pit-A,cycle-beta-north-truck-018-00003,hauling,225.2,240.0,191103.05,29.1,True,False,3674.5,492559.53,False,False,True,95.9,24.9,[],1.0
921493b0-24d5-4c9e-a800-4a6c377ee357,1.0,beta-minerals,north-site,fleet_telemetry,BETA-NORTH-TRUCK-019,haul_truck,2026-09-01T16:18:46.854Z,10,-16.562179,-71.539238,140.7,34.7,Pit-A,cycle-beta-north-truck-019-00003,hauling,226.7,240.0,374532.7,78.2,True,False,6093.17,468179.08,False,False,False,90.7,23.9,[],1.0
e3fefa3d-e9e9-4054-bc63-acd52420458c,1.0,beta-minerals,north-site,fleet_telemetry,BETA-NORTH-TRUCK-020,haul_truck,2026-09-01T16:18:46.854Z,10,-16.547391,-71.553063,54.7,36.9,Pit-A,cycle-beta-north-truck-020-00003,hauling,224.5,240.0,43227.87,80.6,True,False,14109.65,256358.81,False,False,False,92.5,23.9,[],1.0
a01ee16b-6b14-4a95-b778-ae53415924e4,1.0,beta-minerals,north-site,fleet_telemetry,BETA-NORTH-TRUCK-021,haul_truck,2026-09-01T16:18:46.854Z,10,-16.534836,-71.602644,231.2,30.8,Pit-A,cycle-beta-north-truck-021-00003,hauling,218.4,240.0,266061.15,85.8,True,False,10439.56,327468.26,False,False,False,91.0,24.8,[],1.0
3aa80ce9-5e45-4df8-a510-3075bb19b86d,1.0,beta-minerals,north-site,fleet_telemetry,BETA-NORTH-TRUCK-022,haul_truck,2026-09-01T16:18:46.854Z,10,-16.538443,-71.538331,248.3,25.7,Pit-A,cycle-beta-north-truck-022-00003,hauling,216.7,240.0,184995.69,92.7,True,False,18822.27,521277.33,False,False,False,93.7,24.4,[],1.0
95323fad-25fc-4c8d-90d9-55e6b1678300,1.0,beta-minerals,north-site,fleet_telemetry,BETA-NORTH-TRUCK-023,haul_truck,2026-09-01T16:18:46.854Z,10,-16.615414,-71.508252,152.8,53.1,Pit-A,cycle-beta-north-truck-023-00003,hauling,226.3,240.0,259103.24,58.9,True,False,7960.42,384098.45,False,False,True,88.1,25.0,[],1.0
d6ddd12f-3e2a-45aa-ac08-69a17577a516,1.0,beta-minerals,north-site,fleet_telemetry,BETA-NORTH-TRUCK-024,haul_truck,2026-09-01T16:18:46.854Z,10,-16.645088,-71.544455,142.8,24.4,Pit-A,cycle-beta-north-truck-024-00003,hauling,223.2,240.0,17164.5,90.0,True,False,14075.02,547122.6,False,False,False,94.4,24.8,[],1.0
278558ce-afd4-4a30-a334-e48a3cf115fb,1.0,beta-minerals,north-site,fleet_telemetry,BETA-NORTH-TRUCK-025,haul_truck,2026-09-01T16:18:46.854Z,10,-16.644945,-71.468289,177.5,28.4,Pit-A,cycle-beta-north-truck-025-00003,hauling,224.3,240.0,68042.47,70.4,True,False,5089.16,453813.1,False,False,False,86.6,24.8,[],1.0
de2092fd-3804-4bc7-ba72-14b2b70c7461,1.0,beta-minerals,north-site,fleet_telemetry,BETA-NORTH-TRUCK-026,haul_truck,2026-09-01T16:18:46.854Z,10,-16.606936,-71.568605,236.1,29.7,Pit-A,cycle-beta-north-truck-026-00003,hauling,226.4,240.0,407672.83,36.5,True,False,6108.27,254261.82,False,False,False,86.7,24.6,[],1.0
b0d7f6a0-9e5b-4a2f-94c6-c1f2e2b0f9eb,1.0,beta-minerals,north-site,fleet_telemetry,BETA-NORTH-TRUCK-027,haul_truck,2026-09-01T16:18:46.854Z,10,-16.657935,-71.522544,320.1,27.6,Pit-A,cycle-beta-north-truck-027-00003,hauling,225.6,240.0,51881.53,39.9,True,False,9899.71,77455.72,False,False,False,90.1,24.9,[],1.0
3f06e55d-b63f-49b0-8480-9d66c9d6353f,1.0,beta-minerals,north-site,fleet_telemetry,BETA-NORTH-TRUCK-028,haul_truck,2026-09-01T16:18:46.854Z,10,-16.602806,-71.596357,61.6,29.3,Pit-A,cycle-beta-north-truck-028-00003,hauling,218.3,240.0,369528.68,94.1,True,False,996.9,458226.4,False,False,False,94.8,24.5,[],1.0
1110b761-6b2c-4036-9d6b-e0ecbcd05283,1.0,beta-minerals,north-site,fleet_telemetry,BETA-NORTH-TRUCK-029,haul_truck,2026-09-01T16:18:46.854Z,10,-16.62252,-71.556274,301.8,57.4,Pit-A,cycle-beta-north-truck-029-00003,hauling,226.7,240.0,55409.38,50.7,True,False,2693.83,527753.08,False,False,True,95.1,24.0,[],1.0
3ae2f92d-f833-4c2a-a0ed-dfeb72a299e9,1.0,beta-minerals,north-site,fleet_telemetry,BETA-NORTH-TRUCK-030,haul_truck,2026-09-01T16:18:46.854Z,10,-16.572717,-71.59121,223.2,30.7,Pit-A,cycle-beta-north-truck-030-00003,hauling,228.0,240.0,40101.82,64.4,True,False,14401.43,446596.57,False,False,False,87.1,24.0,[],1.0
ef9530e4-4715-41bb-96d3-65b239842e04,1.0,beta-minerals,north-site,fleet_telemetry,BETA-NORTH-TRUCK-031,haul_truck,2026-09-01T16:18:46.854Z,10,-16.532802,-71.603636,280.1,34.4,Pit-A,cycle-beta-north-truck-031-00003,hauling,219.7,240.0,191153.06,73.0,True,False,14115.31,115365.93,False,False,False,94.6,24.1,[],1.0
8f51fa49-153a-4469-90ef-97795685329d,1.0,beta-minerals,north-site,fleet_telemetry,BETA-NORTH-TRUCK-032,haul_truck,2026-09-01T16:18:46.854Z,10,-16.648046,-71.573157,302.7,32.9,Pit-A,cycle-beta-north-truck-032-00003,hauling,218.3,240.0,433830.14,47.0,True,False,13298.98,261940.35,False,False,False,94.8,24.1,[],1.0
7349dd62-14f4-465e-99d3-c642537373d2,1.0,beta-minerals,north-site,fleet_telemetry,BETA-NORTH-TRUCK-033,haul_truck,2026-09-01T16:18:46.854Z,10,-16.66613,-71.481943,186.7,41.2,Pit-A,cycle-beta-north-truck-033-00003,hauling,220.9,240.0,135365.86,90.8,True,False,13541.19,474343.42,False,False,False,90.4,24.4,[],1.0
1e0470f0-3348-43ae-8c1f-dfe73bf2cbab,1.0,beta-minerals,north-site,fleet_telemetry,BETA-NORTH-TRUCK-034,haul_truck,2026-09-01T16:18:46.854Z,10,-16.661695,-71.473875,83.1,40.2,Pit-A,cycle-beta-north-truck-034-00003,hauling,224.5,240.0,339051.91,45.6,True,False,11776.3,340999.45,False,False,False,87.0,24.9,[],1.0
718566ec-ae1e-4cd5-a14c-374310260ee1,1.0,beta-minerals,north-site,fleet_telemetry,BETA-NORTH-TRUCK-035,haul_truck,2026-09-01T16:18:46.854Z,10,-16.528229,-71.615587,173.0,26.3,Pit-A,cycle-beta-north-truck-035-00003,hauling,226.7,240.0,290756.93,29.9,True,False,8980.79,171881.73,False,False,False,91.8,23.9,[],1.0
4bf53568-a19e-4489-a73d-efc265221d22,1.0,beta-minerals,north-site,fleet_telemetry,BETA-NORTH-TRUCK-036,haul_truck,2026-09-01T16:18:46.854Z,10,-16.56118,-71.495503,287.7,28.7,Pit-A,cycle-beta-north-truck-036-00003,hauling,225.0,240.0,260088.08,50.5,True,False,3598.05,562313.04,False,False,False,88.7,24.3,[],1.0
76f1f4db-911e-4c50-8aab-b1f482dc0c18,1.0,beta-minerals,north-site,fleet_telemetry,BETA-NORTH-TRUCK-037,haul_truck,2026-09-01T16:18:46.854Z,10,-16.660711,-71.491244,149.0,27.2,Pit-A,cycle-beta-north-truck-037-00003,hauling,220.6,240.0,125362.23,27.7,True,False,1153.83,62545.72,False,False,False,86.7,24.3,[],1.0
c0c9b0dd-304f-4a02-bc9b-adf2abae16a2,1.0,beta-minerals,north-site,fleet_telemetry,BETA-NORTH-TRUCK-038,haul_truck,2026-09-01T16:18:46.854Z,10,-16.584403,-71.593128,218.7,25.8,Pit-A,cycle-beta-north-truck-038-00003,hauling,220.5,240.0,187002.77,69.8,True,False,17062.75,286852.62,False,False,False,86.9,24.4,[],1.0
bbcb0438-1a81-4df4-9519-47d07971570b,1.0,beta-minerals,north-site,fleet_telemetry,BETA-NORTH-TRUCK-039,haul_truck,2026-09-01T16:18:46.854Z,10,-16.607912,-71.515983,327.4,37.5,Pit-A,cycle-beta-north-truck-039-00003,hauling,219.2,240.0,365547.14,62.5,True,False,11639.67,148014.65,False,False,False,95.7,24.0,[],1.0
9f00bd56-01f8-4c12-9446-624382781837,1.0,beta-minerals,north-site,fleet_telemetry,BETA-NORTH-TRUCK-040,haul_truck,2026-09-01T16:18:46.854Z,10,-16.631317,-71.469539,349.4,31.2,Pit-A,cycle-beta-north-truck-040-00003,hauling,227.1,240.0,429509.02,41.6,True,False,7375.61,295616.44,False,False,False,95.4,25.2,[],1.0
4fa5514a-3942-4d43-8686-18c2233016ee,1.0,beta-minerals,north-site,fleet_telemetry,BETA-NORTH-TRUCK-041,haul_truck,2026-09-01T16:18:46.854Z,10,-16.557115,-71.505255,98.1,33.0,Pit-A,cycle-beta-north-truck-041-00003,hauling,219.5,240.0,335890.31,33.3,True,False,7356.96,487267.13,False,False,False,94.0,24.8,[],1.0
18f43200-250d-41f3-b9d3-620df0ba0f66,1.0,beta-minerals,north-site,fleet_telemetry,BETA-NORTH-TRUCK-042,haul_truck,2026-09-01T16:18:46.854Z,10,-16.650087,-71.492541,83.1,29.1,Pit-A,cycle-beta-north-truck-042-00003,hauling,225.5,240.0,327137.54,36.6,True,False,11887.73,513282.1,False,False,False,86.3,23.8,[],1.0
ba3ca4eb-a968-4dbd-b3bc-b4aeadc8ba11,1.0,beta-minerals,north-site,fleet_telemetry,BETA-NORTH-TRUCK-043,haul_truck,2026-09-01T16:18:46.854Z,10,-16.660139,-71.503501,344.2,25.6,Pit-A,cycle-beta-north-truck-043-00003,hauling,217.8,240.0,365128.16,44.0,True,False,17154.34,38494.67,False,False,False,93.8,25.2,[],1.0
e5604654-bc85-4427-927a-f3ba037d9729,1.0,beta-minerals,north-site,fleet_telemetry,BETA-NORTH-TRUCK-044,haul_truck,2026-09-01T16:18:46.854Z,10,-16.643652,-71.592296,261.6,30.8,Pit-A,cycle-beta-north-truck-044-00003,hauling,224.3,240.0,34393.92,85.1,True,False,11318.34,341792.84,False,False,False,92.5,24.9,[],1.0
0734c4db-9789-43e9-8033-c6207a8cf26b,1.0,beta-minerals,north-site,fleet_telemetry,BETA-NORTH-TRUCK-045,haul_truck,2026-09-01T16:18:46.854Z,10,-16.533014,-71.615553,314.8,37.4,Pit-A,cycle-beta-north-truck-045-00003,hauling,222.4,240.0,335943.89,25.1,True,False,15091.37,92660.45,False,False,False,92.6,25.1,[],1.0
f13c91eb-0c91-47e0-ac0f-ef6cd3db82c6,1.0,beta-minerals,north-site,fleet_telemetry,BETA-NORTH-TRUCK-046,haul_truck,2026-09-01T16:18:46.854Z,10,-16.581973,-71.471233,281.0,29.8,Pit-A,cycle-beta-north-truck-046-00003,hauling,223.0,240.0,419711.14,85.0,True,False,8919.18,114553.58,False,False,False,88.6,24.6,[],1.0
1186fab1-d9cf-4d75-8e92-e257b029ae3c,1.0,beta-minerals,north-site,fleet_telemetry,BETA-NORTH-TRUCK-047,haul_truck,2026-09-01T16:18:46.854Z,10,-16.538203,-71.52608,289.2,25.5,Pit-A,cycle-beta-north-truck-047-00003,hauling,217.4,240.0,412976.8,47.3,True,False,5559.74,176406.04,False,False,False,87.9,24.9,[],1.0
a84990b5-bc6b-44d6-9105-3209574741a6,1.0,beta-minerals,north-site,fleet_telemetry,BETA-NORTH-TRUCK-048,haul_truck,2026-09-01T16:18:46.854Z,10,-16.659345,-71.543097,202.3,39.4,Pit-A,cycle-beta-north-truck-048-00003,hauling,225.8,240.0,441822.81,91.7,True,False,4602.11,526733.18,False,False,False,92.3,24.1,[],1.0
39fa07d9-59c9-4c32-a37f-a3c9ba8fd5c2,1.0,beta-minerals,north-site,fleet_telemetry,BETA-NORTH-TRUCK-049,haul_truck,2026-09-01T16:18:46.854Z,10,-16.580175,-71.568877,334.0,37.4,Pit-A,cycle-beta-north-truck-049-00003,hauling,221.0,240.0,13507.14,39.0,True,False,7738.79,368447.81,False,False,False,94.1,24.3,[],1.0
854cf389-1592-4f60-8616-cfb279977fe3,1.0,beta-minerals,north-site,fleet_telemetry,BETA-NORTH-TRUCK-050,haul_truck,2026-09-01T16:18:46.854Z,10,-16.553228,-71.530087,91.8,35.9,Pit-A,cycle-beta-north-truck-050-00003,hauling,218.2,240.0,449027.04,79.3,True,False,8607.41,632270.61,False,False,False,95.5,24.7,[],1.0
f71a0854-e633-43f6-b051-36bfc936f4e2,1.0,beta-minerals,north-site,fleet_telemetry,BETA-NORTH-TRUCK-051,haul_truck,2026-09-01T16:18:46.854Z,10,-16.536064,-71.477084,171.3,31.0,Pit-A,cycle-beta-north-truck-051-00003,hauling,227.8,240.0,112519.71,49.2,True,False,935.23,278322.97,False,False,False,93.5,24.8,[],1.0
22fc31a0-1e60-428d-8737-d3c03cba8421,1.0,beta-minerals,north-site,fleet_telemetry,BETA-NORTH-TRUCK-052,haul_truck,2026-09-01T16:18:46.854Z,10,-16.637607,-71.460166,40.4,41.4,Pit-A,cycle-beta-north-truck-052-00003,hauling,222.0,240.0,334757.08,46.5,True,False,16889.31,257053.36,False,False,False,95.7,25.2,[],1.0
1300430e-60e6-40a5-8d20-64560fe1feea,1.0,beta-minerals,north-site,fleet_telemetry,BETA-NORTH-TRUCK-053,haul_truck,2026-09-01T16:18:46.854Z,10,-16.633345,-71.48217,97.5,37.4,Pit-A,cycle-beta-north-truck-053-00003,hauling,223.8,240.0,133123.83,28.0,True,False,21418.27,109695.52,False,False,False,90.5,24.4,[],1.0
011e6dc0-c978-4e57-ba62-b12654988ae9,1.0,beta-minerals,north-site,fleet_telemetry,BETA-NORTH-TRUCK-054,haul_truck,2026-09-01T16:18:46.854Z,10,-16.568416,-71.554399,293.7,35.9,Pit-A,cycle-beta-north-truck-054-00003,hauling,218.8,240.0,265539.78,60.3,True,False,10519.32,491176.85,False,False,False,92.7,24.8,[],1.0
c8aac664-fd9e-42fc-8a71-dc9daa5888d8,1.0,beta-minerals,north-site,fleet_telemetry,BETA-NORTH-TRUCK-055,haul_truck,2026-09-01T16:18:46.854Z,10,-16.620012,-71.489346,32.8,33.9,Pit-A,cycle-beta-north-truck-055-00003,hauling,222.2,240.0,114180.27,43.2,True,False,10021.65,627457.76,False,False,False,90.9,25.1,[],1.0
69ab2a4c-7003-4181-8c54-d102bb8b6f66,1.0,beta-minerals,north-site,fleet_telemetry,BETA-NORTH-TRUCK-056,haul_truck,2026-09-01T16:18:46.854Z,10,-16.545582,-71.523954,245.8,39.3,Pit-A,cycle-beta-north-truck-056-00003,hauling,227.6,240.0,42863.18,39.1,True,False,7542.84,191332.45,False,False,False,87.0,24.7,[],1.0
272e0444-7111-4ee9-9439-d0668fe4e7a9,1.0,beta-minerals,north-site,fleet_telemetry,BETA-NORTH-TRUCK-057,haul_truck,2026-09-01T16:18:46.854Z,10,-16.54717,-71.545193,97.4,35.5,Pit-A,cycle-beta-north-truck-057-00003,hauling,224.9,240.0,63124.87,50.0,True,False,10330.83,217841.18,False,False,False,86.4,25.2,[],1.0
f7fcdbbf-ec7f-4e7e-8d35-4c619756ef00,1.0,beta-minerals,north-site,fleet_telemetry,BETA-NORTH-TRUCK-058,haul_truck,2026-09-01T16:18:46.854Z,10,-16.573893,-71.583149,225.1,41.0,Pit-A,cycle-beta-north-truck-058-00003,hauling,227.1,240.0,143855.3,74.3,True,False,2716.94,528786.27,False,False,False,88.9,25.0,[],1.0
715ebccc-467e-4b7f-b752-0d23ab710b78,1.0,beta-minerals,north-site,fleet_telemetry,BETA-NORTH-TRUCK-059,haul_truck,2026-09-01T16:18:46.854Z,10,-16.562058,-71.575909,292.8,39.3,Pit-A,cycle-beta-north-truck-059-00003,hauling,217.8,240.0,166527.52,60.9,True,False,2733.73,176378.09,False,False,False,96.0,24.6,[],1.0
680c52c1-f18a-4b31-aa38-a21f4aecc85d,1.0,beta-minerals,north-site,fleet_telemetry,BETA-NORTH-TRUCK-060,haul_truck,2026-09-01T16:18:46.854Z,10,-16.65519,-71.60119,237.0,35.5,Pit-A,cycle-beta-north-truck-060-00003,hauling,224.6,240.0,254620.36,63.4,True,False,20984.46,558399.07,False,False,False,94.6,24.6,[],1.0
c24bc989-a708-41a7-ad76-cd2f05ea8e1a,1.0,beta-minerals,north-site,fleet_telemetry,BETA-NORTH-TRUCK-061,haul_truck,2026-09-01T16:18:46.854Z,10,-16.538627,-71.557947,229.3,34.0,Pit-A,cycle-beta-north-truck-061-00003,hauling,226.6,240.0,442330.29,34.1,True,False,1053.5,543134.8,False,False,False,89.8,25.1,[],1.0
83586125-2ec2-46b1-aaeb-9588ec70d7a4,1.0,beta-minerals,north-site,fleet_telemetry,BETA-NORTH-TRUCK-062,haul_truck,2026-09-01T16:18:46.854Z,10,-16.660089,-71.473044,23.3,32.5,Pit-A,cycle-beta-north-truck-062-00003,hauling,226.6,240.0,367609.43,26.5,True,False,13145.28,183057.3,False,False,False,93.3,24.5,[],1.0
a681b23c-615c-4db3-9bac-f9352cc3dc3a,1.0,beta-minerals,north-site,fleet_telemetry,BETA-NORTH-TRUCK-063,haul_truck,2026-09-01T16:18:46.854Z,10,-16.519668,-71.609326,335.6,41.8,Pit-A,cycle-beta-north-truck-063-00003,hauling,225.5,240.0,365911.08,33.5,True,False,2749.96,553783.77,False,False,False,88.8,25.1,[],1.0
82877aee-10a5-47ae-9985-e192d385d330,1.0,beta-minerals,north-site,fleet_telemetry,BETA-NORTH-TRUCK-064,haul_truck,2026-09-01T16:18:46.854Z,10,-16.642797,-71.583181,92.8,32.8,Pit-A,cycle-beta-north-truck-064-00003,hauling,216.9,240.0,22972.92,72.8,True,False,18219.74,268849.42,False,False,False,95.3,24.3,[],1.0
f8be9904-0c67-400f-92d3-fdfd721c5c34,1.0,beta-minerals,north-site,fleet_telemetry,BETA-NORTH-TRUCK-065,haul_truck,2026-09-01T16:18:46.854Z,10,-16.56682,-71.537608,164.6,35.7,Pit-A,cycle-beta-north-truck-065-00003,hauling,218.9,240.0,280207.6,68.1,True,False,10255.46,113638.0,False,False,False,93.6,24.9,[],1.0
82e93d57-c29d-4d42-bfa1-bd8c5ebb4fc7,1.0,beta-minerals,north-site,fleet_telemetry,BETA-NORTH-TRUCK-066,haul_truck,2026-09-01T16:18:46.854Z,10,-16.52885,-71.533344,241.3,27.1,Pit-A,cycle-beta-north-truck-066-00003,hauling,227.5,240.0,70384.56,38.9,True,False,2092.77,196259.08,False,False,False,94.1,25.1,[],1.0
a3296cc7-e196-424b-b469-60ad274c620f,1.0,beta-minerals,north-site,fleet_telemetry,BETA-NORTH-TRUCK-067,haul_truck,2026-09-01T16:18:46.854Z,10,-16.583262,-71.539974,173.8,39.4,Pit-A,cycle-beta-north-truck-067-00003,hauling,222.0,240.0,354043.65,50.1,True,False,17650.75,643324.54,False,False,False,93.2,24.2,[],1.0
4bfe3559-c11d-420d-9e02-67806ab93a4e,1.0,beta-minerals,north-site,fleet_telemetry,BETA-NORTH-TRUCK-068,haul_truck,2026-09-01T16:18:46.854Z,10,-16.665733,-71.487824,43.5,36.1,Pit-A,cycle-beta-north-truck-068-00003,hauling,221.6,240.0,21468.41,66.7,True,False,7618.03,190374.73,False,False,False,91.6,24.0,[],1.0
5c154cc6-feba-4194-a413-dd5026e08dc7,1.0,beta-minerals,north-site,fleet_telemetry,BETA-NORTH-TRUCK-069,haul_truck,2026-09-01T16:18:46.854Z,10,-16.654411,-71.512472,298.1,28.4,Pit-A,cycle-beta-north-truck-069-00003,hauling,223.8,240.0,449827.24,93.1,True,False,12023.98,503110.76,False,False,False,93.7,24.6,[],1.0
c9166cee-a8c2-4ea2-89d2-97f044f93cdd,1.0,beta-minerals,north-site,fleet_telemetry,BETA-NORTH-TRUCK-070,haul_truck,2026-09-01T16:18:46.854Z,10,-16.608236,-71.467845,146.1,26.9,Pit-A,cycle-beta-north-truck-070-00003,hauling,216.7,240.0,263305.24,93.7,True,False,16997.87,617115.78,False,False,False,90.1,24.8,[],1.0
1ba74181-363a-40c6-8f98-47fb025468b7,1.0,beta-minerals,north-site,fleet_telemetry,BETA-NORTH-TRUCK-071,haul_truck,2026-09-01T16:18:46.854Z,10,-16.524133,-71.612996,205.5,26.7,Pit-A,cycle-beta-north-truck-071-00003,hauling,222.6,240.0,364733.21,73.8,True,False,4533.34,393287.51,False,False,False,88.2,25.2,[],1.0
57f32425-087d-4f88-b728-877ab5de89e0,1.0,beta-minerals,north-site,fleet_telemetry,BETA-NORTH-TRUCK-072,haul_truck,2026-09-01T16:18:46.854Z,10,-16.52935,-71.538696,276.6,32.3,Pit-A,cycle-beta-north-truck-072-00003,hauling,222.4,240.0,92823.52,94.1,True,False,12748.47,374758.88,False,False,False,95.8,23.8,[],1.0
4d8b639e-5a42-412c-b5a7-5ef01682cb3d,1.0,beta-minerals,north-site,fleet_telemetry,BETA-NORTH-TRUCK-073,haul_truck,2026-09-01T16:18:46.854Z,10,-16.593934,-71.564415,354.1,24.2,Pit-A,cycle-beta-north-truck-073-00003,hauling,225.1,240.0,274732.33,26.3,True,False,1604.85,55386.04,False,False,False,91.9,24.4,[],1.0
2ca3e685-6c85-40c1-b28f-a1f25ee141e7,1.0,beta-minerals,north-site,fleet_telemetry,BETA-NORTH-TRUCK-074,haul_truck,2026-09-01T16:18:46.854Z,10,-16.660887,-71.593837,330.8,38.6,Pit-A,cycle-beta-north-truck-074-00003,hauling,222.1,240.0,363067.46,85.7,True,False,8024.11,131799.97,False,False,False,93.3,24.8,[],1.0
cd17648b-72ef-4370-8b2f-55bfb14a6240,1.0,beta-minerals,north-site,fleet_telemetry,BETA-NORTH-TRUCK-075,haul_truck,2026-09-01T16:18:46.854Z,10,-16.610606,-71.466814,270.8,31.8,Pit-A,cycle-beta-north-truck-075-00003,hauling,222.0,240.0,388695.27,92.2,True,False,17216.58,553283.2,False,False,False,94.4,23.8,[],1.0
94b7ac6d-efc2-4237-99ca-e4d235707cfd,1.0,beta-minerals,north-site,fleet_telemetry,BETA-NORTH-TRUCK-076,haul_truck,2026-09-01T16:18:46.854Z,10,-16.600466,-71.515273,248.9,41.4,Pit-A,cycle-beta-north-truck-076-00003,hauling,223.1,240.0,439379.4,76.2,True,False,7935.11,223240.27,False,False,False,92.7,24.5,[],1.0
46611985-e1fc-4b1f-adbf-e56fe909c909,1.0,beta-minerals,north-site,fleet_telemetry,BETA-NORTH-TRUCK-077,haul_truck,2026-09-01T16:18:46.854Z,10,-16.544503,-71.581811,306.8,29.5,Pit-A,cycle-beta-north-truck-077-00003,hauling,223.4,240.0,315167.28,90.0,True,False,4493.11,630308.25,False,False,False,89.5,24.9,[],1.0
71a27b15-85e3-44cc-8049-222a612cdda5,1.0,beta-minerals,north-site,fleet_telemetry,BETA-NORTH-TRUCK-078,haul_truck,2026-09-01T16:18:46.854Z,10,-16.670106,-71.505186,129.7,36.1,Pit-A,cycle-beta-north-truck-078-00003,hauling,217.6,240.0,139588.3,37.4,True,False,8821.76,482417.08,False,False,False,90.7,24.2,[],1.0
0a89e145-eb1e-4456-8202-4a82cbd3f706,1.0,beta-minerals,north-site,fleet_telemetry,BETA-NORTH-TRUCK-079,haul_truck,2026-09-01T16:18:46.854Z,10,-16.635082,-71.527011,207.8,37.9,Pit-A,cycle-beta-north-truck-079-00003,hauling,223.0,240.0,415257.52,92.7,True,False,1486.53,399505.1,False,False,False,91.0,23.8,[],1.0
44c31dba-fe5d-452d-a9aa-320cb7d982a0,1.0,beta-minerals,north-site,fleet_telemetry,BETA-NORTH-TRUCK-080,haul_truck,2026-09-01T16:18:46.854Z,10,-16.568598,-71.463393,64.6,54.4,Pit-A,cycle-beta-north-truck-080-00003,hauling,216.7,240.0,162597.16,47.3,True,False,7820.78,69018.44,False,False,True,90.4,24.7,[],1.0
9f863dc7-8b49-4350-80df-c219379ecfb4,1.0,acme-mining,site-01,fleet_telemetry,ACME-S01-TRUCK-001,haul_truck,2026-09-01T16:18:51.854Z,11,-16.552532,-71.509183,306.2,1.0,Dump-A,cycle-acme-s01-truck-001-00003,dumping,0.0,240.0,131013.63,40.6,True,True,14355.86,35757.01,False,False,False,87.5,24.8,[],1.0
0813212c-e388-44c2-a5ec-27ee45a2bcab,1.0,acme-mining,site-01,fleet_telemetry,ACME-S01-TRUCK-002,haul_truck,2026-09-01T16:18:51.854Z,11,-16.574104,-71.527686,326.5,1.1,Dump-A,cycle-acme-s01-truck-002-00003,dumping,0.0,240.0,51226.63,41.2,True,True,13318.46,40023.32,False,False,False,94.5,25.1,[],1.0
2b6ae739-e0a4-42df-bc81-e4a177e1bf10,1.0,acme-mining,site-01,fleet_telemetry,ACME-S01-TRUCK-003,haul_truck,2026-09-01T16:18:51.854Z,11,-16.548994,-71.591933,330.5,1.3,Dump-A,cycle-acme-s01-truck-003-00003,dumping,0.0,240.0,132404.64,85.8,True,True,9693.84,303001.94,False,False,False,86.2,24.8,[],1.0
03290e2b-b5c8-43d3-abe0-39e9524ba2f3,1.0,acme-mining,site-01,fleet_telemetry,ACME-S01-TRUCK-004,haul_truck,2026-09-01T16:18:51.854Z,11,-16.654906,-71.481952,79.2,0.9,Dump-A,cycle-acme-s01-truck-004-00003,dumping,0.0,240.0,158102.33,31.4,True,True,4096.18,623044.51,False,False,False,95.6,24.9,[],1.0
58df44bf-bd8c-4d3b-9ec0-a2f3d7e5d5d9,1.0,acme-mining,site-01,fleet_telemetry,ACME-S01-TRUCK-005,haul_truck,2026-09-01T16:18:51.854Z,11,-16.582098,-71.484808,58.7,0.1,Dump-A,cycle-acme-s01-truck-005-00003,dumping,0.0,240.0,438171.66,51.4,True,True,16270.33,357823.93,False,False,False,91.8,24.0,[],1.0
ed9ee79d-dd8f-45c8-acd5-0831051009a6,1.0,acme-mining,site-01,fleet_telemetry,ACME-S01-TRUCK-006,haul_truck,2026-09-01T16:18:51.854Z,11,-16.624075,-71.604676,95.4,0.8,Dump-A,cycle-acme-s01-truck-006-00003,dumping,0.0,240.0,30163.46,40.9,True,True,13039.88,463880.49,False,False,False,93.7,24.7,[],1.0
571c9057-8b1e-4771-aa88-4441dc38f3a0,1.0,acme-mining,site-01,fleet_telemetry,ACME-S01-TRUCK-007,haul_truck,2026-09-01T16:18:51.854Z,11,-16.613536,-71.510271,243.4,1.4,Dump-A,cycle-acme-s01-truck-007-00003,dumping,0.0,240.0,377009.32,36.3,True,True,8858.69,305648.71,False,False,False,90.8,25.1,[],1.0
9820295a-bccb-4b06-86d0-0e368d9a4853,1.0,acme-mining,site-01,fleet_telemetry,ACME-S01-TRUCK-008,haul_truck,2026-09-01T16:18:51.854Z,11,-16.609698,-71.459177,138.7,0.7,Dump-A,cycle-acme-s01-truck-008-00003,dumping,0.0,240.0,330816.52,36.4,True,True,13713.59,127817.57,False,False,False,91.6,24.8,[],1.0
ad5c3bfb-4ea5-4900-bf71-d94600a3c14a,1.0,acme-mining,site-01,fleet_telemetry,ACME-S01-TRUCK-009,haul_truck,2026-09-01T16:18:51.854Z,11,-16.538918,-71.488685,330.4,0.4,Dump-A,cycle-acme-s01-truck-009-00003,dumping,0.0,240.0,348058.7,28.9,True,True,5455.86,224298.35,False,False,False,106.6,25.1,"[""ENG_OVERHEAT""]",0.72
e1aa9b86-0300-4ea3-a511-8a7630dcd753,1.0,acme-mining,site-01,fleet_telemetry,ACME-S01-TRUCK-010,haul_truck,2026-09-01T16:18:51.854Z,11,-16.565557,-71.554153,47.3,0.3,Dump-A,cycle-acme-s01-truck-010-00003,dumping,0.0,240.0,395602.48,47.0,True,True,5272.85,614033.37,False,False,False,95.8,23.8,[],1.0
adbb487b-b3ca-4868-9702-53288007b075,1.0,acme-mining,site-01,fleet_telemetry,ACME-S01-TRUCK-011,haul_truck,2026-09-01T16:18:51.854Z,11,-16.550908,-71.548946,358.7,0.3,Dump-A,cycle-acme-s01-truck-011-00003,dumping,0.0,240.0,337795.88,62.7,True,True,3828.89,107967.33,False,False,False,89.9,24.3,[],1.0
ae297f25-3532-4b59-83da-3f5967ca7307,1.0,acme-mining,site-01,fleet_telemetry,ACME-S01-TRUCK-012,haul_truck,2026-09-01T16:18:51.854Z,11,-16.662833,-71.599932,60.5,0.1,Dump-A,cycle-acme-s01-truck-012-00003,dumping,0.0,240.0,234192.3,31.3,True,True,5449.62,648448.97,False,False,False,92.7,24.0,[],1.0
25134a42-fd73-4378-993d-eb11b1e5f407,1.0,acme-mining,site-01,fleet_telemetry,ACME-S01-TRUCK-013,haul_truck,2026-09-01T16:18:51.854Z,11,-16.630221,-71.529,29.5,0.6,Dump-A,cycle-acme-s01-truck-013-00003,dumping,0.0,240.0,272191.64,57.7,True,True,13443.89,262403.65,False,False,False,86.6,24.0,[],1.0
5526f06e-f738-42e0-bacf-f236481930b9,1.0,acme-mining,site-01,fleet_telemetry,ACME-S01-TRUCK-014,haul_truck,2026-09-01T16:18:51.854Z,11,-16.652519,-71.54793,280.7,1.1,Dump-A,cycle-acme-s01-truck-014-00003,dumping,0.0,240.0,127403.81,69.8,True,True,15252.28,358291.57,False,False,False,93.1,25.0,[],1.0
f1ef1301-949b-4d68-9418-6cbb44147acc,1.0,acme-mining,site-01,fleet_telemetry,ACME-S01-TRUCK-015,haul_truck,2026-09-01T16:18:51.854Z,11,-16.570351,-71.482862,21.3,0.9,Dump-A,cycle-acme-s01-truck-015-00003,dumping,0.0,240.0,233380.66,32.4,True,True,21404.04,500036.44,False,False,False,88.2,24.3,[],1.0
bb85fa08-0089-43ea-993e-69dea7a3d512,1.0,acme-mining,site-01,fleet_telemetry,ACME-S01-TRUCK-016,haul_truck,2026-09-01T16:18:51.854Z,11,-16.585561,-71.617405,209.0,0.9,Dump-A,cycle-acme-s01-truck-016-00003,dumping,0.0,240.0,247327.5,79.4,True,True,4040.21,500382.06,False,False,False,93.7,25.1,[],1.0
915ee8c1-d99b-4cea-b32f-e7c75b66ae2b,1.0,acme-mining,site-01,fleet_telemetry,ACME-S01-TRUCK-017,haul_truck,2026-09-01T16:18:51.854Z,11,-16.63213,-71.578971,284.6,0.1,Dump-A,cycle-acme-s01-truck-017-00003,dumping,0.0,240.0,443542.13,81.4,True,True,3171.61,248678.13,False,False,False,88.2,24.9,[],1.0
dee20bf0-6f50-4cde-abcb-783d4334c9ad,1.0,acme-mining,site-01,fleet_telemetry,ACME-S01-TRUCK-018,haul_truck,2026-09-01T16:18:51.854Z,11,-16.547856,-71.596952,181.7,0.5,Dump-A,cycle-acme-s01-truck-018-00003,dumping,0.0,240.0,40454.24,78.2,True,True,2615.87,326174.21,False,False,False,92.6,24.6,[],1.0
cbc77ee2-ed1d-4db1-ba57-4cc9cb4e48da,1.0,acme-mining,site-01,fleet_telemetry,ACME-S01-TRUCK-019,haul_truck,2026-09-01T16:18:51.854Z,11,-16.521838,-71.49668,209.7,1.3,Dump-A,cycle-acme-s01-truck-019-00003,dumping,0.0,240.0,276902.05,92.4,True,True,4300.71,352434.7,False,False,False,86.2,24.3,[],1.0
f13aadb2-015a-460b-94f0-b7dafb3797c1,1.0,acme-mining,site-01,fleet_telemetry,ACME-S01-TRUCK-020,haul_truck,2026-09-01T16:18:51.854Z,11,-16.598158,-71.57781,17.4,0.2,Dump-A,cycle-acme-s01-truck-020-00003,dumping,0.0,240.0,174305.75,87.9,True,True,9258.65,443163.05,False,False,False,94.6,24.2,[],1.0
cd0731c1-b5e6-457c-9a69-9b0c44fdecdf,1.0,acme-mining,site-01,fleet_telemetry,ACME-S01-TRUCK-021,haul_truck,2026-09-01T16:18:51.854Z,11,-16.569433,-71.580877,271.6,0.0,Dump-A,cycle-acme-s01-truck-021-00003,dumping,0.0,240.0,106896.38,29.9,True,True,13272.16,164972.52,False,False,False,86.7,25.0,[],1.0
0314249f-6854-4c31-9f7b-0dde11162804,1.0,acme-mining,site-01,fleet_telemetry,ACME-S01-TRUCK-022,haul_truck,2026-09-01T16:18:51.854Z,11,-16.649209,-71.467812,279.3,1.2,Dump-A,cycle-acme-s01-truck-022-00003,dumping,0.0,240.0,304350.95,39.9,True,True,2302.19,169943.23,False,False,False,113.1,25.1,"[""ENG_OVERHEAT""]",0.72
c76165df-5b54-4edd-88d2-31b283d90d81,1.0,acme-mining,site-01,fleet_telemetry,ACME-S01-TRUCK-023,haul_truck,2026-09-01T16:18:51.854Z,11,-16.564964,-71.560822,268.9,1.3,Dump-A,cycle-acme-s01-truck-023-00003,dumping,0.0,240.0,189107.11,31.5,True,True,5951.56,317973.2,False,False,False,88.5,24.9,[],1.0
463a347b-037c-4dfc-b34c-084b49c104f7,1.0,acme-mining,site-01,fleet_telemetry,ACME-S01-TRUCK-024,haul_truck,2026-09-01T16:18:51.854Z,11,-16.616111,-71.47964,249.0,1.3,Dump-A,cycle-acme-s01-truck-024-00003,dumping,0.0,240.0,53304.59,53.1,True,True,15075.34,640024.31,False,False,False,93.0,24.5,[],1.0
6d427bed-e5f5-41d8-b53c-6775648d07f4,1.0,acme-mining,site-01,fleet_telemetry,ACME-S01-TRUCK-025,haul_truck,2026-09-01T16:18:51.854Z,11,-16.530461,-71.60542,98.3,0.2,Dump-A,cycle-acme-s01-truck-025-00003,dumping,0.0,240.0,90735.46,57.3,True,True,12169.27,108315.1,False,False,False,113.6,24.6,"[""ENG_OVERHEAT""]",0.72
bf1fe34a-07e8-4e91-aaad-53ffb66970ea,1.0,acme-mining,site-01,fleet_telemetry,ACME-S01-TRUCK-026,haul_truck,2026-09-01T16:18:51.854Z,11,-16.65551,-71.496874,295.2,0.4,Dump-A,cycle-acme-s01-truck-026-00003,dumping,0.0,240.0,247859.42,26.0,True,True,2875.68,430851.51,False,False,False,89.5,23.8,[],1.0
aa1ee9f1-c8b8-4005-9ec1-2e900a414946,1.0,acme-mining,site-01,fleet_telemetry,ACME-S01-TRUCK-027,haul_truck,2026-09-01T16:18:51.854Z,11,-16.609763,-71.459832,327.0,1.0,Dump-A,cycle-acme-s01-truck-027-00003,dumping,0.0,240.0,186458.46,29.0,True,True,11095.61,154661.06,False,False,False,89.3,24.5,[],1.0
df3660fb-4777-40b9-9429-2f60c90458ad,1.0,acme-mining,site-01,fleet_telemetry,ACME-S01-TRUCK-028,haul_truck,2026-09-01T16:18:51.854Z,11,-16.564493,-71.539641,94.4,0.6,Dump-A,cycle-acme-s01-truck-028-00003,dumping,0.0,240.0,331423.07,79.8,True,True,6847.3,458852.91,False,False,False,95.4,24.4,[],1.0
648831c1-a13d-434d-b857-ae4d8d99e849,1.0,acme-mining,site-01,fleet_telemetry,ACME-S01-TRUCK-029,haul_truck,2026-09-01T16:18:51.854Z,11,-16.66126,-71.524002,196.6,0.9,Dump-A,cycle-acme-s01-truck-029-00003,dumping,0.0,240.0,248566.62,77.3,True,True,21336.65,384883.84,False,False,False,92.2,25.0,[],1.0
7539eb24-b219-4506-b8e0-060c53f5d052,1.0,acme-mining,site-01,fleet_telemetry,ACME-S01-TRUCK-030,haul_truck,2026-09-01T16:18:51.854Z,11,-16.57519,-71.509464,98.7,0.9,Dump-A,cycle-acme-s01-truck-030-00003,dumping,0.0,240.0,45249.77,37.9,True,True,4137.59,625290.97,False,False,False,111.5,24.2,"[""ENG_OVERHEAT""]",0.72
dcbcd7d5-6695-48af-9452-72a94f58883d,1.0,acme-mining,site-01,fleet_telemetry,ACME-S01-TRUCK-031,haul_truck,2026-09-01T16:18:51.854Z,11,-16.657284,-71.512314,129.2,1.0,Dump-A,cycle-acme-s01-truck-031-00003,dumping,0.0,240.0,264725.11,27.7,True,True,20761.85,378895.76,False,False,False,88.9,25.1,[],1.0
aa3ee877-89a7-43aa-a564-056b8c2aa2b4,1.0,acme-mining,site-01,fleet_telemetry,ACME-S01-TRUCK-032,haul_truck,2026-09-01T16:18:51.854Z,11,-16.607088,-71.510036,113.8,1.5,Dump-A,cycle-acme-s01-truck-032-00003,dumping,0.0,240.0,325125.12,41.6,True,True,20615.79,148683.57,False,False,False,90.3,24.1,[],1.0
19003f9c-533b-4065-a7eb-69d9b54aa3dc,1.0,acme-mining,site-01,fleet_telemetry,ACME-S01-TRUCK-033,haul_truck,2026-09-01T16:18:51.854Z,11,-16.580333,-71.601462,270.9,1.1,Dump-A,cycle-acme-s01-truck-033-00003,dumping,0.0,240.0,14099.53,68.4,True,True,20495.2,609512.88,False,False,False,90.5,24.6,[],1.0
9c628478-4840-49fc-95b7-9ad4ef89f5f6,1.0,acme-mining,site-01,fleet_telemetry,ACME-S01-TRUCK-034,haul_truck,2026-09-01T16:18:51.854Z,11,-16.611278,-71.592258,34.5,1.3,Dump-A,cycle-acme-s01-truck-034-00003,dumping,0.0,240.0,397580.96,86.5,True,True,6422.26,607953.63,False,False,False,88.0,25.1,[],1.0
1b79bcdd-c22e-49d2-85d5-aaaf136dea3d,1.0,acme-mining,site-01,fleet_telemetry,ACME-S01-TRUCK-035,haul_truck,2026-09-01T16:18:51.854Z,11,-16.539698,-71.569573,226.7,1.5,Dump-A,cycle-acme-s01-truck-035-00003,dumping,0.0,240.0,297750.31,25.5,True,True,13767.58,641957.07,False,False,False,91.2,24.0,[],1.0
1b3b856f-b310-4fd8-807a-45e0ad308eb0,1.0,acme-mining,site-01,fleet_telemetry,ACME-S01-TRUCK-036,haul_truck,2026-09-01T16:18:51.854Z,11,-16.625274,-71.583826,186.7,1.5,Dump-A,cycle-acme-s01-truck-036-00003,dumping,0.0,240.0,336664.07,35.8,True,True,6406.69,580519.29,False,False,False,89.8,24.6,[],1.0
ee078c10-7d81-4a25-8104-ee288b3fb542,1.0,acme-mining,site-01,fleet_telemetry,ACME-S01-TRUCK-037,haul_truck,2026-09-01T16:18:51.854Z,11,-16.568941,-71.484784,139.4,0.0,Dump-A,cycle-acme-s01-truck-037-00003,dumping,0.0,240.0,409590.71,28.5,True,True,11514.69,178206.67,False,False,False,95.6,24.7,[],1.0
9f2bf0dc-9463-4f31-a1f0-7dfc8a9bccbb,1.0,acme-mining,site-01,fleet_telemetry,ACME-S01-TRUCK-038,haul_truck,2026-09-01T16:18:51.854Z,11,-16.582166,-71.549059,140.4,0.7,Dump-A,cycle-acme-s01-truck-038-00003,dumping,0.0,240.0,125261.04,76.8,True,True,17147.74,421381.67,False,False,False,87.2,24.0,[],1.0
f31cc1d4-57c3-40cb-844d-b041f46c9f4e,1.0,acme-mining,site-01,fleet_telemetry,ACME-S01-TRUCK-039,haul_truck,2026-09-01T16:18:51.854Z,11,-16.611305,-71.529117,68.3,1.1,Dump-A,cycle-acme-s01-truck-039-00003,dumping,0.0,240.0,75584.61,27.5,True,True,20835.1,455342.61,False,False,False,86.1,24.6,[],1.0
5a889ce9-06c7-4cef-93c5-1a9ce7e748d6,1.0,acme-mining,site-01,fleet_telemetry,ACME-S01-TRUCK-040,haul_truck,2026-09-01T16:18:51.854Z,11,-16.526613,-71.583911,197.4,0.2,Dump-A,cycle-acme-s01-truck-040-00003,dumping,0.0,240.0,360294.54,85.2,True,True,7335.09,586358.6,False,False,False,90.0,25.1,[],1.0
a1f470c1-7c7e-492b-bee5-1adc1d5e40ac,1.0,acme-mining,site-01,fleet_telemetry,ACME-S01-TRUCK-041,haul_truck,2026-09-01T16:18:51.854Z,11,-16.55048,-71.469364,16.5,1.5,Dump-A,cycle-acme-s01-truck-041-00003,dumping,0.0,240.0,394874.33,93.1,True,True,8298.0,372726.82,False,False,False,90.8,24.4,[],1.0
f3ad3b73-ca0d-49fc-99d7-02f72ac9c4f2,1.0,acme-mining,site-01,fleet_telemetry,ACME-S01-TRUCK-042,haul_truck,2026-09-01T16:18:51.854Z,11,-16.552505,-71.564334,295.7,0.6,Dump-A,cycle-acme-s01-truck-042-00003,dumping,0.0,240.0,397823.86,26.7,True,True,21495.58,530786.41,False,False,False,93.5,24.2,[],1.0
def223e2-156c-4e96-ad3b-cf8b9dce7f62,1.0,acme-mining,site-01,fleet_telemetry,ACME-S01-TRUCK-043,haul_truck,2026-09-01T16:18:51.854Z,11,-16.533042,-71.581909,179.0,0.2,Dump-A,cycle-acme-s01-truck-043-00003,dumping,0.0,240.0,57562.8,86.0,True,True,6456.3,516046.18,False,False,False,94.2,24.0,[],1.0
a8e751ef-6d18-4fc2-9031-1ed7e9f544af,1.0,acme-mining,site-01,fleet_telemetry,ACME-S01-TRUCK-044,haul_truck,2026-09-01T16:18:51.854Z,11,-16.56479,-71.553778,98.4,0.1,Dump-A,cycle-acme-s01-truck-044-00003,dumping,0.0,240.0,393382.86,40.5,True,True,8212.77,536938.18,False,False,False,89.2,25.1,[],1.0
0662532e-72ca-41f4-b760-90d29f7b387d,1.0,acme-mining,site-01,fleet_telemetry,ACME-S01-TRUCK-045,haul_truck,2026-09-01T16:18:51.854Z,11,-16.513422,-71.531706,299.1,0.5,Dump-A,cycle-acme-s01-truck-045-00003,dumping,0.0,240.0,292252.69,52.9,True,True,21298.06,195849.0,False,False,False,93.4,23.8,[],1.0
dc28ccc9-8b36-4a64-a742-55b7678f23c9,1.0,acme-mining,site-01,fleet_telemetry,ACME-S01-TRUCK-046,haul_truck,2026-09-01T16:18:51.854Z,11,-16.664257,-71.522046,111.2,0.5,Dump-A,cycle-acme-s01-truck-046-00003,dumping,0.0,240.0,265460.21,93.8,True,True,19393.23,184565.8,False,False,False,94.4,24.3,[],1.0
ab751f6f-6ed0-4946-b5a7-3d465aa7767a,1.0,acme-mining,site-01,fleet_telemetry,ACME-S01-TRUCK-047,haul_truck,2026-09-01T16:18:51.854Z,11,-16.639975,-71.610441,305.6,0.1,Dump-A,cycle-acme-s01-truck-047-00003,dumping,0.0,240.0,60884.87,87.9,True,True,10051.57,640068.82,False,False,False,89.6,24.3,[],1.0
aa90f1e0-7df7-444c-8343-439c96757672,1.0,acme-mining,site-01,fleet_telemetry,ACME-S01-TRUCK-048,haul_truck,2026-09-01T16:18:51.854Z,11,-16.563074,-71.559225,322.9,0.2,Dump-A,cycle-acme-s01-truck-048-00003,dumping,0.0,240.0,326549.93,76.9,True,True,20422.21,359224.98,False,False,False,95.1,24.3,[],1.0
a5486d8b-9a97-42a0-af31-e9330a4845d2,1.0,acme-mining,site-01,fleet_telemetry,ACME-S01-TRUCK-049,haul_truck,2026-09-01T16:18:51.854Z,11,-16.589246,-71.51083,98.0,1.2,Dump-A,cycle-acme-s01-truck-049-00003,dumping,0.0,240.0,64835.87,87.9,True,True,14010.91,437934.36,False,False,False,87.2,25.1,[],1.0
cf22a743-d48d-448c-a154-3a0e50d1332b,1.0,acme-mining,site-01,fleet_telemetry,ACME-S01-TRUCK-050,haul_truck,2026-09-01T16:18:51.854Z,11,-16.550707,-71.589664,82.8,0.0,Dump-A,cycle-acme-s01-truck-050-00003,dumping,0.0,240.0,302569.68,51.5,True,True,12553.56,140859.51,False,False,False,94.3,24.7,[],1.0
cea05ad8-84c7-4391-bebc-4d1deb2896ab,1.0,acme-mining,site-01,fleet_telemetry,ACME-S01-TRUCK-051,haul_truck,2026-09-01T16:18:51.854Z,11,-16.577585,-71.512734,44.5,0.4,Dump-A,cycle-acme-s01-truck-051-00003,dumping,0.0,240.0,136242.76,55.0,True,True,12416.28,20256.05,False,False,False,93.2,24.6,[],1.0
04fdf22b-43bf-4ae6-ad8f-ca58380c75d9,1.0,acme-mining,site-01,fleet_telemetry,ACME-S01-TRUCK-052,haul_truck,2026-09-01T16:18:51.854Z,11,-16.552615,-71.512039,329.8,1.3,Dump-A,cycle-acme-s01-truck-052-00003,dumping,0.0,240.0,359244.3,92.1,True,True,15123.31,342039.89,False,False,False,91.8,25.0,[],1.0
d811eb55-3761-4458-bbb8-af6c88e33ffd,1.0,acme-mining,site-01,fleet_telemetry,ACME-S01-TRUCK-053,haul_truck,2026-09-01T16:18:51.854Z,11,-16.541365,-71.593938,327.1,0.3,Dump-A,cycle-acme-s01-truck-053-00003,dumping,0.0,240.0,113342.91,46.7,True,True,2779.82,619760.08,False,False,False,94.1,24.7,[],1.0
990e852e-15a8-4549-b4a7-4677bd72d323,1.0,acme-mining,site-01,fleet_telemetry,ACME-S01-TRUCK-054,haul_truck,2026-09-01T16:18:51.854Z,11,-16.578266,-71.502516,193.7,0.1,Dump-A,cycle-acme-s01-truck-054-00003,dumping,0.0,240.0,210383.84,87.0,True,True,13759.02,504148.53,False,False,False,94.1,24.9,[],1.0
34dd8488-13a0-448f-897a-02f9689bb5bd,1.0,acme-mining,site-01,fleet_telemetry,ACME-S01-TRUCK-055,haul_truck,2026-09-01T16:18:51.854Z,11,-16.547173,-71.600439,308.8,0.8,Dump-A,cycle-acme-s01-truck-055-00003,dumping,0.0,240.0,12440.45,77.5,True,True,5972.49,433316.76,False,False,False,95.1,24.8,[],1.0
a576cac3-bc23-4bcb-98eb-c60e03b30e42,1.0,acme-mining,site-01,fleet_telemetry,ACME-S01-TRUCK-056,haul_truck,2026-09-01T16:18:51.854Z,11,-16.523607,-71.598042,274.3,1.0,Dump-A,cycle-acme-s01-truck-056-00003,dumping,0.0,240.0,214402.68,64.0,True,True,17847.14,458424.67,False,False,False,90.8,24.0,[],1.0
73865bb4-2796-4b58-a043-49270988411f,1.0,acme-mining,site-01,fleet_telemetry,ACME-S01-TRUCK-057,haul_truck,2026-09-01T16:18:51.854Z,11,-16.527742,-71.519445,153.7,1.3,Dump-A,cycle-acme-s01-truck-057-00003,dumping,0.0,240.0,271999.75,91.4,True,True,14952.66,642372.47,False,False,False,114.4,24.5,"[""ENG_OVERHEAT""]",0.72
3af80b03-2a81-491d-ab1c-7aff925c70dc,1.0,acme-mining,site-01,fleet_telemetry,ACME-S01-TRUCK-058,haul_truck,2026-09-01T16:18:51.854Z,11,-16.532496,-71.545489,203.6,0.3,Dump-A,cycle-acme-s01-truck-058-00003,dumping,0.0,240.0,206202.72,36.1,True,True,9846.92,591318.73,False,False,False,92.2,24.8,[],1.0
5e144a29-5c6a-48a4-a6de-4b30fe498350,1.0,acme-mining,site-01,fleet_telemetry,ACME-S01-TRUCK-059,haul_truck,2026-09-01T16:18:51.854Z,11,-16.658025,-71.571743,5.6,1.1,Dump-A,cycle-acme-s01-truck-059-00003,dumping,0.0,240.0,285770.04,44.2,True,True,17035.27,348419.13,False,False,False,87.1,23.9,[],1.0
f203fc32-7654-4d20-957c-398c11776793,1.0,acme-mining,site-01,fleet_telemetry,ACME-S01-TRUCK-060,haul_truck,2026-09-01T16:18:51.854Z,11,-16.645957,-71.583222,58.5,1.0,Dump-A,cycle-acme-s01-truck-060-00003,dumping,0.0,240.0,76366.22,51.8,True,True,19732.18,70764.15,False,False,False,94.6,24.4,[],1.0
9f66ba62-82a9-4fd5-948f-81fd0c427b21,1.0,acme-mining,site-01,fleet_telemetry,ACME-S01-TRUCK-061,haul_truck,2026-09-01T16:18:51.854Z,11,-16.525623,-71.524047,289.9,1.5,Dump-A,cycle-acme-s01-truck-061-00003,dumping,0.0,240.0,101007.86,54.3,True,True,12303.37,281938.04,False,False,False,92.2,24.9,[],1.0
78198c70-575e-4544-bb37-b4c7e07c673c,1.0,acme-mining,site-01,fleet_telemetry,ACME-S01-TRUCK-062,haul_truck,2026-09-01T16:18:51.854Z,11,-16.533839,-71.46495,350.0,1.0,Dump-A,cycle-acme-s01-truck-062-00003,dumping,0.0,240.0,164774.6,77.7,True,True,8864.09,23714.78,False,False,False,90.7,24.9,[],1.0
b8508494-dd8c-4b3f-9699-0e0957b4af92,1.0,acme-mining,site-01,fleet_telemetry,ACME-S01-TRUCK-063,haul_truck,2026-09-01T16:18:51.854Z,11,-16.592645,-71.555281,276.1,1.3,Dump-A,cycle-acme-s01-truck-063-00003,dumping,0.0,240.0,224821.7,44.0,True,True,17757.22,585621.37,False,False,False,90.2,24.2,[],1.0
b6498afd-aa99-45f7-b2d2-7065c4e0c1b1,1.0,acme-mining,site-01,fleet_telemetry,ACME-S01-TRUCK-064,haul_truck,2026-09-01T16:18:51.854Z,11,-16.584939,-71.472412,272.5,0.8,Dump-A,cycle-acme-s01-truck-064-00003,dumping,0.0,240.0,414599.04,93.6,True,True,16152.66,549518.82,False,False,False,88.0,24.5,[],1.0
5bad0148-4f88-49f9-a7a4-3fed5f029bb5,1.0,acme-mining,site-01,fleet_telemetry,ACME-S01-TRUCK-065,haul_truck,2026-09-01T16:18:51.854Z,11,-16.628737,-71.565121,66.8,0.9,Dump-A,cycle-acme-s01-truck-065-00003,dumping,0.0,240.0,391415.32,37.7,True,True,2579.7,290026.3,False,False,False,89.0,24.7,[],1.0
ec963464-9a66-4ac7-8d3f-15b185d0db15,1.0,acme-mining,site-01,fleet_telemetry,ACME-S01-TRUCK-066,haul_truck,2026-09-01T16:18:51.854Z,11,-16.630044,-71.604379,349.1,0.3,Dump-A,cycle-acme-s01-truck-066-00003,dumping,0.0,240.0,340885.05,83.2,True,True,16938.09,258849.77,False,False,False,95.0,24.8,[],1.0
04df54f7-ca16-4f22-bf02-02d61d0b9cbb,1.0,acme-mining,site-01,fleet_telemetry,ACME-S01-TRUCK-067,haul_truck,2026-09-01T16:18:51.854Z,11,-16.517199,-71.611036,354.5,1.1,Dump-A,cycle-acme-s01-truck-067-00003,dumping,0.0,240.0,108658.48,29.7,True,True,1904.23,619709.64,False,False,False,89.3,24.2,[],1.0
20569799-090b-48e2-b803-dc11a762928c,1.0,acme-mining,site-01,fleet_telemetry,ACME-S01-TRUCK-068,haul_truck,2026-09-01T16:18:51.854Z,11,-16.563279,-71.527232,183.8,0.5,Dump-A,cycle-acme-s01-truck-068-00003,dumping,0.0,240.0,77048.96,33.8,True,True,5026.46,32839.66,False,False,False,91.3,24.5,[],1.0
fa4785e2-a9e0-49e3-9ff5-45ec062a51c0,1.0,acme-mining,site-01,fleet_telemetry,ACME-S01-TRUCK-069,haul_truck,2026-09-01T16:18:51.854Z,11,-16.652051,-71.486436,156.6,0.0,Dump-A,cycle-acme-s01-truck-069-00003,dumping,0.0,240.0,277189.63,77.3,True,True,17058.25,125707.4,False,False,False,90.0,25.1,[],1.0
07d831b9-c71d-4c9b-8961-099b1d0a9368,1.0,acme-mining,site-01,fleet_telemetry,ACME-S01-TRUCK-070,haul_truck,2026-09-01T16:18:51.854Z,11,-16.610323,-71.466865,349.1,1.1,Dump-A,cycle-acme-s01-truck-070-00003,dumping,0.0,240.0,263351.29,88.5,True,True,13068.13,605199.14,False,False,False,91.4,24.2,[],1.0
aa9d0d55-591f-4ea4-bb18-be6031fcd7be,1.0,acme-mining,site-01,fleet_telemetry,ACME-S01-TRUCK-071,haul_truck,2026-09-01T16:18:51.854Z,11,-16.534322,-71.521407,260.2,1.1,Dump-A,cycle-acme-s01-truck-071-00003,dumping,0.0,240.0,54837.3,79.0,True,True,15441.04,415162.93,False,False,False,90.5,24.0,[],1.0
f148de52-b5f8-4f31-9c32-3b1c45ebe8df,1.0,acme-mining,site-01,fleet_telemetry,ACME-S01-TRUCK-072,haul_truck,2026-09-01T16:18:51.854Z,11,-16.589424,-71.562878,303.0,0.9,Dump-A,cycle-acme-s01-truck-072-00003,dumping,0.0,240.0,198487.05,50.9,True,True,17391.88,238738.63,False,False,False,86.7,24.1,[],1.0
ba3277a3-3edb-439e-a1f8-058024d7bf35,1.0,acme-mining,site-01,fleet_telemetry,ACME-S01-TRUCK-073,haul_truck,2026-09-01T16:18:51.854Z,11,-16.557252,-71.547835,37.0,1.4,Dump-A,cycle-acme-s01-truck-073-00003,dumping,0.0,240.0,289658.17,82.9,True,True,3037.44,625296.43,False,False,False,92.0,24.9,[],1.0
e1d7a586-7500-49f6-a416-0d4de0b771ae,1.0,acme-mining,site-01,fleet_telemetry,ACME-S01-TRUCK-074,haul_truck,2026-09-01T16:18:51.854Z,11,-16.53828,-71.522696,235.7,1.1,Dump-A,cycle-acme-s01-truck-074-00003,dumping,0.0,240.0,350842.97,57.5,True,True,13857.36,599359.42,False,False,False,87.0,24.5,[],1.0
449fca14-e734-4789-a37d-c817f9ed2bc9,1.0,acme-mining,site-01,fleet_telemetry,ACME-S01-TRUCK-075,haul_truck,2026-09-01T16:18:51.854Z,11,-16.596061,-71.51988,284.4,0.4,Dump-A,cycle-acme-s01-truck-075-00003,dumping,0.0,240.0,397918.45,42.0,True,True,18411.51,74597.86,False,False,False,86.8,24.2,[],1.0
cb1dc01e-6e0a-4b85-9aad-e607800d1240,1.0,acme-mining,site-01,fleet_telemetry,ACME-S01-TRUCK-076,haul_truck,2026-09-01T16:18:51.854Z,11,-16.629055,-71.572742,139.5,0.0,Dump-A,cycle-acme-s01-truck-076-00003,dumping,0.0,240.0,224522.7,49.8,True,True,11279.31,224759.18,False,False,False,86.2,24.2,[],1.0
120e4531-f56e-4544-86e6-a05ff44a8605,1.0,acme-mining,site-01,fleet_telemetry,ACME-S01-TRUCK-077,haul_truck,2026-09-01T16:18:51.854Z,11,-16.60535,-71.528656,215.0,0.4,Dump-A,cycle-acme-s01-truck-077-00003,dumping,0.0,240.0,94065.55,41.8,True,True,12582.79,345475.43,False,False,False,93.9,25.1,[],1.0
55d4e31b-8460-4461-aae4-bbc43fbad146,1.0,acme-mining,site-01,fleet_telemetry,ACME-S01-TRUCK-078,haul_truck,2026-09-01T16:18:51.854Z,11,-16.634981,-71.506788,73.7,0.5,Dump-A,cycle-acme-s01-truck-078-00003,dumping,0.0,240.0,358891.19,31.5,True,True,14493.16,329217.69,False,False,False,88.7,23.9,[],1.0
c7bf53c2-ff80-43da-8e17-31c2db372cde,1.0,acme-mining,site-01,fleet_telemetry,ACME-S01-TRUCK-079,haul_truck,2026-09-01T16:18:51.854Z,11,-16.582334,-71.561211,44.1,1.2,Dump-A,cycle-acme-s01-truck-079-00003,dumping,0.0,240.0,161253.98,94.7,True,True,8623.25,368688.19,False,False,False,87.0,25.0,[],1.0
d82bbd84-e9b2-4001-9bbc-58e94cd42687,1.0,acme-mining,site-01,fleet_telemetry,ACME-S01-TRUCK-080,haul_truck,2026-09-01T16:18:51.854Z,11,-16.584663,-71.49558,282.7,0.3,Dump-A,cycle-acme-s01-truck-080-00003,dumping,0.0,240.0,94737.82,33.3,True,True,6129.77,96013.44,False,False,False,94.9,25.1,[],1.0
8845f98f-1ef1-434b-8c1f-8d88a862e956,1.0,acme-mining,site-02,fleet_telemetry,ACME-S02-TRUCK-001,haul_truck,2026-09-01T16:18:51.854Z,11,-16.537062,-71.488521,294.3,0.6,Dump-A,cycle-acme-s02-truck-001-00003,dumping,0.0,240.0,319616.08,60.0,True,True,4524.75,259530.91,False,False,False,94.6,25.0,[],1.0
eaea91e9-fc31-4c0c-90a4-351c3a123e16,1.0,acme-mining,site-02,fleet_telemetry,ACME-S02-TRUCK-002,haul_truck,2026-09-01T16:18:51.854Z,11,-16.60174,-71.552822,70.0,0.4,Dump-A,cycle-acme-s02-truck-002-00003,dumping,0.0,240.0,44260.28,46.9,True,True,10047.87,309645.41,False,False,False,93.0,25.0,[],1.0
eaf1cef2-51e9-40a4-af03-9658dcc8e989,1.0,acme-mining,site-02,fleet_telemetry,ACME-S02-TRUCK-003,haul_truck,2026-09-01T16:18:51.854Z,11,-16.571469,-71.484342,137.7,0.4,Dump-A,cycle-acme-s02-truck-003-00003,dumping,0.0,240.0,152898.73,81.0,True,True,3241.69,33139.87,False,False,False,86.5,24.0,[],1.0
cdf8e6bb-e0b0-4c7a-b145-5b237edce18e,1.0,acme-mining,site-02,fleet_telemetry,ACME-S02-TRUCK-004,haul_truck,2026-09-01T16:18:51.854Z,11,-16.657805,-71.478231,288.6,0.6,Dump-A,cycle-acme-s02-truck-004-00003,dumping,0.0,240.0,201698.4,53.0,True,True,10058.31,86694.0,False,False,False,90.2,25.0,[],1.0
5c439024-fce6-498d-a0fc-41d2e02fbc66,1.0,acme-mining,site-02,fleet_telemetry,ACME-S02-TRUCK-005,haul_truck,2026-09-01T16:18:51.854Z,11,-16.588829,-71.472563,264.7,0.9,Dump-A,cycle-acme-s02-truck-005-00003,dumping,0.0,240.0,234613.37,32.9,True,True,7861.07,125923.84,False,False,False,94.0,24.5,[],1.0
8b83465c-99ca-4faf-838a-18f3ba01f77b,1.0,acme-mining,site-02,fleet_telemetry,ACME-S02-TRUCK-006,haul_truck,2026-09-01T16:18:51.854Z,11,-16.548789,-71.512613,294.9,1.0,Dump-A,cycle-acme-s02-truck-006-00003,dumping,0.0,240.0,96800.32,67.1,True,True,5808.91,112260.09,False,False,False,92.2,24.7,[],1.0
2d180988-d974-4c78-b058-56cf9546c059,1.0,acme-mining,site-02,fleet_telemetry,ACME-S02-TRUCK-007,haul_truck,2026-09-01T16:18:51.854Z,11,-16.529263,-71.514609,303.0,1.5,Dump-A,cycle-acme-s02-truck-007-00003,dumping,0.0,240.0,264966.69,72.6,True,True,10635.82,375153.58,False,False,False,89.5,24.9,[],1.0
49ca01cd-a3b5-4d8f-858b-2f7a8a7e5fe1,1.0,acme-mining,site-02,fleet_telemetry,ACME-S02-TRUCK-008,haul_truck,2026-09-01T16:18:51.854Z,11,-16.599691,-71.569009,310.8,0.4,Dump-A,cycle-acme-s02-truck-008-00003,dumping,0.0,240.0,76421.98,29.7,True,True,19122.05,415147.21,False,False,False,95.1,24.7,[],1.0
52883b8f-3c85-4a67-a2b3-ec9462555d34,1.0,acme-mining,site-02,fleet_telemetry,ACME-S02-TRUCK-009,haul_truck,2026-09-01T16:18:51.854Z,11,-16.61145,-71.571586,131.2,1.1,Dump-A,cycle-acme-s02-truck-009-00003,dumping,0.0,240.0,213167.42,27.6,True,True,8261.19,66740.34,False,False,False,86.2,24.4,[],1.0
2002373a-0495-425a-9eaf-996e91a9cb2d,1.0,acme-mining,site-02,fleet_telemetry,ACME-S02-TRUCK-010,haul_truck,2026-09-01T16:18:51.854Z,11,-16.543686,-71.474149,98.2,0.3,Dump-A,cycle-acme-s02-truck-010-00003,dumping,0.0,240.0,213593.86,63.7,True,True,13838.19,339452.96,False,False,False,91.6,25.0,[],1.0
0c31373b-8811-4c38-b760-91b40bf0b37b,1.0,acme-mining,site-02,fleet_telemetry,ACME-S02-TRUCK-011,haul_truck,2026-09-01T16:18:51.854Z,11,-16.660483,-71.600914,230.9,0.8,Dump-A,cycle-acme-s02-truck-011-00003,dumping,0.0,240.0,219277.5,35.5,True,True,14618.97,222562.13,False,False,False,94.8,24.2,[],1.0
e13ac061-bb0f-4d25-bb1c-2aba0af308bc,1.0,acme-mining,site-02,fleet_telemetry,ACME-S02-TRUCK-012,haul_truck,2026-09-01T16:18:51.854Z,11,-16.557226,-71.45898,125.7,1.3,Dump-A,cycle-acme-s02-truck-012-00003,dumping,0.0,240.0,294296.65,27.7,True,True,21626.59,73127.63,False,False,False,94.0,24.6,[],1.0
c8c07909-b6a6-43ed-b63b-ec9c938e8912,1.0,acme-mining,site-02,fleet_telemetry,ACME-S02-TRUCK-013,haul_truck,2026-09-01T16:18:51.854Z,11,-16.561739,-71.609086,2.6,1.4,Dump-A,cycle-acme-s02-truck-013-00003,dumping,0.0,240.0,180464.01,79.2,True,True,8514.65,598300.41,False,False,False,90.8,24.1,[],1.0
04cd3541-9cd9-4bc8-bc1e-73f311e5bb30,1.0,acme-mining,site-02,fleet_telemetry,ACME-S02-TRUCK-014,haul_truck,2026-09-01T16:18:51.854Z,11,-16.554605,-71.512465,145.0,0.3,Dump-A,cycle-acme-s02-truck-014-00003,dumping,0.0,240.0,308487.64,44.8,True,True,2197.35,79538.97,False,False,False,89.7,24.1,[],1.0
2fa68329-ccb4-4c43-a065-eccd0786995b,1.0,acme-mining,site-02,fleet_telemetry,ACME-S02-TRUCK-015,haul_truck,2026-09-01T16:18:51.854Z,11,-16.515633,-71.505773,136.7,1.1,Dump-A,cycle-acme-s02-truck-015-00003,dumping,0.0,240.0,72229.22,49.4,True,True,7867.29,387126.15,False,False,False,90.1,25.2,[],1.0
e0f65459-58fc-491f-bb2b-123032d4e990,1.0,acme-mining,site-02,fleet_telemetry,ACME-S02-TRUCK-016,haul_truck,2026-09-01T16:18:51.854Z,11,-16.617854,-71.597061,281.0,0.8,Dump-A,cycle-acme-s02-truck-016-00003,dumping,0.0,240.0,255926.44,70.0,True,True,15827.3,73373.23,False,False,False,88.8,24.5,[],1.0
ebb03e4a-d0d3-494e-9882-2dd3591cbd39,1.0,acme-mining,site-02,fleet_telemetry,ACME-S02-TRUCK-017,haul_truck,2026-09-01T16:18:51.854Z,11,-16.621005,-71.465312,98.9,0.7,Dump-A,cycle-acme-s02-truck-017-00003,dumping,0.0,240.0,233735.66,26.2,True,True,2781.22,442387.55,False,False,False,94.0,24.3,[],1.0
8a916ce1-e7f7-480e-8ce2-594f1474a840,1.0,acme-mining,site-02,fleet_telemetry,ACME-S02-TRUCK-018,haul_truck,2026-09-01T16:18:51.854Z,11,-16.544286,-71.536239,356.1,1.1,Dump-A,cycle-acme-s02-truck-018-00003,dumping,0.0,240.0,78176.6,45.6,True,True,4870.53,649985.53,False,False,False,87.8,24.2,[],1.0
33141d57-0e17-47a2-95ed-a4ddb69fb720,1.0,acme-mining,site-02,fleet_telemetry,ACME-S02-TRUCK-019,haul_truck,2026-09-01T16:18:51.854Z,11,-16.610161,-71.591567,316.5,0.0,Dump-A,cycle-acme-s02-truck-019-00003,dumping,0.0,240.0,347176.07,34.1,True,True,1600.26,232161.81,False,False,False,94.0,24.4,[],1.0
ccb960b2-2dea-4661-b349-eb45a68380ff,1.0,acme-mining,site-02,fleet_telemetry,ACME-S02-TRUCK-020,haul_truck,2026-09-01T16:18:51.854Z,11,-16.515263,-71.519806,209.3,0.8,Dump-A,cycle-acme-s02-truck-020-00003,dumping,0.0,240.0,170292.47,75.3,True,True,16089.09,47526.48,False,False,False,90.5,24.1,[],1.0
fca09a1b-5fc4-4986-9e57-56a8958273c0,1.0,acme-mining,site-02,fleet_telemetry,ACME-S02-TRUCK-021,haul_truck,2026-09-01T16:18:51.854Z,11,-16.525793,-71.586468,233.1,1.3,Dump-A,cycle-acme-s02-truck-021-00003,dumping,0.0,240.0,434863.25,79.8,True,True,5760.88,170676.37,False,False,False,90.7,24.2,[],1.0
eb5aaade-9431-45d5-b02d-3d98487fb75e,1.0,acme-mining,site-02,fleet_telemetry,ACME-S02-TRUCK-022,haul_truck,2026-09-01T16:18:51.854Z,11,-16.586002,-71.462894,310.9,1.5,Dump-A,cycle-acme-s02-truck-022-00003,dumping,0.0,240.0,133980.29,51.7,True,True,21670.14,310858.62,False,False,False,95.0,24.8,[],1.0
f9668394-4594-4cdd-a02c-d81d689ec335,1.0,acme-mining,site-02,fleet_telemetry,ACME-S02-TRUCK-023,haul_truck,2026-09-01T16:18:51.854Z,11,-16.520885,-71.503616,325.1,0.4,Dump-A,cycle-acme-s02-truck-023-00003,dumping,0.0,240.0,221460.62,50.9,True,True,19307.66,52873.49,False,False,False,95.5,24.1,[],1.0
72eb8060-ea7c-440f-a2be-8c77c19814cf,1.0,acme-mining,site-02,fleet_telemetry,ACME-S02-TRUCK-024,haul_truck,2026-09-01T16:18:51.854Z,11,-16.646793,-71.547518,120.8,1.2,Dump-A,cycle-acme-s02-truck-024-00003,dumping,0.0,240.0,130028.9,88.3,True,True,6843.35,500763.82,False,False,False,88.6,24.0,[],1.0
c982d44c-48c4-46a0-af29-2837f852a6a4,1.0,acme-mining,site-02,fleet_telemetry,ACME-S02-TRUCK-025,haul_truck,2026-09-01T16:18:51.854Z,11,-16.607022,-71.55766,294.5,0.1,Dump-A,cycle-acme-s02-truck-025-00003,dumping,0.0,240.0,419408.38,54.0,True,True,18114.12,577316.99,False,False,False,91.8,23.9,[],1.0
34d0ec02-abf9-4cd2-8375-131a9705826e,1.0,acme-mining,site-02,fleet_telemetry,ACME-S02-TRUCK-026,haul_truck,2026-09-01T16:18:51.854Z,11,-16.566402,-71.49088,173.8,1.3,Dump-A,cycle-acme-s02-truck-026-00003,dumping,0.0,240.0,419564.13,83.7,True,True,8748.16,37758.37,False,False,False,109.9,24.5,"[""ENG_OVERHEAT""]",0.72
c2b2d9e9-f59c-42b5-a984-8249cd3229dd,1.0,acme-mining,site-02,fleet_telemetry,ACME-S02-TRUCK-027,haul_truck,2026-09-01T16:18:51.854Z,11,-16.595319,-71.519058,107.6,1.0,Dump-A,cycle-acme-s02-truck-027-00003,dumping,0.0,240.0,375689.34,78.1,True,True,20248.81,317646.85,False,False,False,87.1,24.5,[],1.0
b0605d31-f6d0-48db-b198-b3c5a9da8f89,1.0,acme-mining,site-02,fleet_telemetry,ACME-S02-TRUCK-028,haul_truck,2026-09-01T16:18:51.854Z,11,-16.585997,-71.599735,168.9,0.9,Dump-A,cycle-acme-s02-truck-028-00003,dumping,0.0,240.0,251474.6,75.8,True,True,6225.6,546027.0,False,False,False,91.7,24.5,[],1.0
3c1fb590-b7e9-48e5-bc97-e396f3417aa2,1.0,acme-mining,site-02,fleet_telemetry,ACME-S02-TRUCK-029,haul_truck,2026-09-01T16:18:51.854Z,11,-16.660317,-71.483632,31.4,1.5,Dump-A,cycle-acme-s02-truck-029-00003,dumping,0.0,240.0,291139.49,68.5,True,True,3383.2,170217.12,False,False,False,86.2,24.2,[],1.0
b4ed8182-8d44-450e-89f4-d283702cf3b9,1.0,acme-mining,site-02,fleet_telemetry,ACME-S02-TRUCK-030,haul_truck,2026-09-01T16:18:51.854Z,11,-16.601728,-71.51912,97.0,1.3,Dump-A,cycle-acme-s02-truck-030-00003,dumping,0.0,240.0,116453.51,35.0,True,True,1148.44,344686.96,False,False,False,92.6,25.1,[],1.0
3ff19211-f0c0-409b-937c-8dae8a67d31b,1.0,acme-mining,site-02,fleet_telemetry,ACME-S02-TRUCK-031,haul_truck,2026-09-01T16:18:51.854Z,11,-16.517862,-71.530457,340.4,0.8,Dump-A,cycle-acme-s02-truck-031-00003,dumping,0.0,240.0,240333.93,50.2,True,True,4771.07,440975.63,False,False,False,89.4,25.1,[],1.0
69fa13ff-dd62-40f5-8b88-0b5bc8580bdf,1.0,acme-mining,site-02,fleet_telemetry,ACME-S02-TRUCK-032,haul_truck,2026-09-01T16:18:51.854Z,11,-16.513441,-71.576886,147.5,1.0,Dump-A,cycle-acme-s02-truck-032-00003,dumping,0.0,240.0,216860.16,69.4,True,True,12548.04,265986.09,False,False,False,92.9,24.1,[],1.0
c5b4a92d-5542-4035-9256-79f6bafae8c4,1.0,acme-mining,site-02,fleet_telemetry,ACME-S02-TRUCK-033,haul_truck,2026-09-01T16:18:51.854Z,11,-16.552758,-71.564265,169.3,0.7,Dump-A,cycle-acme-s02-truck-033-00003,dumping,0.0,240.0,286433.79,78.9,True,True,8109.83,481753.13,False,False,False,94.6,24.4,[],1.0
4b570e37-275e-48f7-afe2-b449b5020652,1.0,acme-mining,site-02,fleet_telemetry,ACME-S02-TRUCK-034,haul_truck,2026-09-01T16:18:51.854Z,11,-16.513454,-71.540976,329.1,0.7,Dump-A,cycle-acme-s02-truck-034-00003,dumping,0.0,240.0,375369.54,72.9,True,True,7977.22,424961.46,False,False,False,92.4,24.6,[],1.0
269909f4-459c-4c20-92c1-afc2663ab5ec,1.0,acme-mining,site-02,fleet_telemetry,ACME-S02-TRUCK-035,haul_truck,2026-09-01T16:18:51.854Z,11,-16.663386,-71.585617,86.1,1.4,Dump-A,cycle-acme-s02-truck-035-00003,dumping,0.0,240.0,211379.74,45.5,True,True,2137.75,509000.23,False,False,False,92.0,24.8,[],1.0
ac365704-8e0c-4d71-a85f-7bf4d606953e,1.0,acme-mining,site-02,fleet_telemetry,ACME-S02-TRUCK-036,haul_truck,2026-09-01T16:18:51.854Z,11,-16.54987,-71.586935,45.8,1.4,Dump-A,cycle-acme-s02-truck-036-00003,dumping,0.0,240.0,248934.23,42.7,True,True,11726.15,643147.54,False,False,False,91.7,24.5,[],1.0
574966cc-be82-4708-a039-aeda05de4a7e,1.0,acme-mining,site-02,fleet_telemetry,ACME-S02-TRUCK-037,haul_truck,2026-09-01T16:18:51.854Z,11,-16.528093,-71.498569,347.4,0.4,Dump-A,cycle-acme-s02-truck-037-00003,dumping,0.0,240.0,64769.73,50.7,True,True,19154.94,229112.81,False,False,False,91.9,25.1,[],1.0
d5c6040f-6aba-4e18-a3ac-477d8b2f48c7,1.0,acme-mining,site-02,fleet_telemetry,ACME-S02-TRUCK-038,haul_truck,2026-09-01T16:18:51.854Z,11,-16.542803,-71.574853,328.7,0.2,Dump-A,cycle-acme-s02-truck-038-00003,dumping,0.0,240.0,314510.86,50.7,True,True,7987.59,137695.07,False,False,False,88.1,24.5,[],1.0
7a707104-491a-4ef4-b785-d0decafa2256,1.0,acme-mining,site-02,fleet_telemetry,ACME-S02-TRUCK-039,haul_truck,2026-09-01T16:18:51.854Z,11,-16.618947,-71.60467,249.6,1.4,Dump-A,cycle-acme-s02-truck-039-00003,dumping,0.0,240.0,371830.89,63.1,True,True,2473.27,399545.83,False,False,False,89.3,24.9,[],1.0
e57be0e9-dd14-456c-9c0f-1d01f6dda00b,1.0,acme-mining,site-02,fleet_telemetry,ACME-S02-TRUCK-040,haul_truck,2026-09-01T16:18:51.854Z,11,-16.598815,-71.501189,226.0,0.0,Dump-A,cycle-acme-s02-truck-040-00003,dumping,0.0,240.0,83324.43,56.0,True,True,10253.43,472127.87,False,False,False,93.6,24.9,[],1.0
201efbfc-19e3-4f0f-8224-017e1b6f7184,1.0,acme-mining,site-02,fleet_telemetry,ACME-S02-TRUCK-041,haul_truck,2026-09-01T16:18:51.854Z,11,-16.568425,-71.559343,294.6,1.3,Dump-A,cycle-acme-s02-truck-041-00003,dumping,0.0,240.0,427078.65,30.2,True,True,6620.59,637417.43,False,False,False,94.9,24.2,[],1.0
4df7fb47-0e78-42f1-b3e9-b03741185b18,1.0,acme-mining,site-02,fleet_telemetry,ACME-S02-TRUCK-042,haul_truck,2026-09-01T16:18:51.854Z,11,-16.66489,-71.606735,274.0,0.7,Dump-A,cycle-acme-s02-truck-042-00003,dumping,0.0,240.0,277332.81,79.6,True,True,20999.15,109951.3,False,False,False,91.3,24.8,[],1.0
ca48e940-d1f3-4e99-9496-6c5ba10938d0,1.0,acme-mining,site-02,fleet_telemetry,ACME-S02-TRUCK-043,haul_truck,2026-09-01T16:18:51.854Z,11,-16.598403,-71.558128,348.7,0.5,Dump-A,cycle-acme-s02-truck-043-00003,dumping,0.0,240.0,24250.27,35.7,True,True,8477.61,618164.49,False,False,False,88.7,24.9,[],1.0
2953c0f3-6510-4e67-aa1a-9eb9d2c3c75d,1.0,acme-mining,site-02,fleet_telemetry,ACME-S02-TRUCK-044,haul_truck,2026-09-01T16:18:51.854Z,11,-16.630407,-71.599356,166.4,0.3,Dump-A,cycle-acme-s02-truck-044-00003,dumping,0.0,240.0,185135.71,70.4,True,True,12967.16,353559.98,False,False,False,93.7,24.4,[],1.0
c6eabc35-f476-4208-8fe9-3ce965df328a,1.0,acme-mining,site-02,fleet_telemetry,ACME-S02-TRUCK-045,haul_truck,2026-09-01T16:18:51.854Z,11,-16.557759,-71.583182,2.6,1.3,Dump-A,cycle-acme-s02-truck-045-00003,dumping,0.0,240.0,61815.57,79.2,True,True,11776.22,595532.0,False,False,False,92.9,24.2,[],1.0
730f6c00-087f-4340-b1ce-78b03668dbbe,1.0,acme-mining,site-02,fleet_telemetry,ACME-S02-TRUCK-046,haul_truck,2026-09-01T16:18:51.854Z,11,-16.556246,-71.457912,20.8,0.4,Dump-A,cycle-acme-s02-truck-046-00003,dumping,0.0,240.0,42583.63,37.0,True,True,5043.8,105509.14,False,False,False,87.8,23.8,[],1.0
acc74a62-4773-42d5-9dc2-4954040b5c39,1.0,acme-mining,site-02,fleet_telemetry,ACME-S02-TRUCK-047,haul_truck,2026-09-01T16:18:51.854Z,11,-16.62245,-71.59229,182.1,0.2,Dump-A,cycle-acme-s02-truck-047-00003,dumping,0.0,240.0,251999.47,45.3,True,True,14958.22,467010.74,False,False,False,94.7,24.9,[],1.0
1a8e2298-8d69-41cc-9038-ae10af95760b,1.0,acme-mining,site-02,fleet_telemetry,ACME-S02-TRUCK-048,haul_truck,2026-09-01T16:18:51.854Z,11,-16.648185,-71.491036,266.1,1.2,Dump-A,cycle-acme-s02-truck-048-00003,dumping,0.0,240.0,63400.21,39.0,True,True,17626.38,340516.36,False,False,False,88.6,23.9,[],1.0
791fac1e-0e74-4eb4-86da-5b00f153421e,1.0,acme-mining,site-02,fleet_telemetry,ACME-S02-TRUCK-049,haul_truck,2026-09-01T16:18:51.854Z,11,-16.528897,-71.606958,180.9,0.7,Dump-A,cycle-acme-s02-truck-049-00003,dumping,0.0,240.0,442525.99,34.0,True,True,12932.3,314465.94,False,False,False,93.5,24.2,[],1.0
8f27cdea-fd20-40e9-9c9e-bbedb7b2e95a,1.0,acme-mining,site-02,fleet_telemetry,ACME-S02-TRUCK-050,haul_truck,2026-09-01T16:18:51.854Z,11,-16.514825,-71.514695,202.3,0.4,Dump-A,cycle-acme-s02-truck-050-00003,dumping,0.0,240.0,372270.06,30.1,True,True,11944.76,504573.89,False,False,False,86.4,24.6,[],1.0
9902a9bf-7dfd-4743-b9b3-05703d30aa3c,1.0,acme-mining,site-02,fleet_telemetry,ACME-S02-TRUCK-051,haul_truck,2026-09-01T16:18:51.854Z,11,-16.641275,-71.462883,71.9,0.5,Dump-A,cycle-acme-s02-truck-051-00003,dumping,0.0,240.0,353316.42,69.7,True,True,8103.73,573115.12,False,False,False,88.2,24.1,[],1.0
bd8d7191-91e8-472e-8e6c-f54ce6e0dbda,1.0,acme-mining,site-02,fleet_telemetry,ACME-S02-TRUCK-052,haul_truck,2026-09-01T16:18:51.854Z,11,-16.520809,-71.581458,156.8,0.9,Dump-A,cycle-acme-s02-truck-052-00003,dumping,0.0,240.0,143815.53,36.3,True,True,18425.5,346404.55,False,False,False,94.9,25.0,[],1.0
02fb098c-f0a1-4019-8a6f-e0987e83b4c2,1.0,acme-mining,site-02,fleet_telemetry,ACME-S02-TRUCK-053,haul_truck,2026-09-01T16:18:51.854Z,11,-16.582278,-71.597499,281.2,1.2,Dump-A,cycle-acme-s02-truck-053-00003,dumping,0.0,240.0,120267.06,69.4,True,True,19772.44,552938.48,False,False,False,92.2,24.0,[],1.0
ce0675e8-0a00-4971-9da8-f3a2e388934a,1.0,acme-mining,site-02,fleet_telemetry,ACME-S02-TRUCK-054,haul_truck,2026-09-01T16:18:51.854Z,11,-16.643024,-71.517599,13.6,0.5,Dump-A,cycle-acme-s02-truck-054-00003,dumping,0.0,240.0,270396.44,65.6,True,True,2780.7,423822.32,False,False,False,95.1,24.0,[],1.0
976abb00-0103-4fa0-b767-852a0b300283,1.0,acme-mining,site-02,fleet_telemetry,ACME-S02-TRUCK-055,haul_truck,2026-09-01T16:18:51.854Z,11,-16.663128,-71.514867,70.5,1.4,Dump-A,cycle-acme-s02-truck-055-00003,dumping,0.0,240.0,373104.69,26.9,True,True,18661.65,375079.65,False,False,False,90.0,23.8,[],1.0
d40a5730-7c07-49c2-9a25-395d7f57b4e9,1.0,acme-mining,site-02,fleet_telemetry,ACME-S02-TRUCK-056,haul_truck,2026-09-01T16:18:51.854Z,11,-16.570025,-71.571165,128.9,0.9,Dump-A,cycle-acme-s02-truck-056-00003,dumping,0.0,240.0,291156.85,59.8,True,True,17059.55,282449.92,False,False,False,95.1,25.2,[],1.0
d727bda2-159f-4dd8-9ff5-8901ca412ff2,1.0,acme-mining,site-02,fleet_telemetry,ACME-S02-TRUCK-057,haul_truck,2026-09-01T16:18:51.854Z,11,-16.560224,-71.592227,10.6,0.5,Dump-A,cycle-acme-s02-truck-057-00003,dumping,0.0,240.0,188681.44,56.7,True,True,5991.43,528630.3,False,False,False,95.8,24.6,[],1.0
a887bb33-c65a-43c0-895f-96b44e9f26d8,1.0,acme-mining,site-02,fleet_telemetry,ACME-S02-TRUCK-058,haul_truck,2026-09-01T16:18:51.854Z,11,-16.552941,-71.479789,286.1,0.9,Dump-A,cycle-acme-s02-truck-058-00003,dumping,0.0,240.0,147537.03,75.2,True,True,5125.3,402196.18,False,False,False,88.8,23.9,[],1.0
757b5d17-caf1-41ae-8acb-6747c9bbb293,1.0,acme-mining,site-02,fleet_telemetry,ACME-S02-TRUCK-059,haul_truck,2026-09-01T16:18:51.854Z,11,-16.650788,-71.545544,9.3,0.3,Dump-A,cycle-acme-s02-truck-059-00003,dumping,0.0,240.0,56721.66,41.9,True,True,16926.11,344437.74,False,False,False,95.2,24.0,[],1.0
ba11bc75-894f-4981-a415-6524ed120dae,1.0,acme-mining,site-02,fleet_telemetry,ACME-S02-TRUCK-060,haul_truck,2026-09-01T16:18:51.854Z,11,-16.531964,-71.591989,201.0,1.5,Dump-A,cycle-acme-s02-truck-060-00003,dumping,0.0,240.0,280766.8,42.3,True,True,6952.51,262014.63,False,False,False,88.2,25.1,[],1.0
1a30b545-94e0-4aa7-95f0-44b75c107bb0,1.0,acme-mining,site-02,fleet_telemetry,ACME-S02-TRUCK-061,haul_truck,2026-09-01T16:18:51.854Z,11,-16.595692,-71.476895,239.1,0.0,Dump-A,cycle-acme-s02-truck-061-00003,dumping,0.0,240.0,80111.39,94.7,True,True,16087.94,139595.72,False,False,False,88.0,24.5,[],1.0
3e9aa510-e8f5-4b5d-9cb7-7918731f7f1a,1.0,acme-mining,site-02,fleet_telemetry,ACME-S02-TRUCK-062,haul_truck,2026-09-01T16:18:51.854Z,11,-16.613939,-71.609445,138.4,1.0,Dump-A,cycle-acme-s02-truck-062-00003,dumping,0.0,240.0,435342.85,40.0,True,True,20838.95,338430.25,False,False,False,92.9,24.5,[],1.0
6039e645-595b-4e83-b5aa-996dddf37e46,1.0,acme-mining,site-02,fleet_telemetry,ACME-S02-TRUCK-063,haul_truck,2026-09-01T16:18:51.854Z,11,-16.62809,-71.558969,44.8,1.2,Dump-A,cycle-acme-s02-truck-063-00003,dumping,0.0,240.0,57299.44,34.3,True,True,6857.88,25152.01,False,False,False,91.3,24.8,[],1.0
78d3d4f4-a6ce-44dd-bd4d-c711c3c1c34f,1.0,acme-mining,site-02,fleet_telemetry,ACME-S02-TRUCK-064,haul_truck,2026-09-01T16:18:51.854Z,11,-16.658616,-71.536812,345.8,0.8,Dump-A,cycle-acme-s02-truck-064-00003,dumping,0.0,240.0,95649.06,63.7,True,True,9292.35,379277.66,False,False,False,86.6,24.2,[],1.0
ae1fd8c0-441d-4c07-89b4-f0313cc692c8,1.0,acme-mining,site-02,fleet_telemetry,ACME-S02-TRUCK-065,haul_truck,2026-09-01T16:18:51.854Z,11,-16.654921,-71.557781,129.2,0.4,Dump-A,cycle-acme-s02-truck-065-00003,dumping,0.0,240.0,278859.71,33.9,True,True,18296.62,412642.44,False,False,False,95.2,24.9,[],1.0
2ff25207-2002-4919-8ff3-ae5d772b1902,1.0,acme-mining,site-02,fleet_telemetry,ACME-S02-TRUCK-066,haul_truck,2026-09-01T16:18:51.854Z,11,-16.590388,-71.610262,292.0,0.7,Dump-A,cycle-acme-s02-truck-066-00003,dumping,0.0,240.0,97586.2,60.6,True,True,20705.72,495628.25,False,False,False,88.0,25.1,[],1.0
1dde2674-3f16-462c-a365-3bb443b1e7f2,1.0,acme-mining,site-02,fleet_telemetry,ACME-S02-TRUCK-067,haul_truck,2026-09-01T16:18:51.854Z,11,-16.648041,-71.468504,244.7,0.2,Dump-A,cycle-acme-s02-truck-067-00003,dumping,0.0,240.0,75534.62,87.5,True,True,17844.09,347179.89,False,False,False,89.3,24.1,[],1.0
760adf72-219f-4c57-a63d-84070471119f,1.0,acme-mining,site-02,fleet_telemetry,ACME-S02-TRUCK-068,haul_truck,2026-09-01T16:18:51.854Z,11,-16.537871,-71.532314,56.4,1.2,Dump-A,cycle-acme-s02-truck-068-00003,dumping,0.0,240.0,141663.84,48.5,True,True,21801.07,485771.44,False,False,False,86.8,24.0,[],1.0
8f17bbf0-c3f1-40d2-a8f7-f855d97cefc0,1.0,acme-mining,site-02,fleet_telemetry,ACME-S02-TRUCK-069,haul_truck,2026-09-01T16:18:51.854Z,11,-16.603746,-71.568268,157.1,1.0,Dump-A,cycle-acme-s02-truck-069-00003,dumping,0.0,240.0,155746.15,32.6,True,True,10867.74,30481.51,False,False,False,94.7,24.2,[],1.0
f79686b2-9808-4ab9-99b8-881bf99fc8bf,1.0,acme-mining,site-02,fleet_telemetry,ACME-S02-TRUCK-070,haul_truck,2026-09-01T16:18:51.854Z,11,-16.577836,-71.581113,181.5,0.2,Dump-A,cycle-acme-s02-truck-070-00003,dumping,0.0,240.0,298460.76,93.0,True,True,13454.5,187284.39,False,False,False,95.6,24.1,[],1.0
a8992381-d07c-4d4b-927e-b2e3f03c0298,1.0,acme-mining,site-02,fleet_telemetry,ACME-S02-TRUCK-071,haul_truck,2026-09-01T16:18:51.854Z,11,-16.646739,-71.508603,278.6,0.5,Dump-A,cycle-acme-s02-truck-071-00003,dumping,0.0,240.0,282684.48,83.8,True,True,4414.87,416286.14,False,False,False,92.9,24.9,[],1.0
615cec61-774f-4a9a-bcb3-4175c4db06c4,1.0,acme-mining,site-02,fleet_telemetry,ACME-S02-TRUCK-072,haul_truck,2026-09-01T16:18:51.854Z,11,-16.637761,-71.537178,213.0,1.0,Dump-A,cycle-acme-s02-truck-072-00003,dumping,0.0,240.0,194264.06,53.8,True,True,4844.64,297854.51,False,False,False,95.1,24.1,[],1.0
60e15f8a-e7f4-4bac-8dd6-59e95a8108d7,1.0,acme-mining,site-02,fleet_telemetry,ACME-S02-TRUCK-073,haul_truck,2026-09-01T16:18:51.854Z,11,-16.637208,-71.565468,261.5,1.4,Dump-A,cycle-acme-s02-truck-073-00003,dumping,0.0,240.0,37404.49,34.6,True,True,19303.75,483577.69,False,False,False,90.2,25.0,[],1.0
5b754eb0-5480-4562-8e01-8738409a2b7c,1.0,acme-mining,site-02,fleet_telemetry,ACME-S02-TRUCK-074,haul_truck,2026-09-01T16:18:51.854Z,11,-16.583014,-71.509347,163.2,0.5,Dump-A,cycle-acme-s02-truck-074-00003,dumping,0.0,240.0,212252.68,62.3,True,True,8788.7,622712.09,False,False,False,93.4,23.9,[],1.0
7e79dc89-73e6-42e8-9d0e-74db267bf2af,1.0,acme-mining,site-02,fleet_telemetry,ACME-S02-TRUCK-075,haul_truck,2026-09-01T16:18:51.854Z,11,-16.63445,-71.461791,199.5,1.2,Dump-A,cycle-acme-s02-truck-075-00003,dumping,0.0,240.0,118469.15,64.0,True,True,13733.64,141126.66,False,False,False,108.6,24.6,"[""ENG_OVERHEAT""]",0.72
a2cbc852-3132-4bd0-8352-e76eeccc7b2a,1.0,acme-mining,site-02,fleet_telemetry,ACME-S02-TRUCK-076,haul_truck,2026-09-01T16:18:51.854Z,11,-16.580734,-71.467981,11.0,0.2,Dump-A,cycle-acme-s02-truck-076-00003,dumping,0.0,240.0,225162.08,58.5,True,True,15743.92,454851.39,False,False,False,89.3,24.6,[],1.0
91a42982-7368-4b3a-a7e4-ed7666f131c8,1.0,acme-mining,site-02,fleet_telemetry,ACME-S02-TRUCK-077,haul_truck,2026-09-01T16:18:51.854Z,11,-16.539394,-71.464765,14.8,1.0,Dump-A,cycle-acme-s02-truck-077-00003,dumping,0.0,240.0,177066.17,93.6,True,True,3383.75,446272.25,False,False,False,93.1,25.1,[],1.0
91e70fb5-8db7-4c9a-ac74-1f1f134d50e1,1.0,acme-mining,site-02,fleet_telemetry,ACME-S02-TRUCK-078,haul_truck,2026-09-01T16:18:51.854Z,11,-16.565441,-71.497913,334.8,0.0,Dump-A,cycle-acme-s02-truck-078-00003,dumping,0.0,240.0,44773.68,89.6,True,True,1691.82,621847.85,False,False,False,90.1,24.3,[],1.0
417a5b77-f6c1-4d69-8052-68d5da1b015d,1.0,acme-mining,site-02,fleet_telemetry,ACME-S02-TRUCK-079,haul_truck,2026-09-01T16:18:51.854Z,11,-16.551888,-71.579198,75.7,0.5,Dump-A,cycle-acme-s02-truck-079-00003,dumping,0.0,240.0,129514.17,32.6,True,True,6548.03,374071.58,False,False,False,93.7,25.0,[],1.0
859cde57-b8c6-454d-805f-0d02e39eed44,1.0,acme-mining,site-02,fleet_telemetry,ACME-S02-TRUCK-080,haul_truck,2026-09-01T16:18:51.854Z,11,-16.594772,-71.50847,272.3,0.8,Dump-A,cycle-acme-s02-truck-080-00003,dumping,0.0,240.0,54087.83,48.1,True,True,5584.25,166687.28,False,False,False,86.6,24.0,[],1.0
0dd37959-66c1-4721-a359-90c6b2e57b93,1.0,beta-minerals,north-site,fleet_telemetry,BETA-NORTH-TRUCK-001,haul_truck,2026-09-01T16:18:51.854Z,11,-16.562056,-71.591192,329.9,0.5,Dump-A,cycle-beta-north-truck-001-00003,dumping,0.0,240.0,383639.93,70.3,True,True,17975.96,92504.01,False,False,False,93.3,24.7,[],1.0
53823a35-4d8a-4bad-8659-086ad489acc9,1.0,beta-minerals,north-site,fleet_telemetry,BETA-NORTH-TRUCK-002,haul_truck,2026-09-01T16:18:51.854Z,11,-16.596481,-71.489832,338.5,0.7,Dump-A,cycle-beta-north-truck-002-00003,dumping,0.0,240.0,155636.18,54.8,True,True,11739.09,367703.73,False,False,False,92.4,24.2,[],1.0
0e56253c-0011-468f-9d49-32bf226e68b4,1.0,beta-minerals,north-site,fleet_telemetry,BETA-NORTH-TRUCK-003,haul_truck,2026-09-01T16:18:51.854Z,11,-16.638787,-71.522758,13.1,1.5,Dump-A,cycle-beta-north-truck-003-00003,dumping,0.0,240.0,22845.33,67.9,True,True,14378.17,292244.94,False,False,False,87.7,24.4,[],1.0
361b0917-a4d0-4aba-8686-8fc346c0ddaa,1.0,beta-minerals,north-site,fleet_telemetry,BETA-NORTH-TRUCK-004,haul_truck,2026-09-01T16:18:51.854Z,11,-16.654111,-71.47801,90.4,0.4,Dump-A,cycle-beta-north-truck-004-00003,dumping,0.0,240.0,365841.83,29.3,True,True,5162.65,493965.29,False,False,False,87.9,24.2,[],1.0
02876ff6-90bf-4a47-bc77-29da7fb8de6e,1.0,beta-minerals,north-site,fleet_telemetry,BETA-NORTH-TRUCK-005,haul_truck,2026-09-01T16:18:51.854Z,11,-16.515852,-71.567374,246.5,0.1,Dump-A,cycle-beta-north-truck-005-00003,dumping,0.0,240.0,305109.36,59.2,True,True,4977.99,91791.87,False,False,False,86.9,24.4,[],1.0
3044ccee-e037-4a41-be22-7d470c78a158,1.0,beta-minerals,north-site,fleet_telemetry,BETA-NORTH-TRUCK-006,haul_truck,2026-09-01T16:18:51.854Z,11,-16.540219,-71.504512,49.4,0.4,Dump-A,cycle-beta-north-truck-006-00003,dumping,0.0,240.0,382028.56,68.2,True,True,13244.52,239192.76,False,False,False,94.7,24.1,[],1.0
4a9b907d-cacd-4863-9687-fc5dc16e6b1e,1.0,beta-minerals,north-site,fleet_telemetry,BETA-NORTH-TRUCK-007,haul_truck,2026-09-01T16:18:51.854Z,11,-16.641085,-71.50658,189.9,0.1,Dump-A,cycle-beta-north-truck-007-00003,dumping,0.0,240.0,61859.85,46.3,True,True,2596.76,104387.36,False,False,False,91.7,24.7,[],1.0
889dd6a0-7b2b-42e2-b10c-13f003e76a5d,1.0,beta-minerals,north-site,fleet_telemetry,BETA-NORTH-TRUCK-008,haul_truck,2026-09-01T16:18:51.854Z,11,-16.584437,-71.470455,225.8,1.0,Dump-A,cycle-beta-north-truck-008-00003,dumping,0.0,240.0,196137.79,59.0,True,True,13444.24,382128.07,False,False,False,90.1,24.1,[],1.0
bdd19035-e32d-4aa4-93a3-16792cf53ef2,1.0,beta-minerals,north-site,fleet_telemetry,BETA-NORTH-TRUCK-009,haul_truck,2026-09-01T16:18:51.854Z,11,-16.598233,-71.608947,195.6,0.5,Dump-A,cycle-beta-north-truck-009-00003,dumping,0.0,240.0,71731.2,47.0,True,True,12564.16,328474.72,False,False,False,89.2,24.7,[],1.0
59895e9a-dd8a-4c36-a31e-869e64865c9f,1.0,beta-minerals,north-site,fleet_telemetry,BETA-NORTH-TRUCK-010,haul_truck,2026-09-01T16:18:51.854Z,11,-16.565907,-71.552003,255.4,1.5,Dump-A,cycle-beta-north-truck-010-00003,dumping,0.0,240.0,178936.17,64.3,True,True,11073.72,142931.21,False,False,False,94.3,24.5,[],1.0
b8b2076d-9253-44c8-9198-c82519a9a021,1.0,beta-minerals,north-site,fleet_telemetry,BETA-NORTH-TRUCK-011,haul_truck,2026-09-01T16:18:51.854Z,11,-16.623592,-71.573552,358.1,1.4,Dump-A,cycle-beta-north-truck-011-00003,dumping,0.0,240.0,23579.44,78.2,True,True,11160.44,72082.73,False,False,False,90.1,24.1,[],1.0
85a5c0ba-030c-45be-b068-d700f4763ce3,1.0,beta-minerals,north-site,fleet_telemetry,BETA-NORTH-TRUCK-012,haul_truck,2026-09-01T16:18:51.854Z,11,-16.588641,-71.525835,280.5,0.7,Dump-A,cycle-beta-north-truck-012-00003,dumping,0.0,240.0,349921.69,59.6,True,True,17351.71,376360.0,False,False,False,93.2,24.0,[],1.0
a5f1d2d0-27d9-4815-9998-0b4c60f221e3,1.0,beta-minerals,north-site,fleet_telemetry,BETA-NORTH-TRUCK-013,haul_truck,2026-09-01T16:18:51.854Z,11,-16.555335,-71.530049,331.1,0.3,Dump-A,cycle-beta-north-truck-013-00003,dumping,0.0,240.0,371949.54,27.9,True,True,18253.61,251123.18,False,False,False,90.0,24.8,[],1.0
f5344e13-eae0-4e92-b888-4c2b3cc58b37,1.0,beta-minerals,north-site,fleet_telemetry,BETA-NORTH-TRUCK-014,haul_truck,2026-09-01T16:18:51.854Z,11,-16.665235,-71.575431,176.7,0.8,Dump-A,cycle-beta-north-truck-014-00003,dumping,0.0,240.0,118914.64,86.2,True,True,16402.98,431813.42,False,False,False,93.4,23.9,[],1.0
332db71a-69a3-460a-b3e3-ce0bc94b747f,1.0,beta-minerals,north-site,fleet_telemetry,BETA-NORTH-TRUCK-015,haul_truck,2026-09-01T16:18:51.854Z,11,-16.54076,-71.52342,125.8,0.2,Dump-A,cycle-beta-north-truck-015-00003,dumping,0.0,240.0,351278.65,41.5,True,True,10108.3,646193.59,False,False,False,91.3,25.1,[],1.0
f1e33e03-7421-4a2d-a308-16f0191b66e3,1.0,beta-minerals,north-site,fleet_telemetry,BETA-NORTH-TRUCK-016,haul_truck,2026-09-01T16:18:51.854Z,11,-16.660898,-71.561334,299.4,1.0,Dump-A,cycle-beta-north-truck-016-00003,dumping,0.0,240.0,100913.38,39.4,True,True,4318.83,107718.23,False,False,False,89.0,24.4,[],1.0
c47ff93c-5c91-4ca7-b6a6-f3ebae173db9,1.0,beta-minerals,north-site,fleet_telemetry,BETA-NORTH-TRUCK-017,haul_truck,2026-09-01T16:18:51.854Z,11,-16.518035,-71.535209,253.1,0.9,Dump-A,cycle-beta-north-truck-017-00003,dumping,0.0,240.0,138759.99,65.0,True,True,4369.62,636770.33,False,False,False,110.3,24.3,"[""ENG_OVERHEAT""]",0.72
bf15a65f-90db-44c7-aea1-83d3977f0ea9,1.0,beta-minerals,north-site,fleet_telemetry,BETA-NORTH-TRUCK-018,haul_truck,2026-09-01T16:18:51.854Z,11,-16.626071,-71.512525,104.3,0.9,Dump-A,cycle-beta-north-truck-018-00003,dumping,0.0,240.0,191103.07,29.1,True,True,3674.5,492559.53,False,False,False,87.1,24.2,[],1.0
0ecaf04a-0e1c-4d31-b504-4eb0bcdd5a36,1.0,beta-minerals,north-site,fleet_telemetry,BETA-NORTH-TRUCK-019,haul_truck,2026-09-01T16:18:51.854Z,11,-16.562179,-71.539238,339.1,1.5,Dump-A,cycle-beta-north-truck-019-00003,dumping,0.0,240.0,374532.72,78.2,True,True,6093.17,468179.08,False,False,False,86.4,23.8,[],1.0
f6db39b8-692f-4c27-b132-5b82841c3f1e,1.0,beta-minerals,north-site,fleet_telemetry,BETA-NORTH-TRUCK-020,haul_truck,2026-09-01T16:18:51.854Z,11,-16.547391,-71.553063,131.8,0.7,Dump-A,cycle-beta-north-truck-020-00003,dumping,0.0,240.0,43227.89,80.6,True,True,14109.65,256358.82,False,False,False,93.4,24.1,[],1.0
9c3941c1-4fac-449a-9a18-7cd8eff4a6b0,1.0,beta-minerals,north-site,fleet_telemetry,BETA-NORTH-TRUCK-021,haul_truck,2026-09-01T16:18:51.854Z,11,-16.534836,-71.602644,352.1,0.6,Dump-A,cycle-beta-north-truck-021-00003,dumping,0.0,240.0,266061.17,85.8,True,True,10439.56,327468.26,False,False,False,114.1,24.0,"[""ENG_OVERHEAT""]",0.72
abf15491-d45a-4164-9693-bba3d5531258,1.0,beta-minerals,north-site,fleet_telemetry,BETA-NORTH-TRUCK-022,haul_truck,2026-09-01T16:18:51.854Z,11,-16.538443,-71.538331,336.8,0.8,Dump-A,cycle-beta-north-truck-022-00003,dumping,0.0,240.0,184995.71,92.7,True,True,18822.27,521277.33,False,False,False,89.4,25.0,[],1.0
aff2c188-ed6f-4a74-a3b2-5b8eebd9501e,1.0,beta-minerals,north-site,fleet_telemetry,BETA-NORTH-TRUCK-023,haul_truck,2026-09-01T16:18:51.854Z,11,-16.615414,-71.508252,300.3,0.2,Dump-A,cycle-beta-north-truck-023-00003,dumping,0.0,240.0,259103.26,58.9,True,True,7960.42,384098.45,False,False,False,88.4,23.9,[],1.0
6e38b40f-954c-48a5-bb64-dbc3fffb01af,1.0,beta-minerals,north-site,fleet_telemetry,BETA-NORTH-TRUCK-024,haul_truck,2026-09-01T16:18:51.854Z,11,-16.645088,-71.544455,89.6,0.4,Dump-A,cycle-beta-north-truck-024-00003,dumping,0.0,240.0,17164.52,90.0,True,True,14075.02,547122.6,False,False,False,90.4,23.9,[],1.0
9485d297-1deb-4822-ba71-aa76aef3fe67,1.0,beta-minerals,north-site,fleet_telemetry,BETA-NORTH-TRUCK-025,haul_truck,2026-09-01T16:18:51.854Z,11,-16.644945,-71.468289,15.6,0.6,Dump-A,cycle-beta-north-truck-025-00003,dumping,0.0,240.0,68042.49,70.4,True,True,5089.16,453813.1,False,False,False,90.0,24.1,[],1.0
9523f2af-6eef-4950-b242-74e1f425c1aa,1.0,beta-minerals,north-site,fleet_telemetry,BETA-NORTH-TRUCK-026,haul_truck,2026-09-01T16:18:51.854Z,11,-16.606936,-71.568605,122.3,0.6,Dump-A,cycle-beta-north-truck-026-00003,dumping,0.0,240.0,407672.85,36.5,True,True,6108.27,254261.83,False,False,False,95.7,23.8,[],1.0
a105858c-e6b2-41a9-aac2-d02a82b65930,1.0,beta-minerals,north-site,fleet_telemetry,BETA-NORTH-TRUCK-027,haul_truck,2026-09-01T16:18:51.854Z,11,-16.657935,-71.522544,121.8,1.1,Dump-A,cycle-beta-north-truck-027-00003,dumping,0.0,240.0,51881.55,39.9,True,True,9899.71,77455.72,False,False,False,89.3,24.4,[],1.0
cb6e89eb-cad0-47a0-85db-ce30695220ca,1.0,beta-minerals,north-site,fleet_telemetry,BETA-NORTH-TRUCK-028,haul_truck,2026-09-01T16:18:51.854Z,11,-16.602806,-71.596357,145.8,1.4,Dump-A,cycle-beta-north-truck-028-00003,dumping,0.0,240.0,369528.7,94.1,True,True,996.9,458226.4,False,False,False,92.7,25.0,[],1.0
23087f29-7900-4780-aca7-263bba6a8b21,1.0,beta-minerals,north-site,fleet_telemetry,BETA-NORTH-TRUCK-029,haul_truck,2026-09-01T16:18:51.854Z,11,-16.62252,-71.556274,40.6,1.1,Dump-A,cycle-beta-north-truck-029-00003,dumping,0.0,240.0,55409.4,50.7,True,True,2693.83,527753.08,False,False,False,93.2,23.8,[],1.0
3c8599b4-a97c-4ec4-9d8e-64dcc8f8b8f6,1.0,beta-minerals,north-site,fleet_telemetry,BETA-NORTH-TRUCK-030,haul_truck,2026-09-01T16:18:51.854Z,11,-16.572717,-71.59121,330.2,1.4,Dump-A,cycle-beta-north-truck-030-00003,dumping,0.0,240.0,40101.84,64.4,True,True,14401.43,446596.57,False,False,False,94.5,25.1,[],1.0
82088bb8-c14d-449c-b13e-82d779fe8b97,1.0,beta-minerals,north-site,fleet_telemetry,BETA-NORTH-TRUCK-031,haul_truck,2026-09-01T16:18:51.854Z,11,-16.532802,-71.603636,344.4,0.8,Dump-A,cycle-beta-north-truck-031-00003,dumping,0.0,240.0,191153.08,73.0,True,True,14115.31,115365.93,False,False,False,108.9,24.9,"[""ENG_OVERHEAT""]",0.72
eb370678-c929-43c6-a10d-79076153514f,1.0,beta-minerals,north-site,fleet_telemetry,BETA-NORTH-TRUCK-032,haul_truck,2026-09-01T16:18:51.854Z,11,-16.648046,-71.573157,305.7,1.5,Dump-A,cycle-beta-north-truck-032-00003,dumping,0.0,240.0,433830.16,47.0,True,True,13298.98,261940.36,False,False,False,91.2,24.4,[],1.0
49f9ddf3-5cd7-4ef3-bf29-3abd38cc1e0a,1.0,beta-minerals,north-site,fleet_telemetry,BETA-NORTH-TRUCK-033,haul_truck,2026-09-01T16:18:51.854Z,11,-16.66613,-71.481943,86.7,1.0,Dump-A,cycle-beta-north-truck-033-00003,dumping,0.0,240.0,135365.88,90.8,True,True,13541.2,474343.42,False,False,False,87.8,24.9,[],1.0
8d75b5ff-6d11-41f2-8101-84c329b67cea,1.0,beta-minerals,north-site,fleet_telemetry,BETA-NORTH-TRUCK-034,haul_truck,2026-09-01T16:18:51.854Z,11,-16.661695,-71.473875,330.8,0.3,Dump-A,cycle-beta-north-truck-034-00003,dumping,0.0,240.0,339051.93,45.6,True,True,11776.3,340999.45,False,False,False,93.6,23.8,[],1.0
35d5cfea-1b95-4583-bdd1-45cbb18c8425,1.0,beta-minerals,north-site,fleet_telemetry,BETA-NORTH-TRUCK-035,haul_truck,2026-09-01T16:18:51.854Z,11,-16.528229,-71.615587,209.7,1.3,Dump-A,cycle-beta-north-truck-035-00003,dumping,0.0,240.0,290756.95,29.9,True,True,8980.79,171881.73,False,False,False,88.8,24.2,[],1.0
b9464859-8dc1-4969-ab21-407112e70933,1.0,beta-minerals,north-site,fleet_telemetry,BETA-NORTH-TRUCK-036,haul_truck,2026-09-01T16:18:51.854Z,11,-16.56118,-71.495503,294.3,0.1,Dump-A,cycle-beta-north-truck-036-00003,dumping,0.0,240.0,260088.1,50.5,True,True,3598.05,562313.04,False,False,False,89.3,25.1,[],1.0
2f2fc2af-ded2-4c8b-9f95-3fa98ccd7ea0,1.0,beta-minerals,north-site,fleet_telemetry,BETA-NORTH-TRUCK-037,haul_truck,2026-09-01T16:18:51.854Z,11,-16.660711,-71.491244,254.2,0.9,Dump-A,cycle-beta-north-truck-037-00003,dumping,0.0,240.0,125362.25,27.7,True,True,1153.83,62545.72,False,False,False,94.6,24.1,[],1.0
ed15bd88-b343-47d1-a0d4-730980cfdd9c,1.0,beta-minerals,north-site,fleet_telemetry,BETA-NORTH-TRUCK-038,haul_truck,2026-09-01T16:18:51.854Z,11,-16.584403,-71.593128,148.4,0.2,Dump-A,cycle-beta-north-truck-038-00003,dumping,0.0,240.0,187002.79,69.8,True,True,17062.75,286852.62,False,False,False,92.8,24.5,[],1.0
857e9e56-7b8b-43f9-a3f3-a35a531c9bc3,1.0,beta-minerals,north-site,fleet_telemetry,BETA-NORTH-TRUCK-039,haul_truck,2026-09-01T16:18:51.854Z,11,-16.607912,-71.515983,39.7,0.5,Dump-A,cycle-beta-north-truck-039-00003,dumping,0.0,240.0,365547.16,62.5,True,True,11639.67,148014.66,False,False,False,89.3,23.8,[],1.0
8c933e28-6d87-4838-8793-6cd49700d2f9,1.0,beta-minerals,north-site,fleet_telemetry,BETA-NORTH-TRUCK-040,haul_truck,2026-09-01T16:18:51.854Z,11,-16.631317,-71.469539,234.8,1.1,Dump-A,cycle-beta-north-truck-040-00003,dumping,0.0,240.0,429509.04,41.6,True,True,7375.61,295616.44,False,False,False,94.6,23.9,[],1.0
66b055f9-3de7-4aed-9edf-a0958f799029,1.0,beta-minerals,north-site,fleet_telemetry,BETA-NORTH-TRUCK-041,haul_truck,2026-09-01T16:18:51.854Z,11,-16.557115,-71.505255,113.8,1.1,Dump-A,cycle-beta-north-truck-041-00003,dumping,0.0,240.0,335890.33,33.3,True,True,7356.96,487267.13,False,False,False,86.3,23.9,[],1.0
d78517dd-7642-4bf0-b10f-037f8dd82287,1.0,beta-minerals,north-site,fleet_telemetry,BETA-NORTH-TRUCK-042,haul_truck,2026-09-01T16:18:51.854Z,11,-16.650087,-71.492541,260.4,0.3,Dump-A,cycle-beta-north-truck-042-00003,dumping,0.0,240.0,327137.56,36.6,True,True,11887.73,513282.1,False,False,False,93.7,24.1,[],1.0
26ff43cd-fa66-43b5-998f-3ca0895c1201,1.0,beta-minerals,north-site,fleet_telemetry,BETA-NORTH-TRUCK-043,haul_truck,2026-09-01T16:18:51.854Z,11,-16.660139,-71.503501,173.5,0.6,Dump-A,cycle-beta-north-truck-043-00003,dumping,0.0,240.0,365128.18,44.0,True,True,17154.34,38494.67,False,False,False,86.1,24.9,[],1.0
ec909788-fd3d-4f2a-81ca-718165ef7e59,1.0,beta-minerals,north-site,fleet_telemetry,BETA-NORTH-TRUCK-044,haul_truck,2026-09-01T16:18:51.854Z,11,-16.643652,-71.592296,19.1,1.0,Dump-A,cycle-beta-north-truck-044-00003,dumping,0.0,240.0,34393.94,85.1,True,True,11318.34,341792.84,False,False,False,93.0,24.6,[],1.0
26f70605-52d3-4d2d-a947-4e47faff47dd,1.0,beta-minerals,north-site,fleet_telemetry,BETA-NORTH-TRUCK-045,haul_truck,2026-09-01T16:18:51.854Z,11,-16.533014,-71.615553,356.6,0.8,Dump-A,cycle-beta-north-truck-045-00003,dumping,0.0,240.0,335943.91,25.1,True,True,15091.37,92660.45,False,False,False,90.1,24.1,[],1.0
010122e2-555a-4b04-81ab-d9b8975789dc,1.0,beta-minerals,north-site,fleet_telemetry,BETA-NORTH-TRUCK-046,haul_truck,2026-09-01T16:18:51.854Z,11,-16.581973,-71.471233,166.4,1.4,Dump-A,cycle-beta-north-truck-046-00003,dumping,0.0,240.0,419711.16,85.0,True,True,8919.18,114553.58,False,False,False,106.9,25.0,"[""ENG_OVERHEAT""]",0.72
43aa717b-213a-48ca-8c33-3e900d4cf51f,1.0,beta-minerals,north-site,fleet_telemetry,BETA-NORTH-TRUCK-047,haul_truck,2026-09-01T16:18:51.854Z,11,-16.538203,-71.52608,66.2,1.1,Dump-A,cycle-beta-north-truck-047-00003,dumping,0.0,240.0,412976.82,47.3,True,True,5559.74,176406.04,False,False,False,87.1,24.8,[],1.0
489de8f2-6291-49b8-91f3-b518bdaa75b2,1.0,beta-minerals,north-site,fleet_telemetry,BETA-NORTH-TRUCK-048,haul_truck,2026-09-01T16:18:51.854Z,11,-16.659345,-71.543097,300.4,1.3,Dump-A,cycle-beta-north-truck-048-00003,dumping,0.0,240.0,441822.83,91.7,True,True,4602.12,526733.19,False,False,False,95.0,24.1,[],1.0
36cead85-69a3-4596-8aa6-722d7327f98c,1.0,beta-minerals,north-site,fleet_telemetry,BETA-NORTH-TRUCK-049,haul_truck,2026-09-01T16:18:51.854Z,11,-16.580175,-71.568877,268.1,0.3,Dump-A,cycle-beta-north-truck-049-00003,dumping,0.0,240.0,13507.16,39.0,True,True,7738.79,368447.81,False,False,False,94.2,23.9,[],1.0
60e8e707-27e7-43d6-9e0d-5e167314a02f,1.0,beta-minerals,north-site,fleet_telemetry,BETA-NORTH-TRUCK-050,haul_truck,2026-09-01T16:18:51.854Z,11,-16.553228,-71.530087,190.5,1.0,Dump-A,cycle-beta-north-truck-050-00003,dumping,0.0,240.0,449027.06,79.3,True,True,8607.42,632270.61,False,False,False,89.7,24.4,[],1.0
d3ed68b1-c84d-423e-bf07-2b5f1b568cdb,1.0,beta-minerals,north-site,fleet_telemetry,BETA-NORTH-TRUCK-051,haul_truck,2026-09-01T16:18:51.854Z,11,-16.536064,-71.477084,34.0,0.9,Dump-A,cycle-beta-north-truck-051-00003,dumping,0.0,240.0,112519.73,49.2,True,True,935.23,278322.98,False,False,False,89.5,25.1,[],1.0
1dc2d44f-8ebe-4693-96e8-ec3071cb22d9,1.0,beta-minerals,north-site,fleet_telemetry,BETA-NORTH-TRUCK-052,haul_truck,2026-09-01T16:18:51.854Z,11,-16.637607,-71.460166,11.0,0.4,Dump-A,cycle-beta-north-truck-052-00003,dumping,0.0,240.0,334757.1,46.5,True,True,16889.31,257053.36,False,False,False,91.6,24.8,[],1.0
1074af6c-840d-49a6-8e56-3d0bf1841df9,1.0,beta-minerals,north-site,fleet_telemetry,BETA-NORTH-TRUCK-053,haul_truck,2026-09-01T16:18:51.854Z,11,-16.633345,-71.48217,321.2,1.5,Dump-A,cycle-beta-north-truck-053-00003,dumping,0.0,240.0,133123.85,28.0,True,True,21418.27,109695.53,False,False,False,93.2,24.6,[],1.0
32a848d8-9caa-4966-8d88-d6514bb8ba68,1.0,beta-minerals,north-site,fleet_telemetry,BETA-NORTH-TRUCK-054,haul_truck,2026-09-01T16:18:51.854Z,11,-16.568416,-71.554399,89.0,1.2,Dump-A,cycle-beta-north-truck-054-00003,dumping,0.0,240.0,265539.8,60.3,True,True,10519.33,491176.85,False,False,False,91.5,24.7,[],1.0
44a96bb1-c814-445e-bdf4-59253789de07,1.0,beta-minerals,north-site,fleet_telemetry,BETA-NORTH-TRUCK-055,haul_truck,2026-09-01T16:18:51.854Z,11,-16.620012,-71.489346,103.5,0.7,Dump-A,cycle-beta-north-truck-055-00003,dumping,0.0,240.0,114180.29,43.2,True,True,10021.65,627457.76,False,False,False,94.9,24.5,[],1.0
28aeeb27-014e-47b7-a646-8947bc8e5965,1.0,beta-minerals,north-site,fleet_telemetry,BETA-NORTH-TRUCK-056,haul_truck,2026-09-01T16:18:51.854Z,11,-16.545582,-71.523954,108.0,0.8,Dump-A,cycle-beta-north-truck-056-00003,dumping,0.0,240.0,42863.2,39.1,True,True,7542.84,191332.45,False,False,False,88.6,24.3,[],1.0
b401828e-44c4-4d93-bf43-678ad3ef81d5,1.0,beta-minerals,north-site,fleet_telemetry,BETA-NORTH-TRUCK-057,haul_truck,2026-09-01T16:18:51.854Z,11,-16.54717,-71.545193,357.3,1.1,Dump-A,cycle-beta-north-truck-057-00003,dumping,0.0,240.0,63124.89,50.0,True,True,10330.83,217841.18,False,False,False,89.0,24.3,[],1.0
3a54555e-fb0a-42aa-a941-bb6df03af75c,1.0,beta-minerals,north-site,fleet_telemetry,BETA-NORTH-TRUCK-058,haul_truck,2026-09-01T16:18:51.854Z,11,-16.573893,-71.583149,335.2,0.2,Dump-A,cycle-beta-north-truck-058-00003,dumping,0.0,240.0,143855.32,74.3,True,True,2716.94,528786.27,False,False,False,91.7,24.3,[],1.0
7c0b450e-228e-468d-9dfe-8dd1e56a27a3,1.0,beta-minerals,north-site,fleet_telemetry,BETA-NORTH-TRUCK-059,haul_truck,2026-09-01T16:18:51.854Z,11,-16.562058,-71.575909,137.6,0.0,Dump-A,cycle-beta-north-truck-059-00003,dumping,0.0,240.0,166527.54,60.9,True,True,2733.73,176378.09,False,False,False,95.4,24.3,[],1.0
f81f916a-6201-41fd-ac5c-9333f29514b8,1.0,beta-minerals,north-site,fleet_telemetry,BETA-NORTH-TRUCK-060,haul_truck,2026-09-01T16:18:51.854Z,11,-16.65519,-71.60119,168.8,0.9,Dump-A,cycle-beta-north-truck-060-00003,dumping,0.0,240.0,254620.38,63.4,True,True,20984.46,558399.07,False,False,False,94.7,25.0,[],1.0
0c80e4f2-b612-4a0f-94c4-406fb58941a9,1.0,beta-minerals,north-site,fleet_telemetry,BETA-NORTH-TRUCK-061,haul_truck,2026-09-01T16:18:51.854Z,11,-16.538627,-71.557947,65.6,0.5,Dump-A,cycle-beta-north-truck-061-00003,dumping,0.0,240.0,442330.31,34.1,True,True,1053.5,543134.81,False,False,False,95.4,24.0,[],1.0
9835c8ea-c129-4efa-8223-70af14a33785,1.0,beta-minerals,north-site,fleet_telemetry,BETA-NORTH-TRUCK-062,haul_truck,2026-09-01T16:18:51.854Z,11,-16.660089,-71.473044,46.3,1.0,Dump-A,cycle-beta-north-truck-062-00003,dumping,0.0,240.0,367609.45,26.5,True,True,13145.28,183057.3,False,False,False,86.3,25.1,[],1.0
97d5ad69-8c58-4a60-bf46-941ab6f71e91,1.0,beta-minerals,north-site,fleet_telemetry,BETA-NORTH-TRUCK-063,haul_truck,2026-09-01T16:18:51.854Z,11,-16.519668,-71.609326,345.3,0.9,Dump-A,cycle-beta-north-truck-063-00003,dumping,0.0,240.0,365911.1,33.5,True,True,2749.96,553783.77,False,False,False,93.4,24.0,[],1.0
09aa2e4b-fe14-4229-9a37-5423c3cdeb12,1.0,beta-minerals,north-site,fleet_telemetry,BETA-NORTH-TRUCK-064,haul_truck,2026-09-01T16:18:51.854Z,11,-16.642797,-71.583181,42.3,0.7,Dump-A,cycle-beta-north-truck-064-00003,dumping,0.0,240.0,22972.94,72.8,True,True,18219.75,268849.42,False,False,False,86.2,25.2,[],1.0
5fee0712-9f16-464b-b8ad-7176e3d32400,1.0,beta-minerals,north-site,fleet_telemetry,BETA-NORTH-TRUCK-065,haul_truck,2026-09-01T16:18:51.854Z,11,-16.56682,-71.537608,1.2,1.3,Dump-A,cycle-beta-north-truck-065-00003,dumping,0.0,240.0,280207.62,68.1,True,True,10255.46,113638.0,False,False,False,90.4,24.7,[],1.0
9ca5e201-5606-4dff-bf63-7751bb3fd2c5,1.0,beta-minerals,north-site,fleet_telemetry,BETA-NORTH-TRUCK-066,haul_truck,2026-09-01T16:18:51.854Z,11,-16.52885,-71.533344,200.0,0.9,Dump-A,cycle-beta-north-truck-066-00003,dumping,0.0,240.0,70384.58,38.9,True,True,2092.77,196259.09,False,False,False,86.0,24.7,[],1.0
4d668d2e-557d-4599-a2d9-2368789cc4cd,1.0,beta-minerals,north-site,fleet_telemetry,BETA-NORTH-TRUCK-067,haul_truck,2026-09-01T16:18:51.854Z,11,-16.583262,-71.539974,179.8,0.1,Dump-A,cycle-beta-north-truck-067-00003,dumping,0.0,240.0,354043.67,50.1,True,True,17650.76,643324.54,False,False,False,95.9,24.4,[],1.0
2e671301-14cf-4da3-9226-f9888dee6de2,1.0,beta-minerals,north-site,fleet_telemetry,BETA-NORTH-TRUCK-068,haul_truck,2026-09-01T16:18:51.854Z,11,-16.665733,-71.487824,240.0,0.3,Dump-A,cycle-beta-north-truck-068-00003,dumping,0.0,240.0,21468.43,66.7,True,True,7618.03,190374.73,False,False,False,113.2,24.5,"[""ENG_OVERHEAT""]",0.72
d01087c9-d2b8-4322-bcd2-b8da264c7a6e,1.0,beta-minerals,north-site,fleet_telemetry,BETA-NORTH-TRUCK-069,haul_truck,2026-09-01T16:18:51.854Z,11,-16.654411,-71.512472,17.9,0.7,Dump-A,cycle-beta-north-truck-069-00003,dumping,0.0,240.0,449827.26,93.1,True,True,12023.98,503110.76,False,False,False,91.0,24.2,[],1.0
ca2a233a-d737-4cac-b4cb-0abf864a3af2,1.0,beta-minerals,north-site,fleet_telemetry,BETA-NORTH-TRUCK-070,haul_truck,2026-09-01T16:18:51.854Z,11,-16.608236,-71.467845,46.6,0.9,Dump-A,cycle-beta-north-truck-070-00003,dumping,0.0,240.0,263305.26,93.7,True,True,16997.87,617115.78,False,False,False,89.9,25.1,[],1.0
fe82ec33-b566-44ba-b07f-23f9e2fa3de5,1.0,beta-minerals,north-site,fleet_telemetry,BETA-NORTH-TRUCK-071,haul_truck,2026-09-01T16:18:51.854Z,11,-16.524133,-71.612996,278.2,0.2,Dump-A,cycle-beta-north-truck-071-00003,dumping,0.0,240.0,364733.23,73.8,True,True,4533.34,393287.51,False,False,False,92.5,24.6,[],1.0
d5e17cab-32b6-4a91-b321-35bc8787e65b,1.0,beta-minerals,north-site,fleet_telemetry,BETA-NORTH-TRUCK-072,haul_truck,2026-09-01T16:18:51.854Z,11,-16.52935,-71.538696,161.8,0.6,Dump-A,cycle-beta-north-truck-072-00003,dumping,0.0,240.0,92823.54,94.1,True,True,12748.47,374758.88,False,False,False,95.6,24.7,[],1.0
16570d0f-7732-4385-afc3-d89be96af50d,1.0,beta-minerals,north-site,fleet_telemetry,BETA-NORTH-TRUCK-073,haul_truck,2026-09-01T16:18:51.854Z,11,-16.593934,-71.564415,202.6,1.4,Dump-A,cycle-beta-north-truck-073-00003,dumping,0.0,240.0,274732.35,26.3,True,True,1604.85,55386.04,False,False,False,93.0,24.0,[],1.0
b8a075ed-273e-471a-8655-8ddea43b0429,1.0,beta-minerals,north-site,fleet_telemetry,BETA-NORTH-TRUCK-074,haul_truck,2026-09-01T16:18:51.854Z,11,-16.660887,-71.593837,311.4,0.9,Dump-A,cycle-beta-north-truck-074-00003,dumping,0.0,240.0,363067.48,85.7,True,True,8024.11,131799.97,False,False,False,86.4,25.1,[],1.0
4b505098-8141-419f-8f9a-7de9e63b466d,1.0,beta-minerals,north-site,fleet_telemetry,BETA-NORTH-TRUCK-075,haul_truck,2026-09-01T16:18:51.854Z,11,-16.610606,-71.466814,307.9,0.2,Dump-A,cycle-beta-north-truck-075-00003,dumping,0.0,240.0,388695.29,92.2,True,True,17216.59,553283.2,False,False,False,90.0,24.8,[],1.0
5bfe4ebb-40d7-4f88-ad76-9249abcd128f,1.0,beta-minerals,north-site,fleet_telemetry,BETA-NORTH-TRUCK-076,haul_truck,2026-09-01T16:18:51.854Z,11,-16.600466,-71.515273,101.6,0.9,Dump-A,cycle-beta-north-truck-076-00003,dumping,0.0,240.0,439379.42,76.2,True,True,7935.11,223240.27,False,False,False,90.6,24.5,[],1.0
ed9642d5-0ee4-4d5b-835b-bedf8e2e459a,1.0,beta-minerals,north-site,fleet_telemetry,BETA-NORTH-TRUCK-077,haul_truck,2026-09-01T16:18:51.854Z,11,-16.544503,-71.581811,178.5,1.0,Dump-A,cycle-beta-north-truck-077-00003,dumping,0.0,240.0,315167.3,90.0,True,True,4493.11,630308.25,False,False,False,86.4,23.9,[],1.0
caa0084f-46f4-42fb-839d-842ca831cd13,1.0,beta-minerals,north-site,fleet_telemetry,BETA-NORTH-TRUCK-078,haul_truck,2026-09-01T16:18:51.854Z,11,-16.670106,-71.505186,188.9,0.7,Dump-A,cycle-beta-north-truck-078-00003,dumping,0.0,240.0,139588.32,37.4,True,True,8821.76,482417.08,False,False,False,94.1,24.7,[],1.0
6c6dfb90-fce1-4fd4-909c-0f0beee54b3b,1.0,beta-minerals,north-site,fleet_telemetry,BETA-NORTH-TRUCK-079,haul_truck,2026-09-01T16:18:51.854Z,11,-16.635082,-71.527011,263.0,0.3,Dump-A,cycle-beta-north-truck-079-00003,dumping,0.0,240.0,415257.54,92.7,True,True,1486.53,399505.1,False,False,False,91.5,24.5,[],1.0
a1ed9c99-eb15-4ccb-a7c3-18aa05697101,1.0,beta-minerals,north-site,fleet_telemetry,BETA-NORTH-TRUCK-080,haul_truck,2026-09-01T16:18:51.854Z,11,-16.568598,-71.463393,101.5,0.7,Dump-A,cycle-beta-north-truck-080-00003,dumping,0.0,240.0,162597.18,47.3,True,True,7820.79,69018.44,False,False,False,95.4,24.4,[],1.0
62cdad85-45ba-46a9-897c-49fe49f462d3,1.0,acme-mining,site-01,fleet_telemetry,ACME-S01-TRUCK-001,haul_truck,2026-09-01T16:18:56.854Z,12,-16.552523,-71.509201,315.4,24.4,Dump-A,cycle-acme-s01-truck-001-00003,returning,0.0,240.0,131013.75,40.6,True,False,14355.86,35757.04,False,False,False,87.8,24.3,[],1.0
a6963a69-ff52-40f0-aa09-c26797d4123d,1.0,acme-mining,site-01,fleet_telemetry,ACME-S01-TRUCK-002,haul_truck,2026-09-01T16:18:56.854Z,12,-16.574115,-71.527685,208.3,40.5,Dump-A,cycle-acme-s01-truck-002-00003,returning,0.0,240.0,51226.76,41.2,True,False,13318.46,40023.38,False,False,False,92.0,23.9,[],1.0
0f39b485-6299-4634-b10c-b7f4bc9788f6,1.0,acme-mining,site-01,fleet_telemetry,ACME-S01-TRUCK-003,haul_truck,2026-09-01T16:18:56.854Z,12,-16.548991,-71.591946,68.8,25.5,Dump-A,cycle-acme-s01-truck-003-00003,returning,0.0,240.0,132404.76,85.8,True,False,9693.84,303001.97,False,False,False,86.8,24.1,[],1.0
bc069c25-4c5d-40b2-a7aa-c161094faebf,1.0,acme-mining,site-01,fleet_telemetry,ACME-S01-TRUCK-004,haul_truck,2026-09-01T16:18:56.854Z,12,-16.654912,-71.481939,358.7,36.7,Dump-A,cycle-acme-s01-truck-004-00003,returning,0.0,240.0,158102.45,31.4,True,False,4096.18,623044.56,False,False,False,95.8,23.8,[],1.0
c33a43a6-e36e-4fb9-94b5-4c132389e722,1.0,acme-mining,site-01,fleet_telemetry,ACME-S01-TRUCK-005,haul_truck,2026-09-01T16:18:56.854Z,12,-16.582081,-71.484792,237.0,57.1,Dump-A,cycle-acme-s01-truck-005-00003,returning,0.0,240.0,438171.79,51.4,True,False,16270.33,357824.01,False,False,True,91.7,24.7,[],1.0
09aa1285-30b3-49f0-83ff-2bb3dfda5dd4,1.0,acme-mining,site-01,fleet_telemetry,ACME-S01-TRUCK-006,haul_truck,2026-09-01T16:18:56.854Z,12,-16.624064,-71.604678,253.5,38.3,Dump-A,cycle-acme-s01-truck-006-00003,returning,0.0,240.0,30163.58,40.9,True,False,13039.88,463880.54,False,False,False,91.0,24.4,[],1.0
320b19be-a051-4c76-8290-17836261c325,1.0,acme-mining,site-01,fleet_telemetry,ACME-S01-TRUCK-007,haul_truck,2026-09-01T16:18:56.854Z,12,-16.613519,-71.510258,129.0,37.8,Dump-A,cycle-acme-s01-truck-007-00003,returning,0.0,240.0,377009.44,36.3,True,False,8858.69,305648.76,False,False,False,95.1,24.7,[],1.0
2abd0834-6bb7-4468-9e3a-ef73cdd9b764,1.0,acme-mining,site-01,fleet_telemetry,ACME-S01-TRUCK-008,haul_truck,2026-09-01T16:18:56.854Z,12,-16.609688,-71.459186,324.0,38.8,Dump-A,cycle-acme-s01-truck-008-00003,returning,0.0,240.0,330816.64,36.4,True,False,13713.59,127817.62,False,False,False,87.7,24.6,[],1.0
1c019513-83ea-4c70-8b03-94f6c0fb20be,1.0,acme-mining,site-01,fleet_telemetry,ACME-S01-TRUCK-009,haul_truck,2026-09-01T16:18:56.854Z,12,-16.538904,-71.488698,117.8,30.1,Dump-A,cycle-acme-s01-truck-009-00003,returning,0.0,240.0,348058.82,28.8,True,False,5455.86,224298.39,False,False,False,86.3,23.9,[],1.0
b4d96d90-9d96-46d3-9248-fbad800e0d62,1.0,acme-mining,site-01,fleet_telemetry,ACME-S01-TRUCK-010,haul_truck,2026-09-01T16:18:56.854Z,12,-16.565569,-71.554145,269.1,29.3,Dump-A,cycle-acme-s01-truck-010-00003,returning,0.0,240.0,395602.61,47.0,True,False,5272.85,614033.42,False,False,False,87.1,25.1,[],1.0
8fb4b080-d334-4233-80ae-37d8a7fa66cc,1.0,acme-mining,site-01,fleet_telemetry,ACME-S01-TRUCK-011,haul_truck,2026-09-01T16:18:56.854Z,12,-16.550908,-71.548953,351.7,25.8,Dump-A,cycle-acme-s01-truck-011-00003,returning,0.0,240.0,337796.0,62.7,True,False,3828.89,107967.36,False,False,False,92.7,24.9,[],1.0
fe0d1131-5f50-4aec-8f1f-17bb5ea419f8,1.0,acme-mining,site-01,fleet_telemetry,ACME-S01-TRUCK-012,haul_truck,2026-09-01T16:18:56.854Z,12,-16.662839,-71.599928,120.6,31.7,Dump-A,cycle-acme-s01-truck-012-00003,returning,0.0,240.0,234192.42,31.3,True,False,5449.62,648449.01,False,False,False,95.4,23.8,[],1.0
ee79064e-019f-4195-a2e2-0adf11529478,1.0,acme-mining,site-01,fleet_telemetry,ACME-S01-TRUCK-013,haul_truck,2026-09-01T16:18:56.854Z,12,-16.630206,-71.528984,93.9,25.2,Dump-A,cycle-acme-s01-truck-013-00003,returning,0.0,240.0,272191.76,57.7,True,False,13443.89,262403.68,False,False,False,87.4,24.4,[],1.0
f3ab36d2-3a94-4ba5-9d60-f24004340546,1.0,acme-mining,site-01,fleet_telemetry,ACME-S01-TRUCK-014,haul_truck,2026-09-01T16:18:56.854Z,12,-16.652508,-71.547931,14.2,36.6,Dump-A,cycle-acme-s01-truck-014-00003,returning,0.0,240.0,127403.93,69.8,True,False,15252.28,358291.62,False,False,False,95.6,24.8,[],1.0
a3eb066f-26d6-4379-bfe2-ac68dd759562,1.0,acme-mining,site-01,fleet_telemetry,ACME-S01-TRUCK-015,haul_truck,2026-09-01T16:18:56.854Z,12,-16.570364,-71.482856,50.4,39.9,Dump-A,cycle-acme-s01-truck-015-00003,returning,0.0,240.0,233380.79,32.4,True,False,21404.04,500036.49,False,False,False,91.4,23.9,[],1.0
0436297b-9aaf-4bcf-a4da-b07e9e1eac15,1.0,acme-mining,site-01,fleet_telemetry,ACME-S01-TRUCK-016,haul_truck,2026-09-01T16:18:56.854Z,12,-16.58556,-71.6174,270.0,25.1,Dump-A,cycle-acme-s01-truck-016-00003,returning,0.0,240.0,247327.62,79.4,True,False,4040.21,500382.09,False,False,False,93.3,24.3,[],1.0
aa43bb58-cd62-4131-80d6-59bc7b55d4cc,1.0,acme-mining,site-01,fleet_telemetry,ACME-S01-TRUCK-017,haul_truck,2026-09-01T16:18:56.854Z,12,-16.63212,-71.578957,50.0,39.5,Dump-A,cycle-acme-s01-truck-017-00003,returning,0.0,240.0,443542.26,81.4,True,False,3171.61,248678.18,False,False,False,89.2,24.9,[],1.0
0096537f-2216-47af-b694-94f369af287d,1.0,acme-mining,site-01,fleet_telemetry,ACME-S01-TRUCK-018,haul_truck,2026-09-01T16:18:56.854Z,12,-16.547846,-71.596934,272.6,25.3,Dump-A,cycle-acme-s01-truck-018-00003,returning,0.0,240.0,40454.36,78.2,True,False,2615.87,326174.25,False,False,False,90.2,24.5,[],1.0
5118a47a-cf18-45a1-833d-3c0aacbcef62,1.0,acme-mining,site-01,fleet_telemetry,ACME-S01-TRUCK-019,haul_truck,2026-09-01T16:18:56.854Z,12,-16.521845,-71.496666,356.5,38.7,Dump-A,cycle-acme-s01-truck-019-00003,returning,0.0,240.0,276902.17,92.4,True,False,4300.71,352434.76,False,False,False,88.1,23.9,[],1.0
9286c8cb-8e81-4e1e-ad56-6020e209ecd3,1.0,acme-mining,site-01,fleet_telemetry,ACME-S01-TRUCK-020,haul_truck,2026-09-01T16:18:56.854Z,12,-16.598162,-71.577791,155.5,24.3,Dump-A,cycle-acme-s01-truck-020-00003,returning,0.0,240.0,174305.87,87.9,True,False,9258.65,443163.08,False,False,False,86.5,24.9,[],1.0
5ad54b41-9ff6-4b41-85da-8f71c1bbbc76,1.0,acme-mining,site-01,fleet_telemetry,ACME-S01-TRUCK-021,haul_truck,2026-09-01T16:18:56.854Z,12,-16.569442,-71.580864,293.0,38.1,Dump-A,cycle-acme-s01-truck-021-00003,returning,0.0,240.0,106896.5,29.9,True,False,13272.16,164972.58,False,False,False,86.3,24.5,[],1.0
a428bebe-6f7b-489a-b4ee-99eac135ae20,1.0,acme-mining,site-01,fleet_telemetry,ACME-S01-TRUCK-022,haul_truck,2026-09-01T16:18:56.854Z,12,-16.649217,-71.467794,243.8,58.8,Dump-A,cycle-acme-s01-truck-022-00003,returning,0.0,240.0,304351.07,39.9,True,False,2302.19,169943.31,False,False,True,93.2,25.1,[],1.0
d70d249e-3b9f-4043-ab8d-acf36377121f,1.0,acme-mining,site-01,fleet_telemetry,ACME-S01-TRUCK-023,haul_truck,2026-09-01T16:18:56.854Z,12,-16.564972,-71.560813,31.4,26.3,Dump-A,cycle-acme-s01-truck-023-00003,returning,0.0,240.0,189107.23,31.5,True,False,5951.56,317973.24,False,False,False,86.2,23.9,[],1.0
ade7747c-6e93-4efd-8d98-55e91a24638f,1.0,acme-mining,site-01,fleet_telemetry,ACME-S01-TRUCK-024,haul_truck,2026-09-01T16:18:56.854Z,12,-16.616129,-71.479635,160.4,33.3,Dump-A,cycle-acme-s01-truck-024-00003,returning,0.0,240.0,53304.71,53.1,True,False,15075.35,640024.36,False,False,False,90.7,24.9,[],1.0
b424f3ae-d01c-4d41-83cc-42ea953b9a97,1.0,acme-mining,site-01,fleet_telemetry,ACME-S01-TRUCK-025,haul_truck,2026-09-01T16:18:56.854Z,12,-16.53047,-71.605416,329.2,27.4,Dump-A,cycle-acme-s01-truck-025-00003,returning,0.0,240.0,90735.59,57.3,True,False,12169.27,108315.13,False,False,False,90.8,23.8,[],1.0
806e4865-1a5e-426b-b878-c5fa3cd49dd6,1.0,acme-mining,site-01,fleet_telemetry,ACME-S01-TRUCK-026,haul_truck,2026-09-01T16:18:56.854Z,12,-16.655518,-71.496868,92.1,36.0,Dump-A,cycle-acme-s01-truck-026-00003,returning,0.0,240.0,247859.54,26.0,True,False,2875.68,430851.56,False,False,False,92.6,24.8,[],1.0
c15ef7d2-5f1b-415f-a5c3-7ec4e4a1d217,1.0,acme-mining,site-01,fleet_telemetry,ACME-S01-TRUCK-027,haul_truck,2026-09-01T16:18:56.854Z,12,-16.609782,-71.459837,289.6,29.5,Dump-A,cycle-acme-s01-truck-027-00003,returning,0.0,240.0,186458.58,29.0,True,False,11095.61,154661.1,False,False,False,94.7,24.2,[],1.0
b566d692-0f6a-4555-a7ce-565722cafe50,1.0,acme-mining,site-01,fleet_telemetry,ACME-S01-TRUCK-028,haul_truck,2026-09-01T16:18:56.854Z,12,-16.564487,-71.539657,121.0,31.1,Dump-A,cycle-acme-s01-truck-028-00003,returning,0.0,240.0,331423.19,79.8,True,False,6847.3,458852.95,False,False,False,87.2,24.3,[],1.0
8ec59359-d99a-478b-ba6a-0de9804cefff,1.0,acme-mining,site-01,fleet_telemetry,ACME-S01-TRUCK-029,haul_truck,2026-09-01T16:18:56.854Z,12,-16.661275,-71.523993,359.4,37.4,Dump-A,cycle-acme-s01-truck-029-00003,returning,0.0,240.0,248566.74,77.3,True,False,21336.66,384883.89,False,False,False,93.6,24.8,[],1.0
e0082e42-1855-47aa-99c4-d1204d2d162a,1.0,acme-mining,site-01,fleet_telemetry,ACME-S01-TRUCK-030,haul_truck,2026-09-01T16:18:56.854Z,12,-16.575172,-71.509467,249.2,26.3,Dump-A,cycle-acme-s01-truck-030-00003,returning,0.0,240.0,45249.89,37.9,True,False,4137.59,625291.0,False,False,False,94.6,24.0,[],1.0
e989f5cd-14c8-42c8-99bb-1aca5ac98c74,1.0,acme-mining,site-01,fleet_telemetry,ACME-S01-TRUCK-031,haul_truck,2026-09-01T16:18:56.854Z,12,-16.657273,-71.512305,215.9,25.5,Dump-A,cycle-acme-s01-truck-031-00003,returning,0.0,240.0,264725.24,27.7,True,False,20761.85,378895.8,False,False,False,94.0,24.9,[],1.0
f10c5447-0237-40cf-a90f-37d2d945bf44,1.0,acme-mining,site-01,fleet_telemetry,ACME-S01-TRUCK-032,haul_truck,2026-09-01T16:18:56.854Z,12,-16.60708,-71.510019,176.7,40.9,Dump-A,cycle-acme-s01-truck-032-00003,returning,0.0,240.0,325125.24,41.6,True,False,20615.79,148683.63,False,False,False,94.2,24.5,[],1.0
ca571375-dcd2-4b86-9388-96bc11f84aad,1.0,acme-mining,site-01,fleet_telemetry,ACME-S01-TRUCK-033,haul_truck,2026-09-01T16:18:56.854Z,12,-16.58035,-71.601462,27.5,31.9,Dump-A,cycle-acme-s01-truck-033-00003,returning,0.0,240.0,14099.65,68.4,True,False,20495.21,609512.93,False,False,False,90.6,24.9,[],1.0
b60903ae-cb9d-423e-bc71-80510b8faade,1.0,acme-mining,site-01,fleet_telemetry,ACME-S01-TRUCK-034,haul_truck,2026-09-01T16:18:56.854Z,12,-16.61126,-71.592269,228.8,34.9,Dump-A,cycle-acme-s01-truck-034-00003,returning,0.0,240.0,397581.09,86.5,True,False,6422.27,607953.68,False,False,False,90.6,24.0,[],1.0
7bbb3fa1-0e73-48b4-83c3-33a80d54e768,1.0,acme-mining,site-01,fleet_telemetry,ACME-S01-TRUCK-035,haul_truck,2026-09-01T16:18:56.854Z,12,-16.539717,-71.569578,114.8,29.0,Dump-A,cycle-acme-s01-truck-035-00003,returning,0.0,240.0,297750.43,25.5,True,False,13767.59,641957.11,False,False,False,91.9,24.8,[],1.0
b219571b-f705-4cc0-9f75-90851861b37b,1.0,acme-mining,site-01,fleet_telemetry,ACME-S01-TRUCK-036,haul_truck,2026-09-01T16:18:56.854Z,12,-16.625261,-71.58382,298.1,31.4,Dump-A,cycle-acme-s01-truck-036-00003,returning,0.0,240.0,336664.19,35.8,True,False,6406.69,580519.33,False,False,False,93.9,24.1,[],1.0
fe31a30b-1b0b-488a-bda0-b410fa771014,1.0,acme-mining,site-01,fleet_telemetry,ACME-S01-TRUCK-037,haul_truck,2026-09-01T16:18:56.854Z,12,-16.568934,-71.484785,236.6,26.0,Dump-A,cycle-acme-s01-truck-037-00003,returning,0.0,240.0,409590.83,28.5,True,False,11514.69,178206.71,False,False,False,95.7,24.9,[],1.0
35b0532a-da0b-43dc-b7cc-9b9b3393124f,1.0,acme-mining,site-01,fleet_telemetry,ACME-S01-TRUCK-038,haul_truck,2026-09-01T16:18:56.854Z,12,-16.582154,-71.549065,114.8,57.9,Dump-A,cycle-acme-s01-truck-038-00003,returning,0.0,240.0,125261.17,76.8,True,False,17147.74,421381.75,False,False,True,90.8,24.3,[],1.0
3319094d-a9e3-4d85-91aa-7656e7891c77,1.0,acme-mining,site-01,fleet_telemetry,ACME-S01-TRUCK-039,haul_truck,2026-09-01T16:18:56.854Z,12,-16.611294,-71.529116,238.1,27.5,Dump-A,cycle-acme-s01-truck-039-00003,returning,0.0,240.0,75584.74,27.5,True,False,20835.1,455342.64,False,False,False,89.3,24.8,[],1.0
3065fd9b-972a-4950-a43f-fef4cad4e89b,1.0,acme-mining,site-01,fleet_telemetry,ACME-S01-TRUCK-040,haul_truck,2026-09-01T16:18:56.854Z,12,-16.526599,-71.583907,210.0,24.6,Dump-A,cycle-acme-s01-truck-040-00003,returning,0.0,240.0,360294.66,85.2,True,False,7335.09,586358.64,False,False,False,93.7,24.4,[],1.0
0c53fe5f-fd2c-4367-b85c-c4da53b2fcef,1.0,acme-mining,site-01,fleet_telemetry,ACME-S01-TRUCK-041,haul_truck,2026-09-01T16:18:56.854Z,12,-16.550498,-71.469367,305.0,36.1,Dump-A,cycle-acme-s01-truck-041-00003,returning,0.0,240.0,394874.45,93.1,True,False,8298.0,372726.87,False,False,False,91.2,25.1,[],1.0
5411c2ec-6331-4f07-bfc4-4f494ae564b0,1.0,acme-mining,site-01,fleet_telemetry,ACME-S01-TRUCK-042,haul_truck,2026-09-01T16:18:56.854Z,12,-16.552496,-71.564316,127.8,24.2,Dump-A,cycle-acme-s01-truck-042-00003,returning,0.0,240.0,397823.98,26.7,True,False,21495.58,530786.45,False,False,False,86.7,24.4,[],1.0
3c1199a3-edce-458c-839d-b50a714e4af5,1.0,acme-mining,site-01,fleet_telemetry,ACME-S01-TRUCK-043,haul_truck,2026-09-01T16:18:56.854Z,12,-16.533035,-71.581915,125.3,35.8,Dump-A,cycle-acme-s01-truck-043-00003,returning,0.0,240.0,57562.93,86.0,True,False,6456.3,516046.23,False,False,False,92.8,24.3,[],1.0
9eb226b4-7d3e-4343-ba78-31efd208c33f,1.0,acme-mining,site-01,fleet_telemetry,ACME-S01-TRUCK-044,haul_truck,2026-09-01T16:18:56.854Z,12,-16.564799,-71.553768,273.1,27.9,Dump-A,cycle-acme-s01-truck-044-00003,returning,0.0,240.0,393382.99,40.5,True,False,8212.78,536938.22,False,False,False,86.4,25.1,[],1.0
048201f3-055b-4f1d-aaf6-32b816a4bc60,1.0,acme-mining,site-01,fleet_telemetry,ACME-S01-TRUCK-045,haul_truck,2026-09-01T16:18:56.854Z,12,-16.513424,-71.531698,189.2,36.7,Dump-A,cycle-acme-s01-truck-045-00003,returning,0.0,240.0,292252.81,52.9,True,False,21298.07,195849.05,False,False,False,91.0,25.2,[],1.0
08a557ad-33cd-41e3-94bc-165f7d6da2bc,1.0,acme-mining,site-01,fleet_telemetry,ACME-S01-TRUCK-046,haul_truck,2026-09-01T16:18:56.854Z,12,-16.664252,-71.52203,350.3,34.6,Dump-A,cycle-acme-s01-truck-046-00003,returning,0.0,240.0,265460.33,93.8,True,False,19393.23,184565.85,False,False,False,87.4,23.9,[],1.0
8f37126f-53a0-4d9f-aba8-ee19098f47c7,1.0,acme-mining,site-01,fleet_telemetry,ACME-S01-TRUCK-047,haul_truck,2026-09-01T16:18:56.854Z,12,-16.639977,-71.610455,333.1,40.6,Dump-A,cycle-acme-s01-truck-047-00003,returning,0.0,240.0,60884.99,87.9,True,False,10051.57,640068.88,False,False,False,92.7,23.8,[],1.0
12440b67-18fd-45c9-9e46-2e5a836632cb,1.0,acme-mining,site-01,fleet_telemetry,ACME-S01-TRUCK-048,haul_truck,2026-09-01T16:18:56.854Z,12,-16.563063,-71.559242,62.5,37.6,Dump-A,cycle-acme-s01-truck-048-00003,returning,0.0,240.0,326550.05,76.9,True,False,20422.21,359225.03,False,False,False,87.2,24.4,[],1.0
53625b48-c805-4a10-b92a-734b0a044b63,1.0,acme-mining,site-01,fleet_telemetry,ACME-S01-TRUCK-049,haul_truck,2026-09-01T16:18:56.854Z,12,-16.589247,-71.510823,100.6,36.4,Dump-A,cycle-acme-s01-truck-049-00003,returning,0.0,240.0,64835.99,87.9,True,False,14010.91,437934.41,False,False,False,94.9,25.1,[],1.0
db19d4c5-ba61-4d99-a4ea-59e90a1799f4,1.0,acme-mining,site-01,fleet_telemetry,ACME-S01-TRUCK-050,haul_truck,2026-09-01T16:18:56.854Z,12,-16.550715,-71.589666,187.8,24.4,Dump-A,cycle-acme-s01-truck-050-00003,returning,0.0,240.0,302569.8,51.5,True,False,12553.56,140859.54,False,False,False,90.8,24.2,[],1.0
d7cd4cec-55ba-4111-b2ba-7d5e4c1e0b92,1.0,acme-mining,site-01,fleet_telemetry,ACME-S01-TRUCK-051,haul_truck,2026-09-01T16:18:56.854Z,12,-16.577599,-71.512742,345.9,28.9,Dump-A,cycle-acme-s01-truck-051-00003,returning,0.0,240.0,136242.89,55.0,True,False,12416.29,20256.09,False,False,False,94.2,23.9,[],1.0
457dd518-65c4-4beb-8c7a-04714b499137,1.0,acme-mining,site-01,fleet_telemetry,ACME-S01-TRUCK-052,haul_truck,2026-09-01T16:18:56.854Z,12,-16.552617,-71.512055,42.3,28.7,Dump-A,cycle-acme-s01-truck-052-00003,returning,0.0,240.0,359244.43,92.1,True,False,15123.31,342039.93,False,False,False,86.2,24.4,[],1.0
ba39cb4b-e49b-4fbc-9de4-5fe4ccfd3092,1.0,acme-mining,site-01,fleet_telemetry,ACME-S01-TRUCK-053,haul_truck,2026-09-01T16:18:56.854Z,12,-16.541379,-71.593939,102.7,38.0,Dump-A,cycle-acme-s01-truck-053-00003,returning,0.0,240.0,113343.03,46.7,True,False,2779.83,619760.14,False,False,False,86.5,24.2,[],1.0
194327c0-c8d3-4ab8-b44b-e5aaecb6e3a1,1.0,acme-mining,site-01,fleet_telemetry,ACME-S01-TRUCK-054,haul_truck,2026-09-01T16:18:56.854Z,12,-16.578274,-71.502521,190.8,53.7,Dump-A,cycle-acme-s01-truck-054-00003,returning,0.0,240.0,210383.96,87.0,True,False,13759.02,504148.61,False,False,True,90.2,25.2,[],1.0
26ebd67d-d6bb-473e-9aa7-5a1a4f8a780f,1.0,acme-mining,site-01,fleet_telemetry,ACME-S01-TRUCK-055,haul_truck,2026-09-01T16:18:56.854Z,12,-16.547183,-71.600426,271.6,39.7,Dump-A,cycle-acme-s01-truck-055-00003,returning,0.0,240.0,12440.57,77.5,True,False,5972.49,433316.82,False,False,False,92.8,24.7,[],1.0
cd72ea6f-331c-431e-8d83-6bfaa8f3c064,1.0,acme-mining,site-01,fleet_telemetry,ACME-S01-TRUCK-056,haul_truck,2026-09-01T16:18:56.854Z,12,-16.523618,-71.598023,159.2,25.0,Dump-A,cycle-acme-s01-truck-056-00003,returning,0.0,240.0,214402.8,63.9,True,False,17847.15,458424.71,False,False,False,94.0,24.6,[],1.0
7e1cc36b-a56f-433a-add1-0e820ee8a466,1.0,acme-mining,site-01,fleet_telemetry,ACME-S01-TRUCK-057,haul_truck,2026-09-01T16:18:56.854Z,12,-16.527739,-71.519454,57.9,37.3,Dump-A,cycle-acme-s01-truck-057-00003,returning,0.0,240.0,271999.87,91.4,True,False,14952.66,642372.52,False,False,False,94.4,24.5,[],1.0
730204d7-53c4-473e-9218-c9b50b59a1fc,1.0,acme-mining,site-01,fleet_telemetry,ACME-S01-TRUCK-058,haul_truck,2026-09-01T16:18:56.854Z,12,-16.532512,-71.545472,33.6,29.1,Dump-A,cycle-acme-s01-truck-058-00003,returning,0.0,240.0,206202.84,36.1,True,False,9846.92,591318.77,False,False,False,87.9,24.4,[],1.0
9fa9c142-10b7-44a0-b005-601e6b8d21f9,1.0,acme-mining,site-01,fleet_telemetry,ACME-S01-TRUCK-059,haul_truck,2026-09-01T16:18:56.854Z,12,-16.658035,-71.571731,248.1,41.6,Dump-A,cycle-acme-s01-truck-059-00003,returning,0.0,240.0,285770.16,44.2,True,False,17035.27,348419.18,False,False,False,95.2,24.9,[],1.0
e99dfd28-7073-4e95-a07c-566268522855,1.0,acme-mining,site-01,fleet_telemetry,ACME-S01-TRUCK-060,haul_truck,2026-09-01T16:18:56.854Z,12,-16.64597,-71.583227,294.0,25.7,Dump-A,cycle-acme-s01-truck-060-00003,returning,0.0,240.0,76366.34,51.7,True,False,19732.19,70764.18,False,False,False,86.8,23.9,[],1.0
5cb72cfe-40a0-44e7-ba83-17ad0c7262d5,1.0,acme-mining,site-01,fleet_telemetry,ACME-S01-TRUCK-061,haul_truck,2026-09-01T16:18:56.854Z,12,-16.525612,-71.524056,55.6,28.4,Dump-A,cycle-acme-s01-truck-061-00003,returning,0.0,240.0,101007.98,54.3,True,False,12303.37,281938.08,False,False,False,93.3,25.0,[],1.0
00247552-e53a-4160-86d3-2b0b997381e5,1.0,acme-mining,site-01,fleet_telemetry,ACME-S01-TRUCK-062,haul_truck,2026-09-01T16:18:56.854Z,12,-16.533858,-71.464938,247.9,38.5,Dump-A,cycle-acme-s01-truck-062-00003,returning,0.0,240.0,164774.72,77.7,True,False,8864.09,23714.84,False,False,False,95.7,24.1,[],1.0
b40e75f1-8a87-4e04-9d65-8de69bc59b2e,1.0,acme-mining,site-01,fleet_telemetry,ACME-S01-TRUCK-063,haul_truck,2026-09-01T16:18:56.854Z,12,-16.592639,-71.555294,295.7,26.5,Dump-A,cycle-acme-s01-truck-063-00003,returning,0.0,240.0,224821.82,44.0,True,False,17757.22,585621.41,False,False,False,87.2,24.2,[],1.0
ea5c80f9-ce5f-4748-a1b5-abdf4af7323d,1.0,acme-mining,site-01,fleet_telemetry,ACME-S01-TRUCK-064,haul_truck,2026-09-01T16:18:56.854Z,12,-16.584925,-71.472396,10.0,35.5,Dump-A,cycle-acme-s01-truck-064-00003,returning,0.0,240.0,414599.16,93.6,True,False,16152.66,549518.87,False,False,False,92.4,23.8,[],1.0
3c70e35a-e5ac-415b-97ea-d415502c240a,1.0,acme-mining,site-01,fleet_telemetry,ACME-S01-TRUCK-065,haul_truck,2026-09-01T16:18:56.854Z,12,-16.628731,-71.565132,129.7,25.8,Dump-A,cycle-acme-s01-truck-065-00003,returning,0.0,240.0,391415.45,37.7,True,False,2579.7,290026.34,False,False,False,93.8,24.0,[],1.0
5c1e2721-4c04-4944-a5da-caed4634f63f,1.0,acme-mining,site-01,fleet_telemetry,ACME-S01-TRUCK-066,haul_truck,2026-09-01T16:18:56.854Z,12,-16.630053,-71.604374,333.8,25.4,Dump-A,cycle-acme-s01-truck-066-00003,returning,0.0,240.0,340885.17,83.2,True,False,16938.09,258849.8,False,False,False,90.2,24.7,[],1.0
324acc9d-e6fb-48ca-b7fa-f34ea264beb9,1.0,acme-mining,site-01,fleet_telemetry,ACME-S01-TRUCK-067,haul_truck,2026-09-01T16:18:56.854Z,12,-16.517204,-71.611048,49.0,41.0,Dump-A,cycle-acme-s01-truck-067-00003,returning,0.0,240.0,108658.6,29.7,True,False,1904.23,619709.7,False,False,False,88.7,24.9,[],1.0
426fd517-03a8-4161-a582-ca9afa142ee6,1.0,acme-mining,site-01,fleet_telemetry,ACME-S01-TRUCK-068,haul_truck,2026-09-01T16:18:56.854Z,12,-16.563294,-71.527224,223.6,26.2,Dump-A,cycle-acme-s01-truck-068-00003,returning,0.0,240.0,77049.08,33.8,True,False,5026.46,32839.7,False,False,False,92.7,24.8,[],1.0
121af3a1-f97a-4acf-8c13-e1d25b2e0e69,1.0,acme-mining,site-01,fleet_telemetry,ACME-S01-TRUCK-069,haul_truck,2026-09-01T16:18:56.854Z,12,-16.652054,-71.486428,306.3,29.6,Dump-A,cycle-acme-s01-truck-069-00003,returning,0.0,240.0,277189.75,77.3,True,False,17058.26,125707.44,False,False,False,91.3,24.3,[],1.0
3c35b37a-7d22-4d2e-ae9d-48716cb8995f,1.0,acme-mining,site-01,fleet_telemetry,ACME-S01-TRUCK-070,haul_truck,2026-09-01T16:18:56.854Z,12,-16.610303,-71.466872,144.5,27.8,Dump-A,cycle-acme-s01-truck-070-00003,returning,0.0,240.0,263351.41,88.5,True,False,13068.13,605199.18,False,False,False,95.7,24.0,[],1.0
a2b5a4a5-8237-4c25-bdbd-c033ef0f8bcd,1.0,acme-mining,site-01,fleet_telemetry,ACME-S01-TRUCK-071,haul_truck,2026-09-01T16:18:56.854Z,12,-16.534321,-71.521417,294.0,35.5,Dump-A,cycle-acme-s01-truck-071-00003,returning,0.0,240.0,54837.42,79.0,True,False,15441.04,415162.98,False,False,False,92.1,24.7,[],1.0
e190fbaf-bf78-4628-b903-c2a3a76bd129,1.0,acme-mining,site-01,fleet_telemetry,ACME-S01-TRUCK-072,haul_truck,2026-09-01T16:18:56.854Z,12,-16.589437,-71.562891,213.5,41.4,Dump-A,cycle-acme-s01-truck-072-00003,returning,0.0,240.0,198487.18,50.9,True,False,17391.89,238738.68,False,False,False,91.6,25.0,[],1.0
bdd7e2d0-5559-4015-9b07-ec3cca49b537,1.0,acme-mining,site-01,fleet_telemetry,ACME-S01-TRUCK-073,haul_truck,2026-09-01T16:18:56.854Z,12,-16.557234,-71.547826,315.2,33.2,Dump-A,cycle-acme-s01-truck-073-00003,returning,0.0,240.0,289658.3,82.9,True,False,3037.44,625296.47,False,False,False,92.3,24.0,[],1.0
6ab42e7e-65f8-48ee-83d1-44c559d07236,1.0,acme-mining,site-01,fleet_telemetry,ACME-S01-TRUCK-074,haul_truck,2026-09-01T16:18:56.854Z,12,-16.538263,-71.522697,178.9,33.3,Dump-A,cycle-acme-s01-truck-074-00003,returning,0.0,240.0,350843.09,57.5,True,False,13857.36,599359.47,False,False,False,86.5,24.7,[],1.0
c9b7539f-0968-4f6f-9712-1ca9020921d3,1.0,acme-mining,site-01,fleet_telemetry,ACME-S01-TRUCK-075,haul_truck,2026-09-01T16:18:56.854Z,12,-16.596045,-71.519867,129.8,25.6,Dump-A,cycle-acme-s01-truck-075-00003,returning,0.0,240.0,397918.57,42.0,True,False,18411.51,74597.89,False,False,False,94.1,24.9,[],1.0
792934c5-d5a4-42b1-b811-84fbb6c7647a,1.0,acme-mining,site-01,fleet_telemetry,ACME-S01-TRUCK-076,haul_truck,2026-09-01T16:18:56.854Z,12,-16.629061,-71.572751,177.2,38.8,Dump-A,cycle-acme-s01-truck-076-00003,returning,0.0,240.0,224522.82,49.8,True,False,11279.31,224759.23,False,False,False,93.0,24.5,[],1.0
bb5a93a2-3bef-4104-9ef1-ae482939c3b7,1.0,acme-mining,site-01,fleet_telemetry,ACME-S01-TRUCK-077,haul_truck,2026-09-01T16:18:56.854Z,12,-16.605348,-71.528666,12.2,29.1,Dump-A,cycle-acme-s01-truck-077-00003,returning,0.0,240.0,94065.68,41.8,True,False,12582.79,345475.47,False,False,False,91.9,24.4,[],1.0
5c39ff6f-467f-4e3a-bba6-d2cc8d5b6ad5,1.0,acme-mining,site-01,fleet_telemetry,ACME-S01-TRUCK-078,haul_truck,2026-09-01T16:18:56.854Z,12,-16.634979,-71.506773,140.4,51.1,Dump-A,cycle-acme-s01-truck-078-00003,returning,0.0,240.0,358891.31,31.4,True,False,14493.16,329217.76,False,False,True,95.2,24.6,[],1.0
225cafd5-c72e-4abb-b0b2-2cc4f353ead3,1.0,acme-mining,site-01,fleet_telemetry,ACME-S01-TRUCK-079,haul_truck,2026-09-01T16:18:56.854Z,12,-16.582336,-71.561198,178.8,26.3,Dump-A,cycle-acme-s01-truck-079-00003,returning,0.0,240.0,161254.1,94.7,True,False,8623.25,368688.22,False,False,False,94.0,24.6,[],1.0
277d8bfc-8e5b-4722-a394-a2db74ba53c1,1.0,acme-mining,site-01,fleet_telemetry,ACME-S01-TRUCK-080,haul_truck,2026-09-01T16:18:56.854Z,12,-16.584661,-71.495564,235.1,38.1,Dump-A,cycle-acme-s01-truck-080-00003,returning,0.0,240.0,94737.94,33.3,True,False,6129.77,96013.49,False,False,False,94.7,24.3,[],1.0
1619382b-b7db-41a9-ab46-cec1db02a428,1.0,acme-mining,site-02,fleet_telemetry,ACME-S02-TRUCK-001,haul_truck,2026-09-01T16:18:56.854Z,12,-16.537065,-71.488505,270.7,34.3,Dump-A,cycle-acme-s02-truck-001-00003,returning,0.0,240.0,319616.21,59.9,True,False,4524.75,259530.96,False,False,False,95.5,24.3,[],1.0
f485ef7d-e3af-4f93-89f7-041743095a78,1.0,acme-mining,site-02,fleet_telemetry,ACME-S02-TRUCK-002,haul_truck,2026-09-01T16:18:56.854Z,12,-16.601732,-71.552816,202.9,57.1,Dump-A,cycle-acme-s02-truck-002-00003,returning,0.0,240.0,44260.4,46.8,True,False,10047.87,309645.49,False,False,True,92.9,24.8,[],1.0
191be9d1-8cb6-46ec-9dcd-e01e670fc057,1.0,acme-mining,site-02,fleet_telemetry,ACME-S02-TRUCK-003,haul_truck,2026-09-01T16:18:56.854Z,12,-16.571456,-71.484347,97.4,39.6,Dump-A,cycle-acme-s02-truck-003-00003,returning,0.0,240.0,152898.85,81.0,True,False,3241.69,33139.93,False,False,False,89.1,23.9,[],1.0
e950c2ea-2f35-4739-98cf-e10bda7258c8,1.0,acme-mining,site-02,fleet_telemetry,ACME-S02-TRUCK-004,haul_truck,2026-09-01T16:18:56.854Z,12,-16.6578,-71.478214,54.4,37.5,Dump-A,cycle-acme-s02-truck-004-00003,returning,0.0,240.0,201698.52,53.0,True,False,10058.31,86694.05,False,False,False,90.6,24.4,[],1.0
70e002ad-760e-48ac-b392-8a45282c3ddc,1.0,acme-mining,site-02,fleet_telemetry,ACME-S02-TRUCK-005,haul_truck,2026-09-01T16:18:56.854Z,12,-16.588824,-71.472557,220.0,41.1,Dump-A,cycle-acme-s02-truck-005-00003,returning,0.0,240.0,234613.5,32.9,True,False,7861.07,125923.89,False,False,False,90.5,24.2,[],1.0
3b2e5a79-bb48-47a4-b547-d58e98ec92c2,1.0,acme-mining,site-02,fleet_telemetry,ACME-S02-TRUCK-006,haul_truck,2026-09-01T16:18:56.854Z,12,-16.54877,-71.512622,303.6,32.2,Dump-A,cycle-acme-s02-truck-006-00003,returning,0.0,240.0,96800.44,67.1,True,False,5808.92,112260.14,False,False,False,88.1,24.4,[],1.0
fa0d9a95-c83d-4739-816a-6add7fe8d7ab,1.0,acme-mining,site-02,fleet_telemetry,ACME-S02-TRUCK-007,haul_truck,2026-09-01T16:18:56.854Z,12,-16.529259,-71.514589,93.1,28.8,Dump-A,cycle-acme-s02-truck-007-00003,returning,0.0,240.0,264966.81,72.6,True,False,10635.82,375153.62,False,False,False,95.3,24.1,[],1.0
cf82bb59-b1e7-4106-82a2-f231d48af35a,1.0,acme-mining,site-02,fleet_telemetry,ACME-S02-TRUCK-008,haul_truck,2026-09-01T16:18:56.854Z,12,-16.5997,-71.569029,226.1,40.9,Dump-A,cycle-acme-s02-truck-008-00003,returning,0.0,240.0,76422.11,29.7,True,False,19122.05,415147.27,False,False,False,86.4,24.1,[],1.0
045adf08-7087-49f2-9b4f-6aafd3daa29f,1.0,acme-mining,site-02,fleet_telemetry,ACME-S02-TRUCK-009,haul_truck,2026-09-01T16:18:56.854Z,12,-16.611436,-71.571591,64.2,30.2,Dump-A,cycle-acme-s02-truck-009-00003,returning,0.0,240.0,213167.54,27.6,True,False,8261.19,66740.38,False,False,False,93.9,24.4,[],1.0
cd57ad14-7c59-453b-a1d6-d4f005246574,1.0,acme-mining,site-02,fleet_telemetry,ACME-S02-TRUCK-010,haul_truck,2026-09-01T16:18:56.854Z,12,-16.543676,-71.474136,338.5,36.6,Dump-A,cycle-acme-s02-truck-010-00003,returning,0.0,240.0,213593.98,63.7,True,False,13838.19,339453.01,False,False,False,93.7,24.1,[],1.0
5052d44f-60c5-4908-9b1e-a6f8f10c9be8,1.0,acme-mining,site-02,fleet_telemetry,ACME-S02-TRUCK-011,haul_truck,2026-09-01T16:18:56.854Z,12,-16.660484,-71.600926,178.6,41.4,Dump-A,cycle-acme-s02-truck-011-00003,returning,0.0,240.0,219277.62,35.5,True,False,14618.97,222562.19,False,False,False,89.4,24.0,[],1.0
404a843e-6f98-4150-a992-7f14b82fbaa1,1.0,acme-mining,site-02,fleet_telemetry,ACME-S02-TRUCK-012,haul_truck,2026-09-01T16:18:56.854Z,12,-16.557239,-71.458997,1.7,31.0,Dump-A,cycle-acme-s02-truck-012-00003,returning,0.0,240.0,294296.77,27.7,True,False,21626.59,73127.67,False,False,False,94.5,24.6,[],1.0
c7f05aaa-c3fc-4f21-bbca-34e5543f766c,1.0,acme-mining,site-02,fleet_telemetry,ACME-S02-TRUCK-013,haul_truck,2026-09-01T16:18:56.854Z,12,-16.561725,-71.609092,132.2,30.1,Dump-A,cycle-acme-s02-truck-013-00003,returning,0.0,240.0,180464.14,79.1,True,False,8514.65,598300.45,False,False,False,91.9,24.0,[],1.0
62287b65-f757-4759-9bb8-ede644a5ef3f,1.0,acme-mining,site-02,fleet_telemetry,ACME-S02-TRUCK-014,haul_truck,2026-09-01T16:18:56.854Z,12,-16.55461,-71.512485,282.3,29.5,Dump-A,cycle-acme-s02-truck-014-00003,returning,0.0,240.0,308487.76,44.8,True,False,2197.35,79539.01,False,False,False,91.8,25.0,[],1.0
65e89b02-c99b-43b9-9b6b-433b0980f75e,1.0,acme-mining,site-02,fleet_telemetry,ACME-S02-TRUCK-015,haul_truck,2026-09-01T16:18:56.854Z,12,-16.515633,-71.505772,218.0,39.8,Dump-A,cycle-acme-s02-truck-015-00003,returning,0.0,240.0,72229.34,49.4,True,False,7867.29,387126.2,False,False,False,90.1,24.8,[],1.0
dfa811f4-8b51-43d1-a062-3af7ae408d58,1.0,acme-mining,site-02,fleet_telemetry,ACME-S02-TRUCK-016,haul_truck,2026-09-01T16:18:56.854Z,12,-16.617837,-71.597078,88.5,27.7,Dump-A,cycle-acme-s02-truck-016-00003,returning,0.0,240.0,255926.56,70.0,True,False,15827.3,73373.26,False,False,False,95.1,24.7,[],1.0
cc584b29-fcb8-4a8a-ace1-6e24da32dca9,1.0,acme-mining,site-02,fleet_telemetry,ACME-S02-TRUCK-017,haul_truck,2026-09-01T16:18:56.854Z,12,-16.621002,-71.46532,192.9,30.1,Dump-A,cycle-acme-s02-truck-017-00003,returning,0.0,240.0,233735.78,26.2,True,False,2781.22,442387.59,False,False,False,93.3,24.7,[],1.0
8bf0a7cd-4cde-4341-b85a-37c050255022,1.0,acme-mining,site-02,fleet_telemetry,ACME-S02-TRUCK-018,haul_truck,2026-09-01T16:18:56.854Z,12,-16.544289,-71.53623,347.4,36.2,Dump-A,cycle-acme-s02-truck-018-00003,returning,0.0,240.0,78176.73,45.6,True,False,4870.53,649985.58,False,False,False,90.4,24.8,[],1.0
e2cc5656-6f7c-4078-b3eb-e72999df6d39,1.0,acme-mining,site-02,fleet_telemetry,ACME-S02-TRUCK-019,haul_truck,2026-09-01T16:18:56.854Z,12,-16.61018,-71.591576,299.3,38.4,Dump-A,cycle-acme-s02-truck-019-00003,returning,0.0,240.0,347176.2,34.1,True,False,1600.26,232161.86,False,False,False,89.8,24.9,[],1.0
2ad4c01c-e4c9-4771-ab20-3cd141b5cb70,1.0,acme-mining,site-02,fleet_telemetry,ACME-S02-TRUCK-020,haul_truck,2026-09-01T16:18:56.854Z,12,-16.515243,-71.519795,28.6,28.5,Dump-A,cycle-acme-s02-truck-020-00003,returning,0.0,240.0,170292.59,75.3,True,False,16089.1,47526.52,False,False,False,93.3,25.0,[],1.0
222160f3-df08-4c3a-84c6-fcb77a7efe0c,1.0,acme-mining,site-02,fleet_telemetry,ACME-S02-TRUCK-021,haul_truck,2026-09-01T16:18:56.854Z,12,-16.525775,-71.58648,29.7,32.8,Dump-A,cycle-acme-s02-truck-021-00003,returning,0.0,240.0,434863.37,79.8,True,False,5760.88,170676.42,False,False,False,91.6,24.8,[],1.0
d01b182f-5dde-4324-bb6c-fc200ced1fb6,1.0,acme-mining,site-02,fleet_telemetry,ACME-S02-TRUCK-022,haul_truck,2026-09-01T16:18:56.854Z,12,-16.586013,-71.462878,67.1,38.9,Dump-A,cycle-acme-s02-truck-022-00003,returning,0.0,240.0,133980.41,51.7,True,False,21670.14,310858.68,False,False,False,90.6,23.9,[],1.0
87319587-899e-4b69-8c0d-3de0cc45884e,1.0,acme-mining,site-02,fleet_telemetry,ACME-S02-TRUCK-023,haul_truck,2026-09-01T16:18:56.854Z,12,-16.520886,-71.503624,117.0,30.4,Dump-A,cycle-acme-s02-truck-023-00003,returning,0.0,240.0,221460.74,50.9,True,False,19307.66,52873.53,False,False,False,86.1,25.2,[],1.0
7518950e-4d03-4c4e-b283-31d5484b613b,1.0,acme-mining,site-02,fleet_telemetry,ACME-S02-TRUCK-024,haul_truck,2026-09-01T16:18:56.854Z,12,-16.646808,-71.547532,260.7,39.0,Dump-A,cycle-acme-s02-truck-024-00003,returning,0.0,240.0,130029.02,88.3,True,False,6843.35,500763.87,False,False,False,93.6,24.2,[],1.0
fdbee674-6dae-42a6-b539-96dfe25964d3,1.0,acme-mining,site-02,fleet_telemetry,ACME-S02-TRUCK-025,haul_truck,2026-09-01T16:18:56.854Z,12,-16.607027,-71.55767,39.2,28.9,Dump-A,cycle-acme-s02-truck-025-00003,returning,0.0,240.0,419408.5,54.0,True,False,18114.13,577317.03,False,False,False,86.6,24.8,[],1.0
2f7e92fd-ef7e-4256-be54-4051fd205609,1.0,acme-mining,site-02,fleet_telemetry,ACME-S02-TRUCK-026,haul_truck,2026-09-01T16:18:56.854Z,12,-16.566405,-71.490871,61.9,33.1,Dump-A,cycle-acme-s02-truck-026-00003,returning,0.0,240.0,419564.25,83.7,True,False,8748.17,37758.42,False,False,False,92.9,24.7,[],1.0
1667175f-8c73-4a8a-912e-3e76b00101e9,1.0,acme-mining,site-02,fleet_telemetry,ACME-S02-TRUCK-027,haul_truck,2026-09-01T16:18:56.854Z,12,-16.595316,-71.519055,322.8,26.5,Dump-A,cycle-acme-s02-truck-027-00003,returning,0.0,240.0,375689.46,78.0,True,False,20248.82,317646.89,False,False,False,94.0,24.9,[],1.0
1ff36927-d337-43e2-b3e9-fe07887f022e,1.0,acme-mining,site-02,fleet_telemetry,ACME-S02-TRUCK-028,haul_truck,2026-09-01T16:18:56.854Z,12,-16.585986,-71.599755,44.2,26.9,Dump-A,cycle-acme-s02-truck-028-00003,returning,0.0,240.0,251474.72,75.8,True,False,6225.6,546027.04,False,False,False,93.0,25.0,[],1.0
1d441407-c152-4a80-8fa8-8d3a7f109f16,1.0,acme-mining,site-02,fleet_telemetry,ACME-S02-TRUCK-029,haul_truck,2026-09-01T16:18:56.854Z,12,-16.660326,-71.483641,332.2,26.5,Dump-A,cycle-acme-s02-truck-029-00003,returning,0.0,240.0,291139.61,68.5,True,False,3383.2,170217.15,False,False,False,91.1,24.3,[],1.0
3f6ba415-e150-4438-aee7-9d8e190b0c82,1.0,acme-mining,site-02,fleet_telemetry,ACME-S02-TRUCK-030,haul_truck,2026-09-01T16:18:56.854Z,12,-16.601746,-71.519107,39.8,32.2,Dump-A,cycle-acme-s02-truck-030-00003,returning,0.0,240.0,116453.63,35.0,True,False,1148.45,344687.0,False,False,False,92.7,25.1,[],1.0
64fe44e9-e6f9-42a0-b3fc-20daeb637fe4,1.0,acme-mining,site-02,fleet_telemetry,ACME-S02-TRUCK-031,haul_truck,2026-09-01T16:18:56.854Z,12,-16.517881,-71.530464,301.5,35.7,Dump-A,cycle-acme-s02-truck-031-00003,returning,0.0,240.0,240334.06,50.2,True,False,4771.07,440975.68,False,False,False,91.5,24.6,[],1.0
359a97e3-c75d-4e24-ac69-b9d37fae222a,1.0,acme-mining,site-02,fleet_telemetry,ACME-S02-TRUCK-032,haul_truck,2026-09-01T16:18:56.854Z,12,-16.513428,-71.576894,144.2,40.1,Dump-A,cycle-acme-s02-truck-032-00003,returning,0.0,240.0,216860.28,69.4,True,False,12548.04,265986.15,False,False,False,90.4,25.1,[],1.0
0b8ad0f4-8c42-411a-93c9-0b6dbf9898de,1.0,acme-mining,site-02,fleet_telemetry,ACME-S02-TRUCK-033,haul_truck,2026-09-01T16:18:56.854Z,12,-16.552748,-71.564269,170.5,38.7,Dump-A,cycle-acme-s02-truck-033-00003,returning,0.0,240.0,286433.91,78.9,True,False,8109.83,481753.18,False,False,False,89.7,24.4,[],1.0
b9f8aa92-036e-4222-b11f-0e7e7e6a5648,1.0,acme-mining,site-02,fleet_telemetry,ACME-S02-TRUCK-034,haul_truck,2026-09-01T16:18:56.854Z,12,-16.513435,-71.540994,3.0,31.2,Dump-A,cycle-acme-s02-truck-034-00003,returning,0.0,240.0,375369.66,72.9,True,False,7977.22,424961.5,False,False,False,89.5,24.7,[],1.0
5f0db3f3-cf0b-4131-9c16-c998f175122b,1.0,acme-mining,site-02,fleet_telemetry,ACME-S02-TRUCK-035,haul_truck,2026-09-01T16:18:56.854Z,12,-16.6634,-71.58562,115.4,40.7,Dump-A,cycle-acme-s02-truck-035-00003,returning,0.0,240.0,211379.86,45.5,True,False,2137.75,509000.29,False,False,False,89.3,24.1,[],1.0
42746ac9-d2db-427c-88b2-12d2282dc1c7,1.0,acme-mining,site-02,fleet_telemetry,ACME-S02-TRUCK-036,haul_truck,2026-09-01T16:18:56.854Z,12,-16.549867,-71.586934,48.4,32.8,Dump-A,cycle-acme-s02-truck-036-00003,returning,0.0,240.0,248934.36,42.7,True,False,11726.15,643147.59,False,False,False,91.0,24.6,[],1.0
5435b444-68a4-46dd-9f9a-46f2c1957966,1.0,acme-mining,site-02,fleet_telemetry,ACME-S02-TRUCK-037,haul_truck,2026-09-01T16:18:56.854Z,12,-16.528099,-71.498559,1.8,32.8,Dump-A,cycle-acme-s02-truck-037-00003,returning,0.0,240.0,64769.85,50.7,True,False,19154.94,229112.86,False,False,False,87.4,23.9,[],1.0
f1a83ce8-3ae6-45be-a79e-002ccdae60f9,1.0,acme-mining,site-02,fleet_telemetry,ACME-S02-TRUCK-038,haul_truck,2026-09-01T16:18:56.854Z,12,-16.542821,-71.574837,297.6,36.6,Dump-A,cycle-acme-s02-truck-038-00003,returning,0.0,240.0,314510.99,50.6,True,False,7987.59,137695.12,False,False,False,87.7,24.5,[],1.0
ee5e075b-c66e-463a-93cc-9e935df0dee2,1.0,acme-mining,site-02,fleet_telemetry,ACME-S02-TRUCK-039,haul_truck,2026-09-01T16:18:56.854Z,12,-16.61895,-71.604662,136.7,36.2,Dump-A,cycle-acme-s02-truck-039-00003,returning,0.0,240.0,371831.01,63.1,True,False,2473.27,399545.88,False,False,False,86.3,24.5,[],1.0
ad72bfd4-f23a-4b98-bba2-a73860cd2ba7,1.0,acme-mining,site-02,fleet_telemetry,ACME-S02-TRUCK-040,haul_truck,2026-09-01T16:18:56.854Z,12,-16.598818,-71.501185,288.0,29.5,Dump-A,cycle-acme-s02-truck-040-00003,returning,0.0,240.0,83324.55,56.0,True,False,10253.43,472127.91,False,False,False,88.5,23.9,[],1.0
24b01d2d-d2d5-4b44-8520-3a5dc19b9156,1.0,acme-mining,site-02,fleet_telemetry,ACME-S02-TRUCK-041,haul_truck,2026-09-01T16:18:56.854Z,12,-16.568423,-71.559356,323.1,28.4,Dump-A,cycle-acme-s02-truck-041-00003,returning,0.0,240.0,427078.78,30.2,True,False,6620.59,637417.47,False,False,False,91.7,24.1,[],1.0
88555743-7f05-40d2-a276-ca1db9ff21da,1.0,acme-mining,site-02,fleet_telemetry,ACME-S02-TRUCK-042,haul_truck,2026-09-01T16:18:56.854Z,12,-16.664873,-71.606723,240.6,24.4,Dump-A,cycle-acme-s02-truck-042-00003,returning,0.0,240.0,277332.93,79.6,True,False,20999.15,109951.33,False,False,False,91.1,24.4,[],1.0
bc835f3e-0e13-4215-9c1b-cff74780fd31,1.0,acme-mining,site-02,fleet_telemetry,ACME-S02-TRUCK-043,haul_truck,2026-09-01T16:18:56.854Z,12,-16.598409,-71.558128,250.7,28.5,Dump-A,cycle-acme-s02-truck-043-00003,returning,0.0,240.0,24250.39,35.7,True,False,8477.61,618164.53,False,False,False,89.7,24.3,[],1.0
33ae110e-123b-44d0-ae1e-ae81debef504,1.0,acme-mining,site-02,fleet_telemetry,ACME-S02-TRUCK-044,haul_truck,2026-09-01T16:18:56.854Z,12,-16.630424,-71.599368,337.0,34.3,Dump-A,cycle-acme-s02-truck-044-00003,returning,0.0,240.0,185135.83,70.4,True,False,12967.16,353560.03,False,False,False,92.1,24.3,[],1.0
b8eaecb5-2fa4-4203-94ca-6a7721b358e6,1.0,acme-mining,site-02,fleet_telemetry,ACME-S02-TRUCK-045,haul_truck,2026-09-01T16:18:56.854Z,12,-16.557766,-71.583165,316.6,36.7,Dump-A,cycle-acme-s02-truck-045-00003,returning,0.0,240.0,61815.69,79.2,True,False,11776.22,595532.06,False,False,False,95.6,24.1,[],1.0
31b887fa-3c33-41bc-9cb7-4cf245a38633,1.0,acme-mining,site-02,fleet_telemetry,ACME-S02-TRUCK-046,haul_truck,2026-09-01T16:18:56.854Z,12,-16.556263,-71.457922,143.0,33.0,Dump-A,cycle-acme-s02-truck-046-00003,returning,0.0,240.0,42583.75,37.0,True,False,5043.8,105509.19,False,False,False,89.5,24.4,[],1.0
c0607260-c382-402e-8489-8d5a82e65867,1.0,acme-mining,site-02,fleet_telemetry,ACME-S02-TRUCK-047,haul_truck,2026-09-01T16:18:56.854Z,12,-16.62246,-71.592271,195.3,35.1,Dump-A,cycle-acme-s02-truck-047-00003,returning,0.0,240.0,251999.59,45.3,True,False,14958.22,467010.79,False,False,False,94.1,24.9,[],1.0
c3a80d5e-68eb-46a4-9d66-b42a92bb5106,1.0,acme-mining,site-02,fleet_telemetry,ACME-S02-TRUCK-048,haul_truck,2026-09-01T16:18:56.854Z,12,-16.648184,-71.491029,235.1,30.4,Dump-A,cycle-acme-s02-truck-048-00003,returning,0.0,240.0,63400.33,39.0,True,False,17626.38,340516.41,False,False,False,86.7,25.1,[],1.0
13cb3429-9245-4139-b0e1-ffd15daaabfe,1.0,acme-mining,site-02,fleet_telemetry,ACME-S02-TRUCK-049,haul_truck,2026-09-01T16:18:56.854Z,12,-16.528881,-71.60695,269.9,29.9,Dump-A,cycle-acme-s02-truck-049-00003,returning,0.0,240.0,442526.11,34.0,True,False,12932.3,314465.98,False,False,False,92.0,25.2,[],1.0
ad286797-441f-468d-a321-84fa5c741e03,1.0,acme-mining,site-02,fleet_telemetry,ACME-S02-TRUCK-050,haul_truck,2026-09-01T16:18:56.854Z,12,-16.514828,-71.514705,216.9,37.9,Dump-A,cycle-acme-s02-truck-050-00003,returning,0.0,240.0,372270.19,30.1,True,False,11944.76,504573.95,False,False,False,90.2,24.7,[],1.0
c708558c-d4ff-4eb5-a228-bf4bb0d71b2f,1.0,acme-mining,site-02,fleet_telemetry,ACME-S02-TRUCK-051,haul_truck,2026-09-01T16:18:56.854Z,12,-16.641271,-71.462887,336.8,31.6,Dump-A,cycle-acme-s02-truck-051-00003,returning,0.0,240.0,353316.54,69.7,True,False,8103.73,573115.16,False,False,False,94.9,24.2,[],1.0
d30e5ae6-7da9-46e6-9eb0-92338173e3e1,1.0,acme-mining,site-02,fleet_telemetry,ACME-S02-TRUCK-052,haul_truck,2026-09-01T16:18:56.854Z,12,-16.520796,-71.581459,68.8,31.8,Dump-A,cycle-acme-s02-truck-052-00003,returning,0.0,240.0,143815.65,36.3,True,False,18425.5,346404.59,False,False,False,91.9,24.5,[],1.0
9f6cef65-4163-4db1-9a59-0f3a70ea7d49,1.0,acme-mining,site-02,fleet_telemetry,ACME-S02-TRUCK-053,haul_truck,2026-09-01T16:18:56.854Z,12,-16.582258,-71.597515,47.2,37.1,Dump-A,cycle-acme-s02-truck-053-00003,returning,0.0,240.0,120267.19,69.4,True,False,19772.45,552938.53,False,False,False,94.8,25.2,[],1.0
76e1adff-ef1e-446d-b48e-4edabd68bfb9,1.0,acme-mining,site-02,fleet_telemetry,ACME-S02-TRUCK-054,haul_truck,2026-09-01T16:18:56.854Z,12,-16.643041,-71.517589,358.8,38.7,Dump-A,cycle-acme-s02-truck-054-00003,returning,0.0,240.0,270396.57,65.6,True,False,2780.7,423822.37,False,False,False,92.8,24.2,[],1.0
66d54931-c75f-4ceb-8518-487853b4ce7d,1.0,acme-mining,site-02,fleet_telemetry,ACME-S02-TRUCK-055,haul_truck,2026-09-01T16:18:56.854Z,12,-16.663143,-71.514886,237.7,37.0,Dump-A,cycle-acme-s02-truck-055-00003,returning,0.0,240.0,373104.81,26.9,True,False,18661.65,375079.71,False,False,False,91.4,24.0,[],1.0
dd585fd9-ce98-4b91-a445-21f1a0aa5044,1.0,acme-mining,site-02,fleet_telemetry,ACME-S02-TRUCK-056,haul_truck,2026-09-01T16:18:56.854Z,12,-16.570011,-71.57117,14.9,40.5,Dump-A,cycle-acme-s02-truck-056-00003,returning,0.0,240.0,291156.97,59.8,True,False,17059.55,282449.98,False,False,False,86.8,24.2,[],1.0
245a6e88-70e6-46b3-a0d7-b594a51a291d,1.0,acme-mining,site-02,fleet_telemetry,ACME-S02-TRUCK-057,haul_truck,2026-09-01T16:18:56.854Z,12,-16.560237,-71.592235,97.4,30.3,Dump-A,cycle-acme-s02-truck-057-00003,returning,0.0,240.0,188681.56,56.7,True,False,5991.43,528630.34,False,False,False,95.9,24.8,[],1.0
1f1aeb40-d363-4b56-9cb6-b4ef374d64a9,1.0,acme-mining,site-02,fleet_telemetry,ACME-S02-TRUCK-058,haul_truck,2026-09-01T16:18:56.854Z,12,-16.552948,-71.479793,84.9,26.7,Dump-A,cycle-acme-s02-truck-058-00003,returning,0.0,240.0,147537.15,75.2,True,False,5125.3,402196.22,False,False,False,92.3,24.1,[],1.0
0465ed0b-b90c-4e69-8532-5613f779a14d,1.0,acme-mining,site-02,fleet_telemetry,ACME-S02-TRUCK-059,haul_truck,2026-09-01T16:18:56.854Z,12,-16.6508,-71.545558,86.6,52.7,Dump-A,cycle-acme-s02-truck-059-00003,returning,0.0,240.0,56721.78,41.9,True,False,16926.11,344437.81,False,False,True,87.3,24.6,[],1.0
4b302035-590a-44c2-9118-5aa6e753bb88,1.0,acme-mining,site-02,fleet_telemetry,ACME-S02-TRUCK-060,haul_truck,2026-09-01T16:18:56.854Z,12,-16.531964,-71.591996,272.3,51.6,Dump-A,cycle-acme-s02-truck-060-00003,returning,0.0,240.0,280766.93,42.3,True,False,6952.51,262014.7,False,False,True,94.6,25.0,[],1.0
a940ec00-0538-4e52-8abe-c3aab8de7aba,1.0,acme-mining,site-02,fleet_telemetry,ACME-S02-TRUCK-061,haul_truck,2026-09-01T16:18:56.854Z,12,-16.595705,-71.476909,107.1,25.2,Dump-A,cycle-acme-s02-truck-061-00003,returning,0.0,240.0,80111.51,94.6,True,False,16087.94,139595.76,False,False,False,88.8,24.9,[],1.0
a51aae42-c9bc-49c7-baeb-af7ff519ca11,1.0,acme-mining,site-02,fleet_telemetry,ACME-S02-TRUCK-062,haul_truck,2026-09-01T16:18:56.854Z,12,-16.613944,-71.609435,76.4,30.2,Dump-A,cycle-acme-s02-truck-062-00003,returning,0.0,240.0,435342.97,40.0,True,False,20838.95,338430.29,False,False,False,93.5,25.0,[],1.0
6d54789e-b1ce-4c3e-bad9-8770f416062e,1.0,acme-mining,site-02,fleet_telemetry,ACME-S02-TRUCK-063,haul_truck,2026-09-01T16:18:56.854Z,12,-16.628075,-71.558964,218.9,40.9,Dump-A,cycle-acme-s02-truck-063-00003,returning,0.0,240.0,57299.57,34.3,True,False,6857.88,25152.07,False,False,False,94.8,24.5,[],1.0
34ea1048-4e51-4fc9-be6f-2c9f1e2e4a8c,1.0,acme-mining,site-02,fleet_telemetry,ACME-S02-TRUCK-064,haul_truck,2026-09-01T16:18:56.854Z,12,-16.658624,-71.5368,326.5,26.5,Dump-A,cycle-acme-s02-truck-064-00003,returning,0.0,240.0,95649.18,63.7,True,False,9292.35,379277.69,False,False,False,86.9,23.8,[],1.0
7fc4e3c4-7d65-4a82-a7ac-efc9166785f5,1.0,acme-mining,site-02,fleet_telemetry,ACME-S02-TRUCK-065,haul_truck,2026-09-01T16:18:56.854Z,12,-16.654934,-71.557774,86.9,32.7,Dump-A,cycle-acme-s02-truck-065-00003,returning,0.0,240.0,278859.83,33.9,True,False,18296.62,412642.48,False,False,False,93.0,25.1,[],1.0
0d8f16bd-d948-4adc-8339-e9c88aae6920,1.0,acme-mining,site-02,fleet_telemetry,ACME-S02-TRUCK-066,haul_truck,2026-09-01T16:18:56.854Z,12,-16.590383,-71.610273,123.5,37.6,Dump-A,cycle-acme-s02-truck-066-00003,returning,0.0,240.0,97586.32,60.6,True,False,20705.73,495628.3,False,False,False,90.4,24.4,[],1.0
9a390b44-f3a2-43b5-ab12-3a35821429c6,1.0,acme-mining,site-02,fleet_telemetry,ACME-S02-TRUCK-067,haul_truck,2026-09-01T16:18:56.854Z,12,-16.648046,-71.468486,111.6,25.2,Dump-A,cycle-acme-s02-truck-067-00003,returning,0.0,240.0,75534.74,87.4,True,False,17844.09,347179.92,False,False,False,89.4,25.1,[],1.0
c1c0220f-28e8-4bb6-bf1c-d23decffedd3,1.0,acme-mining,site-02,fleet_telemetry,ACME-S02-TRUCK-068,haul_truck,2026-09-01T16:18:56.854Z,12,-16.537884,-71.532319,122.2,29.2,Dump-A,cycle-acme-s02-truck-068-00003,returning,0.0,240.0,141663.96,48.5,True,False,21801.07,485771.48,False,False,False,90.3,24.8,[],1.0
c9e6578b-a631-4bb0-ba38-02bea758ea74,1.0,acme-mining,site-02,fleet_telemetry,ACME-S02-TRUCK-069,haul_truck,2026-09-01T16:18:56.854Z,12,-16.603743,-71.568253,64.5,34.4,Dump-A,cycle-acme-s02-truck-069-00003,returning,0.0,240.0,155746.27,32.6,True,False,10867.74,30481.55,False,False,False,92.1,24.8,[],1.0
f0b12a19-beed-4da9-9cec-f1fd803014cd,1.0,acme-mining,site-02,fleet_telemetry,ACME-S02-TRUCK-070,haul_truck,2026-09-01T16:18:56.854Z,12,-16.577842,-71.581096,318.4,39.0,Dump-A,cycle-acme-s02-truck-070-00003,returning,0.0,240.0,298460.88,93.0,True,False,13454.5,187284.44,False,False,False,87.0,25.0,[],1.0
8a6bae10-b63d-4139-8cdc-b6a552baa066,1.0,acme-mining,site-02,fleet_telemetry,ACME-S02-TRUCK-071,haul_truck,2026-09-01T16:18:56.854Z,12,-16.646757,-71.508616,266.6,28.0,Dump-A,cycle-acme-s02-truck-071-00003,returning,0.0,240.0,282684.6,83.8,True,False,4414.87,416286.17,False,False,False,92.2,25.2,[],1.0
33727e9e-0763-44fe-8832-10469aa75a50,1.0,acme-mining,site-02,fleet_telemetry,ACME-S02-TRUCK-072,haul_truck,2026-09-01T16:18:56.854Z,12,-16.637774,-71.537187,68.0,35.6,Dump-A,cycle-acme-s02-truck-072-00003,returning,0.0,240.0,194264.18,53.8,True,False,4844.64,297854.56,False,False,False,90.5,24.8,[],1.0
ebdef448-33bd-4f57-b12d-1a792b6137d8,1.0,acme-mining,site-02,fleet_telemetry,ACME-S02-TRUCK-073,haul_truck,2026-09-01T16:18:56.854Z,12,-16.637223,-71.565454,79.6,39.0,Dump-A,cycle-acme-s02-truck-073-00003,returning,0.0,240.0,37404.62,34.6,True,False,19303.75,483577.74,False,False,False,94.6,25.1,[],1.0
e944f48d-6761-4405-b127-c4c7fb8d6bf2,1.0,acme-mining,site-02,fleet_telemetry,ACME-S02-TRUCK-074,haul_truck,2026-09-01T16:18:56.854Z,12,-16.582995,-71.509353,250.8,36.4,Dump-A,cycle-acme-s02-truck-074-00003,returning,0.0,240.0,212252.8,62.2,True,False,8788.7,622712.14,False,False,False,88.4,24.3,[],1.0
efec11d7-628c-4e0f-a8a5-577b37c30e0c,1.0,acme-mining,site-02,fleet_telemetry,ACME-S02-TRUCK-075,haul_truck,2026-09-01T16:18:56.854Z,12,-16.634432,-71.461779,266.1,32.3,Dump-A,cycle-acme-s02-truck-075-00003,returning,0.0,240.0,118469.27,64.0,True,False,13733.64,141126.7,False,False,False,86.8,24.4,[],1.0
c58cc75a-358a-45b8-ade3-5a7d0731aa22,1.0,acme-mining,site-02,fleet_telemetry,ACME-S02-TRUCK-076,haul_truck,2026-09-01T16:18:56.854Z,12,-16.580753,-71.467964,235.2,36.1,Dump-A,cycle-acme-s02-truck-076-00003,returning,0.0,240.0,225162.2,58.5,True,False,15743.92,454851.44,False,False,False,89.9,24.7,[],1.0
1f0e4c80-bd2f-440f-8b05-0b70fcac6459,1.0,acme-mining,site-02,fleet_telemetry,ACME-S02-TRUCK-077,haul_truck,2026-09-01T16:18:56.854Z,12,-16.539381,-71.464777,77.6,58.9,Dump-A,cycle-acme-s02-truck-077-00003,returning,0.0,240.0,177066.29,93.5,True,False,3383.75,446272.33,False,False,True,88.5,24.2,[],1.0
72ad30e8-39ce-4c17-b685-7f6466ae1f28,1.0,acme-mining,site-02,fleet_telemetry,ACME-S02-TRUCK-078,haul_truck,2026-09-01T16:18:56.854Z,12,-16.565431,-71.49791,211.7,28.5,Dump-A,cycle-acme-s02-truck-078-00003,returning,0.0,240.0,44773.8,89.6,True,False,1691.83,621847.89,False,False,False,93.9,24.2,[],1.0
660fd9b5-583a-47ef-aba6-ad62ebdda143,1.0,acme-mining,site-02,fleet_telemetry,ACME-S02-TRUCK-079,haul_truck,2026-09-01T16:18:56.854Z,12,-16.551871,-71.579218,226.5,26.8,Dump-A,cycle-acme-s02-truck-079-00003,returning,0.0,240.0,129514.3,32.6,True,False,6548.03,374071.62,False,False,False,86.6,24.0,[],1.0
747c154e-95d9-45e9-9723-b2a7ba0cb7cb,1.0,acme-mining,site-02,fleet_telemetry,ACME-S02-TRUCK-080,haul_truck,2026-09-01T16:18:56.854Z,12,-16.594763,-71.508481,183.0,40.0,Dump-A,cycle-acme-s02-truck-080-00003,returning,0.0,240.0,54087.95,48.0,True,False,5584.26,166687.34,False,False,False,87.6,25.0,[],1.0
39d94edf-3763-42b5-ad4a-e7ebcab608d0,1.0,beta-minerals,north-site,fleet_telemetry,BETA-NORTH-TRUCK-001,haul_truck,2026-09-01T16:18:56.854Z,12,-16.562072,-71.591181,115.2,40.2,Dump-A,cycle-beta-north-truck-001-00003,returning,0.0,240.0,383640.05,70.3,True,False,17975.96,92504.07,False,False,False,90.9,25.1,[],1.0
edb983fc-9fcc-4293-a29b-8cde1f1d6941,1.0,beta-minerals,north-site,fleet_telemetry,BETA-NORTH-TRUCK-002,haul_truck,2026-09-01T16:18:56.854Z,12,-16.596473,-71.489826,270.6,58.7,Dump-A,cycle-beta-north-truck-002-00003,returning,0.0,240.0,155636.3,54.8,True,False,11739.09,367703.81,False,False,True,92.4,23.9,[],1.0
11d27ac5-4548-4061-8bd6-ce3a6af7bad3,1.0,beta-minerals,north-site,fleet_telemetry,BETA-NORTH-TRUCK-003,haul_truck,2026-09-01T16:18:56.854Z,12,-16.638774,-71.522743,62.7,32.3,Dump-A,cycle-beta-north-truck-003-00003,returning,0.0,240.0,22845.45,67.9,True,False,14378.17,292244.98,False,False,False,94.2,24.2,[],1.0
4a866d2f-a289-4942-97b7-158c415a219f,1.0,beta-minerals,north-site,fleet_telemetry,BETA-NORTH-TRUCK-004,haul_truck,2026-09-01T16:18:56.854Z,12,-16.654091,-71.477998,280.0,29.6,Dump-A,cycle-beta-north-truck-004-00003,returning,0.0,240.0,365841.96,29.3,True,False,5162.65,493965.34,False,False,False,91.1,24.0,[],1.0
9837f41c-5c91-44fc-82a5-86266edd280e,1.0,beta-minerals,north-site,fleet_telemetry,BETA-NORTH-TRUCK-005,haul_truck,2026-09-01T16:18:56.854Z,12,-16.515843,-71.567382,40.9,40.4,Dump-A,cycle-beta-north-truck-005-00003,returning,0.0,240.0,305109.48,59.2,True,False,4977.99,91791.93,False,False,False,92.2,25.2,[],1.0
8dee7df9-6368-4549-a05a-02193ffa3b61,1.0,beta-minerals,north-site,fleet_telemetry,BETA-NORTH-TRUCK-006,haul_truck,2026-09-01T16:18:56.854Z,12,-16.540217,-71.504532,191.8,25.1,Dump-A,cycle-beta-north-truck-006-00003,returning,0.0,240.0,382028.68,68.1,True,False,13244.52,239192.79,False,False,False,90.8,24.1,[],1.0
1350d7c5-e0a5-4268-878e-5f02563f0d13,1.0,beta-minerals,north-site,fleet_telemetry,BETA-NORTH-TRUCK-007,haul_truck,2026-09-01T16:18:56.854Z,12,-16.641103,-71.506591,258.8,24.6,Dump-A,cycle-beta-north-truck-007-00003,returning,0.0,240.0,61859.98,46.3,True,False,2596.76,104387.39,False,False,False,95.9,23.8,[],1.0
aeb1aa24-a198-483b-ab64-b29de44e255a,1.0,beta-minerals,north-site,fleet_telemetry,BETA-NORTH-TRUCK-008,haul_truck,2026-09-01T16:18:56.854Z,12,-16.584449,-71.47045,41.0,39.7,Dump-A,cycle-beta-north-truck-008-00003,returning,0.0,240.0,196137.91,59.0,True,False,13444.24,382128.12,False,False,False,91.7,25.0,[],1.0
b5504342-ec52-4317-8e01-e3a8d82bde07,1.0,beta-minerals,north-site,fleet_telemetry,BETA-NORTH-TRUCK-009,haul_truck,2026-09-01T16:18:56.854Z,12,-16.598225,-71.608966,313.3,27.0,Dump-A,cycle-beta-north-truck-009-00003,returning,0.0,240.0,71731.33,46.9,True,False,12564.16,328474.76,False,False,False,94.6,24.1,[],1.0
ea5c3bf4-50eb-4cf5-9967-523344299a96,1.0,beta-minerals,north-site,fleet_telemetry,BETA-NORTH-TRUCK-010,haul_truck,2026-09-01T16:18:56.854Z,12,-16.565918,-71.551996,67.3,28.8,Dump-A,cycle-beta-north-truck-010-00003,returning,0.0,240.0,178936.29,64.2,True,False,11073.73,142931.25,False,False,False,93.5,24.4,[],1.0
db65a888-5574-4b47-9c48-7e7f0aa0c607,1.0,beta-minerals,north-site,fleet_telemetry,BETA-NORTH-TRUCK-011,haul_truck,2026-09-01T16:18:56.854Z,12,-16.623577,-71.573537,40.2,26.9,Dump-A,cycle-beta-north-truck-011-00003,returning,0.0,240.0,23579.56,78.2,True,False,11160.45,72082.77,False,False,False,86.9,24.4,[],1.0
24e3221e-6564-436b-b529-42656cc68011,1.0,beta-minerals,north-site,fleet_telemetry,BETA-NORTH-TRUCK-012,haul_truck,2026-09-01T16:18:56.854Z,12,-16.588655,-71.525817,60.3,34.2,Dump-A,cycle-beta-north-truck-012-00003,returning,0.0,240.0,349921.81,59.6,True,False,17351.71,376360.05,False,False,False,93.5,24.3,[],1.0
48f8894c-9af3-4fa7-9b6c-f731d9160eb8,1.0,beta-minerals,north-site,fleet_telemetry,BETA-NORTH-TRUCK-013,haul_truck,2026-09-01T16:18:56.854Z,12,-16.555325,-71.530053,40.6,36.2,Dump-A,cycle-beta-north-truck-013-00003,returning,0.0,240.0,371949.66,27.8,True,False,18253.61,251123.23,False,False,False,91.1,24.4,[],1.0
5d648312-ec6b-4dc5-b937-c9742b06f35b,1.0,beta-minerals,north-site,fleet_telemetry,BETA-NORTH-TRUCK-014,haul_truck,2026-09-01T16:18:56.854Z,12,-16.665225,-71.575435,215.1,40.6,Dump-A,cycle-beta-north-truck-014-00003,returning,0.0,240.0,118914.76,86.2,True,False,16402.98,431813.48,False,False,False,87.4,24.1,[],1.0
14d48550-5cb5-4374-bdaf-d62d43a34335,1.0,beta-minerals,north-site,fleet_telemetry,BETA-NORTH-TRUCK-015,haul_truck,2026-09-01T16:18:56.854Z,12,-16.540764,-71.52343,159.2,25.7,Dump-A,cycle-beta-north-truck-015-00003,returning,0.0,240.0,351278.78,41.5,True,False,10108.3,646193.63,False,False,False,87.7,24.9,[],1.0
266c5f2e-8894-4770-bd1e-f068d078d954,1.0,beta-minerals,north-site,fleet_telemetry,BETA-NORTH-TRUCK-016,haul_truck,2026-09-01T16:18:56.854Z,12,-16.660915,-71.561327,121.6,57.3,Dump-A,cycle-beta-north-truck-016-00003,returning,0.0,240.0,100913.5,39.4,True,False,4318.83,107718.31,False,False,True,95.3,24.7,[],1.0
86d08c5e-f78c-4fcc-9eae-e64b40030f97,1.0,beta-minerals,north-site,fleet_telemetry,BETA-NORTH-TRUCK-017,haul_truck,2026-09-01T16:18:56.854Z,12,-16.518054,-71.535197,187.8,24.4,Dump-A,cycle-beta-north-truck-017-00003,returning,0.0,240.0,138760.12,65.0,True,False,4369.62,636770.36,False,False,False,86.8,24.9,[],1.0
29ad2387-279c-4a9d-9cbb-3ce97fbbc2cf,1.0,beta-minerals,north-site,fleet_telemetry,BETA-NORTH-TRUCK-018,haul_truck,2026-09-01T16:18:56.854Z,12,-16.626073,-71.512513,93.4,25.1,Dump-A,cycle-beta-north-truck-018-00003,returning,0.0,240.0,191103.19,29.1,True,False,3674.5,492559.57,False,False,False,86.0,24.2,[],1.0
06f54144-ba20-4d4d-a8ea-a133765338f8,1.0,beta-minerals,north-site,fleet_telemetry,BETA-NORTH-TRUCK-019,haul_truck,2026-09-01T16:18:56.854Z,12,-16.562179,-71.539256,181.5,33.9,Dump-A,cycle-beta-north-truck-019-00003,returning,0.0,240.0,374532.84,78.2,True,False,6093.17,468179.13,False,False,False,93.8,24.4,[],1.0
f9425efe-3f18-4992-8edd-1aa12c432203,1.0,beta-minerals,north-site,fleet_telemetry,BETA-NORTH-TRUCK-020,haul_truck,2026-09-01T16:18:56.854Z,12,-16.547385,-71.553074,161.8,51.1,Dump-A,cycle-beta-north-truck-020-00003,returning,0.0,240.0,43228.01,80.6,True,False,14109.65,256358.89,False,False,True,86.2,24.2,[],1.0
ed610e13-1e56-4bc0-976a-22ffdd6ef4e5,1.0,beta-minerals,north-site,fleet_telemetry,BETA-NORTH-TRUCK-021,haul_truck,2026-09-01T16:18:56.854Z,12,-16.534846,-71.602651,30.3,61.3,Dump-A,cycle-beta-north-truck-021-00003,returning,0.0,240.0,266061.29,85.8,True,False,10439.56,327468.35,False,False,True,95.0,25.1,[],1.0
98f9b081-4ce8-45d4-99b1-9c19c204edcb,1.0,beta-minerals,north-site,fleet_telemetry,BETA-NORTH-TRUCK-022,haul_truck,2026-09-01T16:18:56.854Z,12,-16.53844,-71.538333,49.5,32.0,Dump-A,cycle-beta-north-truck-022-00003,returning,0.0,240.0,184995.83,92.7,True,False,18822.27,521277.37,False,False,False,95.3,24.1,[],1.0
7adff52c-c114-4f5b-8a60-5528aa9de21f,1.0,beta-minerals,north-site,fleet_telemetry,BETA-NORTH-TRUCK-023,haul_truck,2026-09-01T16:18:56.854Z,12,-16.615412,-71.508263,38.8,24.5,Dump-A,cycle-beta-north-truck-023-00003,returning,0.0,240.0,259103.38,58.9,True,False,7960.43,384098.48,False,False,False,86.1,24.9,[],1.0
61460ec6-b504-4f32-89a1-d8c7b92d2e53,1.0,beta-minerals,north-site,fleet_telemetry,BETA-NORTH-TRUCK-024,haul_truck,2026-09-01T16:18:56.854Z,12,-16.645107,-71.54444,192.2,25.1,Dump-A,cycle-beta-north-truck-024-00003,returning,0.0,240.0,17164.65,90.0,True,False,14075.02,547122.64,False,False,False,94.5,23.9,[],1.0
f5fcdbd3-9c76-4967-88da-dbf3be00ffa5,1.0,beta-minerals,north-site,fleet_telemetry,BETA-NORTH-TRUCK-025,haul_truck,2026-09-01T16:18:56.854Z,12,-16.644953,-71.468293,242.7,51.3,Dump-A,cycle-beta-north-truck-025-00003,returning,0.0,240.0,68042.61,70.4,True,False,5089.16,453813.18,False,False,True,86.6,24.7,[],1.0
c349e1f4-313e-46e9-b678-2551279ab70e,1.0,beta-minerals,north-site,fleet_telemetry,BETA-NORTH-TRUCK-026,haul_truck,2026-09-01T16:18:56.854Z,12,-16.606937,-71.568622,17.6,39.0,Dump-A,cycle-beta-north-truck-026-00003,returning,0.0,240.0,407672.97,36.5,True,False,6108.27,254261.88,False,False,False,86.9,24.4,[],1.0
0c08a983-c737-4f4c-a904-d7b6886f68a5,1.0,beta-minerals,north-site,fleet_telemetry,BETA-NORTH-TRUCK-027,haul_truck,2026-09-01T16:18:56.854Z,12,-16.657921,-71.522542,200.2,33.7,Dump-A,cycle-beta-north-truck-027-00003,returning,0.0,240.0,51881.67,39.9,True,False,9899.71,77455.77,False,False,False,95.1,25.1,[],1.0
59813c3a-e13a-4474-9f47-56c11b2a4af1,1.0,beta-minerals,north-site,fleet_telemetry,BETA-NORTH-TRUCK-028,haul_truck,2026-09-01T16:18:56.854Z,12,-16.60279,-71.596345,20.2,35.4,Dump-A,cycle-beta-north-truck-028-00003,returning,0.0,240.0,369528.82,94.1,True,False,996.9,458226.45,False,False,False,88.5,24.8,[],1.0
ad5a0c03-7917-45f2-bbe6-e450d2812ad5,1.0,beta-minerals,north-site,fleet_telemetry,BETA-NORTH-TRUCK-029,haul_truck,2026-09-01T16:18:56.854Z,12,-16.622528,-71.556267,195.2,34.9,Dump-A,cycle-beta-north-truck-029-00003,returning,0.0,240.0,55409.52,50.7,True,False,2693.84,527753.13,False,False,False,95.4,24.7,[],1.0
1456c802-c7bd-4512-9ebc-bf2dc7eb5a32,1.0,beta-minerals,north-site,fleet_telemetry,BETA-NORTH-TRUCK-030,haul_truck,2026-09-01T16:18:56.854Z,12,-16.572732,-71.59119,98.7,26.2,Dump-A,cycle-beta-north-truck-030-00003,returning,0.0,240.0,40101.96,64.4,True,False,14401.43,446596.61,False,False,False,95.5,25.1,[],1.0
03749825-8454-46c5-9a91-416116cb2fbe,1.0,beta-minerals,north-site,fleet_telemetry,BETA-NORTH-TRUCK-031,haul_truck,2026-09-01T16:18:56.854Z,12,-16.532794,-71.603637,25.6,36.6,Dump-A,cycle-beta-north-truck-031-00003,returning,0.0,240.0,191153.2,73.0,True,False,14115.31,115365.98,False,False,False,90.2,25.0,[],1.0
90679b0d-c777-4b30-bb96-8d5947e608a0,1.0,beta-minerals,north-site,fleet_telemetry,BETA-NORTH-TRUCK-032,haul_truck,2026-09-01T16:18:56.854Z,12,-16.648036,-71.573173,55.2,26.3,Dump-A,cycle-beta-north-truck-032-00003,returning,0.0,240.0,433830.28,46.9,True,False,13298.98,261940.39,False,False,False,86.4,23.9,[],1.0
f7af5835-a078-4159-8fc5-ce05ddf4cc9f,1.0,beta-minerals,north-site,fleet_telemetry,BETA-NORTH-TRUCK-033,haul_truck,2026-09-01T16:18:56.854Z,12,-16.666112,-71.481943,272.9,31.6,Dump-A,cycle-beta-north-truck-033-00003,returning,0.0,240.0,135366.01,90.8,True,False,13541.2,474343.46,False,False,False,95.5,23.9,[],1.0
ace7b673-12a3-4007-b532-3cacd364f936,1.0,beta-minerals,north-site,fleet_telemetry,BETA-NORTH-TRUCK-034,haul_truck,2026-09-01T16:18:56.854Z,12,-16.661693,-71.473885,344.5,39.9,Dump-A,cycle-beta-north-truck-034-00003,returning,0.0,240.0,339052.05,45.6,True,False,11776.3,340999.51,False,False,False,95.9,24.2,[],1.0
371da554-a8e6-40cf-b8f5-caef559060e3,1.0,beta-minerals,north-site,fleet_telemetry,BETA-NORTH-TRUCK-035,haul_truck,2026-09-01T16:18:56.854Z,12,-16.52823,-71.615601,262.2,33.1,Dump-A,cycle-beta-north-truck-035-00003,returning,0.0,240.0,290757.08,29.9,True,False,8980.79,171881.78,False,False,False,94.6,23.9,[],1.0
35033e6a-e354-4f1a-8c0e-a0b20f3cc346,1.0,beta-minerals,north-site,fleet_telemetry,BETA-NORTH-TRUCK-036,haul_truck,2026-09-01T16:18:56.854Z,12,-16.561174,-71.495515,203.0,40.5,Dump-A,cycle-beta-north-truck-036-00003,returning,0.0,240.0,260088.22,50.5,True,False,3598.05,562313.1,False,False,False,88.7,24.5,[],1.0
f750d20b-2404-4970-9add-445837c58a0a,1.0,beta-minerals,north-site,fleet_telemetry,BETA-NORTH-TRUCK-037,haul_truck,2026-09-01T16:18:56.854Z,12,-16.660711,-71.491225,222.9,28.2,Dump-A,cycle-beta-north-truck-037-00003,returning,0.0,240.0,125362.37,27.7,True,False,1153.83,62545.76,False,False,False,95.6,25.0,[],1.0
f996f066-7b72-47f5-93ad-0bd945983de7,1.0,beta-minerals,north-site,fleet_telemetry,BETA-NORTH-TRUCK-038,haul_truck,2026-09-01T16:18:56.854Z,12,-16.58441,-71.593129,5.7,27.4,Dump-A,cycle-beta-north-truck-038-00003,returning,0.0,240.0,187002.91,69.8,True,False,17062.75,286852.66,False,False,False,92.8,24.8,[],1.0
60c8d222-6976-432c-89b1-d4f5e93a2117,1.0,beta-minerals,north-site,fleet_telemetry,BETA-NORTH-TRUCK-039,haul_truck,2026-09-01T16:18:56.854Z,12,-16.607908,-71.51598,152.5,28.6,Dump-A,cycle-beta-north-truck-039-00003,returning,0.0,240.0,365547.29,62.5,True,False,11639.68,148014.7,False,False,False,90.0,24.8,[],1.0
632d3ca1-5d12-465c-95c6-3efebb8784e5,1.0,beta-minerals,north-site,fleet_telemetry,BETA-NORTH-TRUCK-040,haul_truck,2026-09-01T16:18:56.854Z,12,-16.631322,-71.469538,243.8,38.4,Dump-A,cycle-beta-north-truck-040-00003,returning,0.0,240.0,429509.16,41.6,True,False,7375.61,295616.5,False,False,False,88.7,24.1,[],1.0
fdfd6d56-84b6-4e34-a6d3-6e63bf359ae4,1.0,beta-minerals,north-site,fleet_telemetry,BETA-NORTH-TRUCK-041,haul_truck,2026-09-01T16:18:56.854Z,12,-16.557105,-71.505243,255.6,34.0,Dump-A,cycle-beta-north-truck-041-00003,returning,0.0,240.0,335890.45,33.3,True,False,7356.97,487267.18,False,False,False,89.5,24.6,[],1.0
14010fdb-887d-480d-9abe-1f46de040cf0,1.0,beta-minerals,north-site,fleet_telemetry,BETA-NORTH-TRUCK-042,haul_truck,2026-09-01T16:18:56.854Z,12,-16.650081,-71.492545,56.0,34.0,Dump-A,cycle-beta-north-truck-042-00003,returning,0.0,240.0,327137.68,36.6,True,False,11887.73,513282.15,False,False,False,93.9,24.1,[],1.0
01e88814-212c-4183-94ce-c099c1966b38,1.0,beta-minerals,north-site,fleet_telemetry,BETA-NORTH-TRUCK-043,haul_truck,2026-09-01T16:18:56.854Z,12,-16.660125,-71.503487,338.0,41.5,Dump-A,cycle-beta-north-truck-043-00003,returning,0.0,240.0,365128.3,44.0,True,False,17154.34,38494.73,False,False,False,94.9,24.7,[],1.0
69d924ae-db01-4867-8adc-70b4bf3f248b,1.0,beta-minerals,north-site,fleet_telemetry,BETA-NORTH-TRUCK-044,haul_truck,2026-09-01T16:18:56.854Z,12,-16.643655,-71.592307,42.0,25.0,Dump-A,cycle-beta-north-truck-044-00003,returning,0.0,240.0,34394.06,85.1,True,False,11318.35,341792.88,False,False,False,93.8,24.8,[],1.0
7b71b5dc-0973-4392-a86c-65e995635935,1.0,beta-minerals,north-site,fleet_telemetry,BETA-NORTH-TRUCK-045,haul_truck,2026-09-01T16:18:56.854Z,12,-16.533007,-71.615563,123.6,26.4,Dump-A,cycle-beta-north-truck-045-00003,returning,0.0,240.0,335944.03,25.1,True,False,15091.37,92660.49,False,False,False,92.9,25.2,[],1.0
8ba820c4-4184-47e5-aee9-5d8d635cae4a,1.0,beta-minerals,north-site,fleet_telemetry,BETA-NORTH-TRUCK-046,haul_truck,2026-09-01T16:18:56.854Z,12,-16.581961,-71.471232,319.2,31.5,Dump-A,cycle-beta-north-truck-046-00003,returning,0.0,240.0,419711.28,85.0,True,False,8919.18,114553.62,False,False,False,90.2,24.1,[],1.0
6dd7f932-c9dd-4199-b222-d36f060c0d4c,1.0,beta-minerals,north-site,fleet_telemetry,BETA-NORTH-TRUCK-047,haul_truck,2026-09-01T16:18:56.854Z,12,-16.538213,-71.526085,266.4,32.3,Dump-A,cycle-beta-north-truck-047-00003,returning,0.0,240.0,412976.95,47.3,True,False,5559.74,176406.09,False,False,False,93.2,25.0,[],1.0
322cd9cb-62a5-44fa-8a25-d405cc2dc74f,1.0,beta-minerals,north-site,fleet_telemetry,BETA-NORTH-TRUCK-048,haul_truck,2026-09-01T16:18:56.854Z,12,-16.65933,-71.54308,37.9,41.0,Dump-A,cycle-beta-north-truck-048-00003,returning,0.0,240.0,441822.95,91.7,True,False,4602.12,526733.24,False,False,False,86.8,24.3,[],1.0
732b4209-e229-4867-9ff4-baefa8d0fa1e,1.0,beta-minerals,north-site,fleet_telemetry,BETA-NORTH-TRUCK-049,haul_truck,2026-09-01T16:18:56.854Z,12,-16.580155,-71.568883,60.0,40.0,Dump-A,cycle-beta-north-truck-049-00003,returning,0.0,240.0,13507.29,39.0,True,False,7738.8,368447.87,False,False,False,92.4,24.9,[],1.0
e8b70a6e-00cf-4b2d-a251-16662ae6e2d1,1.0,beta-minerals,north-site,fleet_telemetry,BETA-NORTH-TRUCK-050,haul_truck,2026-09-01T16:18:56.854Z,12,-16.553236,-71.530072,136.2,35.4,Dump-A,cycle-beta-north-truck-050-00003,returning,0.0,240.0,449027.18,79.2,True,False,8607.42,632270.66,False,False,False,93.7,24.5,[],1.0
7fccbdef-257d-47a5-b817-57d31cfa84d7,1.0,beta-minerals,north-site,fleet_telemetry,BETA-NORTH-TRUCK-051,haul_truck,2026-09-01T16:18:56.854Z,12,-16.536059,-71.477099,98.3,40.2,Dump-A,cycle-beta-north-truck-051-00003,returning,0.0,240.0,112519.86,49.2,True,False,935.23,278323.03,False,False,False,95.1,24.5,[],1.0
47e0f2e4-4432-40cb-9307-abcc59d6add8,1.0,beta-minerals,north-site,fleet_telemetry,BETA-NORTH-TRUCK-052,haul_truck,2026-09-01T16:18:56.854Z,12,-16.6376,-71.460174,316.2,35.0,Dump-A,cycle-beta-north-truck-052-00003,returning,0.0,240.0,334757.22,46.5,True,False,16889.31,257053.41,False,False,False,91.9,25.2,[],1.0
ef336a0d-199b-4bc3-b3eb-e3f45e90358f,1.0,beta-minerals,north-site,fleet_telemetry,BETA-NORTH-TRUCK-053,haul_truck,2026-09-01T16:18:56.854Z,12,-16.633357,-71.482181,222.5,27.1,Dump-A,cycle-beta-north-truck-053-00003,returning,0.0,240.0,133123.97,28.0,True,False,21418.27,109695.56,False,False,False,95.1,25.0,[],1.0
28f2bca3-0fa0-4d98-a689-48f76f07f0e7,1.0,beta-minerals,north-site,fleet_telemetry,BETA-NORTH-TRUCK-054,haul_truck,2026-09-01T16:18:56.854Z,12,-16.568403,-71.554404,22.0,30.7,Dump-A,cycle-beta-north-truck-054-00003,returning,0.0,240.0,265539.93,60.3,True,False,10519.33,491176.89,False,False,False,94.5,24.2,[],1.0
d2d20f42-7ea2-4bd4-b324-d40001c09e33,1.0,beta-minerals,north-site,fleet_telemetry,BETA-NORTH-TRUCK-055,haul_truck,2026-09-01T16:18:56.854Z,12,-16.619994,-71.489363,308.3,26.1,Dump-A,cycle-beta-north-truck-055-00003,returning,0.0,240.0,114180.41,43.2,True,False,10021.65,627457.79,False,False,False,91.3,24.5,[],1.0
c438c309-f885-4ee1-86f9-6a0865e8c72a,1.0,beta-minerals,north-site,fleet_telemetry,BETA-NORTH-TRUCK-056,haul_truck,2026-09-01T16:18:56.854Z,12,-16.545566,-71.523972,292.5,34.2,Dump-A,cycle-beta-north-truck-056-00003,returning,0.0,240.0,42863.32,39.1,True,False,7542.84,191332.5,False,False,False,95.6,24.6,[],1.0
dbda25fe-dec4-46fa-9fd4-9e62028f1197,1.0,beta-minerals,north-site,fleet_telemetry,BETA-NORTH-TRUCK-057,haul_truck,2026-09-01T16:18:56.854Z,12,-16.547151,-71.545212,50.5,28.7,Dump-A,cycle-beta-north-truck-057-00003,returning,0.0,240.0,63125.01,50.0,True,False,10330.83,217841.22,False,False,False,91.0,24.4,[],1.0
7b0af115-5909-4776-9b28-18feeeb94b72,1.0,beta-minerals,north-site,fleet_telemetry,BETA-NORTH-TRUCK-058,haul_truck,2026-09-01T16:18:56.854Z,12,-16.573884,-71.583147,352.2,29.4,Dump-A,cycle-beta-north-truck-058-00003,returning,0.0,240.0,143855.44,74.3,True,False,2716.94,528786.31,False,False,False,92.8,25.1,[],1.0
e0282995-c21b-4c2a-bac5-ed4973387b92,1.0,beta-minerals,north-site,fleet_telemetry,BETA-NORTH-TRUCK-059,haul_truck,2026-09-01T16:18:56.854Z,12,-16.562038,-71.575903,227.4,29.6,Dump-A,cycle-beta-north-truck-059-00003,returning,0.0,240.0,166527.66,60.9,True,False,2733.73,176378.13,False,False,False,95.2,23.8,[],1.0
7d96a2af-223e-4c4c-84f2-3fac86cb6599,1.0,beta-minerals,north-site,fleet_telemetry,BETA-NORTH-TRUCK-060,haul_truck,2026-09-01T16:18:56.854Z,12,-16.655195,-71.601181,311.3,31.6,Dump-A,cycle-beta-north-truck-060-00003,returning,0.0,240.0,254620.51,63.4,True,False,20984.46,558399.11,False,False,False,89.8,24.7,[],1.0
318c7e47-2bb9-4e53-8baf-051b8355cc94,1.0,beta-minerals,north-site,fleet_telemetry,BETA-NORTH-TRUCK-061,haul_truck,2026-09-01T16:18:56.854Z,12,-16.538634,-71.557963,287.6,28.4,Dump-A,cycle-beta-north-truck-061-00003,returning,0.0,240.0,442330.43,34.1,True,False,1053.5,543134.84,False,False,False,94.1,24.9,[],1.0
0c81bf8b-1038-4995-9d0c-e13e0f907b8a,1.0,beta-minerals,north-site,fleet_telemetry,BETA-NORTH-TRUCK-062,haul_truck,2026-09-01T16:18:56.854Z,12,-16.66007,-71.473039,3.2,33.3,Dump-A,cycle-beta-north-truck-062-00003,returning,0.0,240.0,367609.57,26.5,True,False,13145.28,183057.35,False,False,False,89.9,23.9,[],1.0
48cbce1c-7f29-44da-b034-5bec3899db12,1.0,beta-minerals,north-site,fleet_telemetry,BETA-NORTH-TRUCK-063,haul_truck,2026-09-01T16:18:56.854Z,12,-16.519674,-71.609346,59.3,37.9,Dump-A,cycle-beta-north-truck-063-00003,returning,0.0,240.0,365911.22,33.5,True,False,2749.96,553783.83,False,False,False,87.1,23.8,[],1.0
9da35b66-14c9-4da9-b39b-10982fd04754,1.0,beta-minerals,north-site,fleet_telemetry,BETA-NORTH-TRUCK-064,haul_truck,2026-09-01T16:18:56.854Z,12,-16.6428,-71.583201,19.0,37.1,Dump-A,cycle-beta-north-truck-064-00003,returning,0.0,240.0,22973.06,72.8,True,False,18219.75,268849.47,False,False,False,88.5,25.1,[],1.0
a9013291-8b17-48a7-9171-df4b59692aaa,1.0,beta-minerals,north-site,fleet_telemetry,BETA-NORTH-TRUCK-065,haul_truck,2026-09-01T16:18:56.854Z,12,-16.566807,-71.537607,346.3,32.7,Dump-A,cycle-beta-north-truck-065-00003,returning,0.0,240.0,280207.74,68.1,True,False,10255.46,113638.04,False,False,False,93.9,24.5,[],1.0
3eb05a4f-815a-459d-ae7e-dfc2542b91ab,1.0,beta-minerals,north-site,fleet_telemetry,BETA-NORTH-TRUCK-066,haul_truck,2026-09-01T16:18:56.854Z,12,-16.528833,-71.533362,28.8,28.1,Dump-A,cycle-beta-north-truck-066-00003,returning,0.0,240.0,70384.7,38.9,True,False,2092.77,196259.12,False,False,False,89.9,24.8,[],1.0
7d0f43a3-922e-4b29-991a-e757990af3fa,1.0,beta-minerals,north-site,fleet_telemetry,BETA-NORTH-TRUCK-067,haul_truck,2026-09-01T16:18:56.854Z,12,-16.583267,-71.53996,274.6,35.1,Dump-A,cycle-beta-north-truck-067-00003,returning,0.0,240.0,354043.79,50.1,True,False,17650.76,643324.59,False,False,False,92.2,24.7,[],1.0
92e7ac57-be62-445c-bb94-33ddac9050cd,1.0,beta-minerals,north-site,fleet_telemetry,BETA-NORTH-TRUCK-068,haul_truck,2026-09-01T16:18:56.854Z,12,-16.665735,-71.487809,335.2,38.7,Dump-A,cycle-beta-north-truck-068-00003,returning,0.0,240.0,21468.56,66.7,True,False,7618.03,190374.79,False,False,False,87.6,24.7,[],1.0
5dc796bb-2b81-446c-bc85-0038e3afb661,1.0,beta-minerals,north-site,fleet_telemetry,BETA-NORTH-TRUCK-069,haul_truck,2026-09-01T16:18:56.854Z,12,-16.654421,-71.512482,171.2,29.1,Dump-A,cycle-beta-north-truck-069-00003,returning,0.0,240.0,449827.38,93.1,True,False,12023.98,503110.8,False,False,False,86.1,25.0,[],1.0
e2c02f34-d803-4894-876d-c145c0a9e924,1.0,beta-minerals,north-site,fleet_telemetry,BETA-NORTH-TRUCK-070,haul_truck,2026-09-01T16:18:56.854Z,12,-16.608235,-71.467848,127.4,27.1,Dump-A,cycle-beta-north-truck-070-00003,returning,0.0,240.0,263305.38,93.7,True,False,16997.87,617115.82,False,False,False,93.2,24.3,[],1.0
f72f0a98-8597-4633-b529-628c7fdb7d47,1.0,beta-minerals,north-site,fleet_telemetry,BETA-NORTH-TRUCK-071,haul_truck,2026-09-01T16:18:56.854Z,12,-16.52414,-71.612992,98.3,33.3,Dump-A,cycle-beta-north-truck-071-00003,returning,0.0,240.0,364733.35,73.8,True,False,4533.34,393287.56,False,False,False,94.7,25.2,[],1.0
00a7d6ef-7292-4d63-a0a5-2176b7516703,1.0,beta-minerals,north-site,fleet_telemetry,BETA-NORTH-TRUCK-072,haul_truck,2026-09-01T16:18:56.854Z,12,-16.529362,-71.538686,275.3,35.9,Dump-A,cycle-beta-north-truck-072-00003,returning,0.0,240.0,92823.66,94.1,True,False,12748.47,374758.93,False,False,False,90.9,24.5,[],1.0
bb3359fd-e270-4e04-93f2-f8303d2c43e6,1.0,beta-minerals,north-site,fleet_telemetry,BETA-NORTH-TRUCK-073,haul_truck,2026-09-01T16:18:56.854Z,12,-16.593935,-71.564416,230.8,54.5,Dump-A,cycle-beta-north-truck-073-00003,returning,0.0,240.0,274732.48,26.3,True,False,1604.85,55386.12,False,False,True,94.2,25.0,[],1.0
861430d6-d6ca-4501-a1e7-5643be194c27,1.0,beta-minerals,north-site,fleet_telemetry,BETA-NORTH-TRUCK-074,haul_truck,2026-09-01T16:18:56.854Z,12,-16.660906,-71.593845,14.5,27.8,Dump-A,cycle-beta-north-truck-074-00003,returning,0.0,240.0,363067.61,85.7,True,False,8024.11,131800.01,False,False,False,92.3,24.6,[],1.0
fd3bf897-6f29-424c-9d0f-2c65db55a0fe,1.0,beta-minerals,north-site,fleet_telemetry,BETA-NORTH-TRUCK-075,haul_truck,2026-09-01T16:18:56.854Z,12,-16.610604,-71.466822,294.1,34.9,Dump-A,cycle-beta-north-truck-075-00003,returning,0.0,240.0,388695.42,92.2,True,False,17216.59,553283.25,False,False,False,93.7,24.1,[],1.0
1e81623d-3589-4711-912a-88f612406ea7,1.0,beta-minerals,north-site,fleet_telemetry,BETA-NORTH-TRUCK-076,haul_truck,2026-09-01T16:18:56.854Z,12,-16.600447,-71.515276,48.0,25.0,Dump-A,cycle-beta-north-truck-076-00003,returning,0.0,240.0,439379.55,76.2,True,False,7935.11,223240.3,False,False,False,86.3,24.3,[],1.0
7fd89434-2808-44c8-9eca-19f34eebf3b4,1.0,beta-minerals,north-site,fleet_telemetry,BETA-NORTH-TRUCK-077,haul_truck,2026-09-01T16:18:56.854Z,12,-16.544497,-71.581815,307.6,33.9,Dump-A,cycle-beta-north-truck-077-00003,returning,0.0,240.0,315167.43,89.9,True,False,4493.11,630308.3,False,False,False,93.2,24.4,[],1.0
3e4767e5-8de7-4758-a626-c10f3d2aa585,1.0,beta-minerals,north-site,fleet_telemetry,BETA-NORTH-TRUCK-078,haul_truck,2026-09-01T16:18:56.854Z,12,-16.670089,-71.50519,117.6,30.4,Dump-A,cycle-beta-north-truck-078-00003,returning,0.0,240.0,139588.45,37.4,True,False,8821.76,482417.12,False,False,False,95.1,23.9,[],1.0
5c8ab138-0c08-44ac-949d-b8e1cdc06d89,1.0,beta-minerals,north-site,fleet_telemetry,BETA-NORTH-TRUCK-079,haul_truck,2026-09-01T16:18:56.854Z,12,-16.635082,-71.527025,49.2,27.1,Dump-A,cycle-beta-north-truck-079-00003,returning,0.0,240.0,415257.67,92.7,True,False,1486.53,399505.14,False,False,False,87.7,24.2,[],1.0
4d0ef9b9-6e32-4887-8fc7-4921a3e6af11,1.0,beta-minerals,north-site,fleet_telemetry,BETA-NORTH-TRUCK-080,haul_truck,2026-09-01T16:18:56.854Z,12,-16.568597,-71.463378,99.8,35.8,Dump-A,cycle-beta-north-truck-080-00003,returning,0.0,240.0,162597.3,47.3,True,False,7820.79,69018.49,False,False,False,87.3,24.6,[],1.0
