message_id,schema_version,tenant_id,site_id,message_type,asset_id,asset_type,timestamp,sequence_no,production.operating_state,production.material_type,production.throughput_tph,production.target_throughput_tph,production.total_tonnes,production.load_count,production.production_loss_reason,production.alert_flag,diagnostics.fault_codes
4b921c0d-cd83-4f13-a8bb-bf76800abf35,1.0,acme-mining,site-01,production_telemetry,ACME-S01-PROD-001,production_meter,2026-09-01T16:18:01.854Z,1,running,ore,1830.3,1800.0,1949847.9,16777,,False,[]
918504fc-99b2-4a3a-bacb-3c2806452b31,1.0,acme-mining,site-01,production_telemetry,ACME-S01-PROD-002,production_meter,2026-09-01T16:18:01.854Z,1,running,ore,1730.5,1800.0,461253.2,8713,,False,[]
fb7f31b0-8172-4873-8ec5-194f220923f1,1.0,acme-mining,site-01,production_telemetry,ACME-S01-PROD-003,production_meter,2026-09-01T16:18:01.854Z,1,running,ore,1738.1,1800.0,1328049.6,10624,,False,[]
dd2ec9f5-255f-4ac6-9f8b-c97f8259e1cd,1.0,acme-mining,site-01,production_telemetry,ACME-S01-PROD-004,production_meter,2026-09-01T16:18:01.854Z,1,running,ore,1792.3,1800.0,889458.4,7080,,False,[]
ebaa6840-9acd-4c06-b3d6-c90d65f18120,1.0,acme-mining,site-01,production_telemetry,ACME-S01-PROD-005,production_meter,2026-09-01T16:18:01.854Z,1,running,ore,1531.4,1800.0,588245.3,16290,,False,[]
02409da0-96b9-4717-b8e8-e14932e5c075,1.0,acme-mining,site-01,production_telemetry,ACME-S01-PROD-006,production_meter,2026-09-01T16:18:01.854Z,1,running,ore,1808.4,1800.0,1532890.3,7893,,False,[]
6ac501aa-c062-403d-8533-f27bc28818f5,1.0,acme-mining,site-01,production_telemetry,ACME-S01-PROD-007,production_meter,2026-09-01T16:18:01.854Z,1,running,ore,1826.9,1800.0,1602298.3,957,,False,[]
c4ba1bd0-1ed0-47de-94e4-a532a53a2395,1.0,acme-mining,site-01,production_telemetry,ACME-S01-PROD-008,production_meter,2026-09-01T16:18:01.854Z,1,running,ore,1847.1,1800.0,1313246.2,12673,,False,[]
5df5b888-4b2d-4d56-9447-b5c732459425,1.0,acme-mining,site-01,production_telemetry,ACME-S01-PROD-009,production_meter,2026-09-01T16:18:01.854Z,1,running,ore,1590.7,1800.0,520599.9,2572,,False,[]
a1bba2ec-6992-49d3-97b7-3f09dc1f6346,1.0,acme-mining,site-01,production_telemetry,ACME-S01-PROD-010,production_meter,2026-09-01T16:18:01.854Z,1,running,ore,1740.9,1800.0,170705.5,16643,,False,[]
c399f088-bd8b-4e64-82b5-1bc91a1609d1,1.0,acme-mining,site-01,production_telemetry,ACME-S01-PROD-011,production_meter,2026-09-01T16:18:01.854Z,1,stopped,ore,460.4,1800.0,1423320.2,18202,feed_shortage,True,"[""PRODUCTION_RATE_LOW""]"
8886715b-580d-476b-ad5d-8c5031d82bcb,1.0,acme-mining,site-01,production_telemetry,ACME-S01-PROD-012,production_meter,2026-09-01T16:18:01.854Z,1,degraded,ore,332.3,1800.0,875420.6,9667,crusher_trip,True,"[""PRODUCTION_RATE_LOW""]"
34daefda-913d-448f-a2e6-1079013f4f8b,1.0,acme-mining,site-01,production_telemetry,ACME-S01-PROD-013,production_meter,2026-09-01T16:18:01.854Z,1,running,ore,1792.6,1800.0,1402795.0,18342,,False,[]
d293cbe9-c252-4ee7-841b-6a9a207b611e,1.0,acme-mining,site-01,production_telemetry,ACME-S01-PROD-014,production_meter,2026-09-01T16:18:01.854Z,1,running,ore,1678.2,1800.0,1665965.4,3504,,False,[]
cd3e03b8-4ef9-49ef-8019-61c1ba8ee398,1.0,acme-mining,site-01,production_telemetry,ACME-S01-PROD-015,production_meter,2026-09-01T16:18:01.854Z,1,running,ore,1701.9,1800.0,339257.7,19001,,False,[]
91cc2d53-bb6f-4b75-b6f5-6c3134aeb33d,1.0,acme-mining,site-01,production_telemetry,ACME-S01-PROD-016,production_meter,2026-09-01T16:18:01.854Z,1,running,ore,1615.9,1800.0,1571302.5,593,,False,[]
43bc95e9-b30e-4456-bf00-a7ca597d4057,1.0,acme-mining,site-01,production_telemetry,ACME-S01-PROD-017,production_meter,2026-09-01T16:18:01.854Z,1,running,ore,1552.9,1800.0,1746253.1,4819,,False,[]
13011a3c-3fe3-4026-bb12-84f7db1fed51,1.0,acme-mining,site-01,production_telemetry,ACME-S01-PROD-018,production_meter,2026-09-01T16:18:01.854Z,1,running,ore,1728.6,1800.0,1509266.7,17739,,False,[]
492dfb85-69ee-477b-b207-24bad155b069,1.0,acme-mining,site-01,production_telemetry,ACME-S01-PROD-019,production_meter,2026-09-01T16:18:01.854Z,1,stopped,ore,296.8,1800.0,520944.9,1921,feed_shortage,True,"[""PRODUCTION_RATE_LOW""]"
67f1564c-3f6c-4bec-bb7f-cfc19fa88eed,1.0,acme-mining,site-01,production_telemetry,ACME-S01-PROD-020,production_meter,2026-09-01T16:18:01.854Z,1,running,ore,1553.9,1800.0,1997317.0,13661,,False,[]
2f792063-3cfb-4bc7-8f00-f13eaa3b52ea,1.0,acme-mining,site-02,production_telemetry,ACME-S02-PROD-001,production_meter,2026-09-01T16:18:01.854Z,1,running,ore,1673.9,1800.0,1892585.0,11562,,False,[]
8243c5a3-cfd8-4d3d-bb12-d389510f120e,1.0,acme-mining,site-02,production_telemetry,ACME-S02-PROD-002,production_meter,2026-09-01T16:18:01.854Z,1,running,ore,1818.9,1800.0,1610456.0,6047,,False,[]
d3b6e156-d660-444c-a91b-d599b8591aa0,1.0,acme-mining,site-02,production_telemetry,ACME-S02-PROD-003,production_meter,2026-09-01T16:18:01.854Z,1,running,ore,1626.3,1800.0,1095496.6,2936,,False,[]
c0c8d912-8f3f-46cc-b36d-838d6c68031b,1.0,acme-mining,site-02,production_telemetry,ACME-S02-PROD-004,production_meter,2026-09-01T16:18:01.854Z,1,running,ore,1882.3,1800.0,1443624.8,800,,False,[]
4e4d457c-1bf3-410d-ba5c-9fabd06821d9,1.0,acme-mining,site-02,production_telemetry,ACME-S02-PROD-005,production_meter,2026-09-01T16:18:01.854Z,1,running,ore,1712.5,1800.0,1352642.6,1016,,False,[]
9b4dbf5b-8b95-446a-858b-b9e8d57194b1,1.0,acme-mining,site-02,production_telemetry,ACME-S02-PROD-006,production_meter,2026-09-01T16:18:01.854Z,1,running,ore,1837.7,1800.0,132573.5,14610,,False,[]
68dcb5a0-69e3-4f0e-9c93-43eb53c7601d,1.0,acme-mining,site-02,production_telemetry,ACME-S02-PROD-007,production_meter,2026-09-01T16:18:01.854Z,1,running,ore,1760.8,1800.0,1100268.8,12115,,False,[]
6ea00d7c-5f22-4c3c-9c96-a4daf7e3d8c9,1.0,acme-mining,site-02,production_telemetry,ACME-S02-PROD-008,production_meter,2026-09-01T16:18:01.854Z,1,running,ore,1608.1,1800.0,529131.0,3142,,False,[]
3eb3aa80-dfe3-48f7-82c3-41b4da6a9aa8,1.0,acme-mining,site-02,production_telemetry,ACME-S02-PROD-009,production_meter,2026-09-01T16:18:01.854Z,1,running,ore,1602.1,1800.0,206620.6,810,,False,[]
88aea192-0833-41d5-9d1c-7f1082242529,1.0,acme-mining,site-02,production_telemetry,ACME-S02-PROD-010,production_meter,2026-09-01T16:18:01.854Z,1,running,ore,1684.4,1800.0,1950297.9,17807,,False,[]
f1baf4b0-0352-4a53-a374-baefd82277c4,1.0,acme-mining,site-02,production_telemetry,ACME-S02-PROD-011,production_meter,2026-09-01T16:18:01.854Z,1,running,ore,1596.7,1800.0,1855904.8,9688,,False,[]
1cc9bae4-0fda-4417-902c-0fa4ed006b26,1.0,acme-mining,site-02,production_telemetry,ACME-S02-PROD-012,production_meter,2026-09-01T16:18:01.854Z,1,running,ore,1808.2,1800.0,1215371.1,13552,,False,[]
31156204-e058-4213-bd70-a775cd7459fe,1.0,acme-mining,site-02,production_telemetry,ACME-S02-PROD-013,production_meter,2026-09-01T16:18:01.854Z,1,running,ore,1771.1,1800.0,1127071.1,13078,,False,[]
a43049ba-c201-4356-81a3-5085a6c7b6b8,1.0,acme-mining,site-02,production_telemetry,ACME-S02-PROD-014,production_meter,2026-09-01T16:18:01.854Z,1,running,ore,1625.3,1800.0,202025.5,14823,,False,[]
fd554d4f-6d63-423b-9e87-12949aca6822,1.0,acme-mining,site-02,production_telemetry,ACME-S02-PROD-015,production_meter,2026-09-01T16:18:01.854Z,1,stopped,ore,287.4,1800.0,720116.0,9457,crusher_trip,True,"[""PRODUCTION_RATE_LOW""]"
957f3ed6-0839-4995-b99a-67f88948f4a6,1.0,acme-mining,site-02,production_telemetry,ACME-S02-PROD-016,production_meter,2026-09-01T16:18:01.854Z,1,running,ore,1774.2,1800.0,1213165.2,12955,,False,[]
aa30f059-f3fa-435b-8367-146634201371,1.0,acme-mining,site-02,production_telemetry,ACME-S02-PROD-017,production_meter,2026-09-01T16:18:01.854Z,1,running,ore,1790.1,1800.0,1452189.1,5556,,False,[]
33244bf5-ef78-4320-adb8-78713067b2d6,1.0,acme-mining,site-02,production_telemetry,ACME-S02-PROD-018,production_meter,2026-09-01T16:18:01.854Z,1,running,ore,1513.6,1800.0,612558.3,4842,,False,[]
c93c17e2-f5fe-459c-b36c-8d294a24f47c,1.0,acme-mining,site-02,production_telemetry,ACME-S02-PROD-019,production_meter,2026-09-01T16:18:01.854Z,1,running,ore,1522.8,1800.0,1153019.7,11131,,False,[]
87bf75b3-5e19-4e3d-9c49-ce900fe96d5c,1.0,acme-mining,site-02,production_telemetry,ACME-S02-PROD-020,production_meter,2026-09-01T16:18:01.854Z,1,running,ore,1857.6,1800.0,1986190.0,8455,,False,[]
066bd51b-9716-4664-9432-82f736220ebf,1.0,beta-minerals,north-site,production_telemetry,BETA-NORTH-PROD-001,production_meter,2026-09-01T16:18:01.854Z,1,running,ore,1515.0,1800.0,490442.4,805,,False,[]
551fe2ca-d032-4483-a58d-be98abecaf43,1.0,beta-minerals,north-site,production_telemetry,BETA-NORTH-PROD-002,production_meter,2026-09-01T16:18:01.854Z,1,running,ore,1669.0,1800.0,1678242.5,3938,,False,[]
dba333a0-0d5c-40c1-ad39-57f5f89e037e,1.0,beta-minerals,north-site,production_telemetry,BETA-NORTH-PROD-003,production_meter,2026-09-01T16:18:01.854Z,1,running,ore,1668.5,1800.0,1578124.3,17643,,False,[]
ae8fe4bb-abf3-4f3b-9240-5e0bf4f4df23,1.0,beta-minerals,north-site,production_telemetry,BETA-NORTH-PROD-004,production_meter,2026-09-01T16:18:01.854Z,1,stopped,ore,262.2,1800.0,1407587.8,16251,conveyor_blockage,True,"[""PRODUCTION_RATE_LOW""]"
e92916a7-0e36-4176-8ee8-8107641fb0b6,1.0,beta-minerals,north-site,production_telemetry,BETA-NORTH-PROD-005,production_meter,2026-09-01T16:18:01.854Z,1,running,ore,1629.0,1800.0,383376.8,3452,,False,[]
f8ade7d2-4ce2-48eb-ba8e-d58bdf0d7577,1.0,beta-minerals,north-site,production_telemetry,BETA-NORTH-PROD-006,production_meter,2026-09-01T16:18:01.854Z,1,running,ore,1695.3,1800.0,1956855.2,9155,,False,[]
78660144-2597-42d7-972a-97ba45387c6d,1.0,beta-minerals,north-site,production_telemetry,BETA-NORTH-PROD-007,production_meter,2026-09-01T16:18:01.854Z,1,running,ore,1582.4,1800.0,694145.7,4298,,False,[]
b95299df-dced-430f-a944-c032c7277c09,1.0,beta-minerals,north-site,production_telemetry,BETA-NORTH-PROD-008,production_meter,2026-09-01T16:18:01.854Z,1,running,ore,1824.6,1800.0,779304.6,14844,,False,[]
fe5a13a5-16e6-4f3f-ac49-bc29300961df,1.0,beta-minerals,north-site,production_telemetry,BETA-NORTH-PROD-009,production_meter,2026-09-01T16:18:01.854Z,1,running,ore,1566.7,1800.0,860477.6,15460,,False,[]
3165b9e6-b86a-493a-af63-fdcc268ef178,1.0,beta-minerals,north-site,production_telemetry,BETA-NORTH-PROD-010,production_meter,2026-09-01T16:18:01.854Z,1,running,ore,1887.8,1800.0,314810.1,2422,,False,[]
222d5b7c-85cc-4155-a9b1-3d35084ca7ae,1.0,beta-minerals,north-site,production_telemetry,BETA-NORTH-PROD-011,production_meter,2026-09-01T16:18:01.854Z,1,running,ore,1754.2,1800.0,932511.8,12944,,False,[]
534551d5-a922-4caa-bbf9-3c32650cd906,1.0,beta-minerals,north-site,production_telemetry,BETA-NORTH-PROD-012,production_meter,2026-09-01T16:18:01.854Z,1,running,ore,1530.1,1800.0,1017853.5,16495,,False,[]
fd47403b-826f-488e-80d2-db7a01d4b109,1.0,beta-minerals,north-site,production_telemetry,BETA-NORTH-PROD-013,production_meter,2026-09-01T16:18:01.854Z,1,running,ore,1585.6,1800.0,1388067.2,19396,,False,[]
ce4d8b60-29cc-4e7e-b04b-222726a1311b,1.0,beta-minerals,north-site,production_telemetry,BETA-NORTH-PROD-014,production_meter,2026-09-01T16:18:01.854Z,1,running,ore,1618.9,1800.0,1274656.4,14684,,False,[]
a4d1bb5f-f4de-40e3-9470-64b94a29a099,1.0,beta-minerals,north-site,production_telemetry,BETA-NORTH-PROD-015,production_meter,2026-09-01T16:18:01.854Z,1,running,ore,1821.8,1800.0,1160856.6,2289,,False,[]
5a09377f-4444-4302-aca9-67b8030e26ff,1.0,beta-minerals,north-site,production_telemetry,BETA-NORTH-PROD-016,production_meter,2026-09-01T16:18:01.854Z,1,running,ore,1883.2,1800.0,1527719.6,11007,,False,[]
8900cb6c-6f17-444d-a25f-e6d074c28b58,1.0,beta-minerals,north-site,production_telemetry,BETA-NORTH-PROD-017,production_meter,2026-09-01T16:18:01.854Z,1,running,ore,1731.3,1800.0,546502.4,15544,,False,[]
fcb39a51-81f9-4b16-b065-306b7344da6f,1.0,beta-minerals,north-site,production_telemetry,BETA-NORTH-PROD-018,production_meter,2026-09-01T16:18:01.854Z,1,running,ore,1609.3,1800.0,1515956.3,1083,,False,[]
14f9efc3-fe7e-4717-82e8-d83f86af0feb,1.0,beta-minerals,north-site,production_telemetry,BETA-NORTH-PROD-019,production_meter,2026-09-01T16:18:01.854Z,1,running,ore,1712.4,1800.0,1276228.1,10482,,False,[]
9be3d118-40b4-4b47-9c1e-944747a96d7b,1.0,beta-minerals,north-site,production_telemetry,BETA-NORTH-PROD-020,production_meter,2026-09-01T16:18:01.854Z,1,running,ore,1638.9,1800.0,1651520.8,15392,,False,[]
e338bb43-f5dc-4528-9719-8184a9f5bd2b,1.0,beta-minerals,north-site,production_telemetry,BETA-NORTH-PROD-021,production_meter,2026-09-01T16:18:01.854Z,1,running,ore,1829.5,1800.0,285132.9,7767,,False,[]
0e4556f3-c1ba-4fac-b55e-eec258ff7070,1.0,beta-minerals,north-site,production_telemetry,BETA-NORTH-PROD-022,production_meter,2026-09-01T16:18:01.854Z,1,running,ore,1620.0,1800.0,302014.5,5880,,False,[]
ec387372-150f-4124-8b29-519cf0984dae,1.0,beta-minerals,north-site,production_telemetry,BETA-NORTH-PROD-023,production_meter,2026-09-01T16:18:01.854Z,1,running,ore,1625.3,1800.0,329419.3,13375,,False,[]
f09599b5-b8e9-49db-a0b9-9fcb4e3bb656,1.0,beta-minerals,north-site,production_telemetry,BETA-NORTH-PROD-024,production_meter,2026-09-01T16:18:01.854Z,1,running,ore,1600.5,1800.0,1303159.1,19795,,False,[]
c1ad14aa-200b-4740-a675-87eac1334470,1.0,beta-minerals,north-site,production_telemetry,BETA-NORTH-PROD-025,production_meter,2026-09-01T16:18:01.854Z,1,running,ore,1768.6,1800.0,108243.9,2092,,False,[]
1ed32a49-def5-486a-95bf-ca12f59a4c55,1.0,beta-minerals,north-site,production_telemetry,BETA-NORTH-PROD-026,production_meter,2026-09-01T16:18:01.854Z,1,running,ore,1852.4,1800.0,1414456.2,6191,,False,[]
b84739da-1f52-4c82-b3a2-0b2847cdc1c1,1.0,beta-minerals,north-site,production_telemetry,BETA-NORTH-PROD-027,production_meter,2026-09-01T16:18:01.854Z,1,running,ore,1706.5,1800.0,830861.4,8635,,False,[]
a5a06d02-18f8-4a8e-a3b2-ca26cf4f49b1,1.0,beta-minerals,north-site,production_telemetry,BETA-NORTH-PROD-028,production_meter,2026-09-01T16:18:01.854Z,1,running,ore,1699.7,1800.0,1430029.5,17287,,False,[]
d064ef02-51e9-4a69-922f-05b19b7a0281,1.0,beta-minerals,north-site,production_telemetry,BETA-NORTH-PROD-029,production_meter,2026-09-01T16:18:01.854Z,1,running,ore,1829.6,1800.0,481691.8,10022,,False,[]
87b94528-d9c2-452e-9ea8-7d0fd07b71a1,1.0,beta-minerals,north-site,production_telemetry,BETA-NORTH-PROD-030,production_meter,2026-09-01T16:18:01.854Z,1,running,ore,1607.2,1800.0,1130736.0,11064,,False,[]
514d5cc6-37b7-48c2-a7e1-9e5889176683,1.0,acme-mining,site-01,production_telemetry,ACME-S01-PROD-001,production_meter,2026-09-01T16:18:06.854Z,2,running,ore,1807.2,1800.0,1949850.4,16778,,False,[]
2830eeb6-5c27-4ba0-a12e-842c032b69a1,1.0,acme-mining,site-01,production_telemetry,ACME-S01-PROD-002,production_meter,2026-09-01T16:18:06.854Z,2,running,ore,1503.4,1800.0,461255.3,8714,,False,[]
76bd4e6d-1606-4219-9bf2-e1b29fe00090,1.0,acme-mining,site-01,production_telemetry,ACME-S01-PROD-003,production_meter,2026-09-01T16:18:06.854Z,2,running,ore,1874.5,1800.0,1328052.2,10625,,False,[]
add71adb-c3f9-4573-8b7d-2a6d47ac8dec,1.0,acme-mining,site-01,production_telemetry,ACME-S01-PROD-004,production_meter,2026-09-01T16:18:06.854Z,2,running,ore,1588.6,1800.0,889460.6,7081,,False,[]
c9162251-3e74-4243-9ee6-6d897034621d,1.0,acme-mining,site-01,production_telemetry,ACME-S01-PROD-005,production_meter,2026-09-01T16:18:06.854Z,2,stopped,ore,756.8,1800.0,588246.3,16291,crusher_trip,True,"[""PRODUCTION_RATE_LOW""]"
665c1872-6694-4d48-833e-a1e199fda09a,1.0,acme-mining,site-01,production_telemetry,ACME-S01-PROD-006,production_meter,2026-09-01T16:18:06.854Z,2,running,ore,1745.4,1800.0,1532892.8,7894,,False,[]
401bd6fa-36d0-4461-b809-1fe9b84f46ea,1.0,acme-mining,site-01,production_telemetry,ACME-S01-PROD-007,production_meter,2026-09-01T16:18:06.854Z,2,running,ore,1787.1,1800.0,1602300.8,958,,False,[]
d729d686-bf12-4e67-acc8-5555a5e40097,1.0,acme-mining,site-01,production_telemetry,ACME-S01-PROD-008,production_meter,2026-09-01T16:18:06.854Z,2,running,ore,1697.5,1800.0,1313248.5,12674,,False,[]
5d1aac10-1dc1-4809-88a8-d91a6887836d,1.0,acme-mining,site-01,production_telemetry,ACME-S01-PROD-009,production_meter,2026-09-01T16:18:06.854Z,2,running,ore,1612.3,1800.0,520602.1,2573,,False,[]
06aaa34e-f340-4acf-b43a-9e7558b93d18,1.0,acme-mining,site-01,production_telemetry,ACME-S01-PROD-010,production_meter,2026-09-01T16:18:06.854Z,2,running,ore,1782.8,1800.0,170707.9,16644,,False,[]
22325a6c-2f35-4c14-8f5e-b2d8a43686ef,1.0,acme-mining,site-01,production_telemetry,ACME-S01-PROD-011,production_meter,2026-09-01T16:18:06.854Z,2,running,ore,1578.4,1800.0,1423322.4,18203,,False,[]
29b580b2-7522-4c02-99fe-41cc878da814,1.0,acme-mining,site-01,production_telemetry,ACME-S01-PROD-012,production_meter,2026-09-01T16:18:06.854Z,2,running,ore,1658.4,1800.0,875422.9,9668,,False,[]
ec04fb0d-875a-4044-ab55-9de7e85efb6e,1.0,acme-mining,site-01,production_telemetry,ACME-S01-PROD-013,production_meter,2026-09-01T16:18:06.854Z,2,running,ore,1727.6,1800.0,1402797.4,18343,,False,[]
e517d424-88f0-4ad6-979e-9bac1b34eec1,1.0,acme-mining,site-01,production_telemetry,ACME-S01-PROD-014,production_meter,2026-09-01T16:18:06.854Z,2,running,ore,1720.7,1800.0,1665967.8,3505,,False,[]
165310d6-0860-4939-bfa3-144b6c35ce4c,1.0,acme-mining,site-01,production_telemetry,ACME-S01-PROD-015,production_meter,2026-09-01T16:18:06.854Z,2,running,ore,1726.3,1800.0,339260.1,19002,,False,[]
caf85ad9-292a-4a00-90a5-cfeea7d4070b,1.0,acme-mining,site-01,production_telemetry,ACME-S01-PROD-016,production_meter,2026-09-01T16:18:06.854Z,2,running,ore,1726.1,1800.0,1571304.9,594,,False,[]
7eaa86e8-45be-4f02-bb3f-1dc90b149f69,1.0,acme-mining,site-01,production_telemetry,ACME-S01-PROD-017,production_meter,2026-09-01T16:18:06.854Z,2,running,ore,1551.3,1800.0,1746255.3,4820,,False,[]
de56c392-d777-4b33-9b95-1361c26cec97,1.0,acme-mining,site-01,production_telemetry,ACME-S01-PROD-018,production_meter,2026-09-01T16:18:06.854Z,2,running,ore,1603.8,1800.0,1509268.9,17740,,False,[]
d4893f5c-b08c-4385-bdcf-6615f5bb93c6,1.0,acme-mining,site-01,production_telemetry,ACME-S01-PROD-019,production_meter,2026-09-01T16:18:06.854Z,2,running,ore,1591.2,1800.0,520947.2,1922,,False,[]
085a2833-3784-44ef-a165-31cf97960d2b,1.0,acme-mining,site-01,production_telemetry,ACME-S01-PROD-020,production_meter,2026-09-01T16:18:06.854Z,2,running,ore,1812.9,1800.0,1997319.5,13662,,False,[]
8fd6cc7a-1313-4de5-a9c3-791ec90fb5c3,1.0,acme-mining,site-02,production_telemetry,ACME-S02-PROD-001,production_meter,2026-09-01T16:18:06.854Z,2,running,ore,1558.3,1800.0,1892587.1,11563,,False,[]
9579df80-a33f-4753-ac47-685caf891a35,1.0,acme-mining,site-02,production_telemetry,ACME-S02-PROD-002,production_meter,2026-09-01T16:18:06.854Z,2,running,ore,1820.5,1800.0,1610458.5,6048,,False,[]
d71baa97-e775-4b69-8359-38943907323f,1.0,acme-mining,site-02,production_telemetry,ACME-S02-PROD-003,production_meter,2026-09-01T16:18:06.854Z,2,running,ore,1739.6,1800.0,1095499.1,2937,,False,[]
f874810b-be8d-471a-acf2-de12e1547872,1.0,acme-mining,site-02,production_telemetry,ACME-S02-PROD-004,production_meter,2026-09-01T16:18:06.854Z,2,running,ore,1896.1,1800.0,1443627.4,801,,False,[]
b1547be5-e762-4b47-a651-2befd7fc85a7,1.0,acme-mining,site-02,production_telemetry,ACME-S02-PROD-005,production_meter,2026-09-01T16:18:06.854Z,2,running,ore,1898.7,1800.0,1352645.3,1017,,False,[]
1c5c2d84-c38a-4ba1-855d-5684d06462c6,1.0,acme-mining,site-02,production_telemetry,ACME-S02-PROD-006,production_meter,2026-09-01T16:18:06.854Z,2,running,ore,1691.3,1800.0,132575.8,14611,,False,[]
a17ac427-c522-4f1d-aeb5-9c85d5c755e6,1.0,acme-mining,site-02,production_telemetry,ACME-S02-PROD-007,production_meter,2026-09-01T16:18:06.854Z,2,running,ore,1698.0,1800.0,1100271.2,12116,,False,[]
adf40b83-fd89-4445-bcd1-859e763540e6,1.0,acme-mining,site-02,production_telemetry,ACME-S02-PROD-008,production_meter,2026-09-01T16:18:06.854Z,2,running,ore,1650.7,1800.0,529133.3,3143,,False,[]
947e945b-1bd1-47dd-9e03-a55d38d31410,1.0,acme-mining,site-02,production_telemetry,ACME-S02-PROD-009,production_meter,2026-09-01T16:18:06.854Z,2,running,ore,1633.3,1800.0,206622.9,811,,False,[]
24260811-5552-4335-acb5-e0a9f7c0de57,1.0,acme-mining,site-02,production_telemetry,ACME-S02-PROD-010,production_meter,2026-09-01T16:18:06.854Z,2,running,ore,1584.2,1800.0,1950300.1,17808,,False,[]
1b8c699a-ddeb-409a-872b-8e484737feba,1.0,acme-mining,site-02,production_telemetry,ACME-S02-PROD-011,production_meter,2026-09-01T16:18:06.854Z,2,running,ore,1824.2,1800.0,1855907.4,9689,,False,[]
a2eefd96-a562-435c-bffa-a08c951a00fe,1.0,acme-mining,site-02,production_telemetry,ACME-S02-PROD-012,production_meter,2026-09-01T16:18:06.854Z,2,running,ore,1521.0,1800.0,1215373.2,13553,,False,[]
655d9233-074b-4666-8c35-2d9c1cd14564,1.0,acme-mining,site-02,production_telemetry,ACME-S02-PROD-013,production_meter,2026-09-01T16:18:06.854Z,2,running,ore,1571.6,1800.0,1127073.3,13079,,False,[]
e1fbce4b-1a8a-4867-bbdb-0c1909a6362c,1.0,acme-mining,site-02,production_telemetry,ACME-S02-PROD-014,production_meter,2026-09-01T16:18:06.854Z,2,running,ore,1656.7,1800.0,202027.8,14824,,False,[]
1edac898-e684-4c23-81e5-5e25b87a1f3b,1.0,acme-mining,site-02,production_telemetry,ACME-S02-PROD-015,production_meter,2026-09-01T16:18:06.854Z,2,running,ore,1763.7,1800.0,720118.5,9458,,False,[]
7537fda7-8afc-4b6d-b435-8da2e860e333,1.0,acme-mining,site-02,production_telemetry,ACME-S02-PROD-016,production_meter,2026-09-01T16:18:06.854Z,2,running,ore,1896.4,1800.0,1213167.8,12956,,False,[]
6ad78ded-5240-412b-aad8-74553d4bcd6b,1.0,acme-mining,site-02,production_telemetry,ACME-S02-PROD-017,production_meter,2026-09-01T16:18:06.854Z,2,running,ore,1635.0,1800.0,1452191.4,5557,,False,[]
db4768f3-f960-44b3-b54e-1e75ffba2990,1.0,acme-mining,site-02,production_telemetry,ACME-S02-PROD-018,production_meter,2026-09-01T16:18:06.854Z,2,running,ore,1896.1,1800.0,612561.0,4843,,False,[]
2d6c6cd7-7edd-43f9-9e3e-30f570e4a039,1.0,acme-mining,site-02,production_telemetry,ACME-S02-PROD-019,production_meter,2026-09-01T16:18:06.854Z,2,running,ore,1656.4,1800.0,1153022.0,11132,,False,[]
4e7e7ec7-070a-4676-b120-e5244fa8c318,1.0,acme-mining,site-02,production_telemetry,ACME-S02-PROD-020,production_meter,2026-09-01T16:18:06.854Z,2,running,ore,1613.2,1800.0,1986192.2,8456,,False,[]
70655e5d-8e0d-41a5-9cbb-1e289361135f,1.0,beta-minerals,north-site,production_telemetry,BETA-NORTH-PROD-001,production_meter,2026-09-01T16:18:06.854Z,2,running,ore,1888.7,1800.0,490445.1,806,,False,[]
05629ab5-df5a-43c8-9d36-83d0948abda7,1.0,beta-minerals,north-site,production_telemetry,BETA-NORTH-PROD-002,production_meter,2026-09-01T16:18:06.854Z,2,running,ore,1505.7,1800.0,1678244.6,3939,,False,[]
3b4c6a57-e9e7-431e-b98a-0b3f48c0495a,1.0,beta-minerals,north-site,production_telemetry,BETA-NORTH-PROD-003,production_meter,2026-09-01T16:18:06.854Z,2,running,ore,1506.5,1800.0,1578126.4,17644,,False,[]
33591c3c-73d2-4da8-8168-bf0042b587b0,1.0,beta-minerals,north-site,production_telemetry,BETA-NORTH-PROD-004,production_meter,2026-09-01T16:18:06.854Z,2,running,ore,1700.8,1800.0,1407590.2,16252,,False,[]
741e5f49-7299-4cab-9ec5-5ef728b2d49e,1.0,beta-minerals,north-site,production_telemetry,BETA-NORTH-PROD-005,production_meter,2026-09-01T16:18:06.854Z,2,running,ore,1779.7,1800.0,383379.3,3453,,False,[]
7c47a7d4-49a2-4a57-8e85-4e441dda517b,1.0,beta-minerals,north-site,production_telemetry,BETA-NORTH-PROD-006,production_meter,2026-09-01T16:18:06.854Z,2,running,ore,1682.4,1800.0,1956857.5,9156,,False,[]
5a01c8fa-042c-4102-b943-fa6d88ff657c,1.0,beta-minerals,north-site,production_telemetry,BETA-NORTH-PROD-007,production_meter,2026-09-01T16:18:06.854Z,2,running,ore,1640.9,1800.0,694148.0,4299,,False,[]
2963fca8-c556-4c08-87d7-2f3101d81407,1.0,beta-minerals,north-site,production_telemetry,BETA-NORTH-PROD-008,production_meter,2026-09-01T16:18:06.854Z,2,running,ore,1709.3,1800.0,779307.0,14845,,False,[]
ca60a64d-13f6-4696-8449-3a9c41987046,1.0,beta-minerals,north-site,production_telemetry,BETA-NORTH-PROD-009,production_meter,2026-09-01T16:18:06.854Z,2,running,ore,1545.4,1800.0,860479.8,15461,,False,[]
ce9b97a3-7486-493b-b3f9-e6ad23b9bb8b,1.0,beta-minerals,north-site,production_telemetry,BETA-NORTH-PROD-010,production_meter,2026-09-01T16:18:06.854Z,2,running,ore,1671.4,1800.0,314812.4,2423,,False,[]
fed9d8a4-6da1-4028-b421-0f7851de2f36,1.0,beta-minerals,north-site,production_telemetry,BETA-NORTH-PROD-011,production_meter,2026-09-01T16:18:06.854Z,2,running,ore,1738.0,1800.0,932514.2,12945,,False,[]
11a98409-1edb-4145-8e7d-e99fc3afc299,1.0,beta-minerals,north-site,production_telemetry,BETA-NORTH-PROD-012,production_meter,2026-09-01T16:18:06.854Z,2,running,ore,1652.6,1800.0,1017855.8,16496,,False,[]
a6e578b3-847a-454f-ae1e-2c9ba8f23259,1.0,beta-minerals,north-site,production_telemetry,BETA-NORTH-PROD-013,production_meter,2026-09-01T16:18:06.854Z,2,running,ore,1775.4,1800.0,1388069.6,19397,,False,[]
883ddf90-760e-4444-9722-7045791721e8,1.0,beta-minerals,north-site,production_telemetry,BETA-NORTH-PROD-014,production_meter,2026-09-01T16:18:06.854Z,2,running,ore,1613.3,1800.0,1274658.6,14685,,False,[]
20fcbc80-be5b-41d1-9f09-022f62258636,1.0,beta-minerals,north-site,production_telemetry,BETA-NORTH-PROD-015,production_meter,2026-09-01T16:18:06.854Z,2,running,ore,1870.1,1800.0,1160859.2,2290,,False,[]
45c8446b-4db0-413c-8da0-d3c256ee84b9,1.0,beta-minerals,north-site,production_telemetry,BETA-NORTH-PROD-016,production_meter,2026-09-01T16:18:06.854Z,2,running,ore,1898.1,1800.0,1527722.3,11008,,False,[]
91f4101c-8e13-4d25-83eb-9dcae16e1e3a,1.0,beta-minerals,north-site,production_telemetry,BETA-NORTH-PROD-017,production_meter,2026-09-01T16:18:06.854Z,2,running,ore,1541.5,1800.0,546504.5,15545,,False,[]
77606909-bcec-45fb-ad1b-cc875e1ed93d,1.0,beta-minerals,north-site,production_telemetry,BETA-NORTH-PROD-018,production_meter,2026-09-01T16:18:06.854Z,2,running,ore,1746.5,1800.0,1515958.7,1084,,False,[]
af5ec289-72c0-4e00-a747-bf0f08e550a1,1.0,beta-minerals,north-site,production_telemetry,BETA-NORTH-PROD-019,production_meter,2026-09-01T16:18:06.854Z,2,running,ore,1698.6,1800.0,1276230.4,10483,,False,[]
3b18b9bd-643a-42f8-bd2c-ba56b9082e7d,1.0,beta-minerals,north-site,production_telemetry,BETA-NORTH-PROD-020,production_meter,2026-09-01T16:18:06.854Z,2,running,ore,1870.9,1800.0,1651523.4,15393,,False,[]
fed72aea-f93b-4d77-8af9-89f58edc2f12,1.0,beta-minerals,north-site,production_telemetry,BETA-NORTH-PROD-021,production_meter,2026-09-01T16:18:06.854Z,2,running,ore,1677.6,1800.0,285135.2,7768,,False,[]
d466e9f1-ac9a-41b1-88ec-86b2800b3c0d,1.0,beta-minerals,north-site,production_telemetry,BETA-NORTH-PROD-022,production_meter,2026-09-01T16:18:06.854Z,2,running,ore,1513.1,1800.0,302016.6,5881,,False,[]
1156b978-c045-4851-ad3a-ee19314e74e2,1.0,beta-minerals,north-site,production_telemetry,BETA-NORTH-PROD-023,production_meter,2026-09-01T16:18:06.854Z,2,running,ore,1668.3,1800.0,329421.6,13376,,False,[]
44d5f161-2af5-4080-bc25-e37950aebaf5,1.0,beta-minerals,north-site,production_telemetry,BETA-NORTH-PROD-024,production_meter,2026-09-01T16:18:06.854Z,2,running,ore,1681.9,1800.0,1303161.4,19796,,False,[]
5d86f9a8-ff08-440a-b868-64b407fc18fa,1.0,beta-minerals,north-site,production_telemetry,BETA-NORTH-PROD-025,production_meter,2026-09-01T16:18:06.854Z,2,running,ore,1578.2,1800.0,108246.1,2093,,False,[]
afed0de0-e8e3-4bdf-ac3d-a9e3cb3313f0,1.0,beta-minerals,north-site,production_telemetry,BETA-NORTH-PROD-026,production_meter,2026-09-01T16:18:06.854Z,2,running,ore,1549.8,1800.0,1414458.4,6192,,False,[]
e1731ca7-b047-4478-a34a-75e2cc775ca7,1.0,beta-minerals,north-site,production_telemetry,BETA-NORTH-PROD-027,production_meter,2026-09-01T16:18:06.854Z,2,running,ore,1865.6,1800.0,830864.0,8636,,False,[]
0f5044b9-95b2-4319-b91a-9317b0db2011,1.0,beta-minerals,north-site,production_telemetry,BETA-NORTH-PROD-028,production_meter,2026-09-01T16:18:06.854Z,2,running,ore,1828.2,1800.0,1430032.0,17288,,False,[]
4920d52b-f85f-442c-b180-6bfa76df43f8,1.0,beta-minerals,north-site,production_telemetry,BETA-NORTH-PROD-029,production_meter,2026-09-01T16:18:06.854Z,2,running,ore,1796.5,1800.0,481694.3,10023,,False,[]
b961756d-2b87-4d6a-ac28-752a61f10cb2,1.0,beta-minerals,north-site,production_telemetry,BETA-NORTH-PROD-030,production_meter,2026-09-01T16:18:06.854Z,2,stopped,ore,373.2,1800.0,1130736.6,11065,conveyor_blockage,True,"[""PRODUCTION_RATE_LOW""]"
234de4af-9f0b-4444-b778-e4dbf30b310f,1.0,acme-mining,site-01,production_telemetry,ACME-S01-PROD-001,production_meter,2026-09-01T16:18:11.854Z,3,running,ore,1553.3,1800.0,1949852.6,16779,,False,[]
fe82b5db-47ca-4a9f-bbc2-ffa4af872aea,1.0,acme-mining,site-01,production_telemetry,ACME-S01-PROD-002,production_meter,2026-09-01T16:18:11.854Z,3,running,ore,1722.6,1800.0,461257.7,8715,,False,[]
f9f04b6a-6f58-4753-a3b5-b7ea85712ecb,1.0,acme-mining,site-01,production_telemetry,ACME-S01-PROD-003,production_meter,2026-09-01T16:18:11.854Z,3,running,ore,1696.4,1800.0,1328054.5,10626,,False,[]
0881e6ba-0eb7-40a8-9dcc-100e5d3ef6ae,1.0,acme-mining,site-01,production_telemetry,ACME-S01-PROD-004,production_meter,2026-09-01T16:18:11.854Z,3,running,ore,1590.2,1800.0,889462.8,7082,,False,[]
21af8200-38d5-412b-a583-4a844cdb465b,1.0,acme-mining,site-01,production_telemetry,ACME-S01-PROD-005,production_meter,2026-09-01T16:18:11.854Z,3,running,ore,1673.6,1800.0,588248.7,16292,,False,[]
86e1f5b3-6189-42d5-afad-70e406a16778,1.0,acme-mining,site-01,production_telemetry,ACME-S01-PROD-006,production_meter,2026-09-01T16:18:11.854Z,3,running,ore,1816.0,1800.0,1532895.3,7895,,False,[]
6cac06d7-212e-4580-8d9b-a29ac12357bd,1.0,acme-mining,site-01,production_telemetry,ACME-S01-PROD-007,production_meter,2026-09-01T16:18:11.854Z,3,running,ore,1509.7,1800.0,1602302.9,959,,False,[]
e7a80392-2688-4bb0-a4ed-6cf1056619fc,1.0,acme-mining,site-01,production_telemetry,ACME-S01-PROD-008,production_meter,2026-09-01T16:18:11.854Z,3,running,ore,1538.5,1800.0,1313250.7,12675,,False,[]
1db143f8-3bed-45d0-8719-aca6732fd564,1.0,acme-mining,site-01,production_telemetry,ACME-S01-PROD-009,production_meter,2026-09-01T16:18:11.854Z,3,stopped,ore,252.9,1800.0,520602.5,2574,feed_shortage,True,"[""PRODUCTION_RATE_LOW""]"
224b7618-6431-4435-88f7-07e4ae8b05de,1.0,acme-mining,site-01,production_telemetry,ACME-S01-PROD-010,production_meter,2026-09-01T16:18:11.854Z,3,running,ore,1528.8,1800.0,170710.1,16645,,False,[]
2850f73e-4535-41c4-a7ec-f4ff6eca9297,1.0,acme-mining,site-01,production_telemetry,ACME-S01-PROD-011,production_meter,2026-09-01T16:18:11.854Z,3,running,ore,1792.0,1800.0,1423324.9,18204,,False,[]
187dc869-0c20-4fb2-a8bb-ef036cf98851,1.0,acme-mining,site-01,production_telemetry,ACME-S01-PROD-012,production_meter,2026-09-01T16:18:11.854Z,3,running,ore,1756.9,1800.0,875425.4,9669,,False,[]
f60bf12a-5b51-4184-af94-792111585ecc,1.0,acme-mining,site-01,production_telemetry,ACME-S01-PROD-013,production_meter,2026-09-01T16:18:11.854Z,3,running,ore,1833.0,1800.0,1402799.9,18344,,False,[]
63d9e154-6e6c-48b8-b9ef-d60d87c84b1c,1.0,acme-mining,site-01,production_telemetry,ACME-S01-PROD-014,production_meter,2026-09-01T16:18:11.854Z,3,running,ore,1689.5,1800.0,1665970.1,3506,,False,[]
95f39567-02a9-4d97-9004-b990cd360cae,1.0,acme-mining,site-01,production_telemetry,ACME-S01-PROD-015,production_meter,2026-09-01T16:18:11.854Z,3,running,ore,1747.4,1800.0,339262.6,19003,,False,[]
4d8bd490-7bd4-40a5-aa91-9b3f94b467f1,1.0,acme-mining,site-01,production_telemetry,ACME-S01-PROD-016,production_meter,2026-09-01T16:18:11.854Z,3,running,ore,1555.1,1800.0,1571307.1,595,,False,[]
a6d58f7a-689b-41ba-ad7b-fc3b2c65e7a9,1.0,acme-mining,site-01,production_telemetry,ACME-S01-PROD-017,production_meter,2026-09-01T16:18:11.854Z,3,running,ore,1671.0,1800.0,1746257.6,4821,,False,[]
f8fe3576-09da-454f-ae39-6a648b17fcd4,1.0,acme-mining,site-01,production_telemetry,ACME-S01-PROD-018,production_meter,2026-09-01T16:18:11.854Z,3,running,ore,1528.3,1800.0,1509271.1,17741,,False,[]
ef717a22-5a0b-4a5d-8bd3-2de50d2e8848,1.0,acme-mining,site-01,production_telemetry,ACME-S01-PROD-019,production_meter,2026-09-01T16:18:11.854Z,3,running,ore,1813.0,1800.0,520949.7,1923,,False,[]
be37f150-bb89-4ed7-89ff-c3ec3a56e4e0,1.0,acme-mining,site-01,production_telemetry,ACME-S01-PROD-020,production_meter,2026-09-01T16:18:11.854Z,3,running,ore,1547.2,1800.0,1997321.7,13663,,False,[]
fef61594-4164-4efc-b430-83a0a37dbb4b,1.0,acme-mining,site-02,production_telemetry,ACME-S02-PROD-001,production_meter,2026-09-01T16:18:11.854Z,3,running,ore,1746.6,1800.0,1892589.6,11564,,False,[]
808350f8-581f-4172-8962-6b5629b0829d,1.0,acme-mining,site-02,production_telemetry,ACME-S02-PROD-002,production_meter,2026-09-01T16:18:11.854Z,3,running,ore,1789.2,1800.0,1610461.0,6049,,False,[]
8d1cd62f-e482-4b96-8134-e18f351e6a9a,1.0,acme-mining,site-02,production_telemetry,ACME-S02-PROD-003,production_meter,2026-09-01T16:18:11.854Z,3,running,ore,1593.0,1800.0,1095501.3,2938,,False,[]
c5ab0f15-2a3c-4b2d-85be-884d80e4f7ae,1.0,acme-mining,site-02,production_telemetry,ACME-S02-PROD-004,production_meter,2026-09-01T16:18:11.854Z,3,running,ore,1600.8,1800.0,1443629.6,802,,False,[]
7f5e21b8-ed7d-46da-86a3-ff6fb6152103,1.0,acme-mining,site-02,production_telemetry,ACME-S02-PROD-005,production_meter,2026-09-01T16:18:11.854Z,3,running,ore,1635.1,1800.0,1352647.5,1018,,False,[]
40edf431-e63b-4b95-a72d-46369ceec735,1.0,acme-mining,site-02,production_telemetry,ACME-S02-PROD-006,production_meter,2026-09-01T16:18:11.854Z,3,running,ore,1628.6,1800.0,132578.1,14612,,False,[]
e212e8c3-473f-4f8c-9b05-fc1b75f943ed,1.0,acme-mining,site-02,production_telemetry,ACME-S02-PROD-007,production_meter,2026-09-01T16:18:11.854Z,3,running,ore,1662.6,1800.0,1100273.5,12117,,False,[]
1fd624c6-fb47-4442-ab69-c462aaef6a8a,1.0,acme-mining,site-02,production_telemetry,ACME-S02-PROD-008,production_meter,2026-09-01T16:18:11.854Z,3,stopped,ore,665.3,1800.0,529134.2,3144,feed_shortage,True,"[""PRODUCTION_RATE_LOW""]"
81913acf-c448-43bc-9199-98512c8c008b,1.0,acme-mining,site-02,production_telemetry,ACME-S02-PROD-009,production_meter,2026-09-01T16:18:11.854Z,3,running,ore,1883.8,1800.0,206625.5,812,,False,[]
7f8609ce-cb38-45b7-8e35-9015358707fc,1.0,acme-mining,site-02,production_telemetry,ACME-S02-PROD-010,production_meter,2026-09-01T16:18:11.854Z,3,running,ore,1684.5,1800.0,1950302.4,17809,,False,[]
8d6735ab-0094-4018-993f-1bfe734dc797,1.0,acme-mining,site-02,production_telemetry,ACME-S02-PROD-011,production_meter,2026-09-01T16:18:11.854Z,3,running,ore,1721.9,1800.0,1855909.7,9690,,False,[]
8dc2e82d-58d8-46ae-9fed-11d2e2587a7d,1.0,acme-mining,site-02,production_telemetry,ACME-S02-PROD-012,production_meter,2026-09-01T16:18:11.854Z,3,running,ore,1793.2,1800.0,1215375.7,13554,,False,[]
666272cc-5e8c-4bf0-9798-62d61739810a,1.0,acme-mining,site-02,production_telemetry,ACME-S02-PROD-013,production_meter,2026-09-01T16:18:11.854Z,3,running,ore,1670.3,1800.0,1127075.6,13080,,False,[]
7ec079ea-2e36-43d7-bc55-94ad22fb2d1e,1.0,acme-mining,site-02,production_telemetry,ACME-S02-PROD-014,production_meter,2026-09-01T16:18:11.854Z,3,running,ore,1550.9,1800.0,202029.9,14825,,False,[]
ef536fc7-8dc3-48ba-8ece-5e67c5f1f98e,1.0,acme-mining,site-02,production_telemetry,ACME-S02-PROD-015,production_meter,2026-09-01T16:18:11.854Z,3,degraded,ore,316.8,1800.0,720118.9,9459,conveyor_blockage,True,"[""PRODUCTION_RATE_LOW""]"
8988c11f-4729-46e8-91d7-4d23ce8b38ab,1.0,acme-mining,site-02,production_telemetry,ACME-S02-PROD-016,production_meter,2026-09-01T16:18:11.854Z,3,running,ore,1545.5,1800.0,1213170.0,12957,,False,[]
4fe7941f-2681-47aa-8b5d-55ed52920c4d,1.0,acme-mining,site-02,production_telemetry,ACME-S02-PROD-017,production_meter,2026-09-01T16:18:11.854Z,3,running,ore,1698.1,1800.0,1452193.7,5558,,False,[]
9817f21d-2611-48bd-b865-ca9ac11b2484,1.0,acme-mining,site-02,production_telemetry,ACME-S02-PROD-018,production_meter,2026-09-01T16:18:11.854Z,3,running,ore,1709.8,1800.0,612563.4,4844,,False,[]
dc4eafa1-564c-4560-8fc2-0b61ef86f93e,1.0,acme-mining,site-02,production_telemetry,ACME-S02-PROD-019,production_meter,2026-09-01T16:18:11.854Z,3,running,ore,1849.7,1800.0,1153024.6,11133,,False,[]
2af8214c-bd9f-40ac-8f14-562193f115a0,1.0,acme-mining,site-02,production_telemetry,ACME-S02-PROD-020,production_meter,2026-09-01T16:18:11.854Z,3,running,ore,1503.7,1800.0,1986194.3,8457,,False,[]
0c125909-70de-4b21-b156-d17cbcc51cbc,1.0,beta-minerals,north-site,production_telemetry,BETA-NORTH-PROD-001,production_meter,2026-09-01T16:18:11.854Z,3,running,ore,1578.8,1800.0,490447.3,807,,False,[]
54a39e41-35db-48e2-8ca1-e5718f1e7c83,1.0,beta-minerals,north-site,production_telemetry,BETA-NORTH-PROD-002,production_meter,2026-09-01T16:18:11.854Z,3,running,ore,1727.8,1800.0,1678247.0,3940,,False,[]
4f5ef5a2-ee7f-4fcb-b5e7-ea484d56c82e,1.0,beta-minerals,north-site,production_telemetry,BETA-NORTH-PROD-003,production_meter,2026-09-01T16:18:11.854Z,3,running,ore,1504.9,1800.0,1578128.4,17645,,False,[]
524b0b93-9390-4053-a935-00ef9e601f79,1.0,beta-minerals,north-site,production_telemetry,BETA-NORTH-PROD-004,production_meter,2026-09-01T16:18:11.854Z,3,running,ore,1827.6,1800.0,1407592.7,16253,,False,[]
1a10ed7f-834c-415d-a81c-e84c17a18ce7,1.0,beta-minerals,north-site,production_telemetry,BETA-NORTH-PROD-005,production_meter,2026-09-01T16:18:11.854Z,3,running,ore,1859.3,1800.0,383381.9,3454,,False,[]
a477bb57-28d6-4d4f-8153-7e29744ed136,1.0,beta-minerals,north-site,production_telemetry,BETA-NORTH-PROD-006,production_meter,2026-09-01T16:18:11.854Z,3,running,ore,1645.4,1800.0,1956859.8,9157,,False,[]
1b63b15b-e65a-4297-94ab-7a2692359ee1,1.0,beta-minerals,north-site,production_telemetry,BETA-NORTH-PROD-007,production_meter,2026-09-01T16:18:11.854Z,3,degraded,ore,773.6,1800.0,694149.1,4300,conveyor_blockage,True,"[""PRODUCTION_RATE_LOW""]"
551643e6-1212-4862-b5ce-b8ac123978ea,1.0,beta-minerals,north-site,production_telemetry,BETA-NORTH-PROD-008,production_meter,2026-09-01T16:18:11.854Z,3,running,ore,1713.9,1800.0,779309.4,14846,,False,[]
1aca5818-1c6f-4db4-8f3e-e17e52a3d966,1.0,beta-minerals,north-site,production_telemetry,BETA-NORTH-PROD-009,production_meter,2026-09-01T16:18:11.854Z,3,running,ore,1849.0,1800.0,860482.3,15462,,False,[]
b3f9ea48-67ef-40d7-b760-42acca1b5eda,1.0,beta-minerals,north-site,production_telemetry,BETA-NORTH-PROD-010,production_meter,2026-09-01T16:18:11.854Z,3,running,ore,1522.4,1800.0,314814.5,2424,,False,[]
a7be1afd-09e3-4553-a2b6-e89b3ee1a9a3,1.0,beta-minerals,north-site,production_telemetry,BETA-NORTH-PROD-011,production_meter,2026-09-01T16:18:11.854Z,3,running,ore,1599.2,1800.0,932516.4,12946,,False,[]
a9442b62-1e7a-4405-a1ad-68e0bcb15fd8,1.0,beta-minerals,north-site,production_telemetry,BETA-NORTH-PROD-012,production_meter,2026-09-01T16:18:11.854Z,3,running,ore,1795.8,1800.0,1017858.3,16497,,False,[]
aae569a1-64cf-4bc6-a2ff-6a729e36a651,1.0,beta-minerals,north-site,production_telemetry,BETA-NORTH-PROD-013,production_meter,2026-09-01T16:18:11.854Z,3,running,ore,1760.3,1800.0,1388072.1,19398,,False,[]
cd64539b-9be7-460a-89ff-0c5300041c43,1.0,beta-minerals,north-site,production_telemetry,BETA-NORTH-PROD-014,production_meter,2026-09-01T16:18:11.854Z,3,running,ore,1775.9,1800.0,1274661.1,14686,,False,[]
e2e7e0d9-7f5c-43aa-a72a-5cef22fe132b,1.0,beta-minerals,north-site,production_telemetry,BETA-NORTH-PROD-015,production_meter,2026-09-01T16:18:11.854Z,3,running,ore,1516.1,1800.0,1160861.3,2291,,False,[]
725e2bf4-895a-49b8-8580-d46581e74a32,1.0,beta-minerals,north-site,production_telemetry,BETA-NORTH-PROD-016,production_meter,2026-09-01T16:18:11.854Z,3,running,ore,1720.8,1800.0,1527724.6,11009,,False,[]
54c02155-f5e6-4747-9443-f93542c59654,1.0,beta-minerals,north-site,production_telemetry,BETA-NORTH-PROD-017,production_meter,2026-09-01T16:18:11.854Z,3,running,ore,1576.0,1800.0,546506.7,15546,,False,[]
27cfdb53-2a67-4cdd-8499-148e8119dc50,1.0,beta-minerals,north-site,production_telemetry,BETA-NORTH-PROD-018,production_meter,2026-09-01T16:18:11.854Z,3,running,ore,1525.5,1800.0,1515960.8,1085,,False,[]
295147cd-56ad-4fd7-ac5a-0856e564cc0e,1.0,beta-minerals,north-site,production_telemetry,BETA-NORTH-PROD-019,production_meter,2026-09-01T16:18:11.854Z,3,running,ore,1709.0,1800.0,1276232.8,10484,,False,[]
c35c42a1-7e50-4d95-bd60-a6404685b696,1.0,beta-minerals,north-site,production_telemetry,BETA-NORTH-PROD-020,production_meter,2026-09-01T16:18:11.854Z,3,running,ore,1591.0,1800.0,1651525.6,15394,,False,[]
079ea97a-c95e-454c-89b2-f35c399a417f,1.0,beta-minerals,north-site,production_telemetry,BETA-NORTH-PROD-021,production_meter,2026-09-01T16:18:11.854Z,3,running,ore,1732.5,1800.0,285137.6,7769,,False,[]
21ce4790-0891-4f5c-88de-4b4e20821308,1.0,beta-minerals,north-site,production_telemetry,BETA-NORTH-PROD-022,production_meter,2026-09-01T16:18:11.854Z,3,running,ore,1714.8,1800.0,302019.0,5882,,False,[]
2ea0d8ac-ce25-4b27-9bc1-8017e7ea9357,1.0,beta-minerals,north-site,production_telemetry,BETA-NORTH-PROD-023,production_meter,2026-09-01T16:18:11.854Z,3,running,ore,1627.5,1800.0,329423.9,13377,,False,[]
5728d2ea-7fbc-4e2e-aaac-145f58c9006c,1.0,beta-minerals,north-site,production_telemetry,BETA-NORTH-PROD-024,production_meter,2026-09-01T16:18:11.854Z,3,running,ore,1578.6,1800.0,1303163.6,19797,,False,[]
52f37f10-29a0-4030-839a-789a5e099f80,1.0,beta-minerals,north-site,production_telemetry,BETA-NORTH-PROD-025,production_meter,2026-09-01T16:18:11.854Z,3,running,ore,1533.4,1800.0,108248.3,2094,,False,[]
a067d88e-716b-4838-86b1-d1ebb4f10c10,1.0,beta-minerals,north-site,production_telemetry,BETA-NORTH-PROD-026,production_meter,2026-09-01T16:18:11.854Z,3,running,ore,1716.9,1800.0,1414460.8,6193,,False,[]
b3b1706e-64ea-4e7a-85fe-1e71fb86ffd6,1.0,beta-minerals,north-site,production_telemetry,BETA-NORTH-PROD-027,production_meter,2026-09-01T16:18:11.854Z,3,running,ore,1694.9,1800.0,830866.3,8637,,False,[]
3c4c1067-c491-40da-855a-634b67a1253a,1.0,beta-minerals,north-site,production_telemetry,BETA-NORTH-PROD-028,production_meter,2026-09-01T16:18:11.854Z,3,running,ore,1732.7,1800.0,1430034.4,17289,,False,[]
379d38f6-c0fd-4251-bf5d-463edfa6ef7f,1.0,beta-minerals,north-site,production_telemetry,BETA-NORTH-PROD-029,production_meter,2026-09-01T16:18:11.854Z,3,running,ore,1544.6,1800.0,481696.4,10024,,False,[]
b1f18f57-052d-419e-9e31-0bf7b288e95d,1.0,beta-minerals,north-site,production_telemetry,BETA-NORTH-PROD-030,production_meter,2026-09-01T16:18:11.854Z,3,running,ore,1811.0,1800.0,1130739.1,11066,,False,[]
64e6d9b3-706f-47f0-b040-2c11529775ab,1.0,acme-mining,site-01,production_telemetry,ACME-S01-PROD-001,production_meter,2026-09-01T16:18:16.854Z,4,running,ore,1661.7,1800.0,1949854.9,16780,,False,[]
c22b30d1-f4cd-495a-ad79-5001891facad,1.0,acme-mining,site-01,production_telemetry,ACME-S01-PROD-002,production_meter,2026-09-01T16:18:16.854Z,4,running,ore,1866.6,1800.0,461260.3,8716,,False,[]
ed1e6dd9-98ae-421d-848a-9db486d322e1,1.0,acme-mining,site-01,production_telemetry,ACME-S01-PROD-003,production_meter,2026-09-01T16:18:16.854Z,4,running,ore,1824.4,1800.0,1328057.1,10627,,False,[]
020b6b85-c720-41a6-97e8-1f4dccfab1b8,1.0,acme-mining,site-01,production_telemetry,ACME-S01-PROD-004,production_meter,2026-09-01T16:18:16.854Z,4,running,ore,1783.1,1800.0,889465.3,7083,,False,[]
e4219136-ea54-47df-b087-d99e44105753,1.0,acme-mining,site-01,production_telemetry,ACME-S01-PROD-005,production_meter,2026-09-01T16:18:16.854Z,4,running,ore,1539.5,1800.0,588250.8,16293,,False,[]
ced0e59f-1308-484b-abf7-95ff02fbe5f3,1.0,acme-mining,site-01,production_telemetry,ACME-S01-PROD-006,production_meter,2026-09-01T16:18:16.854Z,4,running,ore,1765.4,1800.0,1532897.7,7896,,False,[]
1dcd595d-736d-46c0-86b4-b8b41c9a1db7,1.0,acme-mining,site-01,production_telemetry,ACME-S01-PROD-007,production_meter,2026-09-01T16:18:16.854Z,4,running,ore,1710.9,1800.0,1602305.2,960,,False,[]
71169686-7014-4436-a735-35ea16bf2afc,1.0,acme-mining,site-01,production_telemetry,ACME-S01-PROD-008,production_meter,2026-09-01T16:18:16.854Z,4,running,ore,1712.8,1800.0,1313253.0,12676,,False,[]
765bcc08-9e2c-4c0c-8d08-9ffb3ac89b15,1.0,acme-mining,site-01,production_telemetry,ACME-S01-PROD-009,production_meter,2026-09-01T16:18:16.854Z,4,running,ore,1718.6,1800.0,520604.9,2575,,False,[]
12dda036-1a32-4b6a-ba50-589acf51c111,1.0,acme-mining,site-01,production_telemetry,ACME-S01-PROD-010,production_meter,2026-09-01T16:18:16.854Z,4,running,ore,1628.1,1800.0,170712.3,16646,,False,[]
4b7295cf-d89f-4bf5-bd96-108263434c67,1.0,acme-mining,site-01,production_telemetry,ACME-S01-PROD-011,production_meter,2026-09-01T16:18:16.854Z,4,running,ore,1579.2,1800.0,1423327.1,18205,,False,[]
e69a3d5c-5c2d-470a-8d4b-b9a3e94ca26a,1.0,acme-mining,site-01,production_telemetry,ACME-S01-PROD-012,production_meter,2026-09-01T16:18:16.854Z,4,running,ore,1670.5,1800.0,875427.7,9670,,False,[]
5616620d-5604-4a03-86a8-e7ee563bce30,1.0,acme-mining,site-01,production_telemetry,ACME-S01-PROD-013,production_meter,2026-09-01T16:18:16.854Z,4,running,ore,1533.0,1800.0,1402802.1,18345,,False,[]
9ab6302d-1007-4748-9aec-d5817607a81b,1.0,acme-mining,site-01,production_telemetry,ACME-S01-PROD-014,production_meter,2026-09-01T16:18:16.854Z,4,stopped,ore,558.7,1800.0,1665970.9,3507,conveyor_blockage,True,"[""PRODUCTION_RATE_LOW""]"
5d48ec37-5363-4423-a1c2-6f67657413f9,1.0,acme-mining,site-01,production_telemetry,ACME-S01-PROD-015,production_meter,2026-09-01T16:18:16.854Z,4,running,ore,1814.5,1800.0,339265.1,19004,,False,[]
b90b6914-0558-41f6-bc7e-abd71806917a,1.0,acme-mining,site-01,production_telemetry,ACME-S01-PROD-016,production_meter,2026-09-01T16:18:16.854Z,4,running,ore,1773.6,1800.0,1571309.6,596,,False,[]
45b7dcb0-4b19-4ad2-98ac-2bed848a8a4e,1.0,acme-mining,site-01,production_telemetry,ACME-S01-PROD-017,production_meter,2026-09-01T16:18:16.854Z,4,running,ore,1832.5,1800.0,1746260.2,4822,,False,[]
d6d642c1-4921-46f6-9a98-523d49a980ae,1.0,acme-mining,site-01,production_telemetry,ACME-S01-PROD-018,production_meter,2026-09-01T16:18:16.854Z,4,running,ore,1535.7,1800.0,1509273.2,17742,,False,[]
c6b9d0d3-2f96-49b1-ba6d-26b5897d2f92,1.0,acme-mining,site-01,production_telemetry,ACME-S01-PROD-019,production_meter,2026-09-01T16:18:16.854Z,4,running,ore,1799.1,1800.0,520952.2,1924,,False,[]
63731a0e-19ed-44af-b821-9e87df11d5ed,1.0,acme-mining,site-01,production_telemetry,ACME-S01-PROD-020,production_meter,2026-09-01T16:18:16.854Z,4,running,ore,1569.3,1800.0,1997323.8,13664,,False,[]
6f2c767d-b69e-44b3-a232-e9e43ee46a2d,1.0,acme-mining,site-02,production_telemetry,ACME-S02-PROD-001,production_meter,2026-09-01T16:18:16.854Z,4,degraded,ore,729.6,1800.0,1892590.6,11565,feed_shortage,True,"[""PRODUCTION_RATE_LOW""]"
ce214583-813b-4b4f-bc13-9db8e902151d,1.0,acme-mining,site-02,production_telemetry,ACME-S02-PROD-002,production_meter,2026-09-01T16:18:16.854Z,4,running,ore,1500.8,1800.0,1610463.1,6050,,False,[]
69b01ca3-1c94-4186-a1e4-7d9ea00cd3f1,1.0,acme-mining,site-02,production_telemetry,ACME-S02-PROD-003,production_meter,2026-09-01T16:18:16.854Z,4,running,ore,1849.4,1800.0,1095503.8,2939,,False,[]
6d609013-4d24-4fd0-a993-1e4d937847d5,1.0,acme-mining,site-02,production_telemetry,ACME-S02-PROD-004,production_meter,2026-09-01T16:18:16.854Z,4,running,ore,1674.1,1800.0,1443632.0,803,,False,[]
163bca19-bde6-47a9-bf93-5dc0831b37a5,1.0,acme-mining,site-02,production_telemetry,ACME-S02-PROD-005,production_meter,2026-09-01T16:18:16.854Z,4,running,ore,1695.4,1800.0,1352649.9,1019,,False,[]
dcf2e213-3ef8-4af7-a022-3d5c2b3393fd,1.0,acme-mining,site-02,production_telemetry,ACME-S02-PROD-006,production_meter,2026-09-01T16:18:16.854Z,4,running,ore,1839.4,1800.0,132580.7,14613,,False,[]
da4a2bd6-e93a-4ff3-90fd-a4e3a0bac7af,1.0,acme-mining,site-02,production_telemetry,ACME-S02-PROD-007,production_meter,2026-09-01T16:18:16.854Z,4,stopped,ore,578.9,1800.0,1100274.3,12118,conveyor_blockage,True,"[""PRODUCTION_RATE_LOW""]"
4d8df6e0-cd39-4cec-b9dc-340c8f7f0252,1.0,acme-mining,site-02,production_telemetry,ACME-S02-PROD-008,production_meter,2026-09-01T16:18:16.854Z,4,running,ore,1649.3,1800.0,529136.5,3145,,False,[]
fa148786-338a-4157-b2b7-71675074eaf3,1.0,acme-mining,site-02,production_telemetry,ACME-S02-PROD-009,production_meter,2026-09-01T16:18:16.854Z,4,running,ore,1790.5,1800.0,206628.0,813,,False,[]
1443549b-0b4c-44a5-ae09-71ba45b39b27,1.0,acme-mining,site-02,production_telemetry,ACME-S02-PROD-010,production_meter,2026-09-01T16:18:16.854Z,4,running,ore,1628.3,1800.0,1950304.7,17810,,False,[]
150338a3-6930-40b2-9289-2e0f2334656a,1.0,acme-mining,site-02,production_telemetry,ACME-S02-PROD-011,production_meter,2026-09-01T16:18:16.854Z,4,running,ore,1662.8,1800.0,1855912.1,9691,,False,[]
cedf7d7e-1643-446a-b369-25c9e8369b08,1.0,acme-mining,site-02,production_telemetry,ACME-S02-PROD-012,production_meter,2026-09-01T16:18:16.854Z,4,running,ore,1648.8,1800.0,1215378.0,13555,,False,[]
27358cb8-42e8-4ce7-a796-3c5d5f703657,1.0,acme-mining,site-02,production_telemetry,ACME-S02-PROD-013,production_meter,2026-09-01T16:18:16.854Z,4,running,ore,1806.9,1800.0,1127078.1,13081,,False,[]
767e4e74-63f2-45fe-9f76-71cbf32900ea,1.0,acme-mining,site-02,production_telemetry,ACME-S02-PROD-014,production_meter,2026-09-01T16:18:16.854Z,4,running,ore,1769.1,1800.0,202032.4,14826,,False,[]
25913ee6-c6d2-49dd-9a7d-5f72f939d9aa,1.0,acme-mining,site-02,production_telemetry,ACME-S02-PROD-015,production_meter,2026-09-01T16:18:16.854Z,4,running,ore,1770.3,1800.0,720121.4,9460,,False,[]
02181b9b-8ecc-4e33-aba8-a65c92d757bd,1.0,acme-mining,site-02,production_telemetry,ACME-S02-PROD-016,production_meter,2026-09-01T16:18:16.854Z,4,running,ore,1884.6,1800.0,1213172.6,12958,,False,[]
57770173-383d-4552-b640-72f6c59d87ec,1.0,acme-mining,site-02,production_telemetry,ACME-S02-PROD-017,production_meter,2026-09-01T16:18:16.854Z,4,running,ore,1601.3,1800.0,1452195.9,5559,,False,[]
89e26515-5bce-4029-85f6-30f8bdbfab46,1.0,acme-mining,site-02,production_telemetry,ACME-S02-PROD-018,production_meter,2026-09-01T16:18:16.854Z,4,running,ore,1869.9,1800.0,612565.9,4845,,False,[]
127ccab3-c2db-4f2b-b0c2-5e481b3a6963,1.0,acme-mining,site-02,production_telemetry,ACME-S02-PROD-019,production_meter,2026-09-01T16:18:16.854Z,4,running,ore,1680.3,1800.0,1153026.9,11134,,False,[]
fa5b88ad-3448-4c49-9e60-3014ebedb83e,1.0,acme-mining,site-02,production_telemetry,ACME-S02-PROD-020,production_meter,2026-09-01T16:18:16.854Z,4,running,ore,1772.1,1800.0,1986196.8,8458,,False,[]
90f5c0e7-0060-44bc-803b-7e508b63d5d7,1.0,beta-minerals,north-site,production_telemetry,BETA-NORTH-PROD-001,production_meter,2026-09-01T16:18:16.854Z,4,running,ore,1883.5,1800.0,490449.9,808,,False,[]
3aa07cd7-d93a-4aab-82f2-c62fdbbfe389,1.0,beta-minerals,north-site,production_telemetry,BETA-NORTH-PROD-002,production_meter,2026-09-01T16:18:16.854Z,4,running,ore,1609.5,1800.0,1678249.2,3941,,False,[]
7fb6abce-8939-4809-9da2-5bd1c15caa34,1.0,beta-minerals,north-site,production_telemetry,BETA-NORTH-PROD-003,production_meter,2026-09-01T16:18:16.854Z,4,running,ore,1718.6,1800.0,1578130.8,17646,,False,[]
044d5acb-9fab-48c1-913c-511589ee7915,1.0,beta-minerals,north-site,production_telemetry,BETA-NORTH-PROD-004,production_meter,2026-09-01T16:18:16.854Z,4,running,ore,1700.7,1800.0,1407595.1,16254,,False,[]
d4b2b12d-49b2-44c1-927b-53395418a04b,1.0,beta-minerals,north-site,production_telemetry,BETA-NORTH-PROD-005,production_meter,2026-09-01T16:18:16.854Z,4,running,ore,1817.9,1800.0,383384.4,3455,,False,[]
29440eb3-4bbb-43f9-9014-387668ecd9b3,1.0,beta-minerals,north-site,production_telemetry,BETA-NORTH-PROD-006,production_meter,2026-09-01T16:18:16.854Z,4,running,ore,1622.5,1800.0,1956862.0,9158,,False,[]
30494599-5c6c-41a2-a229-b433bafea1a3,1.0,beta-minerals,north-site,production_telemetry,BETA-NORTH-PROD-007,production_meter,2026-09-01T16:18:16.854Z,4,running,ore,1520.5,1800.0,694151.2,4301,,False,[]
a19b9212-aa27-4867-9652-20a32e702434,1.0,beta-minerals,north-site,production_telemetry,BETA-NORTH-PROD-008,production_meter,2026-09-01T16:18:16.854Z,4,running,ore,1585.4,1800.0,779311.6,14847,,False,[]
2a44d6fb-fc7f-4e40-ae36-7296562f2204,1.0,beta-minerals,north-site,production_telemetry,BETA-NORTH-PROD-009,production_meter,2026-09-01T16:18:16.854Z,4,running,ore,1615.0,1800.0,860484.6,15463,,False,[]
df5cad6e-f8c1-4178-bfa9-aa0979ab20c8,1.0,beta-minerals,north-site,production_telemetry,BETA-NORTH-PROD-010,production_meter,2026-09-01T16:18:16.854Z,4,running,ore,1593.9,1800.0,314816.7,2425,,False,[]
bbdf1846-4fe7-451d-b94f-24403c4ec781,1.0,beta-minerals,north-site,production_telemetry,BETA-NORTH-PROD-011,production_meter,2026-09-01T16:18:16.854Z,4,running,ore,1724.3,1800.0,932518.8,12947,,False,[]
5d361fb4-deaf-4082-9c4c-f6ec4d47f082,1.0,beta-minerals,north-site,production_telemetry,BETA-NORTH-PROD-012,production_meter,2026-09-01T16:18:16.854Z,4,running,ore,1718.0,1800.0,1017860.6,16498,,False,[]
3e1a35ee-c366-4c4d-9602-b29f68f6147f,1.0,beta-minerals,north-site,production_telemetry,BETA-NORTH-PROD-013,production_meter,2026-09-01T16:18:16.854Z,4,running,ore,1774.0,1800.0,1388074.5,19399,,False,[]
f380406b-2710-4849-9a32-2b05c6a425f3,1.0,beta-minerals,north-site,production_telemetry,BETA-NORTH-PROD-014,production_meter,2026-09-01T16:18:16.854Z,4,running,ore,1758.7,1800.0,1274663.5,14687,,False,[]
ea6c2f1d-bb78-414b-9f78-4d5021f4e76b,1.0,beta-minerals,north-site,production_telemetry,BETA-NORTH-PROD-015,production_meter,2026-09-01T16:18:16.854Z,4,running,ore,1508.3,1800.0,1160863.4,2292,,False,[]
09a3e628-e618-4776-873c-39359ea2d1e1,1.0,beta-minerals,north-site,production_telemetry,BETA-NORTH-PROD-016,production_meter,2026-09-01T16:18:16.854Z,4,running,ore,1799.8,1800.0,1527727.1,11010,,False,[]
e5273cb4-a7e1-4e01-9ba4-3200f0911272,1.0,beta-minerals,north-site,production_telemetry,BETA-NORTH-PROD-017,production_meter,2026-09-01T16:18:16.854Z,4,running,ore,1763.0,1800.0,546509.2,15547,,False,[]
08ae0834-06da-4237-8ec0-42af88ac4b64,1.0,beta-minerals,north-site,production_telemetry,BETA-NORTH-PROD-018,production_meter,2026-09-01T16:18:16.854Z,4,running,ore,1666.2,1800.0,1515963.1,1086,,False,[]
6f0bf572-66f0-4e35-98d5-7aeedc211eca,1.0,beta-minerals,north-site,production_telemetry,BETA-NORTH-PROD-019,production_meter,2026-09-01T16:18:16.854Z,4,running,ore,1581.6,1800.0,1276235.0,10485,,False,[]
8baae10f-4a1c-4d94-b33b-930c1283319f,1.0,beta-minerals,north-site,production_telemetry,BETA-NORTH-PROD-020,production_meter,2026-09-01T16:18:16.854Z,4,running,ore,1539.0,1800.0,1651527.7,15395,,False,[]
f96fa374-7389-4b7d-b276-5282247ea3ec,1.0,beta-minerals,north-site,production_telemetry,BETA-NORTH-PROD-021,production_meter,2026-09-01T16:18:16.854Z,4,running,ore,1623.8,1800.0,285139.9,7770,,False,[]
cc907615-b67f-4e92-a627-9976c2bb5484,1.0,beta-minerals,north-site,production_telemetry,BETA-NORTH-PROD-022,production_meter,2026-09-01T16:18:16.854Z,4,running,ore,1719.5,1800.0,302021.4,5883,,False,[]
3c27541b-4b41-459f-b281-d93d3bfed311,1.0,beta-minerals,north-site,production_telemetry,BETA-NORTH-PROD-023,production_meter,2026-09-01T16:18:16.854Z,4,running,ore,1893.1,1800.0,329426.5,13378,,False,[]
45817523-fb8a-4225-a970-4b7ef328fdaa,1.0,beta-minerals,north-site,production_telemetry,BETA-NORTH-PROD-024,production_meter,2026-09-01T16:18:16.854Z,4,running,ore,1841.2,1800.0,1303166.2,19798,,False,[]
9ea9add6-3d42-4a9c-a9f8-35b38f24bfd8,1.0,beta-minerals,north-site,production_telemetry,BETA-NORTH-PROD-025,production_meter,2026-09-01T16:18:16.854Z,4,stopped,ore,678.3,1800.0,108249.2,2095,crusher_trip,True,"[""PRODUCTION_RATE_LOW""]"
763ad001-4d7f-45ee-a02a-0bc96f6dd241,1.0,beta-minerals,north-site,production_telemetry,BETA-NORTH-PROD-026,production_meter,2026-09-01T16:18:16.854Z,4,running,ore,1680.5,1800.0,1414463.1,6194,,False,[]
1201848a-689b-4851-be98-ee4bf10f507d,1.0,beta-minerals,north-site,production_telemetry,BETA-NORTH-PROD-027,production_meter,2026-09-01T16:18:16.854Z,4,running,ore,1806.4,1800.0,830868.8,8638,,False,[]
0226813c-9dcb-4ef9-b5cf-ec30f9b33504,1.0,beta-minerals,north-site,production_telemetry,BETA-NORTH-PROD-028,production_meter,2026-09-01T16:18:16.854Z,4,running,ore,1686.1,1800.0,1430036.8,17290,,False,[]
34c2afb6-93fe-451c-9f88-12b24926db48,1.0,beta-minerals,north-site,production_telemetry,BETA-NORTH-PROD-029,production_meter,2026-09-01T16:18:16.854Z,4,running,ore,1767.2,1800.0,481698.9,10025,,False,[]
63174431-a251-44b0-af68-830901183edc,1.0,beta-minerals,north-site,production_telemetry,BETA-NORTH-PROD-030,production_meter,2026-09-01T16:18:16.854Z,4,running,ore,1533.3,1800.0,1130741.2,11067,,False,[]
1da51730-245f-452b-a5b7-f05b234f1ab1,1.0,acme-mining,site-01,production_telemetry,ACME-S01-PROD-001,production_meter,2026-09-01T16:18:21.854Z,5,running,ore,1656.2,1800.0,1949857.2,16781,,False,[]
cf6c49f0-4872-47d4-b704-1a8b6cc825bf,1.0,acme-mining,site-01,production_telemetry,ACME-S01-PROD-002,production_meter,2026-09-01T16:18:21.854Z,5,running,ore,1535.4,1800.0,461262.4,8717,,False,[]
08c669eb-3bef-497c-aa7c-31c59fd34b75,1.0,acme-mining,site-01,production_telemetry,ACME-S01-PROD-003,production_meter,2026-09-01T16:18:21.854Z,5,running,ore,1510.9,1800.0,1328059.2,10628,,False,[]
f25c36f3-1efa-47cd-b1fe-ccfd5a05e84f,1.0,acme-mining,site-01,production_telemetry,ACME-S01-PROD-004,production_meter,2026-09-01T16:18:21.854Z,5,running,ore,1682.3,1800.0,889467.6,7084,,False,[]
3740ec7d-5498-4014-b901-fa133b0e2a6d,1.0,acme-mining,site-01,production_telemetry,ACME-S01-PROD-005,production_meter,2026-09-01T16:18:21.854Z,5,running,ore,1798.1,1800.0,588253.3,16294,,False,[]
661c053b-8983-4f9b-a27e-28a924e67507,1.0,acme-mining,site-01,production_telemetry,ACME-S01-PROD-006,production_meter,2026-09-01T16:18:21.854Z,5,running,ore,1570.2,1800.0,1532899.9,7897,,False,[]
1f12867e-118b-42c9-b0a1-0e693df94577,1.0,acme-mining,site-01,production_telemetry,ACME-S01-PROD-007,production_meter,2026-09-01T16:18:21.854Z,5,running,ore,1859.0,1800.0,1602307.8,961,,False,[]
a5d473b4-f5a2-4202-9775-1295cdd0d3e9,1.0,acme-mining,site-01,production_telemetry,ACME-S01-PROD-008,production_meter,2026-09-01T16:18:21.854Z,5,running,ore,1827.0,1800.0,1313255.6,12677,,False,[]
d22c3995-7ded-43a4-9852-2a283cd983ed,1.0,acme-mining,site-01,production_telemetry,ACME-S01-PROD-009,production_meter,2026-09-01T16:18:21.854Z,5,running,ore,1573.4,1800.0,520607.1,2576,,False,[]
d9167ecf-3b14-4704-a046-0178f00610ca,1.0,acme-mining,site-01,production_telemetry,ACME-S01-PROD-010,production_meter,2026-09-01T16:18:21.854Z,5,running,ore,1694.2,1800.0,170714.7,16647,,False,[]
52d0af40-b09d-422c-8585-f32572eb35a8,1.0,acme-mining,site-01,production_telemetry,ACME-S01-PROD-011,production_meter,2026-09-01T16:18:21.854Z,5,running,ore,1669.8,1800.0,1423329.4,18206,,False,[]
8d5bf02d-0167-4944-b324-1a1a5aef6340,1.0,acme-mining,site-01,production_telemetry,ACME-S01-PROD-012,production_meter,2026-09-01T16:18:21.854Z,5,running,ore,1861.0,1800.0,875430.3,9671,,False,[]
18dea8ca-7b9c-4c89-8c0d-983275bacdbc,1.0,acme-mining,site-01,production_telemetry,ACME-S01-PROD-013,production_meter,2026-09-01T16:18:21.854Z,5,running,ore,1893.6,1800.0,1402804.7,18346,,False,[]
33389e6b-95f7-4c2f-82c8-330e70122b66,1.0,acme-mining,site-01,production_telemetry,ACME-S01-PROD-014,production_meter,2026-09-01T16:18:21.854Z,5,running,ore,1616.2,1800.0,1665973.1,3508,,False,[]
1418a40a-540b-4cb6-8a85-5934f5e1a6fa,1.0,acme-mining,site-01,production_telemetry,ACME-S01-PROD-015,production_meter,2026-09-01T16:18:21.854Z,5,running,ore,1546.3,1800.0,339267.2,19005,,False,[]
0c8ec83a-6f58-4c97-91da-298da3a7e883,1.0,acme-mining,site-01,production_telemetry,ACME-S01-PROD-016,production_meter,2026-09-01T16:18:21.854Z,5,running,ore,1721.8,1800.0,1571312.0,597,,False,[]
318cc4ff-ccd3-4d52-ad7b-5f0fb3a071ac,1.0,acme-mining,site-01,production_telemetry,ACME-S01-PROD-017,production_meter,2026-09-01T16:18:21.854Z,5,running,ore,1894.1,1800.0,1746262.8,4823,,False,[]
7eaf2fc2-3db2-4c2b-b5aa-a3910ec4f9a3,1.0,acme-mining,site-01,production_telemetry,ACME-S01-PROD-018,production_meter,2026-09-01T16:18:21.854Z,5,running,ore,1637.0,1800.0,1509275.5,17743,,False,[]
a01a7e4a-e7a7-48c1-92e1-c5cee67c9216,1.0,acme-mining,site-01,production_telemetry,ACME-S01-PROD-019,production_meter,2026-09-01T16:18:21.854Z,5,running,ore,1845.1,1800.0,520954.7,1925,,False,[]
7bf38fc7-f6a5-4a77-9c76-e07e58cbe9fb,1.0,acme-mining,site-01,production_telemetry,ACME-S01-PROD-020,production_meter,2026-09-01T16:18:21.854Z,5,running,ore,1794.7,1800.0,1997326.3,13665,,False,[]
101ca751-bb25-4001-9905-143d0246fe59,1.0,acme-mining,site-02,production_telemetry,ACME-S02-PROD-001,production_meter,2026-09-01T16:18:21.854Z,5,running,ore,1794.8,1800.0,1892593.1,11566,,False,[]
71049762-0aad-4d30-9ef0-3ccf0c0a093f,1.0,acme-mining,site-02,production_telemetry,ACME-S02-PROD-002,production_meter,2026-09-01T16:18:21.854Z,5,running,ore,1587.5,1800.0,1610465.3,6051,,False,[]
6371c8a8-50cd-4511-8318-b5f67704b4d0,1.0,acme-mining,site-02,production_telemetry,ACME-S02-PROD-003,production_meter,2026-09-01T16:18:21.854Z,5,running,ore,1615.9,1800.0,1095506.1,2940,,False,[]
f9d93837-3e3a-402f-a004-ee3c5c660ff0,1.0,acme-mining,site-02,production_telemetry,ACME-S02-PROD-004,production_meter,2026-09-01T16:18:21.854Z,5,running,ore,1728.4,1800.0,1443634.4,804,,False,[]
85eb2a62-7699-4ec9-8bbd-7709e6313aac,1.0,acme-mining,site-02,production_telemetry,ACME-S02-PROD-005,production_meter,2026-09-01T16:18:21.854Z,5,running,ore,1601.6,1800.0,1352652.1,1020,,False,[]
7397eb58-1749-4279-b49a-2b441ad24754,1.0,acme-mining,site-02,production_telemetry,ACME-S02-PROD-006,production_meter,2026-09-01T16:18:21.854Z,5,running,ore,1810.0,1800.0,132583.2,14614,,False,[]
2b62a51f-2c58-4587-8d21-e0c5c24c6027,1.0,acme-mining,site-02,production_telemetry,ACME-S02-PROD-007,production_meter,2026-09-01T16:18:21.854Z,5,running,ore,1790.0,1800.0,1100276.8,12119,,False,[]
976ecc61-e0cd-4c2b-8d01-f18434a07a32,1.0,acme-mining,site-02,production_telemetry,ACME-S02-PROD-008,production_meter,2026-09-01T16:18:21.854Z,5,running,ore,1678.7,1800.0,529138.9,3146,,False,[]
443267dc-957b-4747-843f-58971da6877c,1.0,acme-mining,site-02,production_telemetry,ACME-S02-PROD-009,production_meter,2026-09-01T16:18:21.854Z,5,running,ore,1844.2,1800.0,206630.5,814,,False,[]
c63f136a-4930-431b-b9b6-4119d5b77212,1.0,acme-mining,site-02,production_telemetry,ACME-S02-PROD-010,production_meter,2026-09-01T16:18:21.854Z,5,running,ore,1574.7,1800.0,1950306.8,17811,,False,[]
ae4c55d1-bf05-4dc6-b20f-c82f2d4537f8,1.0,acme-mining,site-02,production_telemetry,ACME-S02-PROD-011,production_meter,2026-09-01T16:18:21.854Z,5,running,ore,1528.0,1800.0,1855914.2,9692,,False,[]
3bc6028c-2f25-4622-a906-449bbe26b84b,1.0,acme-mining,site-02,production_telemetry,ACME-S02-PROD-012,production_meter,2026-09-01T16:18:21.854Z,5,running,ore,1598.6,1800.0,1215380.2,13556,,False,[]
3d2f049c-07c7-4575-8bcc-125ce59f904e,1.0,acme-mining,site-02,production_telemetry,ACME-S02-PROD-013,production_meter,2026-09-01T16:18:21.854Z,5,running,ore,1687.4,1800.0,1127080.4,13082,,False,[]
f9d628aa-85c8-4605-8a62-b1bbc27b3ce2,1.0,acme-mining,site-02,production_telemetry,ACME-S02-PROD-014,production_meter,2026-09-01T16:18:21.854Z,5,running,ore,1699.1,1800.0,202034.7,14827,,False,[]
e3665a1b-0b5a-4755-a93c-3bf83b1cf8ae,1.0,acme-mining,site-02,production_telemetry,ACME-S02-PROD-015,production_meter,2026-09-01T16:18:21.854Z,5,running,ore,1696.1,1800.0,720123.7,9461,,False,[]
05db13d7-171f-46be-8b9b-a8881b63f75f,1.0,acme-mining,site-02,production_telemetry,ACME-S02-PROD-016,production_meter,2026-09-01T16:18:21.854Z,5,running,ore,1630.8,1800.0,1213174.9,12959,,False,[]
43e41594-616e-4e4b-a296-91bdd8a0594c,1.0,acme-mining,site-02,production_telemetry,ACME-S02-PROD-017,production_meter,2026-09-01T16:18:21.854Z,5,running,ore,1723.3,1800.0,1452198.3,5560,,False,[]
0b08463b-1c19-4030-becb-d4efde936e32,1.0,acme-mining,site-02,production_telemetry,ACME-S02-PROD-018,production_meter,2026-09-01T16:18:21.854Z,5,running,ore,1597.2,1800.0,612568.2,4846,,False,[]
f4c78f6b-0b7f-4dd1-a862-fab362f5bdb2,1.0,acme-mining,site-02,production_telemetry,ACME-S02-PROD-019,production_meter,2026-09-01T16:18:21.854Z,5,running,ore,1824.9,1800.0,1153029.5,11135,,False,[]
7c7ad8ca-435d-40ad-9965-5bd32dd9e680,1.0,acme-mining,site-02,production_telemetry,ACME-S02-PROD-020,production_meter,2026-09-01T16:18:21.854Z,5,running,ore,1539.4,1800.0,1986198.9,8459,,False,[]
35ee74a1-2007-4b2d-8fff-85338a808702,1.0,beta-minerals,north-site,production_telemetry,BETA-NORTH-PROD-001,production_meter,2026-09-01T16:18:21.854Z,5,running,ore,1557.9,1800.0,490452.0,809,,False,[]
74449700-329d-40b9-832f-887aaa8444d8,1.0,beta-minerals,north-site,production_telemetry,BETA-NORTH-PROD-002,production_meter,2026-09-01T16:18:21.854Z,5,running,ore,1591.8,1800.0,1678251.4,3942,,False,[]
4e46577a-7744-429a-a1d5-232cc05d859b,1.0,beta-minerals,north-site,production_telemetry,BETA-NORTH-PROD-003,production_meter,2026-09-01T16:18:21.854Z,5,running,ore,1852.4,1800.0,1578133.4,17647,,False,[]
3e6ba756-4841-43ce-9f13-6ed6744be58f,1.0,beta-minerals,north-site,production_telemetry,BETA-NORTH-PROD-004,production_meter,2026-09-01T16:18:21.854Z,5,degraded,ore,724.8,1800.0,1407596.1,16255,feed_shortage,True,"[""PRODUCTION_RATE_LOW""]"
ea9c1e27-4ccc-448e-9902-0334eb645405,1.0,beta-minerals,north-site,production_telemetry,BETA-NORTH-PROD-005,production_meter,2026-09-01T16:18:21.854Z,5,running,ore,1849.0,1800.0,383386.9,3456,,False,[]
785da5fc-f8bc-45d4-a5a7-f589c980e0fc,1.0,beta-minerals,north-site,production_telemetry,BETA-NORTH-PROD-006,production_meter,2026-09-01T16:18:21.854Z,5,running,ore,1702.1,1800.0,1956864.4,9159,,False,[]
828c3d79-483b-4977-8ab8-e178b422b0e6,1.0,beta-minerals,north-site,production_telemetry,BETA-NORTH-PROD-007,production_meter,2026-09-01T16:18:21.854Z,5,running,ore,1526.8,1800.0,694153.3,4302,,False,[]
f3b8056f-541a-4d15-a334-3fc1d2bcb2bf,1.0,beta-minerals,north-site,production_telemetry,BETA-NORTH-PROD-008,production_meter,2026-09-01T16:18:21.854Z,5,running,ore,1895.6,1800.0,779314.2,14848,,False,[]
2a78cc0b-af9f-43c9-9d61-a49627e45c41,1.0,beta-minerals,north-site,production_telemetry,BETA-NORTH-PROD-009,production_meter,2026-09-01T16:18:21.854Z,5,running,ore,1601.8,1800.0,860486.8,15464,,False,[]
c82db3b0-8692-4985-9a75-71fedb2a5322,1.0,beta-minerals,north-site,production_telemetry,BETA-NORTH-PROD-010,production_meter,2026-09-01T16:18:21.854Z,5,running,ore,1643.8,1800.0,314819.0,2426,,False,[]
55de7461-ffc5-4359-abb5-f5c10d679ce1,1.0,beta-minerals,north-site,production_telemetry,BETA-NORTH-PROD-011,production_meter,2026-09-01T16:18:21.854Z,5,running,ore,1521.4,1800.0,932520.9,12948,,False,[]
2466a0d7-1f12-42ac-8e73-7b061f280b1e,1.0,beta-minerals,north-site,production_telemetry,BETA-NORTH-PROD-012,production_meter,2026-09-01T16:18:21.854Z,5,running,ore,1827.8,1800.0,1017863.2,16499,,False,[]
1b3af223-cc1b-46a6-a47e-0f362f8f6f42,1.0,beta-minerals,north-site,production_telemetry,BETA-NORTH-PROD-013,production_meter,2026-09-01T16:18:21.854Z,5,running,ore,1775.4,1800.0,1388077.0,19400,,False,[]
3e7b9f53-668a-444d-9aa7-04bc55b02a35,1.0,beta-minerals,north-site,production_telemetry,BETA-NORTH-PROD-014,production_meter,2026-09-01T16:18:21.854Z,5,running,ore,1747.8,1800.0,1274666.0,14688,,False,[]
8fb6f255-6a7a-463b-bdad-8f12b896257f,1.0,beta-minerals,north-site,production_telemetry,BETA-NORTH-PROD-015,production_meter,2026-09-01T16:18:21.854Z,5,running,ore,1813.7,1800.0,1160865.9,2293,,False,[]
4a357de5-03bb-4bc3-b512-3a806caad448,1.0,beta-minerals,north-site,production_telemetry,BETA-NORTH-PROD-016,production_meter,2026-09-01T16:18:21.854Z,5,running,ore,1756.7,1800.0,1527729.6,11011,,False,[]
87d3ced4-23eb-4a62-b6cb-6779d80f7586,1.0,beta-minerals,north-site,production_telemetry,BETA-NORTH-PROD-017,production_meter,2026-09-01T16:18:21.854Z,5,running,ore,1864.1,1800.0,546511.8,15548,,False,[]
3e6e13d7-0be0-4f67-9fad-ca24adcf0259,1.0,beta-minerals,north-site,production_telemetry,BETA-NORTH-PROD-018,production_meter,2026-09-01T16:18:21.854Z,5,running,ore,1628.2,1800.0,1515965.4,1087,,False,[]
2a17e604-c002-4ada-bd43-44d99acb4d91,1.0,beta-minerals,north-site,production_telemetry,BETA-NORTH-PROD-019,production_meter,2026-09-01T16:18:21.854Z,5,running,ore,1549.3,1800.0,1276237.2,10486,,False,[]
24198522-cbfb-4701-8e6d-e9c360737689,1.0,beta-minerals,north-site,production_telemetry,BETA-NORTH-PROD-020,production_meter,2026-09-01T16:18:21.854Z,5,running,ore,1884.1,1800.0,1651530.3,15396,,False,[]
8e85b5c9-f624-4cd7-aed4-07d9744b2d2f,1.0,beta-minerals,north-site,production_telemetry,BETA-NORTH-PROD-021,production_meter,2026-09-01T16:18:21.854Z,5,running,ore,1602.2,1800.0,285142.1,7771,,False,[]
da9e8871-7615-45ff-a1b7-32052f609bc6,1.0,beta-minerals,north-site,production_telemetry,BETA-NORTH-PROD-022,production_meter,2026-09-01T16:18:21.854Z,5,running,ore,1654.4,1800.0,302023.7,5884,,False,[]
e19b65cc-839c-4198-a59c-17aba10f3107,1.0,beta-minerals,north-site,production_telemetry,BETA-NORTH-PROD-023,production_meter,2026-09-01T16:18:21.854Z,5,running,ore,1731.7,1800.0,329428.9,13379,,False,[]
281e42a5-4a59-4826-b39a-b74497c26486,1.0,beta-minerals,north-site,production_telemetry,BETA-NORTH-PROD-024,production_meter,2026-09-01T16:18:21.854Z,5,running,ore,1711.1,1800.0,1303168.6,19799,,False,[]
764e3980-7724-4f09-8d67-1a1a4e0b6766,1.0,beta-minerals,north-site,production_telemetry,BETA-NORTH-PROD-025,production_meter,2026-09-01T16:18:21.854Z,5,running,ore,1853.9,1800.0,108251.8,2096,,False,[]
88beb049-5922-499f-b758-5d11de125925,1.0,beta-minerals,north-site,production_telemetry,BETA-NORTH-PROD-026,production_meter,2026-09-01T16:18:21.854Z,5,running,ore,1739.5,1800.0,1414465.5,6195,,False,[]
b135bcee-88fc-4a23-9dd5-d45f356660dc,1.0,beta-minerals,north-site,production_telemetry,BETA-NORTH-PROD-027,production_meter,2026-09-01T16:18:21.854Z,5,running,ore,1894.1,1800.0,830871.5,8639,,False,[]
028b7db4-e8d9-4cad-8584-477ab22c47ca,1.0,beta-minerals,north-site,production_telemetry,BETA-NORTH-PROD-028,production_meter,2026-09-01T16:18:21.854Z,5,running,ore,1781.2,1800.0,1430039.3,17291,,False,[]
e240cead-d88f-4cd4-bdb4-87441fec6aba,1.0,beta-minerals,north-site,production_telemetry,BETA-NORTH-PROD-029,production_meter,2026-09-01T16:18:21.854Z,5,running,ore,1541.9,1800.0,481701.0,10026,,False,[]
80ae5bd0-1c26-42af-ba1f-c4b019deab8b,1.0,beta-minerals,north-site,production_telemetry,BETA-NORTH-PROD-030,production_meter,2026-09-01T16:18:21.854Z,5,running,ore,1772.4,1800.0,1130743.7,11068,,False,[]
98f6aa79-f8a3-4ae2-91f3-be9e757b1561,1.0,acme-mining,site-01,production_telemetry,ACME-S01-PROD-001,production_meter,2026-09-01T16:18:26.854Z,6,running,ore,1712.3,1800.0,1949859.5,16782,,False,[]
2c57d31b-411c-463f-a703-26a1eb8dcb8f,1.0,acme-mining,site-01,production_telemetry,ACME-S01-PROD-002,production_meter,2026-09-01T16:18:26.854Z,6,running,ore,1566.8,1800.0,461264.6,8718,,False,[]
c012ff6a-31e3-4acb-b94b-09b4a66c3438,1.0,acme-mining,site-01,production_telemetry,ACME-S01-PROD-003,production_meter,2026-09-01T16:18:26.854Z,6,running,ore,1531.8,1800.0,1328061.3,10629,,False,[]
6649e6ee-7624-487d-bea4-ac79cd7ff245,1.0,acme-mining,site-01,production_telemetry,ACME-S01-PROD-004,production_meter,2026-09-01T16:18:26.854Z,6,running,ore,1678.7,1800.0,889469.9,7085,,False,[]
76ed0a0c-8369-448d-b118-bc6e9a508819,1.0,acme-mining,site-01,production_telemetry,ACME-S01-PROD-005,production_meter,2026-09-01T16:18:26.854Z,6,running,ore,1722.8,1800.0,588255.7,16295,,False,[]
07fa15ff-5638-43f5-be78-39ee26139195,1.0,acme-mining,site-01,production_telemetry,ACME-S01-PROD-006,production_meter,2026-09-01T16:18:26.854Z,6,running,ore,1583.6,1800.0,1532902.1,7898,,False,[]
1290f1dc-7110-48e9-a677-5fd330d9a1fe,1.0,acme-mining,site-01,production_telemetry,ACME-S01-PROD-007,production_meter,2026-09-01T16:18:26.854Z,6,running,ore,1763.2,1800.0,1602310.3,962,,False,[]
f5352bc7-ba59-4b07-9525-e34dd5620189,1.0,acme-mining,site-01,production_telemetry,ACME-S01-PROD-008,production_meter,2026-09-01T16:18:26.854Z,6,running,ore,1570.5,1800.0,1313257.8,12678,,False,[]
7cae1c4a-a5a0-4516-b391-5abdf72b29ec,1.0,acme-mining,site-01,production_telemetry,ACME-S01-PROD-009,production_meter,2026-09-01T16:18:26.854Z,6,running,ore,1702.2,1800.0,520609.4,2577,,False,[]
ce872bf5-54af-4082-a3e3-fc6ee2f4a60d,1.0,acme-mining,site-01,production_telemetry,ACME-S01-PROD-010,production_meter,2026-09-01T16:18:26.854Z,6,running,ore,1606.8,1800.0,170716.9,16648,,False,[]
0e5a3543-e4e4-4430-bf7a-18176c0390cc,1.0,acme-mining,site-01,production_telemetry,ACME-S01-PROD-011,production_meter,2026-09-01T16:18:26.854Z,6,running,ore,1856.1,1800.0,1423332.0,18207,,False,[]
ff36d399-3d0d-4a16-9f54-b57c6fcd1ea7,1.0,acme-mining,site-01,production_telemetry,ACME-S01-PROD-012,production_meter,2026-09-01T16:18:26.854Z,6,running,ore,1545.0,1800.0,875432.4,9672,,False,[]
16f02f54-199e-4335-808c-8f57a5533795,1.0,acme-mining,site-01,production_telemetry,ACME-S01-PROD-013,production_meter,2026-09-01T16:18:26.854Z,6,running,ore,1885.9,1800.0,1402807.3,18347,,False,[]
4263f757-312f-4125-9599-a245a344bebf,1.0,acme-mining,site-01,production_telemetry,ACME-S01-PROD-014,production_meter,2026-09-01T16:18:26.854Z,6,running,ore,1873.5,1800.0,1665975.7,3509,,False,[]
fdcdbfe5-6239-4c87-b3b4-265a42bf4198,1.0,acme-mining,site-01,production_telemetry,ACME-S01-PROD-015,production_meter,2026-09-01T16:18:26.854Z,6,running,ore,1776.6,1800.0,339269.7,19006,,False,[]
ff351f54-dde5-4cd3-bba4-9cf608ecd77d,1.0,acme-mining,site-01,production_telemetry,ACME-S01-PROD-016,production_meter,2026-09-01T16:18:26.854Z,6,running,ore,1636.6,1800.0,1571314.2,598,,False,[]
ac9b9cff-e242-4656-acb5-ec28b539b87c,1.0,acme-mining,site-01,production_telemetry,ACME-S01-PROD-017,production_meter,2026-09-01T16:18:26.854Z,6,running,ore,1559.0,1800.0,1746265.0,4824,,False,[]
642cd579-a689-4b89-ab75-b38de68010e9,1.0,acme-mining,site-01,production_telemetry,ACME-S01-PROD-018,production_meter,2026-09-01T16:18:26.854Z,6,running,ore,1685.1,1800.0,1509277.8,17744,,False,[]
74668967-f14f-428e-8519-748c34d51722,1.0,acme-mining,site-01,production_telemetry,ACME-S01-PROD-019,production_meter,2026-09-01T16:18:26.854Z,6,running,ore,1672.0,1800.0,520957.1,1926,,False,[]
81b82f45-4cad-4ddf-99c8-8ca5d0d9890e,1.0,acme-mining,site-01,production_telemetry,ACME-S01-PROD-020,production_meter,2026-09-01T16:18:26.854Z,6,running,ore,1662.7,1800.0,1997328.6,13666,,False,[]
5e1c9d5c-4363-4858-a3a1-585646153f9e,1.0,acme-mining,site-02,production_telemetry,ACME-S02-PROD-001,production_meter,2026-09-01T16:18:26.854Z,6,running,ore,1533.3,1800.0,1892595.2,11567,,False,[]
a5404a46-c482-4a87-af80-b8ba71fb9e0d,1.0,acme-mining,site-02,production_telemetry,ACME-S02-PROD-002,production_meter,2026-09-01T16:18:26.854Z,6,running,ore,1545.6,1800.0,1610467.5,6052,,False,[]
7e53e647-9965-4df4-9dec-dfbd7db921fc,1.0,acme-mining,site-02,production_telemetry,ACME-S02-PROD-003,production_meter,2026-09-01T16:18:26.854Z,6,running,ore,1716.9,1800.0,1095508.5,2941,,False,[]
0861b326-65d1-446b-9a2d-016fc4a2a79b,1.0,acme-mining,site-02,production_telemetry,ACME-S02-PROD-004,production_meter,2026-09-01T16:18:26.854Z,6,running,ore,1830.9,1800.0,1443636.9,805,,False,[]
747fd1ac-590a-4a3e-882c-6defb4ef3680,1.0,acme-mining,site-02,production_telemetry,ACME-S02-PROD-005,production_meter,2026-09-01T16:18:26.854Z,6,running,ore,1659.1,1800.0,1352654.4,1021,,False,[]
7827fd85-7fc5-43bf-a0f4-76f275c0a98b,1.0,acme-mining,site-02,production_telemetry,ACME-S02-PROD-006,production_meter,2026-09-01T16:18:26.854Z,6,running,ore,1673.6,1800.0,132585.5,14615,,False,[]
0b66545c-e980-4d49-a4e1-c175384134ff,1.0,acme-mining,site-02,production_telemetry,ACME-S02-PROD-007,production_meter,2026-09-01T16:18:26.854Z,6,running,ore,1810.8,1800.0,1100279.3,12120,,False,[]
11ea4cc0-bfae-4e82-9a1c-d0f32c1cdd87,1.0,acme-mining,site-02,production_telemetry,ACME-S02-PROD-008,production_meter,2026-09-01T16:18:26.854Z,6,degraded,ore,335.3,1800.0,529139.3,3147,crusher_trip,True,"[""PRODUCTION_RATE_LOW""]"
cf2fd08f-7066-4656-82f3-9ce7176798ac,1.0,acme-mining,site-02,production_telemetry,ACME-S02-PROD-009,production_meter,2026-09-01T16:18:26.854Z,6,running,ore,1786.8,1800.0,206633.0,815,,False,[]
3d9cb0bd-a3b2-4070-9a79-c38e1b761d2b,1.0,acme-mining,site-02,production_telemetry,ACME-S02-PROD-010,production_meter,2026-09-01T16:18:26.854Z,6,running,ore,1769.2,1800.0,1950309.3,17812,,False,[]
242b5059-f949-46be-b0e0-1a6800a11b29,1.0,acme-mining,site-02,production_telemetry,ACME-S02-PROD-011,production_meter,2026-09-01T16:18:26.854Z,6,running,ore,1792.4,1800.0,1855916.7,9693,,False,[]
86420d1d-72aa-40cb-90d4-9b44a6e74812,1.0,acme-mining,site-02,production_telemetry,ACME-S02-PROD-012,production_meter,2026-09-01T16:18:26.854Z,6,running,ore,1859.1,1800.0,1215382.8,13557,,False,[]
5ebc4b60-a775-456a-a68c-c80a2e78b5f7,1.0,acme-mining,site-02,production_telemetry,ACME-S02-PROD-013,production_meter,2026-09-01T16:18:26.854Z,6,running,ore,1740.0,1800.0,1127082.9,13083,,False,[]
f5aa560e-70b9-444d-ab55-d43ef9b47cb7,1.0,acme-mining,site-02,production_telemetry,ACME-S02-PROD-014,production_meter,2026-09-01T16:18:26.854Z,6,running,ore,1711.3,1800.0,202037.1,14828,,False,[]
94005ce7-cea4-4b40-95fe-cfe413c9eabd,1.0,acme-mining,site-02,production_telemetry,ACME-S02-PROD-015,production_meter,2026-09-01T16:18:26.854Z,6,running,ore,1875.2,1800.0,720126.3,9462,,False,[]
257e1e1b-1f74-4e02-9df9-c6921d8c1b2a,1.0,acme-mining,site-02,production_telemetry,ACME-S02-PROD-016,production_meter,2026-09-01T16:18:26.854Z,6,running,ore,1780.1,1800.0,1213177.3,12960,,False,[]
96235a9c-8768-4c0b-82ce-de845e0bf41a,1.0,acme-mining,site-02,production_telemetry,ACME-S02-PROD-017,production_meter,2026-09-01T16:18:26.854Z,6,running,ore,1858.3,1800.0,1452200.9,5561,,False,[]
d031816d-8821-46a8-b5ab-8b2c7cf2187c,1.0,acme-mining,site-02,production_telemetry,ACME-S02-PROD-018,production_meter,2026-09-01T16:18:26.854Z,6,running,ore,1538.0,1800.0,612570.3,4847,,False,[]
0edec41c-f102-4434-9eb6-181b5a5f1b77,1.0,acme-mining,site-02,production_telemetry,ACME-S02-PROD-019,production_meter,2026-09-01T16:18:26.854Z,6,degraded,ore,647.8,1800.0,1153030.4,11136,crusher_trip,True,"[""PRODUCTION_RATE_LOW""]"
48c39b59-b1e3-4fe8-86bd-b9cde57a43da,1.0,acme-mining,site-02,production_telemetry,ACME-S02-PROD-020,production_meter,2026-09-01T16:18:26.854Z,6,running,ore,1873.7,1800.0,1986201.5,8460,,False,[]
2e4fb362-fc85-4893-b76d-544a9d04cd62,1.0,beta-minerals,north-site,production_telemetry,BETA-NORTH-PROD-001,production_meter,2026-09-01T16:18:26.854Z,6,running,ore,1647.8,1800.0,490454.3,810,,False,[]
f7ccad94-7ddf-4e31-99e6-35becb3a25bf,1.0,beta-minerals,north-site,production_telemetry,BETA-NORTH-PROD-002,production_meter,2026-09-01T16:18:26.854Z,6,running,ore,1700.5,1800.0,1678253.8,3943,,False,[]
8304b58c-e46d-4fd1-ac4a-87d8fdfe5f5f,1.0,beta-minerals,north-site,production_telemetry,BETA-NORTH-PROD-003,production_meter,2026-09-01T16:18:26.854Z,6,running,ore,1885.1,1800.0,1578136.0,17648,,False,[]
f850193f-6f7a-4237-b298-ca5cad5f7227,1.0,beta-minerals,north-site,production_telemetry,BETA-NORTH-PROD-004,production_meter,2026-09-01T16:18:26.854Z,6,running,ore,1889.1,1800.0,1407598.7,16256,,False,[]
8af1abef-f719-42a9-944e-a6a93df88d18,1.0,beta-minerals,north-site,production_telemetry,BETA-NORTH-PROD-005,production_meter,2026-09-01T16:18:26.854Z,6,running,ore,1603.9,1800.0,383389.2,3457,,False,[]
7d517634-ce75-4e48-8d00-d822a829be17,1.0,beta-minerals,north-site,production_telemetry,BETA-NORTH-PROD-006,production_meter,2026-09-01T16:18:26.854Z,6,running,ore,1504.8,1800.0,1956866.5,9160,,False,[]
65e3259e-e5e8-42eb-b14b-eefca7e4feab,1.0,beta-minerals,north-site,production_telemetry,BETA-NORTH-PROD-007,production_meter,2026-09-01T16:18:26.854Z,6,running,ore,1629.6,1800.0,694155.6,4303,,False,[]
27e6aec6-8ebd-4b46-94f6-11724a86bb10,1.0,beta-minerals,north-site,production_telemetry,BETA-NORTH-PROD-008,production_meter,2026-09-01T16:18:26.854Z,6,running,ore,1665.1,1800.0,779316.5,14849,,False,[]
36fa70f1-64df-44be-973e-51bc210040f3,1.0,beta-minerals,north-site,production_telemetry,BETA-NORTH-PROD-009,production_meter,2026-09-01T16:18:26.854Z,6,stopped,ore,768.9,1800.0,860487.9,15465,conveyor_blockage,True,"[""PRODUCTION_RATE_LOW""]"
acaac5d4-bcad-4822-a039-dcecb55f3ed3,1.0,beta-minerals,north-site,production_telemetry,BETA-NORTH-PROD-010,production_meter,2026-09-01T16:18:26.854Z,6,running,ore,1781.6,1800.0,314821.5,2427,,False,[]
ac223efb-2843-4060-a300-d72757acc187,1.0,beta-minerals,north-site,production_telemetry,BETA-NORTH-PROD-011,production_meter,2026-09-01T16:18:26.854Z,6,running,ore,1672.8,1800.0,932523.2,12949,,False,[]
1c56bac1-e102-4b2d-a6ee-f64f5894fe8e,1.0,beta-minerals,north-site,production_telemetry,BETA-NORTH-PROD-012,production_meter,2026-09-01T16:18:26.854Z,6,running,ore,1521.5,1800.0,1017865.3,16500,,False,[]
7710d53f-f85d-445f-ae7d-501dbb6bb63a,1.0,beta-minerals,north-site,production_telemetry,BETA-NORTH-PROD-013,production_meter,2026-09-01T16:18:26.854Z,6,running,ore,1555.2,1800.0,1388079.2,19401,,False,[]
1610b796-99dc-407d-baaa-5e083d1c7cec,1.0,beta-minerals,north-site,production_telemetry,BETA-NORTH-PROD-014,production_meter,2026-09-01T16:18:26.854Z,6,running,ore,1788.4,1800.0,1274668.4,14689,,False,[]
884a5b8a-9212-4ac4-a363-e524ef1bbc7b,1.0,beta-minerals,north-site,production_telemetry,BETA-NORTH-PROD-015,production_meter,2026-09-01T16:18:26.854Z,6,running,ore,1782.5,1800.0,1160868.4,2294,,False,[]
59444112-9b8c-44b3-a306-97b219e43c81,1.0,beta-minerals,north-site,production_telemetry,BETA-NORTH-PROD-016,production_meter,2026-09-01T16:18:26.854Z,6,running,ore,1536.6,1800.0,1527731.7,11012,,False,[]
f35f36a5-01eb-4151-8e36-6f0d0aef611b,1.0,beta-minerals,north-site,production_telemetry,BETA-NORTH-PROD-017,production_meter,2026-09-01T16:18:26.854Z,6,running,ore,1868.3,1800.0,546514.4,15549,,False,[]
6bfed04e-a40b-4c9b-a1ab-abb29494bae5,1.0,beta-minerals,north-site,production_telemetry,BETA-NORTH-PROD-018,production_meter,2026-09-01T16:18:26.854Z,6,running,ore,1705.3,1800.0,1515967.8,1088,,False,[]
cc8db495-ce2e-43e4-981d-4cc0dbbee144,1.0,beta-minerals,north-site,production_telemetry,BETA-NORTH-PROD-019,production_meter,2026-09-01T16:18:26.854Z,6,running,ore,1806.8,1800.0,1276239.7,10487,,False,[]
77997660-66c3-4a7a-8757-edfa128d51a1,1.0,beta-minerals,north-site,production_telemetry,BETA-NORTH-PROD-020,production_meter,2026-09-01T16:18:26.854Z,6,running,ore,1559.7,1800.0,1651532.5,15397,,False,[]
0619551f-a6d1-45a6-8714-f937305f4faf,1.0,beta-minerals,north-site,production_telemetry,BETA-NORTH-PROD-021,production_meter,2026-09-01T16:18:26.854Z,6,running,ore,1556.3,1800.0,285144.3,7772,,False,[]
5f90c196-21c1-4112-a4b1-f7ccec366abb,1.0,beta-minerals,north-site,production_telemetry,BETA-NORTH-PROD-022,production_meter,2026-09-01T16:18:26.854Z,6,running,ore,1700.3,1800.0,302026.0,5885,,False,[]
9f25667d-86b4-4d1f-8f7b-e44ab88e1a4b,1.0,beta-minerals,north-site,production_telemetry,BETA-NORTH-PROD-023,production_meter,2026-09-01T16:18:26.854Z,6,running,ore,1604.8,1800.0,329431.1,13380,,False,[]
a9164c1d-163a-41b1-8d65-0efe0be2f222,1.0,beta-minerals,north-site,production_telemetry,BETA-NORTH-PROD-024,production_meter,2026-09-01T16:18:26.854Z,6,running,ore,1554.4,1800.0,1303170.7,19800,,False,[]
f41966c3-472c-421e-8de7-cbdc9e10fbea,1.0,beta-minerals,north-site,production_telemetry,BETA-NORTH-PROD-025,production_meter,2026-09-01T16:18:26.854Z,6,running,ore,1865.1,1800.0,108254.4,2097,,False,[]
b6f45c15-3018-41ae-b4fc-e61b25b8fb21,1.0,beta-minerals,north-site,production_telemetry,BETA-NORTH-PROD-026,production_meter,2026-09-01T16:18:26.854Z,6,running,ore,1577.1,1800.0,1414467.7,6196,,False,[]
56497d2a-fa16-4d5f-8126-f905d62e70e3,1.0,beta-minerals,north-site,production_telemetry,BETA-NORTH-PROD-027,production_meter,2026-09-01T16:18:26.854Z,6,running,ore,1880.4,1800.0,830874.1,8640,,False,[]
8478a130-bae9-4a2f-8e10-14e6a3ea53ed,1.0,beta-minerals,north-site,production_telemetry,BETA-NORTH-PROD-028,production_meter,2026-09-01T16:18:26.854Z,6,running,ore,1898.3,1800.0,1430041.9,17292,,False,[]
e988548c-7883-4b9b-a81d-01eaa781bff8,1.0,beta-minerals,north-site,production_telemetry,BETA-NORTH-PROD-029,production_meter,2026-09-01T16:18:26.854Z,6,degraded,ore,337.7,1800.0,481701.5,10027,feed_shortage,True,"[""PRODUCTION_RATE_LOW""]"
8ddb3179-8e2c-4d37-a157-a0cce7af6cba,1.0,beta-minerals,north-site,production_telemetry,BETA-NORTH-PROD-030,production_meter,2026-09-01T16:18:26.854Z,6,running,ore,1720.7,1800.0,1130746.1,11069,,False,[]
ad62625d-8048-4de7-9c25-3e663d1ffc5e,1.0,acme-mining,site-01,production_telemetry,ACME-S01-PROD-001,production_meter,2026-09-01T16:18:31.854Z,7,running,ore,1895.7,1800.0,1949862.2,16783,,False,[]
7f0f78b2-ae8a-4099-a60a-e9232a394b7e,1.0,acme-mining,site-01,production_telemetry,ACME-S01-PROD-002,production_meter,2026-09-01T16:18:31.854Z,7,running,ore,1818.5,1800.0,461267.1,8719,,False,[]
c83e1caf-8f5c-4fa4-8907-f5d8752ede6d,1.0,acme-mining,site-01,production_telemetry,ACME-S01-PROD-003,production_meter,2026-09-01T16:18:31.854Z,7,running,ore,1513.4,1800.0,1328063.4,10630,,False,[]
ffab4029-2d31-48ad-a595-8109f70394fa,1.0,acme-mining,site-01,production_telemetry,ACME-S01-PROD-004,production_meter,2026-09-01T16:18:31.854Z,7,running,ore,1732.4,1800.0,889472.3,7086,,False,[]
d97ed1c6-f968-4946-9bb3-7a829f1f31d8,1.0,acme-mining,site-01,production_telemetry,ACME-S01-PROD-005,production_meter,2026-09-01T16:18:31.854Z,7,running,ore,1823.4,1800.0,588258.2,16296,,False,[]
86441759-48d8-49cf-b372-3e7327b03f71,1.0,acme-mining,site-01,production_telemetry,ACME-S01-PROD-006,production_meter,2026-09-01T16:18:31.854Z,7,running,ore,1813.3,1800.0,1532904.6,7899,,False,[]
cbd1e3f3-16fd-4b5f-8ffa-3fa232534e6d,1.0,acme-mining,site-01,production_telemetry,ACME-S01-PROD-007,production_meter,2026-09-01T16:18:31.854Z,7,running,ore,1802.0,1800.0,1602312.8,963,,False,[]
a1b3201d-90b8-4669-b9e7-b8371237568d,1.0,acme-mining,site-01,production_telemetry,ACME-S01-PROD-008,production_meter,2026-09-01T16:18:31.854Z,7,running,ore,1850.1,1800.0,1313260.3,12679,,False,[]
94d4aef7-7de9-4bbe-a979-0b924314dd9f,1.0,acme-mining,site-01,production_telemetry,ACME-S01-PROD-009,production_meter,2026-09-01T16:18:31.854Z,7,running,ore,1598.5,1800.0,520611.6,2578,,False,[]
8b76605d-36e0-4f92-986e-ee27d6736ae9,1.0,acme-mining,site-01,production_telemetry,ACME-S01-PROD-010,production_meter,2026-09-01T16:18:31.854Z,7,running,ore,1736.8,1800.0,170719.3,16649,,False,[]
a766da3f-a715-43dd-9509-c5d9a148a448,1.0,acme-mining,site-01,production_telemetry,ACME-S01-PROD-011,production_meter,2026-09-01T16:18:31.854Z,7,running,ore,1824.7,1800.0,1423334.5,18208,,False,[]
16e15b92-0ce6-4ab8-a7ad-7d9a3aa406a3,1.0,acme-mining,site-01,production_telemetry,ACME-S01-PROD-012,production_meter,2026-09-01T16:18:31.854Z,7,degraded,ore,657.2,1800.0,875433.4,9673,crusher_trip,True,"[""PRODUCTION_RATE_LOW""]"
13c74fa8-bd73-4fd6-936d-cbd01d110d5d,1.0,acme-mining,site-01,production_telemetry,ACME-S01-PROD-013,production_meter,2026-09-01T16:18:31.854Z,7,running,ore,1886.4,1800.0,1402809.9,18348,,False,[]
02b23307-ee81-4d33-9f02-19a9cd6947ce,1.0,acme-mining,site-01,production_telemetry,ACME-S01-PROD-014,production_meter,2026-09-01T16:18:31.854Z,7,running,ore,1608.1,1800.0,1665978.0,3510,,False,[]
b96feb14-b3a5-479e-93ec-3ae35738d6cf,1.0,acme-mining,site-01,production_telemetry,ACME-S01-PROD-015,production_meter,2026-09-01T16:18:31.854Z,7,running,ore,1731.9,1800.0,339272.1,19007,,False,[]
75cc8a75-a4f7-4c77-b1e5-b3a8fdda9adc,1.0,acme-mining,site-01,production_telemetry,ACME-S01-PROD-016,production_meter,2026-09-01T16:18:31.854Z,7,running,ore,1633.3,1800.0,1571316.5,599,,False,[]
b3f6fc92-c982-4700-877d-8eacf8614b1a,1.0,acme-mining,site-01,production_telemetry,ACME-S01-PROD-017,production_meter,2026-09-01T16:18:31.854Z,7,running,ore,1625.2,1800.0,1746267.2,4825,,False,[]
28402ac5-2d2b-4f76-acb3-9355174d55f2,1.0,acme-mining,site-01,production_telemetry,ACME-S01-PROD-018,production_meter,2026-09-01T16:18:31.854Z,7,running,ore,1740.5,1800.0,1509280.2,17745,,False,[]
229be116-ce7c-42a9-bca1-f9da29bf0a16,1.0,acme-mining,site-01,production_telemetry,ACME-S01-PROD-019,production_meter,2026-09-01T16:18:31.854Z,7,running,ore,1522.6,1800.0,520959.2,1927,,False,[]
e5d775cb-81e2-41ef-86fe-2c37448a5114,1.0,acme-mining,site-01,production_telemetry,ACME-S01-PROD-020,production_meter,2026-09-01T16:18:31.854Z,7,running,ore,1886.8,1800.0,1997331.3,13667,,False,[]
389e9bc4-afbe-448f-a591-b28563eb11da,1.0,acme-mining,site-02,production_telemetry,ACME-S02-PROD-001,production_meter,2026-09-01T16:18:31.854Z,7,running,ore,1899.6,1800.0,1892597.8,11568,,False,[]
d2862aed-0418-4eeb-8780-d317fe7e6225,1.0,acme-mining,site-02,production_telemetry,ACME-S02-PROD-002,production_meter,2026-09-01T16:18:31.854Z,7,running,ore,1592.3,1800.0,1610469.7,6053,,False,[]
09c68b88-192e-4cd8-9cb2-81a0042c3f60,1.0,acme-mining,site-02,production_telemetry,ACME-S02-PROD-003,production_meter,2026-09-01T16:18:31.854Z,7,stopped,ore,505.0,1800.0,1095509.2,2942,conveyor_blockage,True,"[""PRODUCTION_RATE_LOW""]"
8515258f-6ccd-412e-a79a-de9ec1dbf92c,1.0,acme-mining,site-02,production_telemetry,ACME-S02-PROD-004,production_meter,2026-09-01T16:18:31.854Z,7,running,ore,1551.7,1800.0,1443639.1,806,,False,[]
5b5d125c-dd6d-40a9-a20a-19026e519d8a,1.0,acme-mining,site-02,production_telemetry,ACME-S02-PROD-005,production_meter,2026-09-01T16:18:31.854Z,7,running,ore,1726.8,1800.0,1352656.8,1022,,False,[]
00b0a14c-ed3e-40c3-9688-287d45af825b,1.0,acme-mining,site-02,production_telemetry,ACME-S02-PROD-006,production_meter,2026-09-01T16:18:31.854Z,7,running,ore,1864.5,1800.0,132588.1,14616,,False,[]
9c381b34-d325-4d1d-b3fe-6d2f371c1c77,1.0,acme-mining,site-02,production_telemetry,ACME-S02-PROD-007,production_meter,2026-09-01T16:18:31.854Z,7,running,ore,1862.0,1800.0,1100281.9,12121,,False,[]
573e6b81-972a-42b3-9c88-e917ad054304,1.0,acme-mining,site-02,production_telemetry,ACME-S02-PROD-008,production_meter,2026-09-01T16:18:31.854Z,7,running,ore,1520.2,1800.0,529141.4,3148,,False,[]
8a69dee8-dd85-4144-ba76-0a52337fa1a2,1.0,acme-mining,site-02,production_telemetry,ACME-S02-PROD-009,production_meter,2026-09-01T16:18:31.854Z,7,running,ore,1741.9,1800.0,206635.4,816,,False,[]
7587fbc8-58f2-4772-a744-761eda235cf0,1.0,acme-mining,site-02,production_telemetry,ACME-S02-PROD-010,production_meter,2026-09-01T16:18:31.854Z,7,running,ore,1566.3,1800.0,1950311.5,17813,,False,[]
8cde5a86-a05c-45a8-af7f-ebb0d9b332a8,1.0,acme-mining,site-02,production_telemetry,ACME-S02-PROD-011,production_meter,2026-09-01T16:18:31.854Z,7,running,ore,1748.0,1800.0,1855919.1,9694,,False,[]
65567730-e5f9-47cb-bb79-3122d94c1575,1.0,acme-mining,site-02,production_telemetry,ACME-S02-PROD-012,production_meter,2026-09-01T16:18:31.854Z,7,stopped,ore,290.0,1800.0,1215383.2,13558,feed_shortage,True,"[""PRODUCTION_RATE_LOW""]"
2ba776b4-5282-4a61-9e31-8390e183a2c8,1.0,acme-mining,site-02,production_telemetry,ACME-S02-PROD-013,production_meter,2026-09-01T16:18:31.854Z,7,running,ore,1570.8,1800.0,1127085.0,13084,,False,[]
121115e4-c2c1-44b7-84f4-70543631e9e1,1.0,acme-mining,site-02,production_telemetry,ACME-S02-PROD-014,production_meter,2026-09-01T16:18:31.854Z,7,running,ore,1650.8,1800.0,202039.4,14829,,False,[]
87869101-4709-4e7c-b313-85e16cd66b3a,1.0,acme-mining,site-02,production_telemetry,ACME-S02-PROD-015,production_meter,2026-09-01T16:18:31.854Z,7,running,ore,1863.5,1800.0,720128.9,9463,,False,[]
e2ac5458-e61e-4177-9655-c69c2016b244,1.0,acme-mining,site-02,production_telemetry,ACME-S02-PROD-016,production_meter,2026-09-01T16:18:31.854Z,7,running,ore,1762.9,1800.0,1213179.8,12961,,False,[]
0bc8ec9d-3b42-4d70-943d-c7ef1f1393e3,1.0,acme-mining,site-02,production_telemetry,ACME-S02-PROD-017,production_meter,2026-09-01T16:18:31.854Z,7,running,ore,1865.9,1800.0,1452203.5,5562,,False,[]
756eb1b8-1a02-42da-9647-8ca1b339e9e4,1.0,acme-mining,site-02,production_telemetry,ACME-S02-PROD-018,production_meter,2026-09-01T16:18:31.854Z,7,running,ore,1880.5,1800.0,612572.9,4848,,False,[]
a4d30219-b2c9-43df-aeda-a3a1c2e668b2,1.0,acme-mining,site-02,production_telemetry,ACME-S02-PROD-019,production_meter,2026-09-01T16:18:31.854Z,7,running,ore,1586.1,1800.0,1153032.6,11137,,False,[]
1496ae64-b2c7-4f46-9ab7-8a527210ff67,1.0,acme-mining,site-02,production_telemetry,ACME-S02-PROD-020,production_meter,2026-09-01T16:18:31.854Z,7,running,ore,1793.9,1800.0,1986204.0,8461,,False,[]
03c550a6-9766-491e-8fcf-591b3a6d92ca,1.0,beta-minerals,north-site,production_telemetry,BETA-NORTH-PROD-001,production_meter,2026-09-01T16:18:31.854Z,7,running,ore,1887.4,1800.0,490456.9,811,,False,[]
235954f4-fa39-4cc0-8535-28240bea0802,1.0,beta-minerals,north-site,production_telemetry,BETA-NORTH-PROD-002,production_meter,2026-09-01T16:18:31.854Z,7,running,ore,1801.2,1800.0,1678256.3,3944,,False,[]
a6871646-f237-40de-96fc-ec9ac96788bb,1.0,beta-minerals,north-site,production_telemetry,BETA-NORTH-PROD-003,production_meter,2026-09-01T16:18:31.854Z,7,running,ore,1671.4,1800.0,1578138.3,17649,,False,[]
e33e16e5-4faf-4aaf-991c-5502fd106927,1.0,beta-minerals,north-site,production_telemetry,BETA-NORTH-PROD-004,production_meter,2026-09-01T16:18:31.854Z,7,running,ore,1607.7,1800.0,1407600.9,16257,,False,[]
16b0ffd3-f4ef-44b1-a505-c694423d93a6,1.0,beta-minerals,north-site,production_telemetry,BETA-NORTH-PROD-005,production_meter,2026-09-01T16:18:31.854Z,7,running,ore,1654.7,1800.0,383391.5,3458,,False,[]
df371abd-4f76-4ad1-88d7-ace934d14d43,1.0,beta-minerals,north-site,production_telemetry,BETA-NORTH-PROD-006,production_meter,2026-09-01T16:18:31.854Z,7,running,ore,1716.6,1800.0,1956868.9,9161,,False,[]
b877a968-6aeb-450b-a85c-3428b98445e6,1.0,beta-minerals,north-site,production_telemetry,BETA-NORTH-PROD-007,production_meter,2026-09-01T16:18:31.854Z,7,running,ore,1842.5,1800.0,694158.1,4304,,False,[]
e6fd0283-8247-4d4c-ad8a-11720c948738,1.0,beta-minerals,north-site,production_telemetry,BETA-NORTH-PROD-008,production_meter,2026-09-01T16:18:31.854Z,7,running,ore,1677.9,1800.0,779318.8,14850,,False,[]
bc9df326-54ac-48ef-9058-9a1adf269004,1.0,beta-minerals,north-site,production_telemetry,BETA-NORTH-PROD-009,production_meter,2026-09-01T16:18:31.854Z,7,running,ore,1821.6,1800.0,860490.4,15466,,False,[]
b14db287-2251-464b-8cb6-fe8a066d2d6d,1.0,beta-minerals,north-site,production_telemetry,BETA-NORTH-PROD-010,production_meter,2026-09-01T16:18:31.854Z,7,running,ore,1717.2,1800.0,314823.9,2428,,False,[]
95dd9d23-dbdb-4b0d-9f0c-4f9858752dfa,1.0,beta-minerals,north-site,production_telemetry,BETA-NORTH-PROD-011,production_meter,2026-09-01T16:18:31.854Z,7,running,ore,1556.3,1800.0,932525.4,12950,,False,[]
2f15c0f1-d783-427d-8af8-72b738b081c6,1.0,beta-minerals,north-site,production_telemetry,BETA-NORTH-PROD-012,production_meter,2026-09-01T16:18:31.854Z,7,running,ore,1660.3,1800.0,1017867.6,16501,,False,[]
b92b7672-0ee7-4864-9e18-3c3b989dcb2e,1.0,beta-minerals,north-site,production_telemetry,BETA-NORTH-PROD-013,production_meter,2026-09-01T16:18:31.854Z,7,stopped,ore,446.0,1800.0,1388079.8,19402,feed_shortage,True,"[""PRODUCTION_RATE_LOW""]"
2524ee50-e802-42a9-9684-931b7aef24d3,1.0,beta-minerals,north-site,production_telemetry,BETA-NORTH-PROD-014,production_meter,2026-09-01T16:18:31.854Z,7,running,ore,1702.6,1800.0,1274670.8,14690,,False,[]
a9f91cf5-273c-4cb2-9daf-f512875f0352,1.0,beta-minerals,north-site,production_telemetry,BETA-NORTH-PROD-015,production_meter,2026-09-01T16:18:31.854Z,7,running,ore,1632.2,1800.0,1160870.6,2295,,False,[]
46ad3e66-a4c2-41d8-ac95-ce99c8529ca1,1.0,beta-minerals,north-site,production_telemetry,BETA-NORTH-PROD-016,production_meter,2026-09-01T16:18:31.854Z,7,running,ore,1709.1,1800.0,1527734.1,11013,,False,[]
74bd8506-b540-43d7-97b9-2e8c8bfab85a,1.0,beta-minerals,north-site,production_telemetry,BETA-NORTH-PROD-017,production_meter,2026-09-01T16:18:31.854Z,7,running,ore,1631.1,1800.0,546516.6,15550,,False,[]
00444d3d-23f0-4f3b-a05d-a77e13e14f65,1.0,beta-minerals,north-site,production_telemetry,BETA-NORTH-PROD-018,production_meter,2026-09-01T16:18:31.854Z,7,running,ore,1855.4,1800.0,1515970.3,1089,,False,[]
a2b44c7a-74c1-473f-a4d2-ed6d7450251c,1.0,beta-minerals,north-site,production_telemetry,BETA-NORTH-PROD-019,production_meter,2026-09-01T16:18:31.854Z,7,running,ore,1896.5,1800.0,1276242.3,10488,,False,[]
0e205f69-7c0f-4880-926b-818c9da93cdc,1.0,beta-minerals,north-site,production_telemetry,BETA-NORTH-PROD-020,production_meter,2026-09-01T16:18:31.854Z,7,running,ore,1688.1,1800.0,1651534.9,15398,,False,[]
b4bc3eec-57b6-4de6-bd3b-8b8b161236fe,1.0,beta-minerals,north-site,production_telemetry,BETA-NORTH-PROD-021,production_meter,2026-09-01T16:18:31.854Z,7,running,ore,1502.7,1800.0,285146.3,7773,,False,[]
650593ac-eaf8-42cf-a45b-c59ddf060599,1.0,beta-minerals,north-site,production_telemetry,BETA-NORTH-PROD-022,production_meter,2026-09-01T16:18:31.854Z,7,running,ore,1678.6,1800.0,302028.3,5886,,False,[]
d994ea5f-2f85-4f08-a3b0-cc0175654ceb,1.0,beta-minerals,north-site,production_telemetry,BETA-NORTH-PROD-023,production_meter,2026-09-01T16:18:31.854Z,7,running,ore,1823.7,1800.0,329433.7,13381,,False,[]
1305bb04-12c8-4c3f-8c5f-3d9205023980,1.0,beta-minerals,north-site,production_telemetry,BETA-NORTH-PROD-024,production_meter,2026-09-01T16:18:31.854Z,7,running,ore,1842.3,1800.0,1303173.3,19801,,False,[]
e45a5f28-2323-4785-a1e6-308df2ad2d11,1.0,beta-minerals,north-site,production_telemetry,BETA-NORTH-PROD-025,production_meter,2026-09-01T16:18:31.854Z,7,running,ore,1523.0,1800.0,108256.5,2098,,False,[]
005b467c-5a1e-423a-9b30-c224152f8cd8,1.0,beta-minerals,north-site,production_telemetry,BETA-NORTH-PROD-026,production_meter,2026-09-01T16:18:31.854Z,7,running,ore,1653.0,1800.0,1414470.0,6197,,False,[]
b66400b4-4da5-4687-9eb7-f616887b3d11,1.0,beta-minerals,north-site,production_telemetry,BETA-NORTH-PROD-027,production_meter,2026-09-01T16:18:31.854Z,7,running,ore,1542.6,1800.0,830876.2,8641,,False,[]
674307a8-ef6b-4360-8b13-29da243f4940,1.0,beta-minerals,north-site,production_telemetry,BETA-NORTH-PROD-028,production_meter,2026-09-01T16:18:31.854Z,7,running,ore,1602.7,1800.0,1430044.1,17293,,False,[]
043e2784-a268-41fa-96b8-f5c9e29c6d09,1.0,beta-minerals,north-site,production_telemetry,BETA-NORTH-PROD-029,production_meter,2026-09-01T16:18:31.854Z,7,running,ore,1527.5,1800.0,481703.6,10028,,False,[]
e6cf612e-8e57-4327-935f-6c75a0e52038,1.0,beta-minerals,north-site,production_telemetry,BETA-NORTH-PROD-030,production_meter,2026-09-01T16:18:31.854Z,7,running,ore,1744.6,1800.0,1130748.5,11070,,False,[]
76ab5a32-5eb4-46df-9f12-5a54b5039b87,1.0,acme-mining,site-01,production_telemetry,ACME-S01-PROD-001,production_meter,2026-09-01T16:18:36.854Z,8,running,ore,1826.4,1800.0,1949864.7,16784,,False,[]
e9ba1d27-3284-4700-8198-eb7b4f7a0bed,1.0,acme-mining,site-01,production_telemetry,ACME-S01-PROD-002,production_meter,2026-09-01T16:18:36.854Z,8,running,ore,1684.0,1800.0,461269.4,8720,,False,[]
92f8eefd-03a4-4cd6-adef-1f56f83c2d80,1.0,acme-mining,site-01,production_telemetry,ACME-S01-PROD-003,production_meter,2026-09-01T16:18:36.854Z,8,running,ore,1734.0,1800.0,1328065.8,10631,,False,[]
36d7dd77-9735-4a94-ae18-643cba66a899,1.0,acme-mining,site-01,production_telemetry,ACME-S01-PROD-004,production_meter,2026-09-01T16:18:36.854Z,8,running,ore,1752.2,1800.0,889474.8,7087,,False,[]
bf97bb22-2331-41b2-ab45-6380c2b64d98,1.0,acme-mining,site-01,production_telemetry,ACME-S01-PROD-005,production_meter,2026-09-01T16:18:36.854Z,8,running,ore,1586.1,1800.0,588260.4,16297,,False,[]
119b4317-2133-4949-ad1b-11f07211c41d,1.0,acme-mining,site-01,production_telemetry,ACME-S01-PROD-006,production_meter,2026-09-01T16:18:36.854Z,8,running,ore,1604.9,1800.0,1532906.9,7900,,False,[]
d4563c7d-9647-4a70-8730-1e8430c70779,1.0,acme-mining,site-01,production_telemetry,ACME-S01-PROD-007,production_meter,2026-09-01T16:18:36.854Z,8,running,ore,1532.0,1800.0,1602314.9,964,,False,[]
640cf341-3f8a-4d17-9bfa-43b19b19a750,1.0,acme-mining,site-01,production_telemetry,ACME-S01-PROD-008,production_meter,2026-09-01T16:18:36.854Z,8,running,ore,1572.6,1800.0,1313262.5,12680,,False,[]
99f4aea9-f9bf-42d6-9a0c-1021f6eebbf1,1.0,acme-mining,site-01,production_telemetry,ACME-S01-PROD-009,production_meter,2026-09-01T16:18:36.854Z,8,running,ore,1864.4,1800.0,520614.2,2579,,False,[]
99e6e445-e501-4901-853e-a9610bca7eab,1.0,acme-mining,site-01,production_telemetry,ACME-S01-PROD-010,production_meter,2026-09-01T16:18:36.854Z,8,running,ore,1726.9,1800.0,170721.7,16650,,False,[]
02a466a3-26ab-4f9a-8f4d-ce6803745ba7,1.0,acme-mining,site-01,production_telemetry,ACME-S01-PROD-011,production_meter,2026-09-01T16:18:36.854Z,8,running,ore,1664.0,1800.0,1423336.8,18209,,False,[]
53eea53d-f8b5-45ac-99c0-3b8c603df186,1.0,acme-mining,site-01,production_telemetry,ACME-S01-PROD-012,production_meter,2026-09-01T16:18:36.854Z,8,running,ore,1510.2,1800.0,875435.4,9674,,False,[]
2890b03e-f491-47e5-9d75-8cf9592806ee,1.0,acme-mining,site-01,production_telemetry,ACME-S01-PROD-013,production_meter,2026-09-01T16:18:36.854Z,8,running,ore,1720.3,1800.0,1402812.3,18349,,False,[]
e44afad0-0854-4006-895d-34eb7507ada2,1.0,acme-mining,site-01,production_telemetry,ACME-S01-PROD-014,production_meter,2026-09-01T16:18:36.854Z,8,running,ore,1588.3,1800.0,1665980.2,3511,,False,[]
5cfd823b-6fb8-429b-b695-3f907f36dfbc,1.0,acme-mining,site-01,production_telemetry,ACME-S01-PROD-015,production_meter,2026-09-01T16:18:36.854Z,8,running,ore,1542.0,1800.0,339274.3,19008,,False,[]
cd467726-570a-4a88-8ccd-6e6852bcdff1,1.0,acme-mining,site-01,production_telemetry,ACME-S01-PROD-016,production_meter,2026-09-01T16:18:36.854Z,8,running,ore,1567.9,1800.0,1571318.7,600,,False,[]
7ea1a75c-7052-4440-b810-4ecb57862cb0,1.0,acme-mining,site-01,production_telemetry,ACME-S01-PROD-017,production_meter,2026-09-01T16:18:36.854Z,8,running,ore,1728.5,1800.0,1746269.6,4826,,False,[]
739cd591-cfcf-429b-bcf5-223903312d50,1.0,acme-mining,site-01,production_telemetry,ACME-S01-PROD-018,production_meter,2026-09-01T16:18:36.854Z,8,running,ore,1810.4,1800.0,1509282.7,17746,,False,[]
82754d53-921a-4c44-a1e6-acf9667f591b,1.0,acme-mining,site-01,production_telemetry,ACME-S01-PROD-019,production_meter,2026-09-01T16:18:36.854Z,8,running,ore,1740.7,1800.0,520961.6,1928,,False,[]
f1f87d04-15b5-4cfb-8c8d-474572418be0,1.0,acme-mining,site-01,production_telemetry,ACME-S01-PROD-020,production_meter,2026-09-01T16:18:36.854Z,8,running,ore,1513.6,1800.0,1997333.4,13668,,False,[]
112d8c6b-965d-464b-9db9-2df0915f7add,1.0,acme-mining,site-02,production_telemetry,ACME-S02-PROD-001,production_meter,2026-09-01T16:18:36.854Z,8,running,ore,1652.6,1800.0,1892600.1,11569,,False,[]
b84838c3-b252-41f7-b61c-f10180438ab0,1.0,acme-mining,site-02,production_telemetry,ACME-S02-PROD-002,production_meter,2026-09-01T16:18:36.854Z,8,running,ore,1694.8,1800.0,1610472.0,6054,,False,[]
8711fcca-736e-4692-bbbd-35e2a350e50b,1.0,acme-mining,site-02,production_telemetry,ACME-S02-PROD-003,production_meter,2026-09-01T16:18:36.854Z,8,running,ore,1719.6,1800.0,1095511.6,2943,,False,[]
d2a4fad2-6ab0-4ca4-a70a-5326e31edbe3,1.0,acme-mining,site-02,production_telemetry,ACME-S02-PROD-004,production_meter,2026-09-01T16:18:36.854Z,8,degraded,ore,584.5,1800.0,1443639.9,807,conveyor_blockage,True,"[""PRODUCTION_RATE_LOW""]"
0e8067cb-5b9f-4408-8567-216f6ab56cb5,1.0,acme-mining,site-02,production_telemetry,ACME-S02-PROD-005,production_meter,2026-09-01T16:18:36.854Z,8,running,ore,1762.8,1800.0,1352659.3,1023,,False,[]
09d3ad25-c3e5-4855-9869-8e417e71b153,1.0,acme-mining,site-02,production_telemetry,ACME-S02-PROD-006,production_meter,2026-09-01T16:18:36.854Z,8,running,ore,1742.5,1800.0,132590.5,14617,,False,[]
22ab0b34-0d6c-416b-9e20-d733239e5780,1.0,acme-mining,site-02,production_telemetry,ACME-S02-PROD-007,production_meter,2026-09-01T16:18:36.854Z,8,running,ore,1758.3,1800.0,1100284.3,12122,,False,[]
063b6bc7-5c4b-4dc1-b520-4c09c9f822e0,1.0,acme-mining,site-02,production_telemetry,ACME-S02-PROD-008,production_meter,2026-09-01T16:18:36.854Z,8,running,ore,1780.7,1800.0,529143.9,3149,,False,[]
0c8174db-6e9c-4f52-bcb0-04ad4bcd5bc4,1.0,acme-mining,site-02,production_telemetry,ACME-S02-PROD-009,production_meter,2026-09-01T16:18:36.854Z,8,running,ore,1542.7,1800.0,206637.6,817,,False,[]
ee8190fc-ffa5-4df1-b446-0be87c9a2ac0,1.0,acme-mining,site-02,production_telemetry,ACME-S02-PROD-010,production_meter,2026-09-01T16:18:36.854Z,8,running,ore,1655.7,1800.0,1950313.8,17814,,False,[]
fd478ab4-0f12-452d-a358-a6a93c53471c,1.0,acme-mining,site-02,production_telemetry,ACME-S02-PROD-011,production_meter,2026-09-01T16:18:36.854Z,8,running,ore,1706.9,1800.0,1855921.5,9695,,False,[]
19e873a1-9947-41af-aac5-05868fb7310b,1.0,acme-mining,site-02,production_telemetry,ACME-S02-PROD-012,production_meter,2026-09-01T16:18:36.854Z,8,running,ore,1534.1,1800.0,1215385.3,13559,,False,[]
a39cdece-b1eb-417c-a3a0-b0e5a9326c65,1.0,acme-mining,site-02,production_telemetry,ACME-S02-PROD-013,production_meter,2026-09-01T16:18:36.854Z,8,running,ore,1830.6,1800.0,1127087.6,13085,,False,[]
76d0ac11-caea-4857-98ff-3d997b467974,1.0,acme-mining,site-02,production_telemetry,ACME-S02-PROD-014,production_meter,2026-09-01T16:18:36.854Z,8,running,ore,1642.5,1800.0,202041.7,14830,,False,[]
1790130d-a7a9-4d58-8461-a82dfc7a1497,1.0,acme-mining,site-02,production_telemetry,ACME-S02-PROD-015,production_meter,2026-09-01T16:18:36.854Z,8,running,ore,1708.5,1800.0,720131.3,9464,,False,[]
bf99f022-ad1d-4348-982c-b21addb1d947,1.0,acme-mining,site-02,production_telemetry,ACME-S02-PROD-016,production_meter,2026-09-01T16:18:36.854Z,8,running,ore,1563.9,1800.0,1213182.0,12962,,False,[]
a55268a0-81d2-4967-bcff-d149a8e0a02a,1.0,acme-mining,site-02,production_telemetry,ACME-S02-PROD-017,production_meter,2026-09-01T16:18:36.854Z,8,running,ore,1847.9,1800.0,1452206.1,5563,,False,[]
37503bd9-dac4-4eef-8c89-366b9dc0f262,1.0,acme-mining,site-02,production_telemetry,ACME-S02-PROD-018,production_meter,2026-09-01T16:18:36.854Z,8,running,ore,1845.9,1800.0,612575.5,4849,,False,[]
3f0d9ed2-33c3-44e7-bb05-060ec67a33bf,1.0,acme-mining,site-02,production_telemetry,ACME-S02-PROD-019,production_meter,2026-09-01T16:18:36.854Z,8,running,ore,1891.6,1800.0,1153035.2,11138,,False,[]
9798c036-ca29-4790-b09a-201fb4831885,1.0,acme-mining,site-02,production_telemetry,ACME-S02-PROD-020,production_meter,2026-09-01T16:18:36.854Z,8,running,ore,1575.8,1800.0,1986206.2,8462,,False,[]
393d8c04-17d2-46ba-bc0e-ad83cd736ed6,1.0,beta-minerals,north-site,production_telemetry,BETA-NORTH-PROD-001,production_meter,2026-09-01T16:18:36.854Z,8,running,ore,1596.2,1800.0,490459.2,812,,False,[]
8be3fe25-4d67-4687-bdfa-ef79144f0685,1.0,beta-minerals,north-site,production_telemetry,BETA-NORTH-PROD-002,production_meter,2026-09-01T16:18:36.854Z,8,running,ore,1542.6,1800.0,1678258.4,3945,,False,[]
173e7b84-f6f8-4056-98f9-178685430151,1.0,beta-minerals,north-site,production_telemetry,BETA-NORTH-PROD-003,production_meter,2026-09-01T16:18:36.854Z,8,running,ore,1806.0,1800.0,1578140.8,17650,,False,[]
12f4f6e0-af94-448b-9183-b69dd568c50b,1.0,beta-minerals,north-site,production_telemetry,BETA-NORTH-PROD-004,production_meter,2026-09-01T16:18:36.854Z,8,running,ore,1810.5,1800.0,1407603.4,16258,,False,[]
18955cdb-6509-43dd-9cd7-7429cdda36e1,1.0,beta-minerals,north-site,production_telemetry,BETA-NORTH-PROD-005,production_meter,2026-09-01T16:18:36.854Z,8,running,ore,1876.0,1800.0,383394.1,3459,,False,[]
ad058457-4133-44f7-9aac-44885848eed8,1.0,beta-minerals,north-site,production_telemetry,BETA-NORTH-PROD-006,production_meter,2026-09-01T16:18:36.854Z,8,running,ore,1697.8,1800.0,1956871.2,9162,,False,[]
977505a7-5771-440c-ae64-60493c9a6e5f,1.0,beta-minerals,north-site,production_telemetry,BETA-NORTH-PROD-007,production_meter,2026-09-01T16:18:36.854Z,8,running,ore,1578.2,1800.0,694160.3,4305,,False,[]
7f5e03d3-085d-413b-b65f-df8a85d66c01,1.0,beta-minerals,north-site,production_telemetry,BETA-NORTH-PROD-008,production_meter,2026-09-01T16:18:36.854Z,8,running,ore,1709.9,1800.0,779321.2,14851,,False,[]
55a7462b-fd81-4213-a46a-9ad0a051aaa3,1.0,beta-minerals,north-site,production_telemetry,BETA-NORTH-PROD-009,production_meter,2026-09-01T16:18:36.854Z,8,running,ore,1829.3,1800.0,860492.9,15467,,False,[]
46760212-a54d-4ab5-b9d8-a3d51b7667f6,1.0,beta-minerals,north-site,production_telemetry,BETA-NORTH-PROD-010,production_meter,2026-09-01T16:18:36.854Z,8,stopped,ore,369.6,1800.0,314824.4,2429,feed_shortage,True,"[""PRODUCTION_RATE_LOW""]"
73b2db1e-9a8e-4e32-823c-dd0ebafa08c9,1.0,beta-minerals,north-site,production_telemetry,BETA-NORTH-PROD-011,production_meter,2026-09-01T16:18:36.854Z,8,running,ore,1527.5,1800.0,932527.5,12951,,False,[]
28c06a3f-4fce-4c4d-bba7-ec42066f4133,1.0,beta-minerals,north-site,production_telemetry,BETA-NORTH-PROD-012,production_meter,2026-09-01T16:18:36.854Z,8,running,ore,1656.4,1800.0,1017869.9,16502,,False,[]
77bd1332-8295-40aa-a456-35fd87fed021,1.0,beta-minerals,north-site,production_telemetry,BETA-NORTH-PROD-013,production_meter,2026-09-01T16:18:36.854Z,8,running,ore,1697.7,1800.0,1388082.1,19403,,False,[]
2f92e446-2dc4-4598-8fcb-d1191a160601,1.0,beta-minerals,north-site,production_telemetry,BETA-NORTH-PROD-014,production_meter,2026-09-01T16:18:36.854Z,8,running,ore,1587.4,1800.0,1274673.0,14691,,False,[]
98a0bf43-44a9-440f-8e37-e843405bf558,1.0,beta-minerals,north-site,production_telemetry,BETA-NORTH-PROD-015,production_meter,2026-09-01T16:18:36.854Z,8,running,ore,1772.0,1800.0,1160873.1,2296,,False,[]
46d291a5-5710-4040-a810-1c35176c37fb,1.0,beta-minerals,north-site,production_telemetry,BETA-NORTH-PROD-016,production_meter,2026-09-01T16:18:36.854Z,8,running,ore,1682.8,1800.0,1527736.4,11014,,False,[]
f9622694-2463-4a84-852b-6d816836816f,1.0,beta-minerals,north-site,production_telemetry,BETA-NORTH-PROD-017,production_meter,2026-09-01T16:18:36.854Z,8,running,ore,1773.7,1800.0,546519.1,15551,,False,[]
30b14a6f-e81d-44eb-954f-38709657949c,1.0,beta-minerals,north-site,production_telemetry,BETA-NORTH-PROD-018,production_meter,2026-09-01T16:18:36.854Z,8,running,ore,1768.4,1800.0,1515972.8,1090,,False,[]
257cd61e-e451-48a2-9da3-20b8350ebef8,1.0,beta-minerals,north-site,production_telemetry,BETA-NORTH-PROD-019,production_meter,2026-09-01T16:18:36.854Z,8,running,ore,1618.2,1800.0,1276244.5,10489,,False,[]
d23f68ab-81c6-49fd-80e1-2792406d5e7b,1.0,beta-minerals,north-site,production_telemetry,BETA-NORTH-PROD-020,production_meter,2026-09-01T16:18:36.854Z,8,running,ore,1740.4,1800.0,1651537.3,15399,,False,[]
09ff26ce-9b50-4d7c-9c80-20a1c05ec858,1.0,beta-minerals,north-site,production_telemetry,BETA-NORTH-PROD-021,production_meter,2026-09-01T16:18:36.854Z,8,running,ore,1794.8,1800.0,285148.8,7774,,False,[]
0005ac25-ce5e-47a1-a16f-5a91560c6e3f,1.0,beta-minerals,north-site,production_telemetry,BETA-NORTH-PROD-022,production_meter,2026-09-01T16:18:36.854Z,8,running,ore,1869.2,1800.0,302030.9,5887,,False,[]
81ec59da-845c-484d-93a6-b62e861eb2d6,1.0,beta-minerals,north-site,production_telemetry,BETA-NORTH-PROD-023,production_meter,2026-09-01T16:18:36.854Z,8,running,ore,1510.9,1800.0,329435.8,13382,,False,[]
729ccf0a-73e3-4a41-ab80-b267102693de,1.0,beta-minerals,north-site,production_telemetry,BETA-NORTH-PROD-024,production_meter,2026-09-01T16:18:36.854Z,8,running,ore,1625.3,1800.0,1303175.5,19802,,False,[]
324a5258-cfb1-4674-9053-bf41c4be0509,1.0,beta-minerals,north-site,production_telemetry,BETA-NORTH-PROD-025,production_meter,2026-09-01T16:18:36.854Z,8,running,ore,1726.2,1800.0,108258.9,2099,,False,[]
3d0b618b-8b7b-4083-bd2b-46e2470486e8,1.0,beta-minerals,north-site,production_telemetry,BETA-NORTH-PROD-026,production_meter,2026-09-01T16:18:36.854Z,8,running,ore,1861.0,1800.0,1414472.6,6198,,False,[]
a5ea6f80-3c87-4102-9da9-40df0576b805,1.0,beta-minerals,north-site,production_telemetry,BETA-NORTH-PROD-027,production_meter,2026-09-01T16:18:36.854Z,8,running,ore,1586.6,1800.0,830878.4,8642,,False,[]
42d935a6-02df-4582-b502-1713bab45f4e,1.0,beta-minerals,north-site,production_telemetry,BETA-NORTH-PROD-028,production_meter,2026-09-01T16:18:36.854Z,8,running,ore,1811.8,1800.0,1430046.6,17294,,False,[]
32a9c3b7-c7a6-44d2-896a-ba4afcead104,1.0,beta-minerals,north-site,production_telemetry,BETA-NORTH-PROD-029,production_meter,2026-09-01T16:18:36.854Z,8,running,ore,1511.3,1800.0,481705.7,10029,,False,[]
20274633-aa35-4abc-881f-415d47878167,1.0,beta-minerals,north-site,production_telemetry,BETA-NORTH-PROD-030,production_meter,2026-09-01T16:18:36.854Z,8,running,ore,1694.6,1800.0,1130750.8,11071,,False,[]
fb0e2247-333c-4def-b938-a7d0fd0b858b,1.0,acme-mining,site-01,production_telemetry,ACME-S01-PROD-001,production_meter,2026-09-01T16:18:41.854Z,9,running,ore,1748.0,1800.0,1949867.1,16785,,False,[]
35b08c14-b51a-44e5-98d3-f345fe182f85,1.0,acme-mining,site-01,production_telemetry,ACME-S01-PROD-002,production_meter,2026-09-01T16:18:41.854Z,9,running,ore,1709.0,1800.0,461271.8,8721,,False,[]
6125d9c0-d8b3-4ad8-8e75-6f7943de66ea,1.0,acme-mining,site-01,production_telemetry,ACME-S01-PROD-003,production_meter,2026-09-01T16:18:41.854Z,9,running,ore,1771.0,1800.0,1328068.3,10632,,False,[]
b00a7d64-43a8-43e4-ac4c-5030f96d4958,1.0,acme-mining,site-01,production_telemetry,ACME-S01-PROD-004,production_meter,2026-09-01T16:18:41.854Z,9,running,ore,1866.7,1800.0,889477.4,7088,,False,[]
440297ab-e9e9-4fb9-8804-4bd4ca41583f,1.0,acme-mining,site-01,production_telemetry,ACME-S01-PROD-005,production_meter,2026-09-01T16:18:41.854Z,9,running,ore,1721.6,1800.0,588262.8,16298,,False,[]
950f5ba6-ed4d-4561-afeb-9fa03f415dc8,1.0,acme-mining,site-01,production_telemetry,ACME-S01-PROD-006,production_meter,2026-09-01T16:18:41.854Z,9,running,ore,1644.4,1800.0,1532909.2,7901,,False,[]
6a4a01d3-d1b0-4189-944d-8be4aec45d0b,1.0,acme-mining,site-01,production_telemetry,ACME-S01-PROD-007,production_meter,2026-09-01T16:18:41.854Z,9,running,ore,1854.8,1800.0,1602317.5,965,,False,[]
5bb7dba7-40ae-4930-9844-0cc17beb5cb2,1.0,acme-mining,site-01,production_telemetry,ACME-S01-PROD-008,production_meter,2026-09-01T16:18:41.854Z,9,running,ore,1650.7,1800.0,1313264.8,12681,,False,[]
dcd8d07f-0948-4cce-81eb-7f6623bc6046,1.0,acme-mining,site-01,production_telemetry,ACME-S01-PROD-009,production_meter,2026-09-01T16:18:41.854Z,9,running,ore,1748.3,1800.0,520616.7,2580,,False,[]
a6957cb7-1ccc-4168-bc96-263252fc9365,1.0,acme-mining,site-01,production_telemetry,ACME-S01-PROD-010,production_meter,2026-09-01T16:18:41.854Z,9,running,ore,1582.2,1800.0,170723.9,16651,,False,[]
a19105ff-7c3e-45f7-8450-3baf97c225c0,1.0,acme-mining,site-01,production_telemetry,ACME-S01-PROD-011,production_meter,2026-09-01T16:18:41.854Z,9,running,ore,1735.0,1800.0,1423339.3,18210,,False,[]
62c793c4-7e71-4f1f-9c27-8871d8dca7e3,1.0,acme-mining,site-01,production_telemetry,ACME-S01-PROD-012,production_meter,2026-09-01T16:18:41.854Z,9,running,ore,1804.9,1800.0,875438.0,9675,,False,[]
2836c0fd-2084-42d6-b5c3-27f75bddfe15,1.0,acme-mining,site-01,production_telemetry,ACME-S01-PROD-013,production_meter,2026-09-01T16:18:41.854Z,9,running,ore,1719.1,1800.0,1402814.7,18350,,False,[]
873a5206-815c-4108-a81c-426cafd12e99,1.0,acme-mining,site-01,production_telemetry,ACME-S01-PROD-014,production_meter,2026-09-01T16:18:41.854Z,9,running,ore,1516.4,1800.0,1665982.3,3512,,False,[]
7b68807e-a30c-4b12-b6e3-7515cfaaed48,1.0,acme-mining,site-01,production_telemetry,ACME-S01-PROD-015,production_meter,2026-09-01T16:18:41.854Z,9,running,ore,1578.4,1800.0,339276.4,19009,,False,[]
9eb59fa7-33a3-4272-9444-af36f4d07955,1.0,acme-mining,site-01,production_telemetry,ACME-S01-PROD-016,production_meter,2026-09-01T16:18:41.854Z,9,running,ore,1827.6,1800.0,1571321.2,601,,False,[]
1d6fdce4-f730-4274-b4a1-7b8b163a2756,1.0,acme-mining,site-01,production_telemetry,ACME-S01-PROD-017,production_meter,2026-09-01T16:18:41.854Z,9,running,ore,1575.6,1800.0,1746271.8,4827,,False,[]
d5ddcbd5-846d-466a-9432-67a837c70b76,1.0,acme-mining,site-01,production_telemetry,ACME-S01-PROD-018,production_meter,2026-09-01T16:18:41.854Z,9,running,ore,1742.7,1800.0,1509285.2,17747,,False,[]
c5ca42ff-0b5e-4df6-8a27-7698873853ab,1.0,acme-mining,site-01,production_telemetry,ACME-S01-PROD-019,production_meter,2026-09-01T16:18:41.854Z,9,running,ore,1624.7,1800.0,520963.8,1929,,False,[]
73867f8a-fe7d-414a-9920-39e362e48640,1.0,acme-mining,site-01,production_telemetry,ACME-S01-PROD-020,production_meter,2026-09-01T16:18:41.854Z,9,running,ore,1775.7,1800.0,1997335.8,13669,,False,[]
3e17b614-93e3-4dda-8fa0-cd93c44b8e7e,1.0,acme-mining,site-02,production_telemetry,ACME-S02-PROD-001,production_meter,2026-09-01T16:18:41.854Z,9,running,ore,1778.5,1800.0,1892602.6,11570,,False,[]
672734ed-7b8b-4987-b8a3-c4fa2934e9e0,1.0,acme-mining,site-02,production_telemetry,ACME-S02-PROD-002,production_meter,2026-09-01T16:18:41.854Z,9,running,ore,1652.8,1800.0,1610474.3,6055,,False,[]
7371776c-82ba-4d5c-8694-25fa85828e81,1.0,acme-mining,site-02,production_telemetry,ACME-S02-PROD-003,production_meter,2026-09-01T16:18:41.854Z,9,running,ore,1704.5,1800.0,1095513.9,2944,,False,[]
11e28984-5d8f-4834-bd47-5932af2fc7c9,1.0,acme-mining,site-02,production_telemetry,ACME-S02-PROD-004,production_meter,2026-09-01T16:18:41.854Z,9,degraded,ore,281.9,1800.0,1443640.3,808,feed_shortage,True,"[""PRODUCTION_RATE_LOW""]"
8b4a8fd7-8625-49dd-820d-f742c3a4e1c4,1.0,acme-mining,site-02,production_telemetry,ACME-S02-PROD-005,production_meter,2026-09-01T16:18:41.854Z,9,running,ore,1677.8,1800.0,1352661.6,1024,,False,[]
b96ab760-876f-4f27-8d45-41c37700ca9f,1.0,acme-mining,site-02,production_telemetry,ACME-S02-PROD-006,production_meter,2026-09-01T16:18:41.854Z,9,running,ore,1671.5,1800.0,132592.8,14618,,False,[]
edbdd58a-53f9-4b01-80ee-f387e33439c3,1.0,acme-mining,site-02,production_telemetry,ACME-S02-PROD-007,production_meter,2026-09-01T16:18:41.854Z,9,running,ore,1539.9,1800.0,1100286.5,12123,,False,[]
1065c904-76fc-42c1-a8fb-97304c10e43c,1.0,acme-mining,site-02,production_telemetry,ACME-S02-PROD-008,production_meter,2026-09-01T16:18:41.854Z,9,running,ore,1611.8,1800.0,529146.1,3150,,False,[]
2c0ea470-b520-4225-b985-31737efa2955,1.0,acme-mining,site-02,production_telemetry,ACME-S02-PROD-009,production_meter,2026-09-01T16:18:41.854Z,9,running,ore,1532.1,1800.0,206639.7,818,,False,[]
1d961a7e-8994-421d-9240-4bf95893d462,1.0,acme-mining,site-02,production_telemetry,ACME-S02-PROD-010,production_meter,2026-09-01T16:18:41.854Z,9,running,ore,1553.8,1800.0,1950315.9,17815,,False,[]
6711242e-e20c-4eda-af0b-7c98ed764f3e,1.0,acme-mining,site-02,production_telemetry,ACME-S02-PROD-011,production_meter,2026-09-01T16:18:41.854Z,9,degraded,ore,614.0,1800.0,1855922.3,9696,crusher_trip,True,"[""PRODUCTION_RATE_LOW""]"
86f928dd-ad59-4808-9b72-dac49b4bfca7,1.0,acme-mining,site-02,production_telemetry,ACME-S02-PROD-012,production_meter,2026-09-01T16:18:41.854Z,9,running,ore,1606.8,1800.0,1215387.6,13560,,False,[]
a9045a59-b4b7-4736-a8f3-88dbf34f7659,1.0,acme-mining,site-02,production_telemetry,ACME-S02-PROD-013,production_meter,2026-09-01T16:18:41.854Z,9,running,ore,1539.0,1800.0,1127089.7,13086,,False,[]
a5cd7fe3-4f28-449d-b499-e8f122c74d31,1.0,acme-mining,site-02,production_telemetry,ACME-S02-PROD-014,production_meter,2026-09-01T16:18:41.854Z,9,running,ore,1567.6,1800.0,202043.9,14831,,False,[]
e99cd159-08f6-43cd-9657-5b3b4648afae,1.0,acme-mining,site-02,production_telemetry,ACME-S02-PROD-015,production_meter,2026-09-01T16:18:41.854Z,9,running,ore,1655.7,1800.0,720133.6,9465,,False,[]
8567409c-a8fa-4114-bdf7-d8526a4576f1,1.0,acme-mining,site-02,production_telemetry,ACME-S02-PROD-016,production_meter,2026-09-01T16:18:41.854Z,9,running,ore,1703.3,1800.0,1213184.3,12963,,False,[]
8221e57b-3346-4432-8c55-83b0baa26fa0,1.0,acme-mining,site-02,production_telemetry,ACME-S02-PROD-017,production_meter,2026-09-01T16:18:41.854Z,9,running,ore,1658.0,1800.0,1452208.4,5564,,False,[]
1cb8e6cb-f08d-4d2e-94ae-09476e1404c5,1.0,acme-mining,site-02,production_telemetry,ACME-S02-PROD-018,production_meter,2026-09-01T16:18:41.854Z,9,running,ore,1863.2,1800.0,612578.1,4850,,False,[]
53fa57c7-874a-49e2-a240-28b84f9ea177,1.0,acme-mining,site-02,production_telemetry,ACME-S02-PROD-019,production_meter,2026-09-01T16:18:41.854Z,9,stopped,ore,795.3,1800.0,1153036.3,11139,conveyor_blockage,True,"[""PRODUCTION_RATE_LOW""]"
6bada3f1-fea1-4508-8032-3475cd8aeffd,1.0,acme-mining,site-02,production_telemetry,ACME-S02-PROD-020,production_meter,2026-09-01T16:18:41.854Z,9,running,ore,1717.4,1800.0,1986208.6,8463,,False,[]
8e42ced5-bd7f-4d98-a5ab-d92f6503bb59,1.0,beta-minerals,north-site,production_telemetry,BETA-NORTH-PROD-001,production_meter,2026-09-01T16:18:41.854Z,9,running,ore,1737.6,1800.0,490461.6,813,,False,[]
ee05ee8d-ae2e-4a1f-a2b6-ad15e3527d0f,1.0,beta-minerals,north-site,production_telemetry,BETA-NORTH-PROD-002,production_meter,2026-09-01T16:18:41.854Z,9,degraded,ore,742.7,1800.0,1678259.5,3946,conveyor_blockage,True,"[""PRODUCTION_RATE_LOW""]"
6ce50922-3a76-4866-8d5b-c7aa15d120f3,1.0,beta-minerals,north-site,production_telemetry,BETA-NORTH-PROD-003,production_meter,2026-09-01T16:18:41.854Z,9,running,ore,1721.9,1800.0,1578143.2,17651,,False,[]
488fbe21-a52b-4cea-b979-577bfd930ae9,1.0,beta-minerals,north-site,production_telemetry,BETA-NORTH-PROD-004,production_meter,2026-09-01T16:18:41.854Z,9,running,ore,1886.8,1800.0,1407606.1,16259,,False,[]
d08a0d06-e69a-4436-b615-2b6995f3bdda,1.0,beta-minerals,north-site,production_telemetry,BETA-NORTH-PROD-005,production_meter,2026-09-01T16:18:41.854Z,9,running,ore,1714.3,1800.0,383396.5,3460,,False,[]
68ba3184-a45d-482b-96e0-17f43ab93ea5,1.0,beta-minerals,north-site,production_telemetry,BETA-NORTH-PROD-006,production_meter,2026-09-01T16:18:41.854Z,9,running,ore,1711.0,1800.0,1956873.6,9163,,False,[]
6b1f6075-8e5a-4566-9c7a-54879b225eee,1.0,beta-minerals,north-site,production_telemetry,BETA-NORTH-PROD-007,production_meter,2026-09-01T16:18:41.854Z,9,running,ore,1873.0,1800.0,694162.9,4306,,False,[]
e4bc6504-aa8e-46a6-929b-271caf323b7f,1.0,beta-minerals,north-site,production_telemetry,BETA-NORTH-PROD-008,production_meter,2026-09-01T16:18:41.854Z,9,running,ore,1518.3,1800.0,779323.3,14852,,False,[]
0b086d91-a734-44c3-a1e2-b8c00cc9eff4,1.0,beta-minerals,north-site,production_telemetry,BETA-NORTH-PROD-009,production_meter,2026-09-01T16:18:41.854Z,9,running,ore,1514.1,1800.0,860495.0,15468,,False,[]
ddcb9f8b-3160-4283-abb7-2c54b5ada13d,1.0,beta-minerals,north-site,production_telemetry,BETA-NORTH-PROD-010,production_meter,2026-09-01T16:18:41.854Z,9,running,ore,1633.6,1800.0,314826.7,2430,,False,[]
1a0dc1ab-c172-446a-bece-d461f9670291,1.0,beta-minerals,north-site,production_telemetry,BETA-NORTH-PROD-011,production_meter,2026-09-01T16:18:41.854Z,9,running,ore,1722.7,1800.0,932529.9,12952,,False,[]
101d6b4e-e7fb-4ff7-a09a-a673f397b985,1.0,beta-minerals,north-site,production_telemetry,BETA-NORTH-PROD-012,production_meter,2026-09-01T16:18:41.854Z,9,running,ore,1652.1,1800.0,1017872.2,16503,,False,[]
bbb424e5-867e-4d1c-83df-fc8f5ed9207b,1.0,beta-minerals,north-site,production_telemetry,BETA-NORTH-PROD-013,production_meter,2026-09-01T16:18:41.854Z,9,running,ore,1513.7,1800.0,1388084.2,19404,,False,[]
04e2d6c6-2508-4726-abab-304669e41841,1.0,beta-minerals,north-site,production_telemetry,BETA-NORTH-PROD-014,production_meter,2026-09-01T16:18:41.854Z,9,running,ore,1562.4,1800.0,1274675.2,14692,,False,[]
e627e9f5-304b-40d7-85ae-9c782463e31e,1.0,beta-minerals,north-site,production_telemetry,BETA-NORTH-PROD-015,production_meter,2026-09-01T16:18:41.854Z,9,running,ore,1829.6,1800.0,1160875.6,2297,,False,[]
977fc18b-5c15-40cc-b92d-84f35041b9f0,1.0,beta-minerals,north-site,production_telemetry,BETA-NORTH-PROD-016,production_meter,2026-09-01T16:18:41.854Z,9,running,ore,1893.4,1800.0,1527739.1,11015,,False,[]
fdf1933f-5442-435b-9459-535492ec8c00,1.0,beta-minerals,north-site,production_telemetry,BETA-NORTH-PROD-017,production_meter,2026-09-01T16:18:41.854Z,9,running,ore,1767.5,1800.0,546521.6,15552,,False,[]
30419da6-65ea-47b6-b4d9-50ba148d4249,1.0,beta-minerals,north-site,production_telemetry,BETA-NORTH-PROD-018,production_meter,2026-09-01T16:18:41.854Z,9,running,ore,1679.0,1800.0,1515975.1,1091,,False,[]
59e4a1ee-2aa3-4cde-bfba-22c285f76d17,1.0,beta-minerals,north-site,production_telemetry,BETA-NORTH-PROD-019,production_meter,2026-09-01T16:18:41.854Z,9,running,ore,1683.2,1800.0,1276246.9,10490,,False,[]
1a73c639-baf1-46db-a49d-bc6d3189d720,1.0,beta-minerals,north-site,production_telemetry,BETA-NORTH-PROD-020,production_meter,2026-09-01T16:18:41.854Z,9,running,ore,1613.1,1800.0,1651539.5,15400,,False,[]
6a106c84-8355-4890-ab6e-e26dcd1fc797,1.0,beta-minerals,north-site,production_telemetry,BETA-NORTH-PROD-021,production_meter,2026-09-01T16:18:41.854Z,9,running,ore,1589.3,1800.0,285151.0,7775,,False,[]
f5a38b03-13d2-4e12-874c-4999d859bdb4,1.0,beta-minerals,north-site,production_telemetry,BETA-NORTH-PROD-022,production_meter,2026-09-01T16:18:41.854Z,9,running,ore,1812.4,1800.0,302033.5,5888,,False,[]
d5ed3427-c347-401c-ba9e-50ad08cd3f28,1.0,beta-minerals,north-site,production_telemetry,BETA-NORTH-PROD-023,production_meter,2026-09-01T16:18:41.854Z,9,running,ore,1588.8,1800.0,329438.0,13383,,False,[]
2a48197c-3e6b-4b7e-98cf-2d69205730fd,1.0,beta-minerals,north-site,production_telemetry,BETA-NORTH-PROD-024,production_meter,2026-09-01T16:18:41.854Z,9,running,ore,1741.5,1800.0,1303178.0,19803,,False,[]
b6c63f55-b416-41d8-add8-0b649e91add0,1.0,beta-minerals,north-site,production_telemetry,BETA-NORTH-PROD-025,production_meter,2026-09-01T16:18:41.854Z,9,running,ore,1708.2,1800.0,108261.3,2100,,False,[]
3b8edcf6-09a9-4442-b23b-bfb86288fe46,1.0,beta-minerals,north-site,production_telemetry,BETA-NORTH-PROD-026,production_meter,2026-09-01T16:18:41.854Z,9,running,ore,1751.5,1800.0,1414475.0,6199,,False,[]
ef776cc1-9d88-45f2-9c35-ff9b763a0244,1.0,beta-minerals,north-site,production_telemetry,BETA-NORTH-PROD-027,production_meter,2026-09-01T16:18:41.854Z,9,running,ore,1541.3,1800.0,830880.6,8643,,False,[]
83ec968e-dc46-45bc-bcbe-90e0d4136c2f,1.0,beta-minerals,north-site,production_telemetry,BETA-NORTH-PROD-028,production_meter,2026-09-01T16:18:41.854Z,9,running,ore,1890.8,1800.0,1430049.3,17295,,False,[]
fff04ccb-0bb0-449d-b246-4bff7687d2d4,1.0,beta-minerals,north-site,production_telemetry,BETA-NORTH-PROD-029,production_meter,2026-09-01T16:18:41.854Z,9,running,ore,1581.8,1800.0,481707.9,10030,,False,[]
327623b2-fdc0-4e1f-9515-e6a18ccb789b,1.0,beta-minerals,north-site,production_telemetry,BETA-NORTH-PROD-030,production_meter,2026-09-01T16:18:41.854Z,9,running,ore,1531.8,1800.0,1130753.0,11072,,False,[]
41826aa0-fa49-42bb-b9bf-36cdadb81935,1.0,acme-mining,site-01,production_telemetry,ACME-S01-PROD-001,production_meter,2026-09-01T16:18:46.854Z,10,running,ore,1698.3,1800.0,1949869.5,16786,,False,[]
9ab9b499-71ab-44ff-a77a-790f7763c935,1.0,acme-mining,site-01,production_telemetry,ACME-S01-PROD-002,production_meter,2026-09-01T16:18:46.854Z,10,running,ore,1542.3,1800.0,461273.9,8722,,False,[]
ee1247bc-8c33-4d35-9e9e-ce9628877852,1.0,acme-mining,site-01,production_telemetry,ACME-S01-PROD-003,production_meter,2026-09-01T16:18:46.854Z,10,running,ore,1598.6,1800.0,1328070.5,10633,,False,[]
233a5c65-6518-4df4-8899-0c8d76642dc0,1.0,acme-mining,site-01,production_telemetry,ACME-S01-PROD-004,production_meter,2026-09-01T16:18:46.854Z,10,running,ore,1741.7,1800.0,889479.8,7089,,False,[]
38e14d75-431c-438c-9c91-48827de65872,1.0,acme-mining,site-01,production_telemetry,ACME-S01-PROD-005,production_meter,2026-09-01T16:18:46.854Z,10,running,ore,1730.9,1800.0,588265.2,16299,,False,[]
5c4f2c09-0413-408d-a268-ec92e9fde4a9,1.0,acme-mining,site-01,production_telemetry,ACME-S01-PROD-006,production_meter,2026-09-01T16:18:46.854Z,10,running,ore,1737.8,1800.0,1532911.6,7902,,False,[]
ef58f126-dabb-4627-b440-c3ddb07dff58,1.0,acme-mining,site-01,production_telemetry,ACME-S01-PROD-007,production_meter,2026-09-01T16:18:46.854Z,10,running,ore,1753.4,1800.0,1602319.9,966,,False,[]
5ee3a072-6385-4f1f-b0f2-baa664cff3d2,1.0,acme-mining,site-01,production_telemetry,ACME-S01-PROD-008,production_meter,2026-09-01T16:18:46.854Z,10,running,ore,1778.4,1800.0,1313267.3,12682,,False,[]
da5e57f4-7204-4248-a643-dddcb06369fa,1.0,acme-mining,site-01,production_telemetry,ACME-S01-PROD-009,production_meter,2026-09-01T16:18:46.854Z,10,running,ore,1864.9,1800.0,520619.2,2581,,False,[]
6b82120c-0ef9-4628-bc17-e17f2c2e39cf,1.0,acme-mining,site-01,production_telemetry,ACME-S01-PROD-010,production_meter,2026-09-01T16:18:46.854Z,10,running,ore,1588.1,1800.0,170726.1,16652,,False,[]
76fa4d5a-823e-4265-98f0-5e9f25ca8121,1.0,acme-mining,site-01,production_telemetry,ACME-S01-PROD-011,production_meter,2026-09-01T16:18:46.854Z,10,running,ore,1694.3,1800.0,1423341.6,18211,,False,[]
cb5d2599-b363-4775-8430-b05ca1faaed6,1.0,acme-mining,site-01,production_telemetry,ACME-S01-PROD-012,production_meter,2026-09-01T16:18:46.854Z,10,running,ore,1707.6,1800.0,875440.3,9676,,False,[]
e30ba5b5-72b3-4043-bb5b-7034b437a53f,1.0,acme-mining,site-01,production_telemetry,ACME-S01-PROD-013,production_meter,2026-09-01T16:18:46.854Z,10,running,ore,1831.5,1800.0,1402817.3,18351,,False,[]
7f561502-886d-41a5-a182-cd2497109a84,1.0,acme-mining,site-01,production_telemetry,ACME-S01-PROD-014,production_meter,2026-09-01T16:18:46.854Z,10,running,ore,1793.6,1800.0,1665984.8,3513,,False,[]
c1aa4fdc-d77a-4389-9401-9791a07b2da6,1.0,acme-mining,site-01,production_telemetry,ACME-S01-PROD-015,production_meter,2026-09-01T16:18:46.854Z,10,running,ore,1724.3,1800.0,339278.8,19010,,False,[]
ecb1bdfd-7d75-4087-917c-e50265b450aa,1.0,acme-mining,site-01,production_telemetry,ACME-S01-PROD-016,production_meter,2026-09-01T16:18:46.854Z,10,running,ore,1658.6,1800.0,1571323.5,602,,False,[]
e9f1ae15-8927-4e35-9786-93f8c431e0b2,1.0,acme-mining,site-01,production_telemetry,ACME-S01-PROD-017,production_meter,2026-09-01T16:18:46.854Z,10,running,ore,1718.4,1800.0,1746274.2,4828,,False,[]
d2d78f2a-49a0-444a-8cac-e8a8d26eb82b,1.0,acme-mining,site-01,production_telemetry,ACME-S01-PROD-018,production_meter,2026-09-01T16:18:46.854Z,10,running,ore,1810.4,1800.0,1509287.7,17748,,False,[]
9f76ce83-1b7d-4ac5-a80f-23cb17738a18,1.0,acme-mining,site-01,production_telemetry,ACME-S01-PROD-019,production_meter,2026-09-01T16:18:46.854Z,10,running,ore,1687.0,1800.0,520966.2,1930,,False,[]
9a0240e0-7736-4f6d-8367-f018d4354672,1.0,acme-mining,site-01,production_telemetry,ACME-S01-PROD-020,production_meter,2026-09-01T16:18:46.854Z,10,running,ore,1520.5,1800.0,1997337.9,13670,,False,[]
421e3f9a-1210-4b5f-bd56-dd66ffd4c6cd,1.0,acme-mining,site-02,production_telemetry,ACME-S02-PROD-001,production_meter,2026-09-01T16:18:46.854Z,10,running,ore,1855.0,1800.0,1892605.2,11571,,False,[]
8e0ec94c-7331-4443-9d79-d79254418279,1.0,acme-mining,site-02,production_telemetry,ACME-S02-PROD-002,production_meter,2026-09-01T16:18:46.854Z,10,running,ore,1530.3,1800.0,1610476.4,6056,,False,[]
14f425d7-45b6-4ecc-8f4b-0e22e8e76e74,1.0,acme-mining,site-02,production_telemetry,ACME-S02-PROD-003,production_meter,2026-09-01T16:18:46.854Z,10,running,ore,1506.8,1800.0,1095516.0,2945,,False,[]
b4f30d34-5521-458a-90c9-69e9ea7d4d45,1.0,acme-mining,site-02,production_telemetry,ACME-S02-PROD-004,production_meter,2026-09-01T16:18:46.854Z,10,running,ore,1827.4,1800.0,1443642.8,809,,False,[]
6f47d5de-e3f9-466e-a173-b2099d219338,1.0,acme-mining,site-02,production_telemetry,ACME-S02-PROD-005,production_meter,2026-09-01T16:18:46.854Z,10,running,ore,1612.1,1800.0,1352663.8,1025,,False,[]
324e190b-f7f9-4770-861c-7832582d7a2e,1.0,acme-mining,site-02,production_telemetry,ACME-S02-PROD-006,production_meter,2026-09-01T16:18:46.854Z,10,running,ore,1630.4,1800.0,132595.1,14619,,False,[]
81812333-bd97-49bf-b0e1-7734520dcd47,1.0,acme-mining,site-02,production_telemetry,ACME-S02-PROD-007,production_meter,2026-09-01T16:18:46.854Z,10,running,ore,1551.7,1800.0,1100288.6,12124,,False,[]
a3aa7853-d6e5-4ffa-bf89-e1401bfa4b3f,1.0,acme-mining,site-02,production_telemetry,ACME-S02-PROD-008,production_meter,2026-09-01T16:18:46.854Z,10,running,ore,1696.4,1800.0,529148.5,3151,,False,[]
186c5f35-6b9e-48f2-aef2-36f7f6f44521,1.0,acme-mining,site-02,production_telemetry,ACME-S02-PROD-009,production_meter,2026-09-01T16:18:46.854Z,10,running,ore,1684.3,1800.0,206642.1,819,,False,[]
d4c25b60-152d-48c2-b18a-16004aaaa040,1.0,acme-mining,site-02,production_telemetry,ACME-S02-PROD-010,production_meter,2026-09-01T16:18:46.854Z,10,running,ore,1870.4,1800.0,1950318.5,17816,,False,[]
cc7f5a0a-817a-4009-89e5-49c40f3beb33,1.0,acme-mining,site-02,production_telemetry,ACME-S02-PROD-011,production_meter,2026-09-01T16:18:46.854Z,10,running,ore,1672.6,1800.0,1855924.6,9697,,False,[]
6cfe6696-41c2-48d8-b154-47bd3227f0f2,1.0,acme-mining,site-02,production_telemetry,ACME-S02-PROD-012,production_meter,2026-09-01T16:18:46.854Z,10,running,ore,1685.1,1800.0,1215389.9,13561,,False,[]
15aceb6e-43c1-4aa8-8178-0fabea9c4cd9,1.0,acme-mining,site-02,production_telemetry,ACME-S02-PROD-013,production_meter,2026-09-01T16:18:46.854Z,10,running,ore,1767.1,1800.0,1127092.2,13087,,False,[]
8aa8d7e0-3609-4345-9add-56d328243a37,1.0,acme-mining,site-02,production_telemetry,ACME-S02-PROD-014,production_meter,2026-09-01T16:18:46.854Z,10,running,ore,1884.3,1800.0,202046.5,14832,,False,[]
8e266847-bbc0-493b-b7e5-f83bf13ef3ec,1.0,acme-mining,site-02,production_telemetry,ACME-S02-PROD-015,production_meter,2026-09-01T16:18:46.854Z,10,running,ore,1637.3,1800.0,720135.9,9466,,False,[]
88483a52-46a2-4cdd-be51-00465b804532,1.0,acme-mining,site-02,production_telemetry,ACME-S02-PROD-016,production_meter,2026-09-01T16:18:46.854Z,10,running,ore,1890.5,1800.0,1213186.9,12964,,False,[]
41483556-ebd6-4d50-ab2e-83c31ca59fc5,1.0,acme-mining,site-02,production_telemetry,ACME-S02-PROD-017,production_meter,2026-09-01T16:18:46.854Z,10,degraded,ore,743.1,1800.0,1452209.4,5565,feed_shortage,True,"[""PRODUCTION_RATE_LOW""]"
feb8cc6d-2319-4a50-af91-c3bba3cdcb70,1.0,acme-mining,site-02,production_telemetry,ACME-S02-PROD-018,production_meter,2026-09-01T16:18:46.854Z,10,running,ore,1553.6,1800.0,612580.2,4851,,False,[]
883d92e7-6c51-41be-89c3-e15d81be6f50,1.0,acme-mining,site-02,production_telemetry,ACME-S02-PROD-019,production_meter,2026-09-01T16:18:46.854Z,10,running,ore,1533.2,1800.0,1153038.4,11140,,False,[]
14aff95b-6bd5-40ab-ab51-8765c29e2bdf,1.0,acme-mining,site-02,production_telemetry,ACME-S02-PROD-020,production_meter,2026-09-01T16:18:46.854Z,10,running,ore,1705.6,1800.0,1986210.9,8464,,False,[]
435bd289-fb34-4944-9943-84c8a17f00e6,1.0,beta-minerals,north-site,production_telemetry,BETA-NORTH-PROD-001,production_meter,2026-09-01T16:18:46.854Z,10,running,ore,1801.5,1800.0,490464.1,814,,False,[]
090b63cc-a38f-4f7e-9484-167733042061,1.0,beta-minerals,north-site,production_telemetry,BETA-NORTH-PROD-002,production_meter,2026-09-01T16:18:46.854Z,10,running,ore,1890.7,1800.0,1678262.1,3947,,False,[]
3d95b57f-88df-446b-88b3-a40c6bbd9f26,1.0,beta-minerals,north-site,production_telemetry,BETA-NORTH-PROD-003,production_meter,2026-09-01T16:18:46.854Z,10,running,ore,1826.1,1800.0,1578145.8,17652,,False,[]
8e636f06-6408-4d99-b0d5-641034954f7b,1.0,beta-minerals,north-site,production_telemetry,BETA-NORTH-PROD-004,production_meter,2026-09-01T16:18:46.854Z,10,running,ore,1742.5,1800.0,1407608.5,16260,,False,[]
5fd40a56-2752-447b-b7b0-d9b12cedd453,1.0,beta-minerals,north-site,production_telemetry,BETA-NORTH-PROD-005,production_meter,2026-09-01T16:18:46.854Z,10,running,ore,1627.6,1800.0,383398.7,3461,,False,[]
4905bf97-5b2d-4175-a72e-3c966f5de973,1.0,beta-minerals,north-site,production_telemetry,BETA-NORTH-PROD-006,production_meter,2026-09-01T16:18:46.854Z,10,running,ore,1516.2,1800.0,1956875.7,9164,,False,[]
4e2f0a55-81c3-43ed-9bab-165bd568fc70,1.0,beta-minerals,north-site,production_telemetry,BETA-NORTH-PROD-007,production_meter,2026-09-01T16:18:46.854Z,10,running,ore,1629.3,1800.0,694165.2,4307,,False,[]
41b7dda4-b8ad-45fb-8b40-c83a00cc0980,1.0,beta-minerals,north-site,production_telemetry,BETA-NORTH-PROD-008,production_meter,2026-09-01T16:18:46.854Z,10,running,ore,1518.0,1800.0,779325.4,14853,,False,[]
3b182f0e-85cf-4a5e-a0d8-280ad3c764c8,1.0,beta-minerals,north-site,production_telemetry,BETA-NORTH-PROD-009,production_meter,2026-09-01T16:18:46.854Z,10,running,ore,1758.0,1800.0,860497.5,15469,,False,[]
5679a5d0-e430-4a99-bff0-bb8fc38c98e0,1.0,beta-minerals,north-site,production_telemetry,BETA-NORTH-PROD-010,production_meter,2026-09-01T16:18:46.854Z,10,running,ore,1656.0,1800.0,314829.0,2431,,False,[]
6bca06e0-dc3c-4f05-9bc0-1f036f24482c,1.0,beta-minerals,north-site,production_telemetry,BETA-NORTH-PROD-011,production_meter,2026-09-01T16:18:46.854Z,10,running,ore,1743.3,1800.0,932532.3,12953,,False,[]
2268d61e-df97-4350-b2cd-549894ab4b39,1.0,beta-minerals,north-site,production_telemetry,BETA-NORTH-PROD-012,production_meter,2026-09-01T16:18:46.854Z,10,running,ore,1606.1,1800.0,1017874.4,16504,,False,[]
d0d100cd-db27-4f39-b1f1-682cfc2bc12f,1.0,beta-minerals,north-site,production_telemetry,BETA-NORTH-PROD-013,production_meter,2026-09-01T16:18:46.854Z,10,running,ore,1809.8,1800.0,1388086.7,19405,,False,[]
073c61a0-2e97-4cba-9e75-5782f16b7829,1.0,beta-minerals,north-site,production_telemetry,BETA-NORTH-PROD-014,production_meter,2026-09-01T16:18:46.854Z,10,running,ore,1600.5,1800.0,1274677.4,14693,,False,[]
3ffd6b30-ce60-4b82-9e6c-7a7ddd35e102,1.0,beta-minerals,north-site,production_telemetry,BETA-NORTH-PROD-015,production_meter,2026-09-01T16:18:46.854Z,10,running,ore,1632.0,1800.0,1160877.9,2298,,False,[]
5f08f30c-0574-4294-b3f2-b816d94ce174,1.0,beta-minerals,north-site,production_telemetry,BETA-NORTH-PROD-016,production_meter,2026-09-01T16:18:46.854Z,10,running,ore,1574.7,1800.0,1527741.2,11016,,False,[]
3800c82d-b98c-4550-9101-16ec2f68482b,1.0,beta-minerals,north-site,production_telemetry,BETA-NORTH-PROD-017,production_meter,2026-09-01T16:18:46.854Z,10,running,ore,1642.3,1800.0,546523.8,15553,,False,[]
48e5c1a4-7a32-4cbc-a1f5-d3e66d60199d,1.0,beta-minerals,north-site,production_telemetry,BETA-NORTH-PROD-018,production_meter,2026-09-01T16:18:46.854Z,10,degraded,ore,498.5,1800.0,1515975.8,1092,feed_shortage,True,"[""PRODUCTION_RATE_LOW""]"
629ec5a1-d398-478f-86d7-c4fcf39ed797,1.0,beta-minerals,north-site,production_telemetry,BETA-NORTH-PROD-019,production_meter,2026-09-01T16:18:46.854Z,10,running,ore,1583.8,1800.0,1276249.1,10491,,False,[]
2fea14ad-b3e9-452c-97c2-bdf2e0c672e0,1.0,beta-minerals,north-site,production_telemetry,BETA-NORTH-PROD-020,production_meter,2026-09-01T16:18:46.854Z,10,running,ore,1667.8,1800.0,1651541.8,15401,,False,[]
f403cf12-4be6-4802-884d-59a5cb8c7eae,1.0,beta-minerals,north-site,production_telemetry,BETA-NORTH-PROD-021,production_meter,2026-09-01T16:18:46.854Z,10,running,ore,1670.9,1800.0,285153.4,7776,,False,[]
3ce75bc0-2cc6-4439-829b-1fb06acf6571,1.0,beta-minerals,north-site,production_telemetry,BETA-NORTH-PROD-022,production_meter,2026-09-01T16:18:46.854Z,10,running,ore,1735.0,1800.0,302035.9,5889,,False,[]
19676b47-e45a-43a5-bed9-7bf97b954c66,1.0,beta-minerals,north-site,production_telemetry,BETA-NORTH-PROD-023,production_meter,2026-09-01T16:18:46.854Z,10,running,ore,1690.8,1800.0,329440.3,13384,,False,[]
4e4b646c-d955-461b-bb22-da26b7a0e1f0,1.0,beta-minerals,north-site,production_telemetry,BETA-NORTH-PROD-024,production_meter,2026-09-01T16:18:46.854Z,10,running,ore,1610.5,1800.0,1303180.2,19804,,False,[]
d0bbe38e-39db-4a64-a664-3d8550a628ac,1.0,beta-minerals,north-site,production_telemetry,BETA-NORTH-PROD-025,production_meter,2026-09-01T16:18:46.854Z,10,running,ore,1865.6,1800.0,108263.9,2101,,False,[]
fdffe100-ed83-40a1-948d-e5ab1e57013c,1.0,beta-minerals,north-site,production_telemetry,BETA-NORTH-PROD-026,production_meter,2026-09-01T16:18:46.854Z,10,running,ore,1796.7,1800.0,1414477.5,6200,,False,[]
5880687d-90d5-48bb-8397-6b6b3618cca3,1.0,beta-minerals,north-site,production_telemetry,BETA-NORTH-PROD-027,production_meter,2026-09-01T16:18:46.854Z,10,running,ore,1532.4,1800.0,830882.7,8644,,False,[]
97b30418-18c5-48aa-bd43-afd001fed4cc,1.0,beta-minerals,north-site,production_telemetry,BETA-NORTH-PROD-028,production_meter,2026-09-01T16:18:46.854Z,10,running,ore,1825.0,1800.0,1430051.8,17296,,False,[]
06c8788b-af50-41bd-a806-1f5101074b41,1.0,beta-minerals,north-site,production_telemetry,BETA-NORTH-PROD-029,production_meter,2026-09-01T16:18:46.854Z,10,stopped,ore,649.9,1800.0,481708.8,10031,feed_shortage,True,"[""PRODUCTION_RATE_LOW""]"
c5c43740-3bc7-4d26-8c66-8818644ed16e,1.0,beta-minerals,north-site,production_telemetry,BETA-NORTH-PROD-030,production_meter,2026-09-01T16:18:46.854Z,10,running,ore,1640.5,1800.0,1130755.2,11073,,False,[]
6ef00669-a976-4dcb-abca-19e72bd455a0,1.0,acme-mining,site-01,production_telemetry,ACME-S01-PROD-001,production_meter,2026-09-01T16:18:51.854Z,11,running,ore,1751.5,1800.0,1949871.9,16787,,False,[]
eaa5eb7f-b334-4935-99f5-ae9f766adb6f,1.0,acme-mining,site-01,production_telemetry,ACME-S01-PROD-002,production_meter,2026-09-01T16:18:51.854Z,11,running,ore,1741.1,1800.0,461276.4,8723,,False,[]
6dd253d3-8aa5-4cce-9a90-564407cf9f28,1.0,acme-mining,site-01,production_telemetry,ACME-S01-PROD-003,production_meter,2026-09-01T16:18:51.854Z,11,running,ore,1637.1,1800.0,1328072.8,10634,,False,[]
e3ff6ddc-5a8e-4645-8c65-e029dc846967,1.0,acme-mining,site-01,production_telemetry,ACME-S01-PROD-004,production_meter,2026-09-01T16:18:51.854Z,11,running,ore,1589.7,1800.0,889482.0,7090,,False,[]
8d9bb537-20d8-4b38-9c62-b1496a70f4be,1.0,acme-mining,site-01,production_telemetry,ACME-S01-PROD-005,production_meter,2026-09-01T16:18:51.854Z,11,running,ore,1510.7,1800.0,588267.3,16300,,False,[]
2c61e0af-ee31-4770-912c-c738d0785f52,1.0,acme-mining,site-01,production_telemetry,ACME-S01-PROD-006,production_meter,2026-09-01T16:18:51.854Z,11,running,ore,1875.4,1800.0,1532914.2,7903,,False,[]
505d5f57-2ca4-4b7c-99d3-5ccb7e78b975,1.0,acme-mining,site-01,production_telemetry,ACME-S01-PROD-007,production_meter,2026-09-01T16:18:51.854Z,11,running,ore,1766.5,1800.0,1602322.4,967,,False,[]
8d7fea5a-1147-4f80-9212-76262ab6d832,1.0,acme-mining,site-01,production_telemetry,ACME-S01-PROD-008,production_meter,2026-09-01T16:18:51.854Z,11,running,ore,1572.6,1800.0,1313269.5,12683,,False,[]
ad538166-7779-4ba4-add6-89a12d7d6f71,1.0,acme-mining,site-01,production_telemetry,ACME-S01-PROD-009,production_meter,2026-09-01T16:18:51.854Z,11,degraded,ore,315.0,1800.0,520619.7,2582,crusher_trip,True,"[""PRODUCTION_RATE_LOW""]"
e8f3fd64-e4f6-4676-9986-2836f22ca9e7,1.0,acme-mining,site-01,production_telemetry,ACME-S01-PROD-010,production_meter,2026-09-01T16:18:51.854Z,11,running,ore,1672.9,1800.0,170728.4,16653,,False,[]
cc341527-e223-4f19-a54d-02f6465798c1,1.0,acme-mining,site-01,production_telemetry,ACME-S01-PROD-011,production_meter,2026-09-01T16:18:51.854Z,11,running,ore,1569.4,1800.0,1423343.8,18212,,False,[]
07dbb874-e824-4a2e-a70b-be9aa33b0d03,1.0,acme-mining,site-01,production_telemetry,ACME-S01-PROD-012,production_meter,2026-09-01T16:18:51.854Z,11,running,ore,1819.4,1800.0,875442.9,9677,,False,[]
865f1add-8a44-42fa-b611-28bb660f056f,1.0,acme-mining,site-01,production_telemetry,ACME-S01-PROD-013,production_meter,2026-09-01T16:18:51.854Z,11,running,ore,1675.5,1800.0,1402819.6,18352,,False,[]
81f23c6c-bc58-4d5f-b2a4-021241919551,1.0,acme-mining,site-01,production_telemetry,ACME-S01-PROD-014,production_meter,2026-09-01T16:18:51.854Z,11,running,ore,1606.8,1800.0,1665987.0,3514,,False,[]
3c918078-aa2c-411e-aca7-d3c691af811b,1.0,acme-mining,site-01,production_telemetry,ACME-S01-PROD-015,production_meter,2026-09-01T16:18:51.854Z,11,running,ore,1893.7,1800.0,339281.5,19011,,False,[]
24ec0c1f-9a3f-4541-be30-b966b05f6954,1.0,acme-mining,site-01,production_telemetry,ACME-S01-PROD-016,production_meter,2026-09-01T16:18:51.854Z,11,running,ore,1837.7,1800.0,1571326.1,603,,False,[]
772fa367-4198-42b5-a350-484155f5f1eb,1.0,acme-mining,site-01,production_telemetry,ACME-S01-PROD-017,production_meter,2026-09-01T16:18:51.854Z,11,running,ore,1644.8,1800.0,1746276.5,4829,,False,[]
f3b1c4fc-54af-4b4d-8bc4-b40384485bb9,1.0,acme-mining,site-01,production_telemetry,ACME-S01-PROD-018,production_meter,2026-09-01T16:18:51.854Z,11,running,ore,1747.2,1800.0,1509290.1,17749,,False,[]
876b0ae8-0e5b-4234-a2cc-ced00ed2425a,1.0,acme-mining,site-01,production_telemetry,ACME-S01-PROD-019,production_meter,2026-09-01T16:18:51.854Z,11,running,ore,1850.6,1800.0,520968.8,1931,,False,[]
43449c52-e951-4cd4-8fef-622fbe1a083d,1.0,acme-mining,site-01,production_telemetry,ACME-S01-PROD-020,production_meter,2026-09-01T16:18:51.854Z,11,running,ore,1547.4,1800.0,1997340.1,13671,,False,[]
b611b443-ef74-4f4e-ad24-49ad3133edec,1.0,acme-mining,site-02,production_telemetry,ACME-S02-PROD-001,production_meter,2026-09-01T16:18:51.854Z,11,running,ore,1823.2,1800.0,1892607.7,11572,,False,[]
0056ce27-10de-44b8-b1f4-df31c778d27a,1.0,acme-mining,site-02,production_telemetry,ACME-S02-PROD-002,production_meter,2026-09-01T16:18:51.854Z,11,running,ore,1761.4,1800.0,1610478.9,6057,,False,[]
979b30c3-74f0-43fb-9c06-8bd2cf7c0f3e,1.0,acme-mining,site-02,production_telemetry,ACME-S02-PROD-003,production_meter,2026-09-01T16:18:51.854Z,11,running,ore,1611.7,1800.0,1095518.3,2946,,False,[]
1c604bb5-50c3-4f1c-8497-11e3bbfa47bb,1.0,acme-mining,site-02,production_telemetry,ACME-S02-PROD-004,production_meter,2026-09-01T16:18:51.854Z,11,running,ore,1750.6,1800.0,1443645.2,810,,False,[]
04237513-2dc1-48ba-bddf-72c95967dbcf,1.0,acme-mining,site-02,production_telemetry,ACME-S02-PROD-005,production_meter,2026-09-01T16:18:51.854Z,11,running,ore,1733.3,1800.0,1352666.2,1026,,False,[]
e0b1975c-c77f-4855-be40-abb9c4e331ac,1.0,acme-mining,site-02,production_telemetry,ACME-S02-PROD-006,production_meter,2026-09-01T16:18:51.854Z,11,stopped,ore,560.9,1800.0,132595.9,14620,conveyor_blockage,True,"[""PRODUCTION_RATE_LOW""]"
28e7f0fe-7759-44c4-9e16-e117241376b2,1.0,acme-mining,site-02,production_telemetry,ACME-S02-PROD-007,production_meter,2026-09-01T16:18:51.854Z,11,running,ore,1735.7,1800.0,1100291.0,12125,,False,[]
14c1b9f5-37f2-4675-b65d-1b5da43eeea2,1.0,acme-mining,site-02,production_telemetry,ACME-S02-PROD-008,production_meter,2026-09-01T16:18:51.854Z,11,running,ore,1767.1,1800.0,529151.0,3152,,False,[]
b0c974b7-5093-4dbf-9a7a-3b26b65cc720,1.0,acme-mining,site-02,production_telemetry,ACME-S02-PROD-009,production_meter,2026-09-01T16:18:51.854Z,11,running,ore,1525.6,1800.0,206644.2,820,,False,[]
05e908cc-0bff-4e2d-8aa4-097c3d040257,1.0,acme-mining,site-02,production_telemetry,ACME-S02-PROD-010,production_meter,2026-09-01T16:18:51.854Z,11,running,ore,1764.5,1800.0,1950321.0,17817,,False,[]
a086a6fa-b58e-4cde-97fd-36c1ca2ad23d,1.0,acme-mining,site-02,production_telemetry,ACME-S02-PROD-011,production_meter,2026-09-01T16:18:51.854Z,11,running,ore,1835.9,1800.0,1855927.2,9698,,False,[]
b00cfc52-7c20-4556-b3b0-563e150f0911,1.0,acme-mining,site-02,production_telemetry,ACME-S02-PROD-012,production_meter,2026-09-01T16:18:51.854Z,11,running,ore,1816.3,1800.0,1215392.4,13562,,False,[]
f4045b4a-ed53-4103-aafd-e6262525aadc,1.0,acme-mining,site-02,production_telemetry,ACME-S02-PROD-013,production_meter,2026-09-01T16:18:51.854Z,11,running,ore,1808.8,1800.0,1127094.7,13088,,False,[]
1fbb188b-c936-4c10-8db9-43e57b4d2fde,1.0,acme-mining,site-02,production_telemetry,ACME-S02-PROD-014,production_meter,2026-09-01T16:18:51.854Z,11,running,ore,1852.4,1800.0,202049.1,14833,,False,[]
01187630-9c3e-4f5a-9ecb-fddcf969f58f,1.0,acme-mining,site-02,production_telemetry,ACME-S02-PROD-015,production_meter,2026-09-01T16:18:51.854Z,11,running,ore,1653.5,1800.0,720138.2,9467,,False,[]
a291725a-9c0b-4a75-ab1c-7c50f31c002a,1.0,acme-mining,site-02,production_telemetry,ACME-S02-PROD-016,production_meter,2026-09-01T16:18:51.854Z,11,running,ore,1574.3,1800.0,1213189.1,12965,,False,[]
5eb2dc7d-2432-4b2e-ab2f-3e629b413e51,1.0,acme-mining,site-02,production_telemetry,ACME-S02-PROD-017,production_meter,2026-09-01T16:18:51.854Z,11,running,ore,1687.1,1800.0,1452211.7,5566,,False,[]
879d6fc6-7903-484c-8ac9-4b597a06502b,1.0,acme-mining,site-02,production_telemetry,ACME-S02-PROD-018,production_meter,2026-09-01T16:18:51.854Z,11,running,ore,1782.8,1800.0,612582.7,4852,,False,[]
1ebaf72a-b473-4e83-9e61-276baedf7516,1.0,acme-mining,site-02,production_telemetry,ACME-S02-PROD-019,production_meter,2026-09-01T16:18:51.854Z,11,running,ore,1521.3,1800.0,1153040.6,11141,,False,[]
fef0f238-f853-434a-b388-fc059e784769,1.0,acme-mining,site-02,production_telemetry,ACME-S02-PROD-020,production_meter,2026-09-01T16:18:51.854Z,11,running,ore,1784.9,1800.0,1986213.4,8465,,False,[]
2300d856-232d-4002-b867-e0de2ea99518,1.0,beta-minerals,north-site,production_telemetry,BETA-NORTH-PROD-001,production_meter,2026-09-01T16:18:51.854Z,11,running,ore,1764.8,1800.0,490466.5,815,,False,[]
55e9fbff-c60d-4360-b6bb-887c6eda1e8c,1.0,beta-minerals,north-site,production_telemetry,BETA-NORTH-PROD-002,production_meter,2026-09-01T16:18:51.854Z,11,running,ore,1767.2,1800.0,1678264.5,3948,,False,[]
915f8ffb-a243-43e5-a28f-df35c579f430,1.0,beta-minerals,north-site,production_telemetry,BETA-NORTH-PROD-003,production_meter,2026-09-01T16:18:51.854Z,11,running,ore,1880.7,1800.0,1578148.4,17653,,False,[]
fcf63efe-8db1-4f1f-a8dc-b2af8c66b29f,1.0,beta-minerals,north-site,production_telemetry,BETA-NORTH-PROD-004,production_meter,2026-09-01T16:18:51.854Z,11,running,ore,1624.9,1800.0,1407610.7,16261,,False,[]
484030b6-feda-442b-8ed4-6e55a6d2c0bd,1.0,beta-minerals,north-site,production_telemetry,BETA-NORTH-PROD-005,production_meter,2026-09-01T16:18:51.854Z,11,running,ore,1755.7,1800.0,383401.2,3462,,False,[]
a73986a4-61eb-4358-b606-baa06b5f0e2a,1.0,beta-minerals,north-site,production_telemetry,BETA-NORTH-PROD-006,production_meter,2026-09-01T16:18:51.854Z,11,running,ore,1863.5,1800.0,1956878.3,9165,,False,[]
21f1d6d3-7b74-4722-a71f-e816d184a650,1.0,beta-minerals,north-site,production_telemetry,BETA-NORTH-PROD-007,production_meter,2026-09-01T16:18:51.854Z,11,running,ore,1818.4,1800.0,694167.7,4308,,False,[]
a470eb45-da1f-4c79-849f-5a506b58bedf,1.0,beta-minerals,north-site,production_telemetry,BETA-NORTH-PROD-008,production_meter,2026-09-01T16:18:51.854Z,11,running,ore,1723.9,1800.0,779327.8,14854,,False,[]
c7def931-875f-48ac-9ca4-9670f884c068,1.0,beta-minerals,north-site,production_telemetry,BETA-NORTH-PROD-009,production_meter,2026-09-01T16:18:51.854Z,11,stopped,ore,354.9,1800.0,860498.0,15470,crusher_trip,True,"[""PRODUCTION_RATE_LOW""]"
82fdc1fb-a6b4-4a74-9193-fa96c00d330d,1.0,beta-minerals,north-site,production_telemetry,BETA-NORTH-PROD-010,production_meter,2026-09-01T16:18:51.854Z,11,running,ore,1643.7,1800.0,314831.2,2432,,False,[]
f9846630-7cc4-4a05-a9f1-c61abc936e3d,1.0,beta-minerals,north-site,production_telemetry,BETA-NORTH-PROD-011,production_meter,2026-09-01T16:18:51.854Z,11,running,ore,1713.4,1800.0,932534.7,12954,,False,[]
6632015c-ddc6-4e98-bfab-d3fc5b72ea34,1.0,beta-minerals,north-site,production_telemetry,BETA-NORTH-PROD-012,production_meter,2026-09-01T16:18:51.854Z,11,running,ore,1885.9,1800.0,1017877.1,16505,,False,[]
8e14dfde-b0e3-4e61-866c-4b1b7598a8a2,1.0,beta-minerals,north-site,production_telemetry,BETA-NORTH-PROD-013,production_meter,2026-09-01T16:18:51.854Z,11,running,ore,1717.3,1800.0,1388089.1,19406,,False,[]
554a6fe1-557e-48c7-aea3-ba24540f95b8,1.0,beta-minerals,north-site,production_telemetry,BETA-NORTH-PROD-014,production_meter,2026-09-01T16:18:51.854Z,11,running,ore,1889.1,1800.0,1274680.0,14694,,False,[]
51bfe076-4fe8-4d27-96fd-954f9a319081,1.0,beta-minerals,north-site,production_telemetry,BETA-NORTH-PROD-015,production_meter,2026-09-01T16:18:51.854Z,11,running,ore,1559.0,1800.0,1160880.1,2299,,False,[]
664d9b52-bc3b-4786-aaba-0e5e6090035c,1.0,beta-minerals,north-site,production_telemetry,BETA-NORTH-PROD-016,production_meter,2026-09-01T16:18:51.854Z,11,running,ore,1793.9,1800.0,1527743.7,11017,,False,[]
3dc4ab89-b2eb-4341-a8f1-afc73cb2ab99,1.0,beta-minerals,north-site,production_telemetry,BETA-NORTH-PROD-017,production_meter,2026-09-01T16:18:51.854Z,11,running,ore,1569.7,1800.0,546526.0,15554,,False,[]
0be416b1-ec94-48e2-ba6f-4cb87b2675f7,1.0,beta-minerals,north-site,production_telemetry,BETA-NORTH-PROD-018,production_meter,2026-09-01T16:18:51.854Z,11,running,ore,1833.5,1800.0,1515978.4,1093,,False,[]
2ca364d7-040b-46ae-ab71-bdb4005a02f0,1.0,beta-minerals,north-site,production_telemetry,BETA-NORTH-PROD-019,production_meter,2026-09-01T16:18:51.854Z,11,running,ore,1899.6,1800.0,1276251.7,10492,,False,[]
641da3ba-f957-48d7-8d2d-d16aa9358082,1.0,beta-minerals,north-site,production_telemetry,BETA-NORTH-PROD-020,production_meter,2026-09-01T16:18:51.854Z,11,running,ore,1898.0,1800.0,1651544.5,15402,,False,[]
377d6605-e53c-4ac7-996f-36786cc2f9f1,1.0,beta-minerals,north-site,production_telemetry,BETA-NORTH-PROD-021,production_meter,2026-09-01T16:18:51.854Z,11,running,ore,1874.9,1800.0,285156.0,7777,,False,[]
948c8f83-35b8-4498-9dac-a35256e198d1,1.0,beta-minerals,north-site,production_telemetry,BETA-NORTH-PROD-022,production_meter,2026-09-01T16:18:51.854Z,11,running,ore,1852.5,1800.0,302038.4,5890,,False,[]
d53a07f6-445a-4f89-b0be-6306cb57d276,1.0,beta-minerals,north-site,production_telemetry,BETA-NORTH-PROD-023,production_meter,2026-09-01T16:18:51.854Z,11,running,ore,1714.8,1800.0,329442.7,13385,,False,[]
1ba73c9a-60f1-41c5-8836-50f3ec3b1b02,1.0,beta-minerals,north-site,production_telemetry,BETA-NORTH-PROD-024,production_meter,2026-09-01T16:18:51.854Z,11,running,ore,1515.7,1800.0,1303182.3,19805,,False,[]
535543c7-3444-40a0-9202-1d9af71e9a1e,1.0,beta-minerals,north-site,production_telemetry,BETA-NORTH-PROD-025,production_meter,2026-09-01T16:18:51.854Z,11,running,ore,1653.9,1800.0,108266.2,2102,,False,[]
772ec33f-0805-4c41-9326-71a3ab40551a,1.0,beta-minerals,north-site,production_telemetry,BETA-NORTH-PROD-026,production_meter,2026-09-01T16:18:51.854Z,11,running,ore,1553.8,1800.0,1414479.7,6201,,False,[]
e7c61932-3ab0-4385-8c8b-88505ae8ec83,1.0,beta-minerals,north-site,production_telemetry,BETA-NORTH-PROD-027,production_meter,2026-09-01T16:18:51.854Z,11,running,ore,1579.2,1800.0,830884.9,8645,,False,[]
a039d3a4-7110-41e3-862b-6d7de3a43776,1.0,beta-minerals,north-site,production_telemetry,BETA-NORTH-PROD-028,production_meter,2026-09-01T16:18:51.854Z,11,running,ore,1873.5,1800.0,1430054.4,17297,,False,[]
ee2ccd9f-ebdf-4d9d-b27d-dc427ecf4212,1.0,beta-minerals,north-site,production_telemetry,BETA-NORTH-PROD-029,production_meter,2026-09-01T16:18:51.854Z,11,running,ore,1800.5,1800.0,481711.3,10032,,False,[]
3cac1a26-195b-4c2c-a883-6cefef2f83d9,1.0,beta-minerals,north-site,production_telemetry,BETA-NORTH-PROD-030,production_meter,2026-09-01T16:18:51.854Z,11,running,ore,1782.4,1800.0,1130757.7,11074,,False,[]
92553f5c-d757-490d-858a-0579907f9008,1.0,acme-mining,site-01,production_telemetry,ACME-S01-PROD-001,production_meter,2026-09-01T16:18:56.854Z,12,running,ore,1748.3,1800.0,1949874.4,16788,,False,[]
0d29ac2e-245e-41ac-ba30-d50af26b4ceb,1.0,acme-mining,site-01,production_telemetry,ACME-S01-PROD-002,production_meter,2026-09-01T16:18:56.854Z,12,running,ore,1749.5,1800.0,461278.8,8724,,False,[]
0b90c9c3-81d2-4218-abe3-0504b7fac156,1.0,acme-mining,site-01,production_telemetry,ACME-S01-PROD-003,production_meter,2026-09-01T16:18:56.854Z,12,running,ore,1878.4,1800.0,1328075.4,10635,,False,[]
90a9ad5c-53c6-46e0-a297-c8e5c66f914f,1.0,acme-mining,site-01,production_telemetry,ACME-S01-PROD-004,production_meter,2026-09-01T16:18:56.854Z,12,running,ore,1644.3,1800.0,889484.3,7091,,False,[]
bb2309a0-bd06-4ce5-9f3c-7f8071be3482,1.0,acme-mining,site-01,production_telemetry,ACME-S01-PROD-005,production_meter,2026-09-01T16:18:56.854Z,12,running,ore,1511.8,1800.0,588269.4,16301,,False,[]
c24f701e-aec5-4c8c-bac7-396cdbb31533,1.0,acme-mining,site-01,production_telemetry,ACME-S01-PROD-006,production_meter,2026-09-01T16:18:56.854Z,12,running,ore,1505.5,1800.0,1532916.3,7904,,False,[]
971f8013-5163-4e6e-b064-aa298219d14e,1.0,acme-mining,site-01,production_telemetry,ACME-S01-PROD-007,production_meter,2026-09-01T16:18:56.854Z,12,running,ore,1710.3,1800.0,1602324.7,968,,False,[]
960ebbb8-7d77-4bdc-869c-8d90826f4b72,1.0,acme-mining,site-01,production_telemetry,ACME-S01-PROD-008,production_meter,2026-09-01T16:18:56.854Z,12,running,ore,1673.6,1800.0,1313271.8,12684,,False,[]
22f6423e-2041-4f52-bde8-6b2d096aa1c0,1.0,acme-mining,site-01,production_telemetry,ACME-S01-PROD-009,production_meter,2026-09-01T16:18:56.854Z,12,stopped,ore,766.4,1800.0,520620.7,2583,conveyor_blockage,True,"[""PRODUCTION_RATE_LOW""]"
8a180157-3f76-492a-9651-858c10d04244,1.0,acme-mining,site-01,production_telemetry,ACME-S01-PROD-010,production_meter,2026-09-01T16:18:56.854Z,12,degraded,ore,653.8,1800.0,170729.4,16654,crusher_trip,True,"[""PRODUCTION_RATE_LOW""]"
4deb1d57-321f-4f66-92b9-a3d5f3d47eaf,1.0,acme-mining,site-01,production_telemetry,ACME-S01-PROD-011,production_meter,2026-09-01T16:18:56.854Z,12,running,ore,1518.8,1800.0,1423345.9,18213,,False,[]
eef5d0f2-094f-4f68-8fc6-4a462e91ce3b,1.0,acme-mining,site-01,production_telemetry,ACME-S01-PROD-012,production_meter,2026-09-01T16:18:56.854Z,12,running,ore,1718.5,1800.0,875445.2,9678,,False,[]
14f5fb38-38f3-4137-82df-3370cede411b,1.0,acme-mining,site-01,production_telemetry,ACME-S01-PROD-013,production_meter,2026-09-01T16:18:56.854Z,12,running,ore,1639.8,1800.0,1402821.9,18353,,False,[]
ae36dc13-28ca-4495-9249-19c986450929,1.0,acme-mining,site-01,production_telemetry,ACME-S01-PROD-014,production_meter,2026-09-01T16:18:56.854Z,12,running,ore,1693.8,1800.0,1665989.4,3515,,False,[]
16c2d26a-0f1f-4d41-aa6c-e9dbb8c5402b,1.0,acme-mining,site-01,production_telemetry,ACME-S01-PROD-015,production_meter,2026-09-01T16:18:56.854Z,12,running,ore,1716.5,1800.0,339283.9,19012,,False,[]
83bb3286-d015-41ec-ba00-6b22502f6c5f,1.0,acme-mining,site-01,production_telemetry,ACME-S01-PROD-016,production_meter,2026-09-01T16:18:56.854Z,12,running,ore,1502.0,1800.0,1571328.2,604,,False,[]
05452eae-3f8b-4df3-8a1d-7907538f2b0b,1.0,acme-mining,site-01,production_telemetry,ACME-S01-PROD-017,production_meter,2026-09-01T16:18:56.854Z,12,running,ore,1801.2,1800.0,1746279.0,4830,,False,[]
faad3024-30f9-4c05-8eb8-c60cf038edee,1.0,acme-mining,site-01,production_telemetry,ACME-S01-PROD-018,production_meter,2026-09-01T16:18:56.854Z,12,running,ore,1517.2,1800.0,1509292.2,17750,,False,[]
7bf32e0d-5e43-4f30-8ca7-daa4aa984861,1.0,acme-mining,site-01,production_telemetry,ACME-S01-PROD-019,production_meter,2026-09-01T16:18:56.854Z,12,running,ore,1863.5,1800.0,520971.4,1932,,False,[]
c4b52219-4597-4ffa-a300-876e7c3b490c,1.0,acme-mining,site-01,production_telemetry,ACME-S01-PROD-020,production_meter,2026-09-01T16:18:56.854Z,12,running,ore,1599.2,1800.0,1997342.3,13672,,False,[]
c7acaa6a-7dd6-451f-a559-4ab2335f4fcb,1.0,acme-mining,site-02,production_telemetry,ACME-S02-PROD-001,production_meter,2026-09-01T16:18:56.854Z,12,running,ore,1601.9,1800.0,1892609.9,11573,,False,[]
9d2120d1-58ec-495b-af3b-c7461406bcf6,1.0,acme-mining,site-02,production_telemetry,ACME-S02-PROD-002,production_meter,2026-09-01T16:18:56.854Z,12,stopped,ore,764.3,1800.0,1610479.9,6058,crusher_trip,True,"[""PRODUCTION_RATE_LOW""]"
17f8a540-fde2-46e4-9427-ebcff78a7f47,1.0,acme-mining,site-02,production_telemetry,ACME-S02-PROD-003,production_meter,2026-09-01T16:18:56.854Z,12,running,ore,1670.9,1800.0,1095520.6,2947,,False,[]
5f23e6b4-ea0e-49ce-91e4-93ec99cb40a3,1.0,acme-mining,site-02,production_telemetry,ACME-S02-PROD-004,production_meter,2026-09-01T16:18:56.854Z,12,running,ore,1666.8,1800.0,1443647.6,811,,False,[]
4088bc3c-dc6e-408a-b728-c8bb00d12c6e,1.0,acme-mining,site-02,production_telemetry,ACME-S02-PROD-005,production_meter,2026-09-01T16:18:56.854Z,12,running,ore,1766.9,1800.0,1352668.7,1027,,False,[]
5803ca2a-8f98-438c-bee9-394a150f74dd,1.0,acme-mining,site-02,production_telemetry,ACME-S02-PROD-006,production_meter,2026-09-01T16:18:56.854Z,12,running,ore,1840.0,1800.0,132598.4,14621,,False,[]
44e0e838-fc04-4836-a76b-bd8dc368f102,1.0,acme-mining,site-02,production_telemetry,ACME-S02-PROD-007,production_meter,2026-09-01T16:18:56.854Z,12,running,ore,1591.1,1800.0,1100293.2,12126,,False,[]
4daedeff-dbab-44a0-96d7-8f702253951c,1.0,acme-mining,site-02,production_telemetry,ACME-S02-PROD-008,production_meter,2026-09-01T16:18:56.854Z,12,running,ore,1847.5,1800.0,529153.5,3153,,False,[]
10706c59-774f-4203-ad14-ce9c311551f2,1.0,acme-mining,site-02,production_telemetry,ACME-S02-PROD-009,production_meter,2026-09-01T16:18:56.854Z,12,running,ore,1717.8,1800.0,206646.6,821,,False,[]
94e8265a-cbf0-4a02-abc8-9a0dd071f607,1.0,acme-mining,site-02,production_telemetry,ACME-S02-PROD-010,production_meter,2026-09-01T16:18:56.854Z,12,running,ore,1731.7,1800.0,1950323.4,17818,,False,[]
444e82d4-0a6e-4015-8bcb-e99b62ccc985,1.0,acme-mining,site-02,production_telemetry,ACME-S02-PROD-011,production_meter,2026-09-01T16:18:56.854Z,12,running,ore,1687.6,1800.0,1855929.5,9699,,False,[]
b9528dd8-0cbe-48f2-9ebb-77c4910b4244,1.0,acme-mining,site-02,production_telemetry,ACME-S02-PROD-012,production_meter,2026-09-01T16:18:56.854Z,12,running,ore,1821.8,1800.0,1215395.0,13563,,False,[]
4e0a5e0c-3ce8-4452-8dc3-b125390062f4,1.0,acme-mining,site-02,production_telemetry,ACME-S02-PROD-013,production_meter,2026-09-01T16:18:56.854Z,12,running,ore,1816.0,1800.0,1127097.2,13089,,False,[]
25187a96-6dc6-4210-bc93-56d7809fef62,1.0,acme-mining,site-02,production_telemetry,ACME-S02-PROD-014,production_meter,2026-09-01T16:18:56.854Z,12,running,ore,1886.2,1800.0,202051.7,14834,,False,[]
10032c1e-5e92-40fe-b4a7-c9416d772edd,1.0,acme-mining,site-02,production_telemetry,ACME-S02-PROD-015,production_meter,2026-09-01T16:18:56.854Z,12,running,ore,1814.0,1800.0,720140.7,9468,,False,[]
bc0f40d4-5c5e-477d-b779-c045e576d533,1.0,acme-mining,site-02,production_telemetry,ACME-S02-PROD-016,production_meter,2026-09-01T16:18:56.854Z,12,running,ore,1744.0,1800.0,1213191.6,12966,,False,[]
7ce729c5-4ea4-491c-9f4d-803992c2ea82,1.0,acme-mining,site-02,production_telemetry,ACME-S02-PROD-017,production_meter,2026-09-01T16:18:56.854Z,12,running,ore,1536.4,1800.0,1452213.9,5567,,False,[]
22461cbe-290a-444c-80bc-e0f320c4139b,1.0,acme-mining,site-02,production_telemetry,ACME-S02-PROD-018,production_meter,2026-09-01T16:18:56.854Z,12,running,ore,1563.1,1800.0,612584.9,4853,,False,[]
819448ae-f27b-4e9a-8b87-bbdc07fdd6f0,1.0,acme-mining,site-02,production_telemetry,ACME-S02-PROD-019,production_meter,2026-09-01T16:18:56.854Z,12,running,ore,1511.1,1800.0,1153042.7,11142,,False,[]
8c6ba436-44db-4fc5-bc0a-caf66ca1c48b,1.0,acme-mining,site-02,production_telemetry,ACME-S02-PROD-020,production_meter,2026-09-01T16:18:56.854Z,12,running,ore,1538.3,1800.0,1986215.5,8466,,False,[]
307dc542-cf4c-4437-927c-c437b06adf56,1.0,beta-minerals,north-site,production_telemetry,BETA-NORTH-PROD-001,production_meter,2026-09-01T16:18:56.854Z,12,running,ore,1607.3,1800.0,490468.8,816,,False,[]
1aecf460-fdbf-4ca4-945e-fa02f8cdb6d5,1.0,beta-minerals,north-site,production_telemetry,BETA-NORTH-PROD-002,production_meter,2026-09-01T16:18:56.854Z,12,running,ore,1837.2,1800.0,1678267.1,3949,,False,[]
cd66fad6-4469-4f07-be5b-90e896579da6,1.0,beta-minerals,north-site,production_telemetry,BETA-NORTH-PROD-003,production_meter,2026-09-01T16:18:56.854Z,12,running,ore,1615.4,1800.0,1578150.6,17654,,False,[]
c7aab442-b251-4043-8d79-2a48ddffa3fa,1.0,beta-minerals,north-site,production_telemetry,BETA-NORTH-PROD-004,production_meter,2026-09-01T16:18:56.854Z,12,running,ore,1701.1,1800.0,1407613.1,16262,,False,[]
b25219b6-390e-4538-b7c4-20bbb44145c0,1.0,beta-minerals,north-site,production_telemetry,BETA-NORTH-PROD-005,production_meter,2026-09-01T16:18:56.854Z,12,running,ore,1849.6,1800.0,383403.7,3463,,False,[]
4b2d82b7-3b20-41b3-a822-b9ff84444339,1.0,beta-minerals,north-site,production_telemetry,BETA-NORTH-PROD-006,production_meter,2026-09-01T16:18:56.854Z,12,running,ore,1804.1,1800.0,1956880.8,9166,,False,[]
82df51cb-02ab-43fe-9a71-289fc1b55489,1.0,beta-minerals,north-site,production_telemetry,BETA-NORTH-PROD-007,production_meter,2026-09-01T16:18:56.854Z,12,running,ore,1696.0,1800.0,694170.0,4309,,False,[]
c065fbd6-db41-4d14-ade9-781cfd66d3c7,1.0,beta-minerals,north-site,production_telemetry,BETA-NORTH-PROD-008,production_meter,2026-09-01T16:18:56.854Z,12,running,ore,1635.4,1800.0,779330.1,14855,,False,[]
a80a5a47-774d-4662-a190-738a74b79354,1.0,beta-minerals,north-site,production_telemetry,BETA-NORTH-PROD-009,production_meter,2026-09-01T16:18:56.854Z,12,running,ore,1642.0,1800.0,860500.2,15471,,False,[]
244666d9-e598-40a7-b0f7-6d4621841ae8,1.0,beta-minerals,north-site,production_telemetry,BETA-NORTH-PROD-010,production_meter,2026-09-01T16:18:56.854Z,12,running,ore,1862.9,1800.0,314833.8,2433,,False,[]
3db13775-913c-4328-a07b-ac60cb7ba2f8,1.0,beta-minerals,north-site,production_telemetry,BETA-NORTH-PROD-011,production_meter,2026-09-01T16:18:56.854Z,12,running,ore,1874.2,1800.0,932537.3,12955,,False,[]
64cd1b50-e6e6-4493-8d2a-08f159b2a6e1,1.0,beta-minerals,north-site,production_telemetry,BETA-NORTH-PROD-012,production_meter,2026-09-01T16:18:56.854Z,12,running,ore,1643.4,1800.0,1017879.3,16506,,False,[]
6f468cd8-b30c-4a13-ba9a-41c527e394b3,1.0,beta-minerals,north-site,production_telemetry,BETA-NORTH-PROD-013,production_meter,2026-09-01T16:18:56.854Z,12,running,ore,1777.0,1800.0,1388091.6,19407,,False,[]
e9b1499f-5b30-44e0-8326-a9cbdc5b8a9e,1.0,beta-minerals,north-site,production_telemetry,BETA-NORTH-PROD-014,production_meter,2026-09-01T16:18:56.854Z,12,running,ore,1666.4,1800.0,1274682.3,14695,,False,[]
b3951e4e-4def-4c23-809f-5b73a5707d89,1.0,beta-minerals,north-site,production_telemetry,BETA-NORTH-PROD-015,production_meter,2026-09-01T16:18:56.854Z,12,running,ore,1843.8,1800.0,1160882.6,2300,,False,[]
286923e2-9fe1-478f-ad30-af03ef904d8c,1.0,beta-minerals,north-site,production_telemetry,BETA-NORTH-PROD-016,production_meter,2026-09-01T16:18:56.854Z,12,running,ore,1894.3,1800.0,1527746.4,11018,,False,[]
8123b319-b9ec-4639-bb07-eff8327ff05a,1.0,beta-minerals,north-site,production_telemetry,BETA-NORTH-PROD-017,production_meter,2026-09-01T16:18:56.854Z,12,running,ore,1892.1,1800.0,546528.6,15555,,False,[]
292e6608-1154-4820-a327-781ea54b989a,1.0,beta-minerals,north-site,production_telemetry,BETA-NORTH-PROD-018,production_meter,2026-09-01T16:18:56.854Z,12,running,ore,1668.2,1800.0,1515980.7,1094,,False,[]
8d175f9e-c806-40f8-aa01-98a44d4ead37,1.0,beta-minerals,north-site,production_telemetry,BETA-NORTH-PROD-019,production_meter,2026-09-01T16:18:56.854Z,12,running,ore,1655.2,1800.0,1276254.0,10493,,False,[]
64362b47-6c64-4341-be74-ee3b17396856,1.0,beta-minerals,north-site,production_telemetry,BETA-NORTH-PROD-020,production_meter,2026-09-01T16:18:56.854Z,12,running,ore,1505.7,1800.0,1651546.6,15403,,False,[]
047de4f5-86f7-40cc-a8d0-c7f75209d384,1.0,beta-minerals,north-site,production_telemetry,BETA-NORTH-PROD-021,production_meter,2026-09-01T16:18:56.854Z,12,running,ore,1648.2,1800.0,285158.3,7778,,False,[]
41d2655e-7e8c-4313-ae40-f844fd07ffea,1.0,beta-minerals,north-site,production_telemetry,BETA-NORTH-PROD-022,production_meter,2026-09-01T16:18:56.854Z,12,running,ore,1665.3,1800.0,302040.8,5891,,False,[]
edf26556-0016-4014-86c2-c5d3399b0f54,1.0,beta-minerals,north-site,production_telemetry,BETA-NORTH-PROD-023,production_meter,2026-09-01T16:18:56.854Z,12,running,ore,1528.7,1800.0,329444.8,13386,,False,[]
471ddcae-feb1-42f0-bc14-0a8a8713e485,1.0,beta-minerals,north-site,production_telemetry,BETA-NORTH-PROD-024,production_meter,2026-09-01T16:18:56.854Z,12,running,ore,1633.7,1800.0,1303184.6,19806,,False,[]
703e662d-1047-4d6c-afc4-0bc9e264fedd,1.0,beta-minerals,north-site,production_telemetry,BETA-NORTH-PROD-025,production_meter,2026-09-01T16:18:56.854Z,12,running,ore,1574.9,1800.0,108268.3,2103,,False,[]
c30effef-3a05-4fd0-bbdf-2dd6fd0ae8d1,1.0,beta-minerals,north-site,production_telemetry,BETA-NORTH-PROD-026,production_meter,2026-09-01T16:18:56.854Z,12,running,ore,1648.6,1800.0,1414482.0,6202,,False,[]
eac1b1f9-bf7a-4700-a1a6-77f4710ea144,1.0,beta-minerals,north-site,production_telemetry,BETA-NORTH-PROD-027,production_meter,2026-09-01T16:18:56.854Z,12,running,ore,1559.4,1800.0,830887.1,8646,,False,[]
d326f2a3-2649-4cd0-a980-16523bdca66b,1.0,beta-minerals,north-site,production_telemetry,BETA-NORTH-PROD-028,production_meter,2026-09-01T16:18:56.854Z,12,running,ore,1661.6,1800.0,1430056.7,17298,,False,[]
407772a3-6733-4e7c-8fd2-d4880fe757c8,1.0,beta-minerals,north-site,production_telemetry,BETA-NORTH-PROD-029,production_meter,2026-09-01T16:18:56.854Z,12,running,ore,1532.6,1800.0,481713.5,10033,,False,[]
b7660608-8610-4c6a-9bd4-2d424a1a3402,1.0,beta-minerals,north-site,production_telemetry,BETA-NORTH-PROD-030,production_meter,2026-09-01T16:18:56.854Z,12,running,ore,1783.6,1800.0,1130760.2,11075,,False,[]
