message_id,schema_version,tenant_id,site_id,message_type,asset_id,asset_type,timestamp,sequence_no,equipment_health.operating_state,equipment_health.bearing_temp_c,equipment_health.vibration_m_s2,equipment_health.hydraulic_pressure_psi,equipment_health.health_index,operating.engine_hours,diagnostics.battery_voltage,diagnostics.fault_codes
d5fec083-f83c-4db7-8552-0b0d1d40b491,1.0,acme-mining,site-01,equipment_health,ACME-S01-CRUSHER-001,fixed_crusher,2026-09-01T20:17:58.253Z,1,running,75.8,3.58,3017.5,1.0,16458.42,24.1,[]
aa697f0c-cf04-4213-a48b-182783123233,1.0,acme-mining,site-01,equipment_health,ACME-S01-CRUSHER-002,fixed_crusher,2026-09-01T20:17:58.253Z,1,running,76.3,3.63,3092.0,1.0,5622.64,24.1,[]
02a3efec-e816-4a2d-9b61-a7296631b841,1.0,acme-mining,site-01,equipment_health,ACME-S01-CRUSHER-003,fixed_crusher,2026-09-01T20:17:58.253Z,1,running,75.4,3.54,3015.2,1.0,14322.84,24.9,[]
e0ccc268-7cc5-4e63-9efe-9403056db260,1.0,acme-mining,site-01,equipment_health,ACME-S01-CRUSHER-004,fixed_crusher,2026-09-01T20:17:58.253Z,1,running,72.7,4.25,2978.0,1.0,6152.54,24.3,[]
eaf6dcc4-5ae4-4e83-8ef9-1eb4fb1c045f,1.0,acme-mining,site-01,equipment_health,ACME-S01-CRUSHER-005,fixed_crusher,2026-09-01T20:17:58.253Z,1,running,77.4,4.07,2963.3,1.0,3962.99,24.7,[]
2e09b9c1-b86a-43ca-8b61-6cf22c0d1591,1.0,acme-mining,site-01,equipment_health,ACME-S01-CRUSHER-006,fixed_crusher,2026-09-01T20:17:58.253Z,1,running,76.6,3.74,2928.2,1.0,17244.7,24.7,[]
c0ae22b7-da4e-4a73-bd37-2c7989a72efb,1.0,acme-mining,site-01,equipment_health,ACME-S01-CRUSHER-007,fixed_crusher,2026-09-01T20:17:58.253Z,1,running,70.8,3.63,3097.3,1.0,13724.18,23.8,[]
8b20494d-e123-4439-a550-6a67317f4c01,1.0,acme-mining,site-01,equipment_health,ACME-S01-CRUSHER-008,fixed_crusher,2026-09-01T20:17:58.253Z,1,faulted,97.1,7.89,2992.8,0.58,12502.24,23.9,"[""BEARING_OVERHEAT"",""VIBRATION_HIGH""]"
5b063d58-7676-440d-b9b8-20f8c5986737,1.0,acme-mining,site-01,equipment_health,ACME-S01-CRUSHER-009,fixed_crusher,2026-09-01T20:17:58.253Z,1,running,78.0,4.19,2914.9,1.0,15703.34,24.7,[]
7a4dc3e6-f29e-476b-88d8-41fb41b6f262,1.0,acme-mining,site-01,equipment_health,ACME-S01-CRUSHER-010,fixed_crusher,2026-09-01T20:17:58.253Z,1,running,69.3,3.76,3145.4,1.0,9812.95,24.9,[]
83fa6a36-e52d-42a0-87bc-114bb6facef5,1.0,acme-mining,site-01,equipment_health,ACME-S01-CRUSHER-011,fixed_crusher,2026-09-01T20:17:58.253Z,1,running,72.4,3.71,3072.3,1.0,13414.93,24.3,[]
751e8336-da51-488b-8996-514b92ba484c,1.0,acme-mining,site-01,equipment_health,ACME-S01-CRUSHER-012,fixed_crusher,2026-09-01T20:17:58.253Z,1,running,72.9,3.98,2973.7,1.0,11410.01,24.8,[]
835f1b64-4851-4201-ba08-4eda1707694e,1.0,acme-mining,site-01,equipment_health,ACME-S01-CRUSHER-013,fixed_crusher,2026-09-01T20:17:58.253Z,1,running,71.5,4.31,2968.8,1.0,5653.2,25.0,[]
0655b5a9-b944-482e-9264-35395ebe2a7e,1.0,acme-mining,site-01,equipment_health,ACME-S01-CRUSHER-014,fixed_crusher,2026-09-01T20:17:58.253Z,1,running,68.7,3.67,2973.9,1.0,1652.91,24.2,[]
8511b245-37c6-4354-b9f3-7edb5fe55c1f,1.0,acme-mining,site-01,equipment_health,ACME-S01-CRUSHER-015,fixed_crusher,2026-09-01T20:17:58.253Z,1,running,74.4,3.92,2946.4,1.0,21343.97,23.8,[]
1073e9f9-0721-4904-a985-9ea7a888e838,1.0,acme-mining,site-01,equipment_health,ACME-S01-CRUSHER-016,fixed_crusher,2026-09-01T20:17:58.253Z,1,running,70.4,4.29,3064.6,1.0,6910.22,24.6,[]
4b1355b1-3616-4dec-8572-a603c9bbebf8,1.0,acme-mining,site-01,equipment_health,ACME-S01-CRUSHER-017,fixed_crusher,2026-09-01T20:17:58.253Z,1,running,73.0,4.11,3053.3,1.0,19136.11,24.3,[]
d34c86eb-937d-4ce5-bafb-fd5be9c78b83,1.0,acme-mining,site-01,equipment_health,ACME-S01-CRUSHER-018,fixed_crusher,2026-09-01T20:17:58.253Z,1,running,73.2,3.57,3108.8,1.0,14058.67,24.0,[]
6f8c61b9-c845-4a15-8b2f-0336bac3acef,1.0,acme-mining,site-01,equipment_health,ACME-S01-CRUSHER-019,fixed_crusher,2026-09-01T20:17:58.253Z,1,running,72.9,3.61,3042.8,1.0,1412.03,25.0,[]
fb93a42a-317a-4b44-bfab-a9e48899a77e,1.0,acme-mining,site-01,equipment_health,ACME-S01-CRUSHER-020,fixed_crusher,2026-09-01T20:17:58.253Z,1,running,75.0,3.78,2991.6,1.0,21835.85,24.6,[]
d4b4f9ce-2a9e-4957-97d1-d599ce390a51,1.0,acme-mining,site-02,equipment_health,ACME-S02-CRUSHER-001,fixed_crusher,2026-09-01T20:17:58.253Z,1,running,73.1,3.95,3078.6,1.0,21531.71,23.9,[]
031e1434-0037-42d8-b440-5590a04280cf,1.0,acme-mining,site-02,equipment_health,ACME-S02-CRUSHER-002,fixed_crusher,2026-09-01T20:17:58.253Z,1,running,71.0,4.01,3047.6,1.0,7608.76,24.1,[]
d74f6504-5fe8-4c12-bb08-7ad6dc943351,1.0,acme-mining,site-02,equipment_health,ACME-S02-CRUSHER-003,fixed_crusher,2026-09-01T20:17:58.253Z,1,running,72.8,3.57,2952.1,1.0,20160.47,24.8,[]
5f5ec829-a2ea-47a8-b9f0-4c383876c0de,1.0,acme-mining,site-02,equipment_health,ACME-S02-CRUSHER-004,fixed_crusher,2026-09-01T20:17:58.253Z,1,running,73.7,3.88,3073.5,1.0,4749.81,24.0,[]
92d1950d-8f35-4c46-80cf-fc9bff8905fe,1.0,acme-mining,site-02,equipment_health,ACME-S02-CRUSHER-005,fixed_crusher,2026-09-01T20:17:58.253Z,1,running,75.1,4.42,2928.6,1.0,6832.71,24.6,[]
d1e8b985-8c6e-4f14-8873-5d0f8928f3e9,1.0,acme-mining,site-02,equipment_health,ACME-S02-CRUSHER-006,fixed_crusher,2026-09-01T20:17:58.253Z,1,running,72.5,3.84,3001.4,1.0,17946.86,24.6,[]
8ff2fc01-9fcf-4c27-8ed1-bb0cb122023d,1.0,acme-mining,site-02,equipment_health,ACME-S02-CRUSHER-007,fixed_crusher,2026-09-01T20:17:58.253Z,1,running,76.2,3.86,3061.2,1.0,12836.96,23.9,[]
d2ea7336-6075-4587-9788-d5b6916aa5c3,1.0,acme-mining,site-02,equipment_health,ACME-S02-CRUSHER-008,fixed_crusher,2026-09-01T20:17:58.253Z,1,running,73.8,4.33,3102.5,1.0,9297.67,24.9,[]
aa30ffc2-5f41-43d1-85f2-8ef2ee2f9f09,1.0,acme-mining,site-02,equipment_health,ACME-S02-CRUSHER-009,fixed_crusher,2026-09-01T20:17:58.253Z,1,running,70.9,4.18,3011.8,1.0,16779.64,24.1,[]
4aef32e5-f0dc-4bc4-aa34-6259e1fa3f45,1.0,acme-mining,site-02,equipment_health,ACME-S02-CRUSHER-010,fixed_crusher,2026-09-01T20:17:58.253Z,1,running,75.9,4.25,3129.6,1.0,14957.07,25.1,[]
21c5578a-f963-48a4-8b38-fab4c1ebb8f6,1.0,acme-mining,site-02,equipment_health,ACME-S02-CRUSHER-011,fixed_crusher,2026-09-01T20:17:58.253Z,1,running,77.9,4.14,3052.9,1.0,14340.68,24.5,[]
6f533a11-58da-4781-9e4a-66c5c237079a,1.0,acme-mining,site-02,equipment_health,ACME-S02-CRUSHER-012,fixed_crusher,2026-09-01T20:17:58.253Z,1,running,68.6,4.49,3142.0,1.0,9615.93,23.8,[]
11eae61d-be10-4f6a-9009-a4feba2942f0,1.0,acme-mining,site-02,equipment_health,ACME-S02-CRUSHER-013,fixed_crusher,2026-09-01T20:17:58.253Z,1,running,69.1,3.81,2907.8,1.0,11940.74,24.4,[]
3349dd65-c9fc-466c-8404-15925ea51b52,1.0,acme-mining,site-02,equipment_health,ACME-S02-CRUSHER-014,fixed_crusher,2026-09-01T20:17:58.253Z,1,running,75.1,3.95,3008.8,1.0,12941.28,24.1,[]
10a454a9-bb44-46b1-84be-37f959324a0c,1.0,acme-mining,site-02,equipment_health,ACME-S02-CRUSHER-015,fixed_crusher,2026-09-01T20:17:58.253Z,1,running,73.6,4.43,2990.1,1.0,19856.46,24.4,[]
869512df-6b6c-4b3a-8713-bd599c425439,1.0,acme-mining,site-02,equipment_health,ACME-S02-CRUSHER-016,fixed_crusher,2026-09-01T20:17:58.253Z,1,running,69.3,3.51,3062.1,1.0,16133.54,24.0,[]
b8cce6a7-3a15-4de5-ac38-020018a43a66,1.0,acme-mining,site-02,equipment_health,ACME-S02-CRUSHER-017,fixed_crusher,2026-09-01T20:17:58.253Z,1,running,77.7,3.65,2934.3,1.0,12272.67,24.9,[]
665824d2-df9e-45a0-a994-ec4ae32241f1,1.0,acme-mining,site-02,equipment_health,ACME-S02-CRUSHER-018,fixed_crusher,2026-09-01T20:17:58.253Z,1,running,75.0,4.52,3055.8,1.0,17035.55,24.4,[]
26ba9481-ad91-4898-a153-9ceeaf742a70,1.0,acme-mining,site-02,equipment_health,ACME-S02-CRUSHER-019,fixed_crusher,2026-09-01T20:17:58.253Z,1,running,71.8,3.75,3006.2,1.0,8763.69,23.8,[]
5771506b-c045-4831-b6fd-aaa244f668ac,1.0,acme-mining,site-02,equipment_health,ACME-S02-CRUSHER-020,fixed_crusher,2026-09-01T20:17:58.253Z,1,running,75.1,3.8,3131.6,1.0,9132.84,24.6,[]
a9e7d9ef-93ea-4eb7-b2d0-b620ea08a459,1.0,beta-minerals,north-site,equipment_health,BETA-NORTH-CRUSHER-001,fixed_crusher,2026-09-01T20:17:58.253Z,1,running,71.8,3.51,3059.7,1.0,10268.56,24.2,[]
7c846cd8-aaf9-495b-a0d3-00fde1d28c16,1.0,beta-minerals,north-site,equipment_health,BETA-NORTH-CRUSHER-002,fixed_crusher,2026-09-01T20:17:58.253Z,1,running,73.7,4.51,2949.8,1.0,10090.27,25.0,[]
19f8431e-88ec-434c-aa70-e52f41ee7491,1.0,beta-minerals,north-site,equipment_health,BETA-NORTH-CRUSHER-003,fixed_crusher,2026-09-01T20:17:58.253Z,1,running,76.2,3.83,3046.3,1.0,17521.08,24.5,[]
b2b3d21c-e79b-49f9-91e6-805d90580978,1.0,beta-minerals,north-site,equipment_health,BETA-NORTH-CRUSHER-004,fixed_crusher,2026-09-01T20:17:58.253Z,1,running,75.9,3.67,2975.0,1.0,7556.8,24.7,[]
8610a211-1648-4488-8b4a-46102256fd95,1.0,beta-minerals,north-site,equipment_health,BETA-NORTH-CRUSHER-005,fixed_crusher,2026-09-01T20:17:58.253Z,1,running,74.7,3.82,2944.8,1.0,7964.55,25.1,[]
abfa0ab4-af44-42be-b3a9-67c30c8975c4,1.0,beta-minerals,north-site,equipment_health,BETA-NORTH-CRUSHER-006,fixed_crusher,2026-09-01T20:17:58.253Z,1,running,75.6,4.04,3142.7,1.0,4130.6,24.6,[]
3df3ac69-6254-46df-879b-32199dcaa162,1.0,beta-minerals,north-site,equipment_health,BETA-NORTH-CRUSHER-007,fixed_crusher,2026-09-01T20:17:58.253Z,1,running,72.4,3.78,3071.5,1.0,14804.68,25.2,[]
bef20f8e-dbf6-4978-9b20-e6bbe113365a,1.0,beta-minerals,north-site,equipment_health,BETA-NORTH-CRUSHER-008,fixed_crusher,2026-09-01T20:17:58.253Z,1,running,75.3,3.52,2964.9,1.0,9865.25,24.6,[]
61320f4b-355d-4f79-a4a6-09e590448eb4,1.0,beta-minerals,north-site,equipment_health,BETA-NORTH-CRUSHER-009,fixed_crusher,2026-09-01T20:17:58.253Z,1,running,74.9,3.89,2913.2,1.0,21513.62,24.3,[]
8704316b-1ea7-4eaf-9a70-a9f55534f8dc,1.0,beta-minerals,north-site,equipment_health,BETA-NORTH-CRUSHER-010,fixed_crusher,2026-09-01T20:17:58.253Z,1,running,68.5,3.82,3059.7,1.0,9015.58,23.9,[]
b23151ae-37ca-4980-b00d-232ad1858d83,1.0,beta-minerals,north-site,equipment_health,BETA-NORTH-CRUSHER-011,fixed_crusher,2026-09-01T20:17:58.253Z,1,running,75.6,4.16,2941.8,1.0,12762.03,24.3,[]
1bea8ed6-8d7d-4d02-a602-41463b2494b4,1.0,beta-minerals,north-site,equipment_health,BETA-NORTH-CRUSHER-012,fixed_crusher,2026-09-01T20:17:58.253Z,1,running,76.0,3.8,3074.5,1.0,5623.27,24.3,[]
2559fea8-edfe-46bf-b407-0084552f3851,1.0,beta-minerals,north-site,equipment_health,BETA-NORTH-CRUSHER-013,fixed_crusher,2026-09-01T20:17:58.253Z,1,running,69.4,3.65,2970.4,1.0,19491.06,24.9,[]
b5fcba19-50ef-4763-b181-de0403e77f7c,1.0,beta-minerals,north-site,equipment_health,BETA-NORTH-CRUSHER-014,fixed_crusher,2026-09-01T20:17:58.253Z,1,running,69.6,3.74,3025.8,1.0,15163.74,25.0,[]
b1ad13ed-d4cd-4d1c-ae79-363f62ecfdb2,1.0,beta-minerals,north-site,equipment_health,BETA-NORTH-CRUSHER-015,fixed_crusher,2026-09-01T20:17:58.253Z,1,running,74.9,4.55,3111.5,1.0,3475.14,24.8,[]
7b1e129a-0614-4452-a27f-f4511dca4e2e,1.0,beta-minerals,north-site,equipment_health,BETA-NORTH-CRUSHER-016,fixed_crusher,2026-09-01T20:17:58.253Z,1,running,72.2,4.51,2929.1,1.0,7578.69,24.0,[]
e76aa988-6c89-4892-b0ba-f734d0041dd0,1.0,beta-minerals,north-site,equipment_health,BETA-NORTH-CRUSHER-017,fixed_crusher,2026-09-01T20:17:58.253Z,1,faulted,107.9,8.81,3010.5,0.58,10512.93,25.2,"[""BEARING_OVERHEAT"",""VIBRATION_HIGH""]"
c324ef2f-e9db-413b-8a39-7a45e5ee02c1,1.0,beta-minerals,north-site,equipment_health,BETA-NORTH-CRUSHER-018,fixed_crusher,2026-09-01T20:17:58.253Z,1,running,75.4,3.63,2932.2,1.0,12811.79,24.8,[]
272f992c-0d66-4495-8da5-b02cf2147648,1.0,beta-minerals,north-site,equipment_health,BETA-NORTH-CRUSHER-019,fixed_crusher,2026-09-01T20:17:58.253Z,1,running,70.1,4.58,3006.2,1.0,19458.88,24.9,[]
20d647e7-fb0e-49c9-8048-bd465f57e497,1.0,beta-minerals,north-site,equipment_health,BETA-NORTH-CRUSHER-020,fixed_crusher,2026-09-01T20:17:58.253Z,1,running,72.8,3.97,2949.1,1.0,3849.68,23.8,[]
941c1015-4998-498d-9775-28027a70edc3,1.0,beta-minerals,north-site,equipment_health,BETA-NORTH-CRUSHER-021,fixed_crusher,2026-09-01T20:17:58.253Z,1,running,72.7,4.5,2910.8,1.0,20321.7,24.2,[]
63925247-1035-4ce8-8c2d-9a34584b9f9e,1.0,beta-minerals,north-site,equipment_health,BETA-NORTH-CRUSHER-022,fixed_crusher,2026-09-01T20:17:58.253Z,1,faulted,98.4,9.18,3046.9,0.58,21416.93,23.8,"[""BEARING_OVERHEAT"",""VIBRATION_HIGH""]"
6935b506-d5e7-4913-922c-7b8965c8425d,1.0,beta-minerals,north-site,equipment_health,BETA-NORTH-CRUSHER-023,fixed_crusher,2026-09-01T20:17:58.253Z,1,running,70.8,4.14,2988.1,1.0,4784.24,25.0,[]
4b08747f-6cfd-4554-931e-330f7a21b449,1.0,beta-minerals,north-site,equipment_health,BETA-NORTH-CRUSHER-024,fixed_crusher,2026-09-01T20:17:58.253Z,1,running,73.0,3.58,3104.9,1.0,17579.6,24.9,[]
3b1c2074-74b5-4063-9050-41507cff0474,1.0,beta-minerals,north-site,equipment_health,BETA-NORTH-CRUSHER-025,fixed_crusher,2026-09-01T20:17:58.253Z,1,running,77.6,3.69,3088.5,1.0,4886.59,23.8,[]
f2000ffa-b424-449e-9078-51bbe7c0213b,1.0,beta-minerals,north-site,equipment_health,BETA-NORTH-CRUSHER-026,fixed_crusher,2026-09-01T20:17:58.253Z,1,running,77.2,4.44,3018.7,1.0,8609.06,24.8,[]
6301c0cb-c2ce-4e81-8c18-dda731223cfc,1.0,beta-minerals,north-site,equipment_health,BETA-NORTH-CRUSHER-027,fixed_crusher,2026-09-01T20:17:58.253Z,1,running,69.1,4.42,3145.3,1.0,4564.78,24.4,[]
23934d27-8994-4365-9f43-209aeefed8c5,1.0,beta-minerals,north-site,equipment_health,BETA-NORTH-CRUSHER-028,fixed_crusher,2026-09-01T20:17:58.253Z,1,running,75.6,3.85,3016.5,1.0,6843.47,24.5,[]
eff742e2-f0ec-4036-9468-be5e0fc61141,1.0,beta-minerals,north-site,equipment_health,BETA-NORTH-CRUSHER-029,fixed_crusher,2026-09-01T20:17:58.253Z,1,running,70.9,4.29,2920.6,1.0,6504.57,24.5,[]
01310b21-e81a-4d3b-ae13-6ad30c0db008,1.0,beta-minerals,north-site,equipment_health,BETA-NORTH-CRUSHER-030,fixed_crusher,2026-09-01T20:17:58.253Z,1,running,75.4,4.26,3110.3,1.0,13544.21,24.1,[]
6ef3941b-d1e5-4648-99fb-8202f05f7ff7,1.0,acme-mining,site-01,equipment_health,ACME-S01-CRUSHER-001,fixed_crusher,2026-09-01T20:18:03.253Z,2,running,77.3,4.04,3143.3,1.0,16458.42,25.0,[]
7c422f64-5f0b-405f-ab27-74abbaf21d1f,1.0,acme-mining,site-01,equipment_health,ACME-S01-CRUSHER-002,fixed_crusher,2026-09-01T20:18:03.253Z,2,running,75.1,3.64,3076.1,1.0,5622.65,25.0,[]
3d0ddda5-d7e1-4061-b433-97451e5357a9,1.0,acme-mining,site-01,equipment_health,ACME-S01-CRUSHER-003,fixed_crusher,2026-09-01T20:18:03.253Z,2,running,72.7,4.32,3136.0,1.0,14322.84,24.3,[]
41593451-cd4a-4c16-b8dd-7e9be5ba9ec7,1.0,acme-mining,site-01,equipment_health,ACME-S01-CRUSHER-004,fixed_crusher,2026-09-01T20:18:03.253Z,2,running,72.1,3.63,3042.9,0.999,6152.54,23.9,[]
905044f8-92ac-4aa5-817c-7490debd8455,1.0,acme-mining,site-01,equipment_health,ACME-S01-CRUSHER-005,fixed_crusher,2026-09-01T20:18:03.253Z,2,running,77.9,3.83,3021.5,1.0,3962.99,24.9,[]
6dac8f2b-3183-4a89-a54a-3eecca2de8aa,1.0,acme-mining,site-01,equipment_health,ACME-S01-CRUSHER-006,fixed_crusher,2026-09-01T20:18:03.253Z,2,running,68.5,4.48,3122.3,1.0,17244.71,24.1,[]
0731e3d4-8ace-4df4-8f6c-f1d5d7fed87f,1.0,acme-mining,site-01,equipment_health,ACME-S01-CRUSHER-007,fixed_crusher,2026-09-01T20:18:03.253Z,2,running,69.2,3.88,3117.6,1.0,13724.18,24.4,[]
58311cbc-e96f-4dd5-b453-854f32f0e81d,1.0,acme-mining,site-01,equipment_health,ACME-S01-CRUSHER-008,fixed_crusher,2026-09-01T20:18:03.253Z,2,running,77.0,4.36,3018.8,1.0,12502.24,24.8,[]
aba28272-36e0-4f78-b047-43bbb56fc574,1.0,acme-mining,site-01,equipment_health,ACME-S01-CRUSHER-009,fixed_crusher,2026-09-01T20:18:03.253Z,2,running,73.0,4.01,3012.5,0.999,15703.34,24.4,[]
0b557332-29dd-4f7c-bf53-b17c47ef1a36,1.0,acme-mining,site-01,equipment_health,ACME-S01-CRUSHER-010,fixed_crusher,2026-09-01T20:18:03.253Z,2,running,76.0,4.23,3002.4,1.0,9812.95,24.1,[]
9358e5db-a02d-4a45-bc81-1aedf673361d,1.0,acme-mining,site-01,equipment_health,ACME-S01-CRUSHER-011,fixed_crusher,2026-09-01T20:18:03.253Z,2,running,77.6,4.48,3084.0,1.0,13414.94,24.7,[]
315e2f27-8dc2-47b8-b3d7-2d5486028058,1.0,acme-mining,site-01,equipment_health,ACME-S01-CRUSHER-012,fixed_crusher,2026-09-01T20:18:03.253Z,2,running,73.7,4.38,3076.8,0.999,11410.01,24.6,[]
bdabc927-56a0-4359-9fc7-c755ebc500e5,1.0,acme-mining,site-01,equipment_health,ACME-S01-CRUSHER-013,fixed_crusher,2026-09-01T20:18:03.253Z,2,running,69.9,4.18,3044.2,1.0,5653.2,23.9,[]
8d615597-10ac-4520-8fad-9f274d32404f,1.0,acme-mining,site-01,equipment_health,ACME-S01-CRUSHER-014,fixed_crusher,2026-09-01T20:18:03.253Z,2,running,72.8,4.49,2930.1,1.0,1652.91,25.1,[]
7732460f-4af5-4879-8236-4cb8881cc01b,1.0,acme-mining,site-01,equipment_health,ACME-S01-CRUSHER-015,fixed_crusher,2026-09-01T20:18:03.253Z,2,running,75.9,3.77,3076.4,1.0,21343.97,25.0,[]
58944635-8858-40de-9b02-7af7601475de,1.0,acme-mining,site-01,equipment_health,ACME-S01-CRUSHER-016,fixed_crusher,2026-09-01T20:18:03.253Z,2,running,74.1,3.94,2911.2,0.999,6910.22,25.0,[]
3fa5806d-456d-4ce7-afff-f8ef61116c10,1.0,acme-mining,site-01,equipment_health,ACME-S01-CRUSHER-017,fixed_crusher,2026-09-01T20:18:03.253Z,2,faulted,99.1,7.79,2979.3,0.58,19136.11,23.9,"[""BEARING_OVERHEAT"",""VIBRATION_HIGH""]"
cdb6d353-ffc7-49b6-951a-1da76adfbd87,1.0,acme-mining,site-01,equipment_health,ACME-S01-CRUSHER-018,fixed_crusher,2026-09-01T20:18:03.253Z,2,running,70.6,3.6,2976.7,1.0,14058.67,24.4,[]
05429447-bf0c-4794-a357-c85d17a18e8e,1.0,acme-mining,site-01,equipment_health,ACME-S01-CRUSHER-019,fixed_crusher,2026-09-01T20:18:03.253Z,2,running,71.3,3.53,2914.6,1.0,1412.03,24.3,[]
5f5ffa3c-921e-46f9-b67a-e6813f77ba43,1.0,acme-mining,site-01,equipment_health,ACME-S01-CRUSHER-020,fixed_crusher,2026-09-01T20:18:03.253Z,2,running,71.2,3.91,3106.9,1.0,21835.85,24.0,[]
8b57642a-caad-478e-a1e8-c1ce4b09f9a5,1.0,acme-mining,site-02,equipment_health,ACME-S02-CRUSHER-001,fixed_crusher,2026-09-01T20:18:03.253Z,2,running,74.0,4.55,3110.4,1.0,21531.71,23.8,[]
3d9c3405-0c68-4280-bc27-eb9689c9dda2,1.0,acme-mining,site-02,equipment_health,ACME-S02-CRUSHER-002,fixed_crusher,2026-09-01T20:18:03.253Z,2,running,77.2,3.94,3046.5,1.0,7608.76,25.1,[]
22d6d595-9608-4ca3-9b5e-cbcb3baecb3e,1.0,acme-mining,site-02,equipment_health,ACME-S02-CRUSHER-003,fixed_crusher,2026-09-01T20:18:03.253Z,2,running,72.2,4.41,2963.2,1.0,20160.47,24.2,[]
ffe5d9ce-2c25-44b3-9044-d4277611efbb,1.0,acme-mining,site-02,equipment_health,ACME-S02-CRUSHER-004,fixed_crusher,2026-09-01T20:18:03.253Z,2,running,71.8,3.84,3002.9,0.999,4749.81,25.0,[]
4b67e1c9-a007-4f69-92f4-96729a327385,1.0,acme-mining,site-02,equipment_health,ACME-S02-CRUSHER-005,fixed_crusher,2026-09-01T20:18:03.253Z,2,running,74.4,4.35,2986.1,1.0,6832.71,24.0,[]
de3cd867-6fc6-4c01-b21b-46906a81702f,1.0,acme-mining,site-02,equipment_health,ACME-S02-CRUSHER-006,fixed_crusher,2026-09-01T20:18:03.253Z,2,running,72.0,3.84,3146.8,1.0,17946.86,24.9,[]
b001617e-9f6c-4b31-8788-d3a29ca5374b,1.0,acme-mining,site-02,equipment_health,ACME-S02-CRUSHER-007,fixed_crusher,2026-09-01T20:18:03.253Z,2,faulted,104.8,7.93,3063.6,0.58,12836.96,24.3,"[""BEARING_OVERHEAT"",""VIBRATION_HIGH""]"
1e624ceb-657e-4c21-a6c3-19865f59076e,1.0,acme-mining,site-02,equipment_health,ACME-S02-CRUSHER-008,fixed_crusher,2026-09-01T20:18:03.253Z,2,running,69.8,4.54,3012.7,1.0,9297.67,24.9,[]
06b10721-62a8-4c09-9c76-76e7287c6746,1.0,acme-mining,site-02,equipment_health,ACME-S02-CRUSHER-009,fixed_crusher,2026-09-01T20:18:03.253Z,2,running,69.8,4.34,2964.8,1.0,16779.64,25.1,[]
13c062c9-1919-4279-897b-ed22e4cbb6c1,1.0,acme-mining,site-02,equipment_health,ACME-S02-CRUSHER-010,fixed_crusher,2026-09-01T20:18:03.253Z,2,running,74.2,4.46,2941.5,1.0,14957.07,24.2,[]
4a1dc2c9-fa3e-4e4b-8561-8e9ddb4834a9,1.0,acme-mining,site-02,equipment_health,ACME-S02-CRUSHER-011,fixed_crusher,2026-09-01T20:18:03.253Z,2,running,71.4,4.14,3019.5,1.0,14340.68,24.7,[]
834fad8c-4abe-4130-b2ed-8857fa0e39a7,1.0,acme-mining,site-02,equipment_health,ACME-S02-CRUSHER-012,fixed_crusher,2026-09-01T20:18:03.253Z,2,running,75.5,3.51,3045.6,1.0,9615.93,25.2,[]
0f1f34db-3d28-4843-9182-67f34bd6db51,1.0,acme-mining,site-02,equipment_health,ACME-S02-CRUSHER-013,fixed_crusher,2026-09-01T20:18:03.253Z,2,running,68.1,4.16,3146.7,0.999,11940.74,24.9,[]
32b54bc7-d328-4ddf-b268-c370045dc05d,1.0,acme-mining,site-02,equipment_health,ACME-S02-CRUSHER-014,fixed_crusher,2026-09-01T20:18:03.253Z,2,running,71.4,3.97,2992.7,1.0,12941.28,25.0,[]
96a08a51-2008-488b-889c-58f36bb3ea06,1.0,acme-mining,site-02,equipment_health,ACME-S02-CRUSHER-015,fixed_crusher,2026-09-01T20:18:03.253Z,2,running,77.4,4.23,2994.6,1.0,19856.46,23.9,[]
3d5b0e46-0375-435e-ba54-5bdbce54529a,1.0,acme-mining,site-02,equipment_health,ACME-S02-CRUSHER-016,fixed_crusher,2026-09-01T20:18:03.253Z,2,running,69.0,4.0,3074.6,1.0,16133.54,24.8,[]
2dc47b43-2e95-4da2-8b61-1c873c742858,1.0,acme-mining,site-02,equipment_health,ACME-S02-CRUSHER-017,fixed_crusher,2026-09-01T20:18:03.253Z,2,running,74.0,4.46,2969.9,1.0,12272.67,24.8,[]
0f749898-dbc7-42da-bcfd-e2ea492836f8,1.0,acme-mining,site-02,equipment_health,ACME-S02-CRUSHER-018,fixed_crusher,2026-09-01T20:18:03.253Z,2,running,74.2,4.22,3018.8,1.0,17035.55,24.4,[]
edaf0f99-b3b1-4d3b-8376-a60e37bef742,1.0,acme-mining,site-02,equipment_health,ACME-S02-CRUSHER-019,fixed_crusher,2026-09-01T20:18:03.253Z,2,running,77.6,4.39,2904.2,0.999,8763.69,24.3,[]
67bd4d96-a308-4418-ad46-97e4242482c1,1.0,acme-mining,site-02,equipment_health,ACME-S02-CRUSHER-020,fixed_crusher,2026-09-01T20:18:03.253Z,2,faulted,100.8,9.03,3051.7,0.58,9132.85,23.9,"[""BEARING_OVERHEAT"",""VIBRATION_HIGH""]"
f6c4ffb3-e886-4025-a41c-1e681033b842,1.0,beta-minerals,north-site,equipment_health,BETA-NORTH-CRUSHER-001,fixed_crusher,2026-09-01T20:18:03.253Z,2,running,71.8,4.14,3005.5,1.0,10268.56,24.6,[]
acf1a77b-a57f-4eb9-99c5-cd0940a7aa09,1.0,beta-minerals,north-site,equipment_health,BETA-NORTH-CRUSHER-002,fixed_crusher,2026-09-01T20:18:03.253Z,2,running,75.0,3.76,2900.7,1.0,10090.27,25.2,[]
6aeff4ad-7320-4029-942f-3cd0978693cc,1.0,beta-minerals,north-site,equipment_health,BETA-NORTH-CRUSHER-003,fixed_crusher,2026-09-01T20:18:03.253Z,2,faulted,100.2,9.62,2914.9,0.58,17521.08,25.0,"[""BEARING_OVERHEAT"",""VIBRATION_HIGH""]"
44a8be47-c629-4783-a338-a5c7a86dd07d,1.0,beta-minerals,north-site,equipment_health,BETA-NORTH-CRUSHER-004,fixed_crusher,2026-09-01T20:18:03.253Z,2,running,69.4,4.44,3143.0,1.0,7556.8,25.1,[]
bdc37051-0a08-4376-873e-fefb12a901c7,1.0,beta-minerals,north-site,equipment_health,BETA-NORTH-CRUSHER-005,fixed_crusher,2026-09-01T20:18:03.253Z,2,running,68.6,3.65,3140.5,1.0,7964.56,24.8,[]
418dfdfd-a6b4-4fb9-85da-523a161a5ef4,1.0,beta-minerals,north-site,equipment_health,BETA-NORTH-CRUSHER-006,fixed_crusher,2026-09-01T20:18:03.253Z,2,running,77.6,3.91,3075.4,1.0,4130.6,24.7,[]
6ba657d9-0585-4d8c-9aac-6599cbe943dc,1.0,beta-minerals,north-site,equipment_health,BETA-NORTH-CRUSHER-007,fixed_crusher,2026-09-01T20:18:03.253Z,2,running,76.7,3.53,2991.3,1.0,14804.68,23.9,[]
9288c001-8d41-4edf-9cb8-348eb8ae2ced,1.0,beta-minerals,north-site,equipment_health,BETA-NORTH-CRUSHER-008,fixed_crusher,2026-09-01T20:18:03.253Z,2,running,76.1,3.66,2945.6,1.0,9865.25,24.8,[]
f45167d0-c83b-4248-8c48-2c3056efb64d,1.0,beta-minerals,north-site,equipment_health,BETA-NORTH-CRUSHER-009,fixed_crusher,2026-09-01T20:18:03.253Z,2,running,71.0,3.95,2984.3,1.0,21513.63,24.9,[]
c508f022-cb9c-457c-b72f-fcb543196c64,1.0,beta-minerals,north-site,equipment_health,BETA-NORTH-CRUSHER-010,fixed_crusher,2026-09-01T20:18:03.253Z,2,running,69.6,4.47,2908.0,1.0,9015.58,24.9,[]
6e270884-3cf7-43b5-9ac3-7e0205d6d266,1.0,beta-minerals,north-site,equipment_health,BETA-NORTH-CRUSHER-011,fixed_crusher,2026-09-01T20:18:03.253Z,2,running,76.3,4.25,3119.0,1.0,12762.03,24.6,[]
aaaf497a-6569-42c0-b820-167939983dac,1.0,beta-minerals,north-site,equipment_health,BETA-NORTH-CRUSHER-012,fixed_crusher,2026-09-01T20:18:03.253Z,2,running,73.0,4.28,3005.9,0.999,5623.27,24.0,[]
447f583d-16e3-45cf-b3f7-cb441f8dbdb2,1.0,beta-minerals,north-site,equipment_health,BETA-NORTH-CRUSHER-013,fixed_crusher,2026-09-01T20:18:03.253Z,2,running,77.8,3.64,2953.0,1.0,19491.06,24.7,[]
2dbf8078-a6a7-4842-b13e-e1d178fd78be,1.0,beta-minerals,north-site,equipment_health,BETA-NORTH-CRUSHER-014,fixed_crusher,2026-09-01T20:18:03.253Z,2,running,75.5,4.12,3110.4,1.0,15163.74,24.9,[]
b03dfd2b-4190-4f2d-b90d-59ccbe84608e,1.0,beta-minerals,north-site,equipment_health,BETA-NORTH-CRUSHER-015,fixed_crusher,2026-09-01T20:18:03.253Z,2,running,74.4,4.41,2941.2,1.0,3475.15,24.9,[]
57d928ff-6fe0-4cd1-8213-175adfdc624a,1.0,beta-minerals,north-site,equipment_health,BETA-NORTH-CRUSHER-016,fixed_crusher,2026-09-01T20:18:03.253Z,2,running,69.1,3.59,3050.8,1.0,7578.69,25.0,[]
072bb00f-bea7-46a9-a677-35515dd2aaa2,1.0,beta-minerals,north-site,equipment_health,BETA-NORTH-CRUSHER-017,fixed_crusher,2026-09-01T20:18:03.253Z,2,faulted,105.1,8.27,3049.3,0.58,10512.94,24.6,"[""BEARING_OVERHEAT"",""VIBRATION_HIGH""]"
65f143d5-6e36-4eb6-aa83-49edb2c554cc,1.0,beta-minerals,north-site,equipment_health,BETA-NORTH-CRUSHER-018,fixed_crusher,2026-09-01T20:18:03.253Z,2,running,70.7,4.57,3041.2,1.0,12811.79,24.6,[]
1bfa15fd-fe60-4475-8f37-589a0eb58b21,1.0,beta-minerals,north-site,equipment_health,BETA-NORTH-CRUSHER-019,fixed_crusher,2026-09-01T20:18:03.253Z,2,running,71.1,4.54,2902.1,1.0,19458.88,24.3,[]
e03d496c-5378-4170-904a-74536f29cdd5,1.0,beta-minerals,north-site,equipment_health,BETA-NORTH-CRUSHER-020,fixed_crusher,2026-09-01T20:18:03.253Z,2,running,69.9,4.33,3081.4,1.0,3849.68,25.2,[]
072a8a38-4054-44de-9315-a9dc0a008b29,1.0,beta-minerals,north-site,equipment_health,BETA-NORTH-CRUSHER-021,fixed_crusher,2026-09-01T20:18:03.253Z,2,running,72.1,4.32,2925.3,1.0,20321.7,24.9,[]
46000b4c-909b-4e47-a396-f2a0a2f039af,1.0,beta-minerals,north-site,equipment_health,BETA-NORTH-CRUSHER-022,fixed_crusher,2026-09-01T20:18:03.253Z,2,running,71.8,4.14,3113.0,1.0,21416.93,24.2,[]
727cfd14-952b-45a9-afa7-6fb75ff0c722,1.0,beta-minerals,north-site,equipment_health,BETA-NORTH-CRUSHER-023,fixed_crusher,2026-09-01T20:18:03.253Z,2,running,76.9,3.6,3079.6,1.0,4784.24,25.0,[]
5a706de5-5aa4-4266-b881-62dc56daceae,1.0,beta-minerals,north-site,equipment_health,BETA-NORTH-CRUSHER-024,fixed_crusher,2026-09-01T20:18:03.253Z,2,running,75.7,3.68,3140.9,1.0,17579.6,24.5,[]
c587c576-a8b9-4b65-8464-68e0f453bdac,1.0,beta-minerals,north-site,equipment_health,BETA-NORTH-CRUSHER-025,fixed_crusher,2026-09-01T20:18:03.253Z,2,running,77.3,3.88,3096.3,1.0,4886.59,24.3,[]
d492e4ef-9cd2-479d-886b-27185a55eafe,1.0,beta-minerals,north-site,equipment_health,BETA-NORTH-CRUSHER-026,fixed_crusher,2026-09-01T20:18:03.253Z,2,running,72.3,4.48,3093.5,0.999,8609.06,24.3,[]
03dd72b0-f1ab-49d8-bd9d-7a4ef96800fd,1.0,beta-minerals,north-site,equipment_health,BETA-NORTH-CRUSHER-027,fixed_crusher,2026-09-01T20:18:03.253Z,2,running,68.7,3.67,3056.9,1.0,4564.78,24.5,[]
2cccd56e-b603-423f-9801-a29d72962d2d,1.0,beta-minerals,north-site,equipment_health,BETA-NORTH-CRUSHER-028,fixed_crusher,2026-09-01T20:18:03.253Z,2,running,76.7,4.1,3142.2,1.0,6843.47,24.9,[]
9c0c3a89-ea8c-4e15-bfa6-17c8e79d9997,1.0,beta-minerals,north-site,equipment_health,BETA-NORTH-CRUSHER-029,fixed_crusher,2026-09-01T20:18:03.253Z,2,running,71.1,4.53,2940.4,1.0,6504.57,24.2,[]
b5ea7dd0-0123-4833-baaf-37f89daebe24,1.0,beta-minerals,north-site,equipment_health,BETA-NORTH-CRUSHER-030,fixed_crusher,2026-09-01T20:18:03.253Z,2,running,69.8,4.35,2964.5,1.0,13544.21,24.5,[]
db144342-ff64-4909-a0f7-1505a3ca9a6d,1.0,acme-mining,site-01,equipment_health,ACME-S01-CRUSHER-001,fixed_crusher,2026-09-01T20:18:08.253Z,3,running,71.5,4.42,2912.5,1.0,16458.42,24.0,[]
124933a3-ae94-4353-865f-679d220630a0,1.0,acme-mining,site-01,equipment_health,ACME-S01-CRUSHER-002,fixed_crusher,2026-09-01T20:18:08.253Z,3,running,73.0,4.55,3040.2,0.999,5622.65,25.1,[]
12345353-11b2-40a4-842f-6b457eb25d73,1.0,acme-mining,site-01,equipment_health,ACME-S01-CRUSHER-003,fixed_crusher,2026-09-01T20:18:08.253Z,3,running,75.3,3.98,3129.6,1.0,14322.84,24.2,[]
cd3e1a05-e6f1-4659-ba1d-0f02a0a189bf,1.0,acme-mining,site-01,equipment_health,ACME-S01-CRUSHER-004,fixed_crusher,2026-09-01T20:18:08.253Z,3,faulted,100.8,9.76,2996.6,0.58,6152.55,25.1,"[""BEARING_OVERHEAT"",""VIBRATION_HIGH""]"
15e333c5-ca20-4373-b688-b288481d83d0,1.0,acme-mining,site-01,equipment_health,ACME-S01-CRUSHER-005,fixed_crusher,2026-09-01T20:18:08.253Z,3,running,69.7,3.98,3119.0,0.999,3962.99,24.9,[]
9d63d01b-6775-4673-9cf8-55c528678ae3,1.0,acme-mining,site-01,equipment_health,ACME-S01-CRUSHER-006,fixed_crusher,2026-09-01T20:18:08.253Z,3,running,70.5,3.96,2949.9,0.999,17244.71,24.2,[]
9dbad3d7-2c09-4799-ae86-7d2678711e59,1.0,acme-mining,site-01,equipment_health,ACME-S01-CRUSHER-007,fixed_crusher,2026-09-01T20:18:08.253Z,3,running,72.6,3.7,3095.6,0.999,13724.18,25.0,[]
9caf140a-c1a0-41f5-9e94-40695c35b62f,1.0,acme-mining,site-01,equipment_health,ACME-S01-CRUSHER-008,fixed_crusher,2026-09-01T20:18:08.253Z,3,running,74.9,4.05,3071.3,0.999,12502.24,24.3,[]
5f9db27b-1ef2-4a84-a8c0-8c6b30ad9440,1.0,acme-mining,site-01,equipment_health,ACME-S01-CRUSHER-009,fixed_crusher,2026-09-01T20:18:08.253Z,3,running,77.6,4.01,3128.1,0.999,15703.34,23.8,[]
bf1646c5-4acb-4a87-99d2-1bbfb413f75a,1.0,acme-mining,site-01,equipment_health,ACME-S01-CRUSHER-010,fixed_crusher,2026-09-01T20:18:08.253Z,3,running,69.4,4.5,3096.7,0.999,9812.95,24.6,[]
4f49fe6b-07ae-4725-b644-7168d19f4d12,1.0,acme-mining,site-01,equipment_health,ACME-S01-CRUSHER-011,fixed_crusher,2026-09-01T20:18:08.253Z,3,running,77.0,4.47,2913.4,0.999,13414.94,25.0,[]
761a9941-9a9c-4927-a655-9d2bdf3de2be,1.0,acme-mining,site-01,equipment_health,ACME-S01-CRUSHER-012,fixed_crusher,2026-09-01T20:18:08.253Z,3,running,72.6,4.34,3029.5,0.999,11410.01,25.0,[]
3e895c85-8288-4c73-bccd-ea446d01d9bf,1.0,acme-mining,site-01,equipment_health,ACME-S01-CRUSHER-013,fixed_crusher,2026-09-01T20:18:08.253Z,3,running,77.9,3.62,3048.6,0.999,5653.2,25.0,[]
4c7fef8d-de03-4bba-b1d3-b77729cf84ed,1.0,acme-mining,site-01,equipment_health,ACME-S01-CRUSHER-014,fixed_crusher,2026-09-01T20:18:08.253Z,3,running,76.6,3.63,3046.2,0.999,1652.92,24.5,[]
74e3c865-3278-4031-bb7b-32db458af971,1.0,acme-mining,site-01,equipment_health,ACME-S01-CRUSHER-015,fixed_crusher,2026-09-01T20:18:08.253Z,3,running,73.2,4.12,3141.8,1.0,21343.98,24.0,[]
430a0965-331f-40fb-814c-a7bc3491b45a,1.0,acme-mining,site-01,equipment_health,ACME-S01-CRUSHER-016,fixed_crusher,2026-09-01T20:18:08.253Z,3,running,69.5,4.19,3079.8,0.999,6910.22,25.1,[]
4e1a47f4-6d42-472e-a6b9-93b02d858298,1.0,acme-mining,site-01,equipment_health,ACME-S01-CRUSHER-017,fixed_crusher,2026-09-01T20:18:08.253Z,3,running,70.0,3.57,2938.3,0.999,19136.11,25.0,[]
0076e206-da0f-47a5-b725-9473d6a97524,1.0,acme-mining,site-01,equipment_health,ACME-S01-CRUSHER-018,fixed_crusher,2026-09-01T20:18:08.253Z,3,running,69.0,3.53,3026.5,1.0,14058.67,24.3,[]
181d3cef-25fd-431c-b973-1d1c7ec1de9c,1.0,acme-mining,site-01,equipment_health,ACME-S01-CRUSHER-019,fixed_crusher,2026-09-01T20:18:08.253Z,3,running,72.8,3.7,2958.7,0.999,1412.04,25.0,[]
a7de8f2b-6c27-422a-9b0c-4a8360ad1bb1,1.0,acme-mining,site-01,equipment_health,ACME-S01-CRUSHER-020,fixed_crusher,2026-09-01T20:18:08.253Z,3,running,72.4,4.22,2930.8,0.999,21835.86,24.0,[]
fb2b297f-2d21-4f4b-ba9f-e32d7af7ee13,1.0,acme-mining,site-02,equipment_health,ACME-S02-CRUSHER-001,fixed_crusher,2026-09-01T20:18:08.253Z,3,running,73.2,4.41,2973.7,0.999,21531.71,24.0,[]
d5ae7344-d0d9-4660-8639-0838f226b13e,1.0,acme-mining,site-02,equipment_health,ACME-S02-CRUSHER-002,fixed_crusher,2026-09-01T20:18:08.253Z,3,running,72.4,3.98,2965.8,0.999,7608.76,25.0,[]
98ca49c3-8419-48e3-8ae8-f1236a227c08,1.0,acme-mining,site-02,equipment_health,ACME-S02-CRUSHER-003,fixed_crusher,2026-09-01T20:18:08.253Z,3,running,69.2,3.89,2919.8,0.999,20160.47,24.9,[]
2247f8a3-22ae-46e3-bba1-049eeb513683,1.0,acme-mining,site-02,equipment_health,ACME-S02-CRUSHER-004,fixed_crusher,2026-09-01T20:18:08.253Z,3,running,73.1,3.8,3057.7,0.999,4749.81,24.5,[]
e8aaf083-124c-4a9a-bf9a-718a8aa6d31b,1.0,acme-mining,site-02,equipment_health,ACME-S02-CRUSHER-005,fixed_crusher,2026-09-01T20:18:08.253Z,3,running,71.1,4.52,3008.3,0.999,6832.71,25.1,[]
d3234469-7980-434e-b4d0-e555bd743e11,1.0,acme-mining,site-02,equipment_health,ACME-S02-CRUSHER-006,fixed_crusher,2026-09-01T20:18:08.253Z,3,running,76.4,4.23,3119.4,0.999,17946.86,23.8,[]
d62726a9-3e50-44ba-8074-acc891179727,1.0,acme-mining,site-02,equipment_health,ACME-S02-CRUSHER-007,fixed_crusher,2026-09-01T20:18:08.253Z,3,running,69.4,3.91,3135.8,1.0,12836.97,24.7,[]
dd64b472-93dd-4db3-8df2-98fbb83aa953,1.0,acme-mining,site-02,equipment_health,ACME-S02-CRUSHER-008,fixed_crusher,2026-09-01T20:18:08.253Z,3,running,76.1,4.31,2970.6,1.0,9297.67,24.1,[]
27e379a1-7657-4db4-a5cd-bee5b3bb656b,1.0,acme-mining,site-02,equipment_health,ACME-S02-CRUSHER-009,fixed_crusher,2026-09-01T20:18:08.253Z,3,running,76.6,4.32,2900.8,0.999,16779.65,23.9,[]
1034c8a5-cd7d-41ec-a224-8407649d66cc,1.0,acme-mining,site-02,equipment_health,ACME-S02-CRUSHER-010,fixed_crusher,2026-09-01T20:18:08.253Z,3,running,69.8,3.96,2965.8,0.999,14957.07,24.3,[]
7d4e2324-8565-46e9-9611-d5f0d2017a06,1.0,acme-mining,site-02,equipment_health,ACME-S02-CRUSHER-011,fixed_crusher,2026-09-01T20:18:08.253Z,3,running,72.8,4.22,2945.0,0.999,14340.68,24.2,[]
104c12ad-4638-41c7-82d8-ae4db96da839,1.0,acme-mining,site-02,equipment_health,ACME-S02-CRUSHER-012,fixed_crusher,2026-09-01T20:18:08.253Z,3,running,72.9,4.38,2998.1,0.999,9615.93,24.3,[]
fe4e6bad-73fd-4d63-95e2-2692c6ce4910,1.0,acme-mining,site-02,equipment_health,ACME-S02-CRUSHER-013,fixed_crusher,2026-09-01T20:18:08.253Z,3,running,69.1,4.47,3088.7,0.999,11940.75,24.2,[]
8177ed26-9862-4611-aa5d-acae6d96def1,1.0,acme-mining,site-02,equipment_health,ACME-S02-CRUSHER-014,fixed_crusher,2026-09-01T20:18:08.253Z,3,running,74.6,3.63,3016.2,0.999,12941.28,24.2,[]
9cc799ad-d8cf-451f-bd8f-3693e6dc9308,1.0,acme-mining,site-02,equipment_health,ACME-S02-CRUSHER-015,fixed_crusher,2026-09-01T20:18:08.253Z,3,running,75.0,4.35,3020.9,0.999,19856.46,24.9,[]
3cd8ef79-5768-49a9-8022-a2b76a68e60f,1.0,acme-mining,site-02,equipment_health,ACME-S02-CRUSHER-016,fixed_crusher,2026-09-01T20:18:08.253Z,3,running,70.3,3.82,3026.9,0.999,16133.54,25.0,[]
d1a8bd92-ae3d-4862-bd27-ab8c18842296,1.0,acme-mining,site-02,equipment_health,ACME-S02-CRUSHER-017,fixed_crusher,2026-09-01T20:18:08.253Z,3,running,75.7,3.79,2979.4,1.0,12272.67,24.3,[]
7c1d8bb3-eb0b-43e9-afd5-9c5ad8a5e659,1.0,acme-mining,site-02,equipment_health,ACME-S02-CRUSHER-018,fixed_crusher,2026-09-01T20:18:08.253Z,3,running,77.1,3.8,3082.0,0.999,17035.55,24.3,[]
b3be7f56-446f-4e94-9f69-b1f12390984b,1.0,acme-mining,site-02,equipment_health,ACME-S02-CRUSHER-019,fixed_crusher,2026-09-01T20:18:08.253Z,3,running,72.1,4.13,2941.6,0.999,8763.69,24.1,[]
c59da093-08c5-49e9-b8bb-2f519cf91091,1.0,acme-mining,site-02,equipment_health,ACME-S02-CRUSHER-020,fixed_crusher,2026-09-01T20:18:08.253Z,3,running,74.1,3.86,3051.2,0.999,9132.85,23.8,[]
9ee0cb34-7bd1-4add-9909-ffd6e17935a6,1.0,beta-minerals,north-site,equipment_health,BETA-NORTH-CRUSHER-001,fixed_crusher,2026-09-01T20:18:08.253Z,3,running,72.5,3.83,2908.9,0.999,10268.56,24.0,[]
9f35b2c9-e53d-4baf-a18a-d36b9bb00e28,1.0,beta-minerals,north-site,equipment_health,BETA-NORTH-CRUSHER-002,fixed_crusher,2026-09-01T20:18:08.253Z,3,running,72.0,3.69,3033.7,0.999,10090.27,24.0,[]
059c946e-1d6d-4d66-95b4-fb67e33ed7b9,1.0,beta-minerals,north-site,equipment_health,BETA-NORTH-CRUSHER-003,fixed_crusher,2026-09-01T20:18:08.253Z,3,running,76.9,3.88,3014.5,0.999,17521.08,24.7,[]
80a449f8-6e92-4488-aa50-7795ef04d589,1.0,beta-minerals,north-site,equipment_health,BETA-NORTH-CRUSHER-004,fixed_crusher,2026-09-01T20:18:08.253Z,3,running,77.3,4.4,3042.3,0.999,7556.8,23.9,[]
f0c567ec-3c5a-4274-82c7-bb932fc2d0f5,1.0,beta-minerals,north-site,equipment_health,BETA-NORTH-CRUSHER-005,fixed_crusher,2026-09-01T20:18:08.253Z,3,running,74.1,4.3,3103.1,1.0,7964.56,23.9,[]
3336e840-1027-43f6-9bbf-27fd2cab784b,1.0,beta-minerals,north-site,equipment_health,BETA-NORTH-CRUSHER-006,fixed_crusher,2026-09-01T20:18:08.253Z,3,running,71.4,4.2,2975.5,1.0,4130.6,24.4,[]
6d7f8425-9505-4099-a5f6-57d20541c38d,1.0,beta-minerals,north-site,equipment_health,BETA-NORTH-CRUSHER-007,fixed_crusher,2026-09-01T20:18:08.253Z,3,running,75.2,4.32,2919.8,0.999,14804.68,25.1,[]
b0fd953a-b8ef-44c7-a442-c0dbacf17a7a,1.0,beta-minerals,north-site,equipment_health,BETA-NORTH-CRUSHER-008,fixed_crusher,2026-09-01T20:18:08.253Z,3,running,73.7,4.59,3053.9,0.999,9865.25,24.6,[]
a07a7bc6-b9db-4c94-9d29-0a0a3a94aa74,1.0,beta-minerals,north-site,equipment_health,BETA-NORTH-CRUSHER-009,fixed_crusher,2026-09-01T20:18:08.253Z,3,running,68.5,4.13,2953.8,0.999,21513.63,25.1,[]
92ec6612-8fc0-4292-a481-4d7a086f2ee3,1.0,beta-minerals,north-site,equipment_health,BETA-NORTH-CRUSHER-010,fixed_crusher,2026-09-01T20:18:08.253Z,3,running,69.9,4.05,2911.4,0.999,9015.58,24.4,[]
294cc116-b4ee-4512-a9ec-5bd420cd73a6,1.0,beta-minerals,north-site,equipment_health,BETA-NORTH-CRUSHER-011,fixed_crusher,2026-09-01T20:18:08.253Z,3,running,68.1,3.73,3095.5,1.0,12762.03,24.7,[]
faebfddc-244f-4c84-99a7-8f30e84b338c,1.0,beta-minerals,north-site,equipment_health,BETA-NORTH-CRUSHER-012,fixed_crusher,2026-09-01T20:18:08.253Z,3,running,75.9,4.2,2924.3,0.999,5623.27,24.1,[]
11743d2f-f89d-4423-abd3-a401a620fa85,1.0,beta-minerals,north-site,equipment_health,BETA-NORTH-CRUSHER-013,fixed_crusher,2026-09-01T20:18:08.253Z,3,running,74.1,4.3,3052.3,0.999,19491.07,24.4,[]
24fd22c5-1fff-4887-a808-6c45ebe416df,1.0,beta-minerals,north-site,equipment_health,BETA-NORTH-CRUSHER-014,fixed_crusher,2026-09-01T20:18:08.253Z,3,running,73.4,4.02,3039.4,0.999,15163.74,24.3,[]
4c379dff-4216-48c3-842a-d3859dd419de,1.0,beta-minerals,north-site,equipment_health,BETA-NORTH-CRUSHER-015,fixed_crusher,2026-09-01T20:18:08.253Z,3,running,69.5,4.44,3024.7,0.999,3475.15,24.5,[]
9883de22-b8bc-415a-b2a0-260d4ff534de,1.0,beta-minerals,north-site,equipment_health,BETA-NORTH-CRUSHER-016,fixed_crusher,2026-09-01T20:18:08.253Z,3,running,72.0,4.23,3042.8,0.999,7578.69,23.9,[]
6ea44fb2-c0bc-4c5c-8504-7adc5d2015f2,1.0,beta-minerals,north-site,equipment_health,BETA-NORTH-CRUSHER-017,fixed_crusher,2026-09-01T20:18:08.253Z,3,running,68.8,4.32,3032.4,0.999,10512.94,24.2,[]
2ffdb3af-a49b-4578-96a5-f948140a7602,1.0,beta-minerals,north-site,equipment_health,BETA-NORTH-CRUSHER-018,fixed_crusher,2026-09-01T20:18:08.253Z,3,running,72.7,3.67,3046.2,1.0,12811.8,24.7,[]
6b664f89-b073-4d8c-a1a4-2608b678f702,1.0,beta-minerals,north-site,equipment_health,BETA-NORTH-CRUSHER-019,fixed_crusher,2026-09-01T20:18:08.253Z,3,running,75.6,4.33,2971.0,1.0,19458.88,24.8,[]
bfd2cea3-2e89-4dd1-bc63-165fa7d5676c,1.0,beta-minerals,north-site,equipment_health,BETA-NORTH-CRUSHER-020,fixed_crusher,2026-09-01T20:18:08.253Z,3,running,73.4,3.92,3137.2,1.0,3849.68,24.0,[]
1138fc3d-be83-444d-a5bb-0dafc021fb48,1.0,beta-minerals,north-site,equipment_health,BETA-NORTH-CRUSHER-021,fixed_crusher,2026-09-01T20:18:08.253Z,3,running,69.1,3.82,3116.2,1.0,20321.71,24.9,[]
23506311-a292-4061-8d70-c6b806880593,1.0,beta-minerals,north-site,equipment_health,BETA-NORTH-CRUSHER-022,fixed_crusher,2026-09-01T20:18:08.253Z,3,running,73.5,3.89,2954.4,0.999,21416.93,25.1,[]
a3a3b27f-7d2d-4ee0-9247-d6ecacac4d03,1.0,beta-minerals,north-site,equipment_health,BETA-NORTH-CRUSHER-023,fixed_crusher,2026-09-01T20:18:08.253Z,3,running,74.3,4.23,3071.7,0.999,4784.24,24.7,[]
7f032886-9c60-4263-af6f-c05d0db6b187,1.0,beta-minerals,north-site,equipment_health,BETA-NORTH-CRUSHER-024,fixed_crusher,2026-09-01T20:18:08.253Z,3,running,73.3,3.75,3001.0,0.999,17579.6,24.9,[]
eacdc4a0-4db3-4425-8c4b-ccda0605ebdf,1.0,beta-minerals,north-site,equipment_health,BETA-NORTH-CRUSHER-025,fixed_crusher,2026-09-01T20:18:08.253Z,3,running,69.6,4.46,3000.0,0.999,4886.59,23.8,[]
304a4616-7f0a-4d6b-a649-bc04be656d3d,1.0,beta-minerals,north-site,equipment_health,BETA-NORTH-CRUSHER-026,fixed_crusher,2026-09-01T20:18:08.253Z,3,running,74.6,4.25,2924.6,0.999,8609.07,24.6,[]
b1563c49-fcda-4519-81d7-30cc704be32c,1.0,beta-minerals,north-site,equipment_health,BETA-NORTH-CRUSHER-027,fixed_crusher,2026-09-01T20:18:08.253Z,3,running,69.9,3.53,2956.0,0.999,4564.78,24.7,[]
77455efc-7d39-40d3-9d59-6f36635b1c6c,1.0,beta-minerals,north-site,equipment_health,BETA-NORTH-CRUSHER-028,fixed_crusher,2026-09-01T20:18:08.253Z,3,running,73.7,3.95,2905.7,1.0,6843.47,24.7,[]
a1fe7e6a-c8a5-4556-807d-3b4ea8f2ef1a,1.0,beta-minerals,north-site,equipment_health,BETA-NORTH-CRUSHER-029,fixed_crusher,2026-09-01T20:18:08.253Z,3,running,74.8,4.55,2905.7,0.999,6504.58,24.6,[]
33a55966-596a-454d-85a5-657730ec6695,1.0,beta-minerals,north-site,equipment_health,BETA-NORTH-CRUSHER-030,fixed_crusher,2026-09-01T20:18:08.253Z,3,running,73.1,3.71,3128.3,1.0,13544.21,24.4,[]
f2595e24-70c0-4172-a0bc-8ec6a8a5609b,1.0,acme-mining,site-01,equipment_health,ACME-S01-CRUSHER-001,fixed_crusher,2026-09-01T20:18:13.253Z,4,running,73.4,3.94,3073.9,0.999,16458.42,24.1,[]
5b146dc8-1aac-4a10-b3cb-d7a13d235a47,1.0,acme-mining,site-01,equipment_health,ACME-S01-CRUSHER-002,fixed_crusher,2026-09-01T20:18:13.253Z,4,running,76.8,3.95,2965.8,0.999,5622.65,24.8,[]
6e3aa3dc-389b-44b1-b5c7-0ae59245ae84,1.0,acme-mining,site-01,equipment_health,ACME-S01-CRUSHER-003,fixed_crusher,2026-09-01T20:18:13.253Z,4,running,77.2,3.61,3139.0,0.999,14322.84,24.9,[]
4e5cd895-0317-4d8b-a507-98589f7cac76,1.0,acme-mining,site-01,equipment_health,ACME-S01-CRUSHER-004,fixed_crusher,2026-09-01T20:18:13.253Z,4,running,73.7,3.59,3149.9,0.999,6152.55,24.4,[]
ace71d4e-e542-436f-88e5-61a20db1e228,1.0,acme-mining,site-01,equipment_health,ACME-S01-CRUSHER-005,fixed_crusher,2026-09-01T20:18:13.253Z,4,faulted,106.0,9.96,3023.6,0.58,3962.99,24.1,"[""BEARING_OVERHEAT"",""VIBRATION_HIGH""]"
7050a8cb-68df-42a2-921d-513bee73449f,1.0,acme-mining,site-01,equipment_health,ACME-S01-CRUSHER-006,fixed_crusher,2026-09-01T20:18:13.253Z,4,running,70.2,3.51,2960.9,0.999,17244.71,23.8,[]
16a398da-8f70-4892-b93e-011f68140478,1.0,acme-mining,site-01,equipment_health,ACME-S01-CRUSHER-007,fixed_crusher,2026-09-01T20:18:13.253Z,4,running,72.1,4.11,3042.0,0.999,13724.18,24.4,[]
8e86ac8e-22f9-45a1-a1fe-e2a50fea6dcb,1.0,acme-mining,site-01,equipment_health,ACME-S01-CRUSHER-008,fixed_crusher,2026-09-01T20:18:13.253Z,4,running,74.3,4.48,3144.8,0.999,12502.24,24.8,[]
65ce0e85-b8ed-45d0-8256-ff915c26609d,1.0,acme-mining,site-01,equipment_health,ACME-S01-CRUSHER-009,fixed_crusher,2026-09-01T20:18:13.253Z,4,running,76.0,3.79,2992.6,0.999,15703.34,25.1,[]
02b9d6d8-5696-4185-94de-a3ee306d93cc,1.0,acme-mining,site-01,equipment_health,ACME-S01-CRUSHER-010,fixed_crusher,2026-09-01T20:18:13.253Z,4,running,71.6,4.55,2933.6,0.999,9812.95,25.0,[]
4bb312f3-7a19-40bb-aea6-9e816f6b974f,1.0,acme-mining,site-01,equipment_health,ACME-S01-CRUSHER-011,fixed_crusher,2026-09-01T20:18:13.253Z,4,running,73.4,3.64,3145.3,0.999,13414.94,24.9,[]
c30b15d8-5c96-4d82-b963-aaa6f4c3c371,1.0,acme-mining,site-01,equipment_health,ACME-S01-CRUSHER-012,fixed_crusher,2026-09-01T20:18:13.253Z,4,running,71.1,4.39,3051.0,0.999,11410.02,24.8,[]
f4016487-32a6-4c11-a06b-5533c1ae339e,1.0,acme-mining,site-01,equipment_health,ACME-S01-CRUSHER-013,fixed_crusher,2026-09-01T20:18:13.253Z,4,running,73.5,4.58,3016.3,0.999,5653.2,24.6,[]
94860589-b1a9-40ae-8a08-5101f857175b,1.0,acme-mining,site-01,equipment_health,ACME-S01-CRUSHER-014,fixed_crusher,2026-09-01T20:18:13.253Z,4,running,73.0,3.98,3138.3,0.999,1652.92,24.0,[]
df444981-a2c5-4738-8768-a7d67f7c73ea,1.0,acme-mining,site-01,equipment_health,ACME-S01-CRUSHER-015,fixed_crusher,2026-09-01T20:18:13.253Z,4,running,68.6,3.88,3116.9,0.999,21343.98,24.0,[]
41e5a38a-13d2-4440-a744-4131a3e71ec9,1.0,acme-mining,site-01,equipment_health,ACME-S01-CRUSHER-016,fixed_crusher,2026-09-01T20:18:13.253Z,4,running,75.2,4.13,3136.8,0.999,6910.22,24.8,[]
59a047e2-92ec-47b8-8218-6341ff7afbae,1.0,acme-mining,site-01,equipment_health,ACME-S01-CRUSHER-017,fixed_crusher,2026-09-01T20:18:13.253Z,4,running,75.0,4.54,3146.6,0.999,19136.11,24.1,[]
141668ba-744d-440d-b734-a818073dc7c8,1.0,acme-mining,site-01,equipment_health,ACME-S01-CRUSHER-018,fixed_crusher,2026-09-01T20:18:13.253Z,4,running,74.7,3.86,3042.5,0.999,14058.67,25.0,[]
44d6067a-d9e9-4939-a8c7-9b6e63dd825a,1.0,acme-mining,site-01,equipment_health,ACME-S01-CRUSHER-019,fixed_crusher,2026-09-01T20:18:13.253Z,4,running,73.4,4.25,2978.6,0.999,1412.04,23.8,[]
fe185fd5-1d37-4e03-8130-b83f3ae84e62,1.0,acme-mining,site-01,equipment_health,ACME-S01-CRUSHER-020,fixed_crusher,2026-09-01T20:18:13.253Z,4,running,71.6,3.63,3144.3,0.999,21835.86,24.7,[]
90d37ad1-f7c6-413f-bf25-32199b372388,1.0,acme-mining,site-02,equipment_health,ACME-S02-CRUSHER-001,fixed_crusher,2026-09-01T20:18:13.253Z,4,running,71.0,3.72,2974.0,0.999,21531.71,23.8,[]
c38df2d5-a0b6-48f2-9d48-c5651f93b3bf,1.0,acme-mining,site-02,equipment_health,ACME-S02-CRUSHER-002,fixed_crusher,2026-09-01T20:18:13.253Z,4,running,71.7,4.35,3148.2,0.999,7608.76,24.4,[]
8be88b86-1141-4bae-a8af-84f1d55d6c47,1.0,acme-mining,site-02,equipment_health,ACME-S02-CRUSHER-003,fixed_crusher,2026-09-01T20:18:13.253Z,4,running,72.4,3.85,3134.2,0.999,20160.48,24.4,[]
e87d93de-55bc-41cf-860e-608bc55a8ace,1.0,acme-mining,site-02,equipment_health,ACME-S02-CRUSHER-004,fixed_crusher,2026-09-01T20:18:13.253Z,4,running,70.8,4.15,2980.7,0.999,4749.81,23.8,[]
aa5dc4b0-640d-44f4-8bb0-d3701ead9a6d,1.0,acme-mining,site-02,equipment_health,ACME-S02-CRUSHER-005,fixed_crusher,2026-09-01T20:18:13.253Z,4,running,72.8,3.66,3108.0,0.999,6832.71,24.3,[]
3d6bbc6b-c1c2-4260-9bd2-dd3633e6ec4f,1.0,acme-mining,site-02,equipment_health,ACME-S02-CRUSHER-006,fixed_crusher,2026-09-01T20:18:13.253Z,4,faulted,105.1,9.11,3053.3,0.58,17946.86,24.3,"[""BEARING_OVERHEAT"",""VIBRATION_HIGH""]"
5945c90c-15da-462a-b340-206647047d5a,1.0,acme-mining,site-02,equipment_health,ACME-S02-CRUSHER-007,fixed_crusher,2026-09-01T20:18:13.253Z,4,running,73.1,4.3,3078.4,0.999,12836.97,24.5,[]
b4930d83-e85b-48e3-89e4-17f2e9c5ddc8,1.0,acme-mining,site-02,equipment_health,ACME-S02-CRUSHER-008,fixed_crusher,2026-09-01T20:18:13.253Z,4,running,69.0,3.68,3078.5,0.999,9297.67,23.9,[]
281a2def-b8f2-44ae-83a7-9994e61074a1,1.0,acme-mining,site-02,equipment_health,ACME-S02-CRUSHER-009,fixed_crusher,2026-09-01T20:18:13.253Z,4,running,68.8,3.88,2917.4,0.999,16779.65,24.4,[]
e4084dcd-4186-43d5-a706-0c108ed765fe,1.0,acme-mining,site-02,equipment_health,ACME-S02-CRUSHER-010,fixed_crusher,2026-09-01T20:18:13.253Z,4,running,75.9,4.26,3037.0,0.999,14957.07,23.9,[]
3ab257d4-70e4-4c5b-a9ed-fbdec5d4e717,1.0,acme-mining,site-02,equipment_health,ACME-S02-CRUSHER-011,fixed_crusher,2026-09-01T20:18:13.253Z,4,running,75.6,4.46,2956.8,0.999,14340.69,23.9,[]
2b173099-ae22-4142-9661-ef2c4d83369d,1.0,acme-mining,site-02,equipment_health,ACME-S02-CRUSHER-012,fixed_crusher,2026-09-01T20:18:13.253Z,4,running,74.4,4.27,3019.7,0.999,9615.93,23.9,[]
1fcca60e-9771-4ab0-ba77-976dafeeae06,1.0,acme-mining,site-02,equipment_health,ACME-S02-CRUSHER-013,fixed_crusher,2026-09-01T20:18:13.253Z,4,running,77.5,3.65,2979.9,0.999,11940.75,24.3,[]
0758a931-e8a0-4c1f-a6b3-258826cb35b2,1.0,acme-mining,site-02,equipment_health,ACME-S02-CRUSHER-014,fixed_crusher,2026-09-01T20:18:13.253Z,4,running,73.1,3.82,2905.9,0.999,12941.28,24.8,[]
df951f57-8c7d-45d1-8e40-e7cb57c094ec,1.0,acme-mining,site-02,equipment_health,ACME-S02-CRUSHER-015,fixed_crusher,2026-09-01T20:18:13.253Z,4,running,70.0,3.54,2957.4,0.999,19856.46,24.5,[]
bb267b9c-2e8c-4df8-ade3-529315ae5aad,1.0,acme-mining,site-02,equipment_health,ACME-S02-CRUSHER-016,fixed_crusher,2026-09-01T20:18:13.253Z,4,running,76.8,4.06,3107.3,0.999,16133.54,24.4,[]
2d359308-47d4-4882-a47a-909276522889,1.0,acme-mining,site-02,equipment_health,ACME-S02-CRUSHER-017,fixed_crusher,2026-09-01T20:18:13.253Z,4,running,74.3,4.19,2966.4,0.999,12272.67,24.3,[]
19c86068-94d0-457d-9cc0-c25850ecf3ab,1.0,acme-mining,site-02,equipment_health,ACME-S02-CRUSHER-018,fixed_crusher,2026-09-01T20:18:13.253Z,4,running,75.5,3.78,2948.9,0.999,17035.55,25.1,[]
6e97500c-2c87-4046-b6e7-dfe34b7cacc5,1.0,acme-mining,site-02,equipment_health,ACME-S02-CRUSHER-019,fixed_crusher,2026-09-01T20:18:13.253Z,4,running,72.5,3.99,3141.9,0.999,8763.69,24.7,[]
9c857ab3-afe1-4b5f-ab44-fb98bd130c60,1.0,acme-mining,site-02,equipment_health,ACME-S02-CRUSHER-020,fixed_crusher,2026-09-01T20:18:13.253Z,4,running,69.1,3.93,2926.7,0.999,9132.85,25.1,[]
a021ed57-2d18-4416-b995-1f0cb8158a50,1.0,beta-minerals,north-site,equipment_health,BETA-NORTH-CRUSHER-001,fixed_crusher,2026-09-01T20:18:13.253Z,4,running,69.9,4.51,2941.5,0.999,10268.56,25.2,[]
ea4905f1-99c9-4ba9-b450-f83507e5b0ce,1.0,beta-minerals,north-site,equipment_health,BETA-NORTH-CRUSHER-002,fixed_crusher,2026-09-01T20:18:13.253Z,4,running,70.7,3.53,2954.7,0.999,10090.27,24.5,[]
681733c4-a6e9-4a22-8bd8-feb6a21af890,1.0,beta-minerals,north-site,equipment_health,BETA-NORTH-CRUSHER-003,fixed_crusher,2026-09-01T20:18:13.253Z,4,faulted,99.4,7.63,3055.4,0.58,17521.08,24.5,"[""BEARING_OVERHEAT"",""VIBRATION_HIGH""]"
361a6536-0102-4ff1-9811-2adf1f036045,1.0,beta-minerals,north-site,equipment_health,BETA-NORTH-CRUSHER-004,fixed_crusher,2026-09-01T20:18:13.253Z,4,running,72.9,4.34,2909.0,0.999,7556.8,24.9,[]
754b894e-66ae-421d-a2b0-35cec22c5f21,1.0,beta-minerals,north-site,equipment_health,BETA-NORTH-CRUSHER-005,fixed_crusher,2026-09-01T20:18:13.253Z,4,running,68.7,4.56,3133.2,0.999,7964.56,24.3,[]
9ee1095e-4307-4e9d-9443-fad2dece70fc,1.0,beta-minerals,north-site,equipment_health,BETA-NORTH-CRUSHER-006,fixed_crusher,2026-09-01T20:18:13.253Z,4,running,75.2,3.79,2935.6,0.999,4130.61,25.1,[]
996bdc71-da33-4e61-95ca-d69e0e0a94de,1.0,beta-minerals,north-site,equipment_health,BETA-NORTH-CRUSHER-007,fixed_crusher,2026-09-01T20:18:13.253Z,4,running,71.9,3.55,2975.7,0.999,14804.68,25.1,[]
4c38ac0e-dc0f-441e-b3b4-882863866de4,1.0,beta-minerals,north-site,equipment_health,BETA-NORTH-CRUSHER-008,fixed_crusher,2026-09-01T20:18:13.253Z,4,running,72.2,4.41,2937.9,0.999,9865.25,24.6,[]
da35d3b0-1c6a-46f2-9e8b-9ab8e55d7c5d,1.0,beta-minerals,north-site,equipment_health,BETA-NORTH-CRUSHER-009,fixed_crusher,2026-09-01T20:18:13.253Z,4,running,68.0,3.57,3114.7,0.999,21513.63,24.2,[]
bc53aaef-de5f-4d3d-8835-e98cf4d3824e,1.0,beta-minerals,north-site,equipment_health,BETA-NORTH-CRUSHER-010,fixed_crusher,2026-09-01T20:18:13.253Z,4,running,72.7,4.58,3131.2,0.999,9015.58,24.5,[]
eb138019-1d10-49e8-8f90-9c4910b08537,1.0,beta-minerals,north-site,equipment_health,BETA-NORTH-CRUSHER-011,fixed_crusher,2026-09-01T20:18:13.253Z,4,running,77.0,4.18,3144.9,0.999,12762.03,25.0,[]
b09c437b-34b1-426b-a8f5-3a7e714161bc,1.0,beta-minerals,north-site,equipment_health,BETA-NORTH-CRUSHER-012,fixed_crusher,2026-09-01T20:18:13.253Z,4,running,73.6,4.48,3103.6,0.999,5623.28,24.3,[]
259037bc-c642-435f-b825-a230692d9c4b,1.0,beta-minerals,north-site,equipment_health,BETA-NORTH-CRUSHER-013,fixed_crusher,2026-09-01T20:18:13.253Z,4,running,74.7,4.42,3047.4,0.999,19491.07,24.8,[]
309c70b9-0bf4-4217-9035-06b100c8c33e,1.0,beta-minerals,north-site,equipment_health,BETA-NORTH-CRUSHER-014,fixed_crusher,2026-09-01T20:18:13.253Z,4,running,70.5,4.4,3008.5,0.999,15163.75,24.2,[]
f510c352-f879-4d00-8d51-5ff83f5179c0,1.0,beta-minerals,north-site,equipment_health,BETA-NORTH-CRUSHER-015,fixed_crusher,2026-09-01T20:18:13.253Z,4,running,77.7,4.59,2912.8,0.999,3475.15,24.6,[]
96247596-5f8d-47c2-9542-a3ac09ea4b05,1.0,beta-minerals,north-site,equipment_health,BETA-NORTH-CRUSHER-016,fixed_crusher,2026-09-01T20:18:13.253Z,4,running,76.2,4.11,3111.1,0.999,7578.69,24.1,[]
4a483ed5-ce83-4b08-90a9-dd4ba65b54bb,1.0,beta-minerals,north-site,equipment_health,BETA-NORTH-CRUSHER-017,fixed_crusher,2026-09-01T20:18:13.253Z,4,running,69.5,3.61,3035.6,0.999,10512.94,24.3,[]
f3d9397d-316b-400d-81af-e03e875f81f4,1.0,beta-minerals,north-site,equipment_health,BETA-NORTH-CRUSHER-018,fixed_crusher,2026-09-01T20:18:13.253Z,4,running,71.3,3.59,2940.6,0.999,12811.8,24.5,[]
e055697e-0ce4-4865-8379-843350c0beac,1.0,beta-minerals,north-site,equipment_health,BETA-NORTH-CRUSHER-019,fixed_crusher,2026-09-01T20:18:13.253Z,4,running,71.1,4.48,3008.9,0.999,19458.88,24.9,[]
60315773-4dd4-4dfd-a436-01aea9dbdbdd,1.0,beta-minerals,north-site,equipment_health,BETA-NORTH-CRUSHER-020,fixed_crusher,2026-09-01T20:18:13.253Z,4,running,68.3,4.53,2929.6,0.999,3849.68,24.1,[]
ca692ab5-0435-4d20-af9b-c7d54ed58d4f,1.0,beta-minerals,north-site,equipment_health,BETA-NORTH-CRUSHER-021,fixed_crusher,2026-09-01T20:18:13.253Z,4,running,77.6,4.15,3001.3,0.999,20321.71,25.0,[]
748396dd-7487-4b9f-907a-9efb316e38eb,1.0,beta-minerals,north-site,equipment_health,BETA-NORTH-CRUSHER-022,fixed_crusher,2026-09-01T20:18:13.253Z,4,running,69.6,3.68,2981.8,0.999,21416.93,24.3,[]
03ee8396-abef-43f5-b55e-bff79c2ceb47,1.0,beta-minerals,north-site,equipment_health,BETA-NORTH-CRUSHER-023,fixed_crusher,2026-09-01T20:18:13.253Z,4,running,76.0,3.51,3035.1,0.999,4784.24,24.5,[]
13ace40d-45f2-4567-b75c-0771da406e8f,1.0,beta-minerals,north-site,equipment_health,BETA-NORTH-CRUSHER-024,fixed_crusher,2026-09-01T20:18:13.253Z,4,running,76.1,4.21,3148.0,0.999,17579.6,23.8,[]
74f290d1-c604-4043-be2c-3f338270349e,1.0,beta-minerals,north-site,equipment_health,BETA-NORTH-CRUSHER-025,fixed_crusher,2026-09-01T20:18:13.253Z,4,running,77.8,3.9,3071.4,0.999,4886.59,25.0,[]
b0f8f6d9-7888-4a33-a79a-ebd357072595,1.0,beta-minerals,north-site,equipment_health,BETA-NORTH-CRUSHER-026,fixed_crusher,2026-09-01T20:18:13.253Z,4,running,68.4,4.48,2982.5,0.999,8609.07,23.9,[]
8a58d25d-a001-4b45-bdd7-8392f1d171ae,1.0,beta-minerals,north-site,equipment_health,BETA-NORTH-CRUSHER-027,fixed_crusher,2026-09-01T20:18:13.253Z,4,running,74.1,4.4,2948.1,0.999,4564.78,24.0,[]
6ecfc344-ab4e-4bee-b766-b68b54ca3b70,1.0,beta-minerals,north-site,equipment_health,BETA-NORTH-CRUSHER-028,fixed_crusher,2026-09-01T20:18:13.253Z,4,running,69.1,4.15,3053.9,0.999,6843.48,24.5,[]
e4c19352-d08f-4415-871b-89f76f7303c1,1.0,beta-minerals,north-site,equipment_health,BETA-NORTH-CRUSHER-029,fixed_crusher,2026-09-01T20:18:13.253Z,4,running,68.6,4.17,2965.0,0.999,6504.58,24.7,[]
666d9490-8f39-4591-9b3d-4372828625ea,1.0,beta-minerals,north-site,equipment_health,BETA-NORTH-CRUSHER-030,fixed_crusher,2026-09-01T20:18:13.253Z,4,running,74.1,4.26,2908.0,0.999,13544.21,25.0,[]
f7f5fcdd-8bd5-457b-8059-9bad9ee14c09,1.0,acme-mining,site-01,equipment_health,ACME-S01-CRUSHER-001,fixed_crusher,2026-09-01T20:18:18.253Z,5,running,68.5,3.63,2997.9,0.999,16458.43,25.0,[]
7651e027-da0d-4c37-97a1-eaf9c03a1d66,1.0,acme-mining,site-01,equipment_health,ACME-S01-CRUSHER-002,fixed_crusher,2026-09-01T20:18:18.253Z,5,running,73.3,3.51,3056.4,0.999,5622.65,24.2,[]
2d8e6a24-8620-41be-afc2-4f11f21d9c02,1.0,acme-mining,site-01,equipment_health,ACME-S01-CRUSHER-003,fixed_crusher,2026-09-01T20:18:18.253Z,5,running,77.5,4.05,3132.7,0.999,14322.84,24.5,[]
fe543180-fab5-4a11-8d12-3b07b20ef283,1.0,acme-mining,site-01,equipment_health,ACME-S01-CRUSHER-004,fixed_crusher,2026-09-01T20:18:18.253Z,5,running,73.3,3.57,2966.9,0.999,6152.55,24.0,[]
f176e521-2918-4f6c-a976-f285a23a5ebe,1.0,acme-mining,site-01,equipment_health,ACME-S01-CRUSHER-005,fixed_crusher,2026-09-01T20:18:18.253Z,5,running,74.2,3.82,2942.7,0.999,3963.0,24.6,[]
5c2d6829-f200-4537-afd6-70ee95b17ecc,1.0,acme-mining,site-01,equipment_health,ACME-S01-CRUSHER-006,fixed_crusher,2026-09-01T20:18:18.253Z,5,running,72.1,3.67,2960.7,0.999,17244.71,24.4,[]
9083b8b7-0469-40fd-a1dd-aad4ea146a97,1.0,acme-mining,site-01,equipment_health,ACME-S01-CRUSHER-007,fixed_crusher,2026-09-01T20:18:18.253Z,5,running,75.3,4.08,2953.5,0.999,13724.18,24.2,[]
c46195d1-d34a-444e-9bd8-5bbd3dab4b72,1.0,acme-mining,site-01,equipment_health,ACME-S01-CRUSHER-008,fixed_crusher,2026-09-01T20:18:18.253Z,5,running,76.7,4.4,2972.9,0.999,12502.24,25.2,[]
b83d867a-8e0a-46c3-96a2-1dadf53d7e4d,1.0,acme-mining,site-01,equipment_health,ACME-S01-CRUSHER-009,fixed_crusher,2026-09-01T20:18:18.253Z,5,running,75.5,4.33,3116.6,0.999,15703.34,23.9,[]
02d3690a-efa3-4d05-8a0b-e8c1aa877bc1,1.0,acme-mining,site-01,equipment_health,ACME-S01-CRUSHER-010,fixed_crusher,2026-09-01T20:18:18.253Z,5,running,74.8,3.87,3070.8,0.999,9812.95,24.2,[]
3ab1e3d7-ae65-419c-a205-28c0a2c55b94,1.0,acme-mining,site-01,equipment_health,ACME-S01-CRUSHER-011,fixed_crusher,2026-09-01T20:18:18.253Z,5,running,68.2,3.59,2994.3,0.999,13414.94,24.4,[]
e7d87bf5-8c65-409a-9880-69ced5724b60,1.0,acme-mining,site-01,equipment_health,ACME-S01-CRUSHER-012,fixed_crusher,2026-09-01T20:18:18.253Z,5,running,73.8,4.4,3026.3,0.999,11410.02,25.1,[]
6229d558-d81c-496b-bedb-4bdaf0030647,1.0,acme-mining,site-01,equipment_health,ACME-S01-CRUSHER-013,fixed_crusher,2026-09-01T20:18:18.253Z,5,running,71.7,4.11,3025.2,0.999,5653.2,24.0,[]
613a969c-2ae1-44aa-b4ff-fe5ceb4daaf8,1.0,acme-mining,site-01,equipment_health,ACME-S01-CRUSHER-014,fixed_crusher,2026-09-01T20:18:18.253Z,5,running,77.7,4.01,3107.9,0.999,1652.92,23.9,[]
c43e00ff-7ebd-48f4-8a7e-444e1b49ffc9,1.0,acme-mining,site-01,equipment_health,ACME-S01-CRUSHER-015,fixed_crusher,2026-09-01T20:18:18.253Z,5,running,74.9,3.56,3113.2,0.999,21343.98,24.1,[]
c799f03e-94e2-486a-87a0-22c9426d4895,1.0,acme-mining,site-01,equipment_health,ACME-S01-CRUSHER-016,fixed_crusher,2026-09-01T20:18:18.253Z,5,running,75.7,3.89,3107.1,0.999,6910.22,24.2,[]
e633fdfd-eb9c-4eac-a572-904e907abf04,1.0,acme-mining,site-01,equipment_health,ACME-S01-CRUSHER-017,fixed_crusher,2026-09-01T20:18:18.253Z,5,running,71.9,3.74,2935.4,0.999,19136.11,23.9,[]
925120b1-7efc-4db3-9b7e-8f988099f412,1.0,acme-mining,site-01,equipment_health,ACME-S01-CRUSHER-018,fixed_crusher,2026-09-01T20:18:18.253Z,5,running,73.3,4.29,3096.8,0.999,14058.67,24.6,[]
53ab1749-8abf-45c2-8ad2-6a7af6d3a6af,1.0,acme-mining,site-01,equipment_health,ACME-S01-CRUSHER-019,fixed_crusher,2026-09-01T20:18:18.253Z,5,running,73.9,4.19,2949.5,0.999,1412.04,24.1,[]
341a5523-ab35-4f5c-a2f6-b90561d1bf79,1.0,acme-mining,site-01,equipment_health,ACME-S01-CRUSHER-020,fixed_crusher,2026-09-01T20:18:18.253Z,5,running,70.3,4.47,3113.7,0.999,21835.86,24.8,[]
59e3385b-434e-4b59-839e-67df8801ca3d,1.0,acme-mining,site-02,equipment_health,ACME-S02-CRUSHER-001,fixed_crusher,2026-09-01T20:18:18.253Z,5,running,75.3,3.9,3121.5,0.999,21531.71,24.9,[]
e32551c3-9077-4973-b33f-717746293b0e,1.0,acme-mining,site-02,equipment_health,ACME-S02-CRUSHER-002,fixed_crusher,2026-09-01T20:18:18.253Z,5,running,73.2,3.76,3006.6,0.999,7608.76,25.0,[]
21048b88-9071-4ab8-ac44-1dced57a09b6,1.0,acme-mining,site-02,equipment_health,ACME-S02-CRUSHER-003,fixed_crusher,2026-09-01T20:18:18.253Z,5,faulted,103.7,7.77,3074.3,0.58,20160.48,25.1,"[""BEARING_OVERHEAT"",""VIBRATION_HIGH""]"
01740af5-b247-401e-b245-b2a01241b87a,1.0,acme-mining,site-02,equipment_health,ACME-S02-CRUSHER-004,fixed_crusher,2026-09-01T20:18:18.253Z,5,running,71.5,4.0,3053.9,0.999,4749.81,25.1,[]
7f159cda-7861-4204-b03b-cfc5fc04ef81,1.0,acme-mining,site-02,equipment_health,ACME-S02-CRUSHER-005,fixed_crusher,2026-09-01T20:18:18.253Z,5,running,72.7,3.57,3083.1,0.999,6832.71,24.0,[]
2fa9472a-d5f5-4cb4-b618-7c891e7638bf,1.0,acme-mining,site-02,equipment_health,ACME-S02-CRUSHER-006,fixed_crusher,2026-09-01T20:18:18.253Z,5,running,69.3,4.43,3031.7,0.999,17946.86,25.0,[]
fe02df16-a7fb-44f7-98c8-a7af5c4dbfb5,1.0,acme-mining,site-02,equipment_health,ACME-S02-CRUSHER-007,fixed_crusher,2026-09-01T20:18:18.253Z,5,running,69.4,3.86,3102.3,0.999,12836.97,24.9,[]
25956237-3009-4583-8691-6e337c63c34a,1.0,acme-mining,site-02,equipment_health,ACME-S02-CRUSHER-008,fixed_crusher,2026-09-01T20:18:18.253Z,5,running,71.2,4.35,3026.6,0.999,9297.67,24.9,[]
13e774a4-314a-4d42-a7cd-b0748b0ea9e4,1.0,acme-mining,site-02,equipment_health,ACME-S02-CRUSHER-009,fixed_crusher,2026-09-01T20:18:18.253Z,5,running,71.0,3.68,3023.2,0.999,16779.65,24.3,[]
b561b539-05e1-4101-91d2-6169fc8f4f2e,1.0,acme-mining,site-02,equipment_health,ACME-S02-CRUSHER-010,fixed_crusher,2026-09-01T20:18:18.253Z,5,running,74.7,4.1,2984.9,0.999,14957.07,24.6,[]
2391b294-4b35-493c-bf9c-e51dd97498ca,1.0,acme-mining,site-02,equipment_health,ACME-S02-CRUSHER-011,fixed_crusher,2026-09-01T20:18:18.253Z,5,running,71.2,4.28,3053.4,0.999,14340.69,24.0,[]
0b650cbb-3f70-4dbc-9f7d-8e83f088276e,1.0,acme-mining,site-02,equipment_health,ACME-S02-CRUSHER-012,fixed_crusher,2026-09-01T20:18:18.253Z,5,running,77.1,4.56,3103.1,0.999,9615.93,24.4,[]
1a7865e5-ec1e-46a6-a35a-d3969ab4cb3d,1.0,acme-mining,site-02,equipment_health,ACME-S02-CRUSHER-013,fixed_crusher,2026-09-01T20:18:18.253Z,5,running,76.5,4.47,2910.7,0.999,11940.75,24.9,[]
fc3ef7f1-99ed-4d33-b132-90217088297a,1.0,acme-mining,site-02,equipment_health,ACME-S02-CRUSHER-014,fixed_crusher,2026-09-01T20:18:18.253Z,5,running,74.5,3.76,3139.6,0.999,12941.28,24.0,[]
0b3702f2-f84c-40f0-8479-c4b5e1c40e48,1.0,acme-mining,site-02,equipment_health,ACME-S02-CRUSHER-015,fixed_crusher,2026-09-01T20:18:18.253Z,5,running,76.3,4.38,3117.1,0.999,19856.46,23.9,[]
440c06ad-556d-4177-a242-b67de0f4ddd4,1.0,acme-mining,site-02,equipment_health,ACME-S02-CRUSHER-016,fixed_crusher,2026-09-01T20:18:18.253Z,5,faulted,102.7,7.96,3058.3,0.58,16133.54,23.9,"[""BEARING_OVERHEAT"",""VIBRATION_HIGH""]"
8c48b332-fcd1-4b99-bbc7-0abcd0ccd5da,1.0,acme-mining,site-02,equipment_health,ACME-S02-CRUSHER-017,fixed_crusher,2026-09-01T20:18:18.253Z,5,running,73.2,3.92,3046.6,0.999,12272.67,25.2,[]
efbca9c7-5d0e-428c-b1ba-40cc4c262e3f,1.0,acme-mining,site-02,equipment_health,ACME-S02-CRUSHER-018,fixed_crusher,2026-09-01T20:18:18.253Z,5,running,76.5,4.59,2955.5,0.999,17035.55,24.4,[]
492a6a40-e1d1-4adf-b8b8-01e67f8f500d,1.0,acme-mining,site-02,equipment_health,ACME-S02-CRUSHER-019,fixed_crusher,2026-09-01T20:18:18.253Z,5,running,77.5,4.21,2937.4,0.999,8763.69,23.8,[]
946c9951-1281-4ac7-9037-8d7189533cd8,1.0,acme-mining,site-02,equipment_health,ACME-S02-CRUSHER-020,fixed_crusher,2026-09-01T20:18:18.253Z,5,running,75.4,3.68,2992.2,0.999,9132.85,24.1,[]
98205591-fc31-4964-9c90-c33418ed2543,1.0,beta-minerals,north-site,equipment_health,BETA-NORTH-CRUSHER-001,fixed_crusher,2026-09-01T20:18:18.253Z,5,running,68.6,3.83,2953.6,0.999,10268.56,25.0,[]
9e35bd12-0b4c-45ca-b563-da7867972b7a,1.0,beta-minerals,north-site,equipment_health,BETA-NORTH-CRUSHER-002,fixed_crusher,2026-09-01T20:18:18.253Z,5,running,75.2,3.89,3088.9,0.999,10090.27,24.6,[]
9239c4f1-18c7-4878-81ac-a0b3c0804e4f,1.0,beta-minerals,north-site,equipment_health,BETA-NORTH-CRUSHER-003,fixed_crusher,2026-09-01T20:18:18.253Z,5,running,76.7,4.29,2927.0,0.999,17521.08,24.1,[]
53f4eaeb-c719-407f-9387-f350d8751915,1.0,beta-minerals,north-site,equipment_health,BETA-NORTH-CRUSHER-004,fixed_crusher,2026-09-01T20:18:18.253Z,5,running,71.4,4.58,2910.9,0.999,7556.81,24.2,[]
92f574d5-9b3e-4350-ae39-d4f466a1e0c6,1.0,beta-minerals,north-site,equipment_health,BETA-NORTH-CRUSHER-005,fixed_crusher,2026-09-01T20:18:18.253Z,5,running,71.3,4.41,2905.5,0.999,7964.56,24.0,[]
cdd8c2cf-2e5c-44b8-a27d-e0987fc65bb0,1.0,beta-minerals,north-site,equipment_health,BETA-NORTH-CRUSHER-006,fixed_crusher,2026-09-01T20:18:18.253Z,5,running,71.0,3.66,2931.1,0.999,4130.61,23.9,[]
811b3e6a-1808-4249-bb97-03f07d986265,1.0,beta-minerals,north-site,equipment_health,BETA-NORTH-CRUSHER-007,fixed_crusher,2026-09-01T20:18:18.253Z,5,running,69.9,3.82,2907.1,0.999,14804.68,24.6,[]
07f4f059-9dd6-485a-8157-f3fee0020d90,1.0,beta-minerals,north-site,equipment_health,BETA-NORTH-CRUSHER-008,fixed_crusher,2026-09-01T20:18:18.253Z,5,running,75.6,4.03,3127.9,0.999,9865.25,24.8,[]
2b1257f5-05cb-4a75-bb9a-0be5d8846340,1.0,beta-minerals,north-site,equipment_health,BETA-NORTH-CRUSHER-009,fixed_crusher,2026-09-01T20:18:18.253Z,5,running,70.6,4.09,3088.3,0.999,21513.63,24.7,[]
8e649df0-c0ff-4337-ae68-f04339c67ceb,1.0,beta-minerals,north-site,equipment_health,BETA-NORTH-CRUSHER-010,fixed_crusher,2026-09-01T20:18:18.253Z,5,running,75.3,4.45,3015.4,0.999,9015.58,24.6,[]
df541942-4160-474c-9a2e-27291b042b05,1.0,beta-minerals,north-site,equipment_health,BETA-NORTH-CRUSHER-011,fixed_crusher,2026-09-01T20:18:18.253Z,5,running,70.7,4.07,3148.8,0.999,12762.03,24.9,[]
521da64f-06e7-459e-8677-15c81343a88e,1.0,beta-minerals,north-site,equipment_health,BETA-NORTH-CRUSHER-012,fixed_crusher,2026-09-01T20:18:18.253Z,5,running,77.2,4.19,3136.8,0.999,5623.28,24.6,[]
473c9d74-2eec-42dc-a8db-6a3c170672a6,1.0,beta-minerals,north-site,equipment_health,BETA-NORTH-CRUSHER-013,fixed_crusher,2026-09-01T20:18:18.253Z,5,running,76.0,3.77,3143.8,0.999,19491.07,24.4,[]
d57af926-bf71-48af-9dee-826e24c2e503,1.0,beta-minerals,north-site,equipment_health,BETA-NORTH-CRUSHER-014,fixed_crusher,2026-09-01T20:18:18.253Z,5,running,77.3,3.92,2978.1,0.999,15163.75,25.0,[]
bfaf2bfa-b0c3-4d47-81a6-3883d2241f5c,1.0,beta-minerals,north-site,equipment_health,BETA-NORTH-CRUSHER-015,fixed_crusher,2026-09-01T20:18:18.253Z,5,running,70.6,3.84,3065.0,0.999,3475.15,24.0,[]
66cdd35e-4dbd-46d0-abad-fc5fd01d34a1,1.0,beta-minerals,north-site,equipment_health,BETA-NORTH-CRUSHER-016,fixed_crusher,2026-09-01T20:18:18.253Z,5,running,74.8,3.56,3071.9,0.999,7578.7,24.5,[]
6dfaba6e-d7b8-4354-a851-34e0d77bf1e3,1.0,beta-minerals,north-site,equipment_health,BETA-NORTH-CRUSHER-017,fixed_crusher,2026-09-01T20:18:18.253Z,5,running,71.8,4.26,2987.8,0.999,10512.94,23.9,[]
dbaf28fa-9505-4c80-9add-c8a483499e62,1.0,beta-minerals,north-site,equipment_health,BETA-NORTH-CRUSHER-018,fixed_crusher,2026-09-01T20:18:18.253Z,5,running,68.6,4.42,3034.5,0.999,12811.8,24.9,[]
d37539ba-d7f4-412c-af50-b934cb43b973,1.0,beta-minerals,north-site,equipment_health,BETA-NORTH-CRUSHER-019,fixed_crusher,2026-09-01T20:18:18.253Z,5,running,71.1,3.95,3077.3,0.999,19458.89,24.0,[]
f16f1b5c-97f8-4a2c-bcdc-f0182c0bb253,1.0,beta-minerals,north-site,equipment_health,BETA-NORTH-CRUSHER-020,fixed_crusher,2026-09-01T20:18:18.253Z,5,running,71.7,3.56,3021.4,0.999,3849.68,23.9,[]
b9afa73c-28a9-42fd-8ab9-6ca68d885033,1.0,beta-minerals,north-site,equipment_health,BETA-NORTH-CRUSHER-021,fixed_crusher,2026-09-01T20:18:18.253Z,5,running,71.0,3.65,3032.6,0.999,20321.71,24.6,[]
60e4c24b-3888-4d51-bb4c-a3e26adf1d1b,1.0,beta-minerals,north-site,equipment_health,BETA-NORTH-CRUSHER-022,fixed_crusher,2026-09-01T20:18:18.253Z,5,running,71.8,3.91,3116.3,0.999,21416.94,24.9,[]
70c94ceb-4747-4516-8d00-a5b88d0ed780,1.0,beta-minerals,north-site,equipment_health,BETA-NORTH-CRUSHER-023,fixed_crusher,2026-09-01T20:18:18.253Z,5,running,72.3,4.05,2912.5,0.999,4784.24,24.9,[]
da813388-aea1-4504-914b-cf8c57411617,1.0,beta-minerals,north-site,equipment_health,BETA-NORTH-CRUSHER-024,fixed_crusher,2026-09-01T20:18:18.253Z,5,running,75.9,3.84,3005.9,0.999,17579.6,24.3,[]
2e881ab1-88a7-4398-8ee0-1df568e58f43,1.0,beta-minerals,north-site,equipment_health,BETA-NORTH-CRUSHER-025,fixed_crusher,2026-09-01T20:18:18.253Z,5,running,76.9,4.13,3095.6,0.999,4886.59,24.2,[]
89a31365-522f-4d84-bd60-cb1df175acc7,1.0,beta-minerals,north-site,equipment_health,BETA-NORTH-CRUSHER-026,fixed_crusher,2026-09-01T20:18:18.253Z,5,running,75.8,4.39,2907.2,0.999,8609.07,24.0,[]
46b96008-f879-472b-aab6-f17b26f537c6,1.0,beta-minerals,north-site,equipment_health,BETA-NORTH-CRUSHER-027,fixed_crusher,2026-09-01T20:18:18.253Z,5,running,76.0,4.46,3095.8,0.999,4564.78,25.0,[]
2676d8e4-9733-4ce8-97d3-3f0c4fd2b8aa,1.0,beta-minerals,north-site,equipment_health,BETA-NORTH-CRUSHER-028,fixed_crusher,2026-09-01T20:18:18.253Z,5,running,75.0,3.56,2999.1,0.999,6843.48,24.3,[]
0b9dd0e3-4cd2-47bd-9268-a2d079b37185,1.0,beta-minerals,north-site,equipment_health,BETA-NORTH-CRUSHER-029,fixed_crusher,2026-09-01T20:18:18.253Z,5,running,68.5,4.26,3068.8,0.999,6504.58,24.0,[]
cf2bb484-21c3-4a6a-b430-ebbe29907464,1.0,beta-minerals,north-site,equipment_health,BETA-NORTH-CRUSHER-030,fixed_crusher,2026-09-01T20:18:18.253Z,5,running,70.9,4.56,3099.5,0.999,13544.22,24.4,[]
b24fcf34-d3aa-4427-b6ce-6cd7b41ce801,1.0,acme-mining,site-01,equipment_health,ACME-S01-CRUSHER-001,fixed_crusher,2026-09-01T20:18:23.253Z,6,running,77.3,3.98,3014.9,0.999,16458.43,24.4,[]
ecf9cbe2-510d-42cf-8d7a-44508d997c8d,1.0,acme-mining,site-01,equipment_health,ACME-S01-CRUSHER-002,fixed_crusher,2026-09-01T20:18:23.253Z,6,running,70.2,4.34,3070.9,0.999,5622.65,24.7,[]
14a721c6-0c81-4565-9006-aa2fbcc2f6da,1.0,acme-mining,site-01,equipment_health,ACME-S01-CRUSHER-003,fixed_crusher,2026-09-01T20:18:23.253Z,6,running,74.8,4.39,3144.6,0.999,14322.85,23.9,[]
4c9ba8f3-cc04-48e7-afbe-71e0478eef01,1.0,acme-mining,site-01,equipment_health,ACME-S01-CRUSHER-004,fixed_crusher,2026-09-01T20:18:23.253Z,6,running,68.4,4.54,3045.5,0.999,6152.55,25.1,[]
d6132169-624b-4a83-9fa5-ec26064a91c3,1.0,acme-mining,site-01,equipment_health,ACME-S01-CRUSHER-005,fixed_crusher,2026-09-01T20:18:23.253Z,6,running,68.3,3.77,3141.3,0.999,3963.0,24.6,[]
c99aa0db-45e4-4343-b8d2-03208b356bc9,1.0,acme-mining,site-01,equipment_health,ACME-S01-CRUSHER-006,fixed_crusher,2026-09-01T20:18:23.253Z,6,running,71.9,3.67,2920.3,0.999,17244.71,25.0,[]
1742fea6-6e65-49d7-aa96-e990720bb732,1.0,acme-mining,site-01,equipment_health,ACME-S01-CRUSHER-007,fixed_crusher,2026-09-01T20:18:23.253Z,6,running,68.1,3.56,3001.5,0.999,13724.18,25.0,[]
1f327dc3-b4fc-4eda-aa37-2bb83dd9229a,1.0,acme-mining,site-01,equipment_health,ACME-S01-CRUSHER-008,fixed_crusher,2026-09-01T20:18:23.253Z,6,running,77.7,3.93,3138.5,0.999,12502.24,25.0,[]
55f81a7f-2e59-43c8-9d84-57e8aa0d65de,1.0,acme-mining,site-01,equipment_health,ACME-S01-CRUSHER-009,fixed_crusher,2026-09-01T20:18:23.253Z,6,faulted,105.7,8.41,3042.6,0.58,15703.34,23.9,"[""BEARING_OVERHEAT"",""VIBRATION_HIGH""]"
fe5cac45-339f-4385-b16a-9ef339ef1aff,1.0,acme-mining,site-01,equipment_health,ACME-S01-CRUSHER-010,fixed_crusher,2026-09-01T20:18:23.253Z,6,running,75.8,3.83,2909.0,0.999,9812.95,25.2,[]
62129707-b9da-4bac-900a-a50b98b05fe9,1.0,acme-mining,site-01,equipment_health,ACME-S01-CRUSHER-011,fixed_crusher,2026-09-01T20:18:23.253Z,6,running,71.1,4.35,3079.3,0.999,13414.94,24.6,[]
d4b581a3-093f-444a-aedd-262623bb4bbf,1.0,acme-mining,site-01,equipment_health,ACME-S01-CRUSHER-012,fixed_crusher,2026-09-01T20:18:23.253Z,6,running,74.0,3.68,2947.4,0.999,11410.02,25.0,[]
ec5faca8-dc7f-4540-8ac7-346659c86a40,1.0,acme-mining,site-01,equipment_health,ACME-S01-CRUSHER-013,fixed_crusher,2026-09-01T20:18:23.253Z,6,running,76.3,3.6,3142.2,0.999,5653.21,24.2,[]
0b2d1e96-3138-4aee-aed5-c5b1cb2259b5,1.0,acme-mining,site-01,equipment_health,ACME-S01-CRUSHER-014,fixed_crusher,2026-09-01T20:18:23.253Z,6,running,77.2,4.31,3135.2,0.999,1652.92,24.6,[]
7b1ceab9-4963-4b36-8cc1-34bdc9e3d52b,1.0,acme-mining,site-01,equipment_health,ACME-S01-CRUSHER-015,fixed_crusher,2026-09-01T20:18:23.253Z,6,running,69.0,4.07,3028.3,0.999,21343.98,25.0,[]
c3040504-f217-4197-a69a-fe2accc0852d,1.0,acme-mining,site-01,equipment_health,ACME-S01-CRUSHER-016,fixed_crusher,2026-09-01T20:18:23.253Z,6,faulted,97.2,9.06,3071.8,0.58,6910.23,24.4,"[""BEARING_OVERHEAT"",""VIBRATION_HIGH""]"
6aa34849-2d08-4912-8e40-d5501269f141,1.0,acme-mining,site-01,equipment_health,ACME-S01-CRUSHER-017,fixed_crusher,2026-09-01T20:18:23.253Z,6,running,77.1,4.28,3064.5,0.999,19136.11,24.6,[]
85ec11de-57da-4e83-98a3-28eddef895a7,1.0,acme-mining,site-01,equipment_health,ACME-S01-CRUSHER-018,fixed_crusher,2026-09-01T20:18:23.253Z,6,running,73.6,4.39,3121.8,0.999,14058.67,24.8,[]
68383a4e-c19c-440d-ac9f-bee25c19ad4b,1.0,acme-mining,site-01,equipment_health,ACME-S01-CRUSHER-019,fixed_crusher,2026-09-01T20:18:23.253Z,6,running,72.6,4.55,3122.2,0.999,1412.04,24.7,[]
b7fa288f-bcbe-4fb1-8472-216ff79bb29a,1.0,acme-mining,site-01,equipment_health,ACME-S01-CRUSHER-020,fixed_crusher,2026-09-01T20:18:23.253Z,6,running,70.5,4.54,3137.3,0.999,21835.86,23.8,[]
c76a2183-376b-4f01-955f-ad457d183ff7,1.0,acme-mining,site-02,equipment_health,ACME-S02-CRUSHER-001,fixed_crusher,2026-09-01T20:18:23.253Z,6,running,76.4,4.05,3049.8,0.999,21531.72,25.1,[]
bf84124c-dca7-4e81-8904-571f29f2f8b9,1.0,acme-mining,site-02,equipment_health,ACME-S02-CRUSHER-002,fixed_crusher,2026-09-01T20:18:23.253Z,6,faulted,104.2,9.41,2993.5,0.58,7608.76,24.8,"[""BEARING_OVERHEAT"",""VIBRATION_HIGH""]"
588ea5f6-0e85-4850-94b4-64b9abb61947,1.0,acme-mining,site-02,equipment_health,ACME-S02-CRUSHER-003,fixed_crusher,2026-09-01T20:18:23.253Z,6,running,71.1,4.37,3012.0,0.999,20160.48,24.2,[]
0e19c259-3224-4d98-a3a4-6dd51602244a,1.0,acme-mining,site-02,equipment_health,ACME-S02-CRUSHER-004,fixed_crusher,2026-09-01T20:18:23.253Z,6,running,72.3,4.22,2940.0,0.999,4749.81,25.0,[]
f17108db-37bf-4146-a343-e59ed33fbd36,1.0,acme-mining,site-02,equipment_health,ACME-S02-CRUSHER-005,fixed_crusher,2026-09-01T20:18:23.253Z,6,running,70.7,4.0,3024.5,0.999,6832.72,24.2,[]
126a8564-97b2-471a-b9ad-d8e469620170,1.0,acme-mining,site-02,equipment_health,ACME-S02-CRUSHER-006,fixed_crusher,2026-09-01T20:18:23.253Z,6,running,73.7,3.52,2920.1,0.999,17946.86,24.4,[]
34a0ebb7-f5a5-42b6-b89a-98c33a54dc9e,1.0,acme-mining,site-02,equipment_health,ACME-S02-CRUSHER-007,fixed_crusher,2026-09-01T20:18:23.253Z,6,running,74.0,3.53,2992.2,0.999,12836.97,24.8,[]
5393b74e-2655-49ad-bc3b-091cb5e9b1bc,1.0,acme-mining,site-02,equipment_health,ACME-S02-CRUSHER-008,fixed_crusher,2026-09-01T20:18:23.253Z,6,running,69.2,3.85,3116.2,0.999,9297.67,25.1,[]
7c55a037-3c22-493f-93de-f32741bc7d9b,1.0,acme-mining,site-02,equipment_health,ACME-S02-CRUSHER-009,fixed_crusher,2026-09-01T20:18:23.253Z,6,running,73.9,3.85,3066.2,0.999,16779.65,24.6,[]
1fcfe8c8-06f2-4053-9205-8d397011d923,1.0,acme-mining,site-02,equipment_health,ACME-S02-CRUSHER-010,fixed_crusher,2026-09-01T20:18:23.253Z,6,running,74.7,4.39,3061.4,0.999,14957.07,24.0,[]
dba7a1bc-e083-4361-b188-903e810e8e60,1.0,acme-mining,site-02,equipment_health,ACME-S02-CRUSHER-011,fixed_crusher,2026-09-01T20:18:23.253Z,6,running,75.6,3.7,3007.9,0.999,14340.69,23.9,[]
5d077898-6d60-4296-8794-714111577c94,1.0,acme-mining,site-02,equipment_health,ACME-S02-CRUSHER-012,fixed_crusher,2026-09-01T20:18:23.253Z,6,running,68.3,4.24,2984.9,0.999,9615.94,24.1,[]
98a79487-f402-4520-8df7-d93300b6046c,1.0,acme-mining,site-02,equipment_health,ACME-S02-CRUSHER-013,fixed_crusher,2026-09-01T20:18:23.253Z,6,running,73.4,4.44,2910.9,0.999,11940.75,24.6,[]
6c65f744-8597-404d-9ac4-cff6c86d7a92,1.0,acme-mining,site-02,equipment_health,ACME-S02-CRUSHER-014,fixed_crusher,2026-09-01T20:18:23.253Z,6,running,76.6,3.57,3060.6,0.999,12941.28,24.0,[]
28c8a49b-d6e6-42c4-bb5e-ac2883275a45,1.0,acme-mining,site-02,equipment_health,ACME-S02-CRUSHER-015,fixed_crusher,2026-09-01T20:18:23.253Z,6,running,69.7,3.58,3087.3,0.999,19856.46,24.5,[]
bccdacb2-8f6b-47a2-8081-69b928fc52de,1.0,acme-mining,site-02,equipment_health,ACME-S02-CRUSHER-016,fixed_crusher,2026-09-01T20:18:23.253Z,6,running,71.7,3.67,3008.9,0.999,16133.55,24.4,[]
f5ffebab-2843-4d1a-9960-cf76e8123b48,1.0,acme-mining,site-02,equipment_health,ACME-S02-CRUSHER-017,fixed_crusher,2026-09-01T20:18:23.253Z,6,running,76.9,3.61,3045.7,0.999,12272.67,24.5,[]
802604ee-f5f1-4b35-87d3-618782c78ef8,1.0,acme-mining,site-02,equipment_health,ACME-S02-CRUSHER-018,fixed_crusher,2026-09-01T20:18:23.253Z,6,running,71.9,4.59,3087.5,0.999,17035.56,25.0,[]
b38f7729-1d5e-487b-bdd6-5b3eee15d907,1.0,acme-mining,site-02,equipment_health,ACME-S02-CRUSHER-019,fixed_crusher,2026-09-01T20:18:23.253Z,6,running,71.9,4.13,3025.6,0.999,8763.69,25.1,[]
012662ee-2480-4d1d-b26a-b37307e6f609,1.0,acme-mining,site-02,equipment_health,ACME-S02-CRUSHER-020,fixed_crusher,2026-09-01T20:18:23.253Z,6,running,70.4,3.85,2981.8,0.999,9132.85,24.8,[]
83c2a4bf-4792-475f-9726-c8a94b2fe841,1.0,beta-minerals,north-site,equipment_health,BETA-NORTH-CRUSHER-001,fixed_crusher,2026-09-01T20:18:23.253Z,6,running,75.2,3.89,3015.5,0.999,10268.56,23.8,[]
88466bfd-f4e7-4880-b4ac-c7618adf9a8b,1.0,beta-minerals,north-site,equipment_health,BETA-NORTH-CRUSHER-002,fixed_crusher,2026-09-01T20:18:23.253Z,6,running,68.6,4.26,3072.4,0.999,10090.28,25.0,[]
bc16b570-ad15-4c55-ac00-6575d884cb47,1.0,beta-minerals,north-site,equipment_health,BETA-NORTH-CRUSHER-003,fixed_crusher,2026-09-01T20:18:23.253Z,6,running,69.6,3.91,3095.2,0.999,17521.08,25.0,[]
34448a75-8840-4326-9e4f-6dc5ada2c09e,1.0,beta-minerals,north-site,equipment_health,BETA-NORTH-CRUSHER-004,fixed_crusher,2026-09-01T20:18:23.253Z,6,running,72.8,4.18,2924.7,0.999,7556.81,24.7,[]
86b774b0-92d1-46fb-a080-f35c3e7c8b4b,1.0,beta-minerals,north-site,equipment_health,BETA-NORTH-CRUSHER-005,fixed_crusher,2026-09-01T20:18:23.253Z,6,running,73.4,4.01,3046.8,0.999,7964.56,24.8,[]
9a427483-902e-412b-8b42-ccf11a05b5ad,1.0,beta-minerals,north-site,equipment_health,BETA-NORTH-CRUSHER-006,fixed_crusher,2026-09-01T20:18:23.253Z,6,running,77.8,4.45,3043.6,0.999,4130.61,24.1,[]
c5828e37-d1ca-45b0-a729-e23365025b89,1.0,beta-minerals,north-site,equipment_health,BETA-NORTH-CRUSHER-007,fixed_crusher,2026-09-01T20:18:23.253Z,6,running,73.0,3.83,2936.0,0.999,14804.68,24.2,[]
fb07f241-98a3-41dd-8541-9422376162e0,1.0,beta-minerals,north-site,equipment_health,BETA-NORTH-CRUSHER-008,fixed_crusher,2026-09-01T20:18:23.253Z,6,running,74.5,3.74,3004.8,0.999,9865.25,24.0,[]
9c74ee49-fcea-4a19-8ff3-d3cd6f4bcc01,1.0,beta-minerals,north-site,equipment_health,BETA-NORTH-CRUSHER-009,fixed_crusher,2026-09-01T20:18:23.253Z,6,running,69.9,3.92,3007.9,0.999,21513.63,24.8,[]
6d7bf5c2-31b8-4f92-afb3-dcdca607ac74,1.0,beta-minerals,north-site,equipment_health,BETA-NORTH-CRUSHER-010,fixed_crusher,2026-09-01T20:18:23.253Z,6,running,69.5,3.94,3073.6,0.999,9015.58,24.0,[]
080ee4d2-eac4-43d3-ad7e-5e8bd271b2a5,1.0,beta-minerals,north-site,equipment_health,BETA-NORTH-CRUSHER-011,fixed_crusher,2026-09-01T20:18:23.253Z,6,running,68.4,4.15,3094.9,0.999,12762.04,24.1,[]
fe86d62d-1405-43d1-8c65-ad189f73186d,1.0,beta-minerals,north-site,equipment_health,BETA-NORTH-CRUSHER-012,fixed_crusher,2026-09-01T20:18:23.253Z,6,running,69.4,4.13,2949.1,0.999,5623.28,25.1,[]
290bed6c-581a-41da-8109-a3731c9c0ac8,1.0,beta-minerals,north-site,equipment_health,BETA-NORTH-CRUSHER-013,fixed_crusher,2026-09-01T20:18:23.253Z,6,running,72.6,4.17,2907.5,0.999,19491.07,23.9,[]
cb6cd50c-3bf7-4ba6-af2f-a99376e9548b,1.0,beta-minerals,north-site,equipment_health,BETA-NORTH-CRUSHER-014,fixed_crusher,2026-09-01T20:18:23.253Z,6,running,76.0,4.56,2906.5,0.999,15163.75,24.4,[]
13298c9a-5722-4a3f-bda2-7d474131a945,1.0,beta-minerals,north-site,equipment_health,BETA-NORTH-CRUSHER-015,fixed_crusher,2026-09-01T20:18:23.253Z,6,running,75.5,3.54,3012.9,0.999,3475.15,24.0,[]
aa42260e-813f-4fef-8e68-53ce9df35cdc,1.0,beta-minerals,north-site,equipment_health,BETA-NORTH-CRUSHER-016,fixed_crusher,2026-09-01T20:18:23.253Z,6,running,71.8,3.55,3027.3,0.999,7578.7,25.0,[]
7f89fbc2-0f04-45e4-af1d-0c25488fb896,1.0,beta-minerals,north-site,equipment_health,BETA-NORTH-CRUSHER-017,fixed_crusher,2026-09-01T20:18:23.253Z,6,running,69.9,3.53,3105.9,0.999,10512.94,24.2,[]
e840a3ea-ec00-4c4f-b8ac-0fa61eb5a5e3,1.0,beta-minerals,north-site,equipment_health,BETA-NORTH-CRUSHER-018,fixed_crusher,2026-09-01T20:18:23.253Z,6,running,75.4,4.37,3149.7,0.999,12811.8,24.0,[]
53ee110f-d9b1-4144-880b-8acc10db407d,1.0,beta-minerals,north-site,equipment_health,BETA-NORTH-CRUSHER-019,fixed_crusher,2026-09-01T20:18:23.253Z,6,running,77.6,4.02,2901.6,0.999,19458.89,24.2,[]
732007dd-d482-4685-a6c9-b56222686afc,1.0,beta-minerals,north-site,equipment_health,BETA-NORTH-CRUSHER-020,fixed_crusher,2026-09-01T20:18:23.253Z,6,running,77.8,4.41,3089.9,0.999,3849.68,24.2,[]
4e9558ab-7d34-47ae-8e98-3a7a3067ba7d,1.0,beta-minerals,north-site,equipment_health,BETA-NORTH-CRUSHER-021,fixed_crusher,2026-09-01T20:18:23.253Z,6,running,69.8,3.66,3062.0,0.999,20321.71,23.8,[]
ece8d909-50da-451b-a8f4-ab841696eef3,1.0,beta-minerals,north-site,equipment_health,BETA-NORTH-CRUSHER-022,fixed_crusher,2026-09-01T20:18:23.253Z,6,running,73.9,4.33,2935.5,0.999,21416.94,24.8,[]
a03bcaa6-b61f-48ea-868b-9462009f6cdd,1.0,beta-minerals,north-site,equipment_health,BETA-NORTH-CRUSHER-023,fixed_crusher,2026-09-01T20:18:23.253Z,6,running,73.8,3.84,3105.8,0.999,4784.24,24.9,[]
34e2e81a-f462-41c5-bf78-c17fea09ab74,1.0,beta-minerals,north-site,equipment_health,BETA-NORTH-CRUSHER-024,fixed_crusher,2026-09-01T20:18:23.253Z,6,running,74.2,3.73,2945.7,0.999,17579.6,24.7,[]
758b5bd4-faef-4359-851c-876a7c7ac2c3,1.0,beta-minerals,north-site,equipment_health,BETA-NORTH-CRUSHER-025,fixed_crusher,2026-09-01T20:18:23.253Z,6,running,77.2,4.02,2919.7,0.999,4886.59,24.5,[]
96021e40-8edc-4bee-83d8-d1a8452a38d4,1.0,beta-minerals,north-site,equipment_health,BETA-NORTH-CRUSHER-026,fixed_crusher,2026-09-01T20:18:23.253Z,6,running,68.2,4.57,2933.5,0.999,8609.07,25.1,[]
3497c2a1-a6b3-4a55-8230-0f8daf2e4ce1,1.0,beta-minerals,north-site,equipment_health,BETA-NORTH-CRUSHER-027,fixed_crusher,2026-09-01T20:18:23.253Z,6,running,73.4,3.62,2909.3,0.999,4564.78,23.9,[]
6c540f03-d1e8-4f70-801b-2341bbedc15b,1.0,beta-minerals,north-site,equipment_health,BETA-NORTH-CRUSHER-028,fixed_crusher,2026-09-01T20:18:23.253Z,6,running,77.6,4.09,3130.5,0.999,6843.48,23.9,[]
d269a21a-5e5e-414e-a04e-a59f93738597,1.0,beta-minerals,north-site,equipment_health,BETA-NORTH-CRUSHER-029,fixed_crusher,2026-09-01T20:18:23.253Z,6,running,72.0,4.33,2971.4,0.999,6504.58,24.6,[]
cc614c21-2dfa-49f3-a108-6a1bfc5cbfe5,1.0,beta-minerals,north-site,equipment_health,BETA-NORTH-CRUSHER-030,fixed_crusher,2026-09-01T20:18:23.253Z,6,running,72.8,3.97,3119.7,0.999,13544.22,25.2,[]
c86e0a5d-1ca5-4cb5-a6e1-396ee1118bd4,1.0,acme-mining,site-01,equipment_health,ACME-S01-CRUSHER-001,fixed_crusher,2026-09-01T20:18:28.253Z,7,running,73.0,4.02,2913.0,0.999,16458.43,25.1,[]
6da3ab65-dc0c-42c2-8a29-269027b9839c,1.0,acme-mining,site-01,equipment_health,ACME-S01-CRUSHER-002,fixed_crusher,2026-09-01T20:18:28.253Z,7,running,73.2,4.53,3148.4,0.998,5622.65,24.6,[]
127483f5-f2db-4d09-be3f-7c385a0eba95,1.0,acme-mining,site-01,equipment_health,ACME-S01-CRUSHER-003,fixed_crusher,2026-09-01T20:18:28.253Z,7,running,71.3,3.91,2958.8,0.999,14322.85,23.8,[]
c51720d9-226a-4408-9fbe-3c97deddf495,1.0,acme-mining,site-01,equipment_health,ACME-S01-CRUSHER-004,fixed_crusher,2026-09-01T20:18:28.253Z,7,running,77.4,4.16,2936.2,0.998,6152.55,24.1,[]
5f521d61-b4d3-4b21-9b92-16317faafcf1,1.0,acme-mining,site-01,equipment_health,ACME-S01-CRUSHER-005,fixed_crusher,2026-09-01T20:18:28.253Z,7,running,77.0,4.16,3012.3,0.999,3963.0,25.1,[]
a4f42e8b-b3f7-480f-b9ba-0840445d19b7,1.0,acme-mining,site-01,equipment_health,ACME-S01-CRUSHER-006,fixed_crusher,2026-09-01T20:18:28.253Z,7,running,74.8,4.31,3002.9,0.998,17244.71,23.9,[]
469055cc-d6df-4aa8-ac98-d0eba70b790a,1.0,acme-mining,site-01,equipment_health,ACME-S01-CRUSHER-007,fixed_crusher,2026-09-01T20:18:28.253Z,7,running,72.6,4.28,2986.1,0.999,13724.19,24.0,[]
8ace99e8-67fa-4a81-ae97-6944483328c1,1.0,acme-mining,site-01,equipment_health,ACME-S01-CRUSHER-008,fixed_crusher,2026-09-01T20:18:28.253Z,7,running,76.6,3.77,3095.3,0.999,12502.25,24.2,[]
b0ad9002-e885-4ed5-87a9-19204d9eebc0,1.0,acme-mining,site-01,equipment_health,ACME-S01-CRUSHER-009,fixed_crusher,2026-09-01T20:18:28.253Z,7,running,76.6,4.32,2932.6,0.998,15703.35,24.8,[]
f58b1279-d80c-46a3-828d-b45cdced7f24,1.0,acme-mining,site-01,equipment_health,ACME-S01-CRUSHER-010,fixed_crusher,2026-09-01T20:18:28.253Z,7,running,69.8,4.21,3020.5,0.999,9812.96,23.9,[]
10946883-a786-4bbe-9598-af9d57010215,1.0,acme-mining,site-01,equipment_health,ACME-S01-CRUSHER-011,fixed_crusher,2026-09-01T20:18:28.253Z,7,running,71.7,4.48,3006.5,0.999,13414.94,24.0,[]
d6b3ce0d-77a0-438b-a0d0-0162e8d8e39c,1.0,acme-mining,site-01,equipment_health,ACME-S01-CRUSHER-012,fixed_crusher,2026-09-01T20:18:28.253Z,7,running,68.6,3.82,3054.2,0.999,11410.02,24.6,[]
dd6afe73-5f5d-4e41-a15b-0d269bc64d0b,1.0,acme-mining,site-01,equipment_health,ACME-S01-CRUSHER-013,fixed_crusher,2026-09-01T20:18:28.253Z,7,running,73.5,4.13,2958.2,0.999,5653.21,24.3,[]
e402ce96-2b84-4528-b884-65639bea1257,1.0,acme-mining,site-01,equipment_health,ACME-S01-CRUSHER-014,fixed_crusher,2026-09-01T20:18:28.253Z,7,running,77.6,3.51,3046.1,0.999,1652.92,24.9,[]
0c4e7384-c3e0-4ce0-81de-4f8142b44488,1.0,acme-mining,site-01,equipment_health,ACME-S01-CRUSHER-015,fixed_crusher,2026-09-01T20:18:28.253Z,7,running,75.5,4.59,3146.0,0.999,21343.98,24.9,[]
27445e1d-29a3-4a48-ba09-3262209db259,1.0,acme-mining,site-01,equipment_health,ACME-S01-CRUSHER-016,fixed_crusher,2026-09-01T20:18:28.253Z,7,faulted,101.9,7.69,2999.4,0.58,6910.23,24.4,"[""BEARING_OVERHEAT"",""VIBRATION_HIGH""]"
9e50e0ef-ac17-4c05-8f95-9ff3e02384a1,1.0,acme-mining,site-01,equipment_health,ACME-S01-CRUSHER-017,fixed_crusher,2026-09-01T20:18:28.253Z,7,faulted,98.6,9.99,2904.8,0.58,19136.11,24.4,"[""BEARING_OVERHEAT"",""VIBRATION_HIGH""]"
1f60a43d-f6b5-43fd-bb09-039bab60a8d5,1.0,acme-mining,site-01,equipment_health,ACME-S01-CRUSHER-018,fixed_crusher,2026-09-01T20:18:28.253Z,7,running,68.4,3.88,2902.7,0.999,14058.68,23.8,[]
6ab14589-e913-499f-b61d-cbccc5b0f7f0,1.0,acme-mining,site-01,equipment_health,ACME-S01-CRUSHER-019,fixed_crusher,2026-09-01T20:18:28.253Z,7,running,72.1,4.0,2963.5,0.999,1412.04,24.2,[]
26d49a05-0712-4c93-8ff3-e16437864a56,1.0,acme-mining,site-01,equipment_health,ACME-S01-CRUSHER-020,fixed_crusher,2026-09-01T20:18:28.253Z,7,running,76.6,3.98,3040.8,0.999,21835.86,24.9,[]
df30fc1d-36b9-4d99-a64c-31367c3484ee,1.0,acme-mining,site-02,equipment_health,ACME-S02-CRUSHER-001,fixed_crusher,2026-09-01T20:18:28.253Z,7,running,75.6,4.14,3140.5,0.999,21531.72,25.1,[]
a77801a3-ee71-4f2a-9682-ec00f85b7546,1.0,acme-mining,site-02,equipment_health,ACME-S02-CRUSHER-002,fixed_crusher,2026-09-01T20:18:28.253Z,7,faulted,102.1,9.04,3091.7,0.58,7608.77,24.7,"[""BEARING_OVERHEAT"",""VIBRATION_HIGH""]"
6aa8d5a9-9828-461d-b4f5-998d924d068b,1.0,acme-mining,site-02,equipment_health,ACME-S02-CRUSHER-003,fixed_crusher,2026-09-01T20:18:28.253Z,7,running,69.6,3.63,2938.5,0.999,20160.48,24.8,[]
91fb0bf5-78a5-4fe7-88c6-4e843a95173c,1.0,acme-mining,site-02,equipment_health,ACME-S02-CRUSHER-004,fixed_crusher,2026-09-01T20:18:28.253Z,7,running,75.7,3.76,2922.6,0.999,4749.82,24.8,[]
055a63dd-5888-42f3-b0b8-d963b88f34fc,1.0,acme-mining,site-02,equipment_health,ACME-S02-CRUSHER-005,fixed_crusher,2026-09-01T20:18:28.253Z,7,running,76.2,3.84,2965.6,0.999,6832.72,24.4,[]
d8a2adf9-5976-41cd-b6f0-ca1b2946ffd8,1.0,acme-mining,site-02,equipment_health,ACME-S02-CRUSHER-006,fixed_crusher,2026-09-01T20:18:28.253Z,7,running,75.2,4.15,3071.7,0.999,17946.86,24.7,[]
ff8ee603-7b24-49f1-b77e-7379c55f45a0,1.0,acme-mining,site-02,equipment_health,ACME-S02-CRUSHER-007,fixed_crusher,2026-09-01T20:18:28.253Z,7,running,75.7,4.55,2975.6,0.999,12836.97,25.2,[]
e78f060d-09d4-44a3-878a-ceb5e7bb26df,1.0,acme-mining,site-02,equipment_health,ACME-S02-CRUSHER-008,fixed_crusher,2026-09-01T20:18:28.253Z,7,running,70.8,4.35,3052.6,0.999,9297.67,24.4,[]
eb0bdad7-c948-4197-b190-60be5b47a9c4,1.0,acme-mining,site-02,equipment_health,ACME-S02-CRUSHER-009,fixed_crusher,2026-09-01T20:18:28.253Z,7,faulted,101.3,7.5,3104.9,0.58,16779.65,24.2,"[""BEARING_OVERHEAT"",""VIBRATION_HIGH""]"
6c473791-22e8-49a6-84ba-363868609f45,1.0,acme-mining,site-02,equipment_health,ACME-S02-CRUSHER-010,fixed_crusher,2026-09-01T20:18:28.253Z,7,running,78.0,3.76,3128.1,0.999,14957.08,24.8,[]
29050ed4-b707-4e82-8a5b-0355babea837,1.0,acme-mining,site-02,equipment_health,ACME-S02-CRUSHER-011,fixed_crusher,2026-09-01T20:18:28.253Z,7,running,76.1,4.27,3095.7,0.999,14340.69,24.8,[]
bc4e4a0e-05d6-4ad6-90b1-a65b98079c6d,1.0,acme-mining,site-02,equipment_health,ACME-S02-CRUSHER-012,fixed_crusher,2026-09-01T20:18:28.253Z,7,running,75.2,3.62,3017.9,0.999,9615.94,25.0,[]
436261a2-bb9f-4fcb-97cd-36ad95ca162c,1.0,acme-mining,site-02,equipment_health,ACME-S02-CRUSHER-013,fixed_crusher,2026-09-01T20:18:28.253Z,7,faulted,97.4,9.71,2955.4,0.58,11940.75,24.5,"[""BEARING_OVERHEAT"",""VIBRATION_HIGH""]"
2683e302-d132-473c-a556-94ba552d83a7,1.0,acme-mining,site-02,equipment_health,ACME-S02-CRUSHER-014,fixed_crusher,2026-09-01T20:18:28.253Z,7,running,77.2,3.61,3062.6,0.999,12941.29,24.2,[]
34814235-6ff0-4a61-ba6c-f648aa15d0c7,1.0,acme-mining,site-02,equipment_health,ACME-S02-CRUSHER-015,fixed_crusher,2026-09-01T20:18:28.253Z,7,running,74.6,4.49,3063.5,0.998,19856.46,23.9,[]
1e10dfad-2d31-47b4-91a0-6d37aa9d1940,1.0,acme-mining,site-02,equipment_health,ACME-S02-CRUSHER-016,fixed_crusher,2026-09-01T20:18:28.253Z,7,faulted,103.2,7.89,2913.6,0.58,16133.55,24.7,"[""BEARING_OVERHEAT"",""VIBRATION_HIGH""]"
3726160f-989f-40ab-ba0b-e4448b699a78,1.0,acme-mining,site-02,equipment_health,ACME-S02-CRUSHER-017,fixed_crusher,2026-09-01T20:18:28.253Z,7,faulted,102.2,9.75,3034.9,0.58,12272.68,25.1,"[""BEARING_OVERHEAT"",""VIBRATION_HIGH""]"
99dea4fc-498e-4e0f-9ab2-0d7747f89fab,1.0,acme-mining,site-02,equipment_health,ACME-S02-CRUSHER-018,fixed_crusher,2026-09-01T20:18:28.253Z,7,running,69.5,3.68,3136.5,0.999,17035.56,24.6,[]
3664b007-edc8-4d36-b8ea-e9b80c513f81,1.0,acme-mining,site-02,equipment_health,ACME-S02-CRUSHER-019,fixed_crusher,2026-09-01T20:18:28.253Z,7,running,76.3,4.43,2981.6,0.998,8763.7,25.1,[]
7b6e234e-81c8-4708-8178-07127e25e5ad,1.0,acme-mining,site-02,equipment_health,ACME-S02-CRUSHER-020,fixed_crusher,2026-09-01T20:18:28.253Z,7,running,69.5,4.06,3044.9,0.999,9132.85,24.3,[]
e56868f5-c87d-4b38-9a3c-6eec794bb7db,1.0,beta-minerals,north-site,equipment_health,BETA-NORTH-CRUSHER-001,fixed_crusher,2026-09-01T20:18:28.253Z,7,running,71.5,4.59,2991.5,0.999,10268.56,24.3,[]
ae27e641-d367-4235-9370-245ac8ae4ac1,1.0,beta-minerals,north-site,equipment_health,BETA-NORTH-CRUSHER-002,fixed_crusher,2026-09-01T20:18:28.253Z,7,running,74.8,3.57,2957.6,0.998,10090.28,24.8,[]
39c1eec8-1210-4984-af14-697e2d8dae36,1.0,beta-minerals,north-site,equipment_health,BETA-NORTH-CRUSHER-003,fixed_crusher,2026-09-01T20:18:28.253Z,7,running,76.1,3.85,2913.5,0.999,17521.09,24.5,[]
019f3c74-f35f-477d-9ef8-cfa52eabacb2,1.0,beta-minerals,north-site,equipment_health,BETA-NORTH-CRUSHER-004,fixed_crusher,2026-09-01T20:18:28.253Z,7,running,69.8,3.83,2952.3,0.999,7556.81,24.6,[]
d05d2301-4123-4460-b8bf-0f340d053000,1.0,beta-minerals,north-site,equipment_health,BETA-NORTH-CRUSHER-005,fixed_crusher,2026-09-01T20:18:28.253Z,7,running,68.6,3.91,2966.1,0.999,7964.56,24.8,[]
ca5d92eb-cedf-4d6c-bd10-61ed0a73a40b,1.0,beta-minerals,north-site,equipment_health,BETA-NORTH-CRUSHER-006,fixed_crusher,2026-09-01T20:18:28.253Z,7,running,71.2,4.53,3129.5,0.999,4130.61,24.6,[]
5a561d3c-fdd2-49eb-a3d4-821067aacbf4,1.0,beta-minerals,north-site,equipment_health,BETA-NORTH-CRUSHER-007,fixed_crusher,2026-09-01T20:18:28.253Z,7,running,73.7,4.31,3089.6,0.999,14804.69,25.1,[]
f65b1fcf-10b5-4c4b-ab0e-55cc0e0b8941,1.0,beta-minerals,north-site,equipment_health,BETA-NORTH-CRUSHER-008,fixed_crusher,2026-09-01T20:18:28.253Z,7,running,72.3,4.32,2975.1,0.999,9865.26,24.8,[]
959cf20f-60ea-48b3-85d2-863603fcfbba,1.0,beta-minerals,north-site,equipment_health,BETA-NORTH-CRUSHER-009,fixed_crusher,2026-09-01T20:18:28.253Z,7,running,71.9,3.64,2958.8,0.999,21513.63,25.0,[]
cdcde3a8-1186-425d-8022-d3cb18ea9f17,1.0,beta-minerals,north-site,equipment_health,BETA-NORTH-CRUSHER-010,fixed_crusher,2026-09-01T20:18:28.253Z,7,running,74.3,4.12,2999.0,0.999,9015.58,25.1,[]
53ba1fae-82ad-4f73-9709-38c44413d13a,1.0,beta-minerals,north-site,equipment_health,BETA-NORTH-CRUSHER-011,fixed_crusher,2026-09-01T20:18:28.253Z,7,running,75.7,4.57,3148.5,0.999,12762.04,24.8,[]
83976e51-1cf1-4c0a-8505-0d157c1b5eca,1.0,beta-minerals,north-site,equipment_health,BETA-NORTH-CRUSHER-012,fixed_crusher,2026-09-01T20:18:28.253Z,7,running,68.9,3.79,3113.9,0.998,5623.28,24.9,[]
b46fc228-ac43-4575-86b6-37bbc7137bef,1.0,beta-minerals,north-site,equipment_health,BETA-NORTH-CRUSHER-013,fixed_crusher,2026-09-01T20:18:28.253Z,7,running,68.3,3.9,3022.2,0.999,19491.07,24.1,[]
a5c030ae-d9f4-4e28-b009-301192a9d47d,1.0,beta-minerals,north-site,equipment_health,BETA-NORTH-CRUSHER-014,fixed_crusher,2026-09-01T20:18:28.253Z,7,running,75.1,4.27,2953.2,0.999,15163.75,24.8,[]
639eaf3d-96a1-47a8-9568-ac6c9e709747,1.0,beta-minerals,north-site,equipment_health,BETA-NORTH-CRUSHER-015,fixed_crusher,2026-09-01T20:18:28.253Z,7,running,72.0,3.78,2946.5,0.999,3475.15,24.6,[]
b8f9cce0-5fd4-4db3-9c90-3b75c28b050a,1.0,beta-minerals,north-site,equipment_health,BETA-NORTH-CRUSHER-016,fixed_crusher,2026-09-01T20:18:28.253Z,7,running,69.6,3.93,3101.0,0.999,7578.7,25.1,[]
e877fab3-e7c0-4eb5-b480-b621a94ee244,1.0,beta-minerals,north-site,equipment_health,BETA-NORTH-CRUSHER-017,fixed_crusher,2026-09-01T20:18:28.253Z,7,running,74.5,3.78,3009.8,0.998,10512.94,25.1,[]
3f2c0ec9-b46e-4733-99ee-37029a1ac386,1.0,beta-minerals,north-site,equipment_health,BETA-NORTH-CRUSHER-018,fixed_crusher,2026-09-01T20:18:28.253Z,7,running,70.2,4.09,2984.5,0.999,12811.8,24.0,[]
bd52e6a3-35be-4215-9302-efc93b262dcf,1.0,beta-minerals,north-site,equipment_health,BETA-NORTH-CRUSHER-019,fixed_crusher,2026-09-01T20:18:28.253Z,7,running,68.2,3.6,3072.2,0.999,19458.89,23.8,[]
7d3c6655-b3c1-4dcc-aae4-ea78013ee243,1.0,beta-minerals,north-site,equipment_health,BETA-NORTH-CRUSHER-020,fixed_crusher,2026-09-01T20:18:28.253Z,7,running,75.6,3.69,2969.7,0.999,3849.69,24.0,[]
ad320e99-0df6-4f6f-a074-678735421826,1.0,beta-minerals,north-site,equipment_health,BETA-NORTH-CRUSHER-021,fixed_crusher,2026-09-01T20:18:28.253Z,7,running,68.7,4.15,2937.3,0.999,20321.71,24.7,[]
e7cfbff7-aa56-4555-958f-dae30511689d,1.0,beta-minerals,north-site,equipment_health,BETA-NORTH-CRUSHER-022,fixed_crusher,2026-09-01T20:18:28.253Z,7,running,76.2,4.45,2982.1,0.999,21416.94,24.2,[]
9e4ada54-4236-4276-8a90-ed713b0a92d2,1.0,beta-minerals,north-site,equipment_health,BETA-NORTH-CRUSHER-023,fixed_crusher,2026-09-01T20:18:28.253Z,7,running,68.6,4.52,2980.9,0.998,4784.25,24.6,[]
3f51bb9a-6d53-41cd-82c2-21ffcc735993,1.0,beta-minerals,north-site,equipment_health,BETA-NORTH-CRUSHER-024,fixed_crusher,2026-09-01T20:18:28.253Z,7,running,73.5,3.74,2907.4,0.999,17579.61,24.8,[]
9e616980-8262-4040-9921-99c5fce4c7a7,1.0,beta-minerals,north-site,equipment_health,BETA-NORTH-CRUSHER-025,fixed_crusher,2026-09-01T20:18:28.253Z,7,running,70.5,4.24,2946.1,0.999,4886.59,24.9,[]
7299e8cc-8fdd-4ad9-b6cf-9c36172954c9,1.0,beta-minerals,north-site,equipment_health,BETA-NORTH-CRUSHER-026,fixed_crusher,2026-09-01T20:18:28.253Z,7,running,69.5,3.64,3012.4,0.998,8609.07,24.5,[]
4bdda572-324a-4e12-90df-f90dc4ff0522,1.0,beta-minerals,north-site,equipment_health,BETA-NORTH-CRUSHER-027,fixed_crusher,2026-09-01T20:18:28.253Z,7,running,76.9,4.06,3140.0,0.999,4564.78,25.1,[]
4f174438-53c5-44f0-a28f-6ee8782b6996,1.0,beta-minerals,north-site,equipment_health,BETA-NORTH-CRUSHER-028,fixed_crusher,2026-09-01T20:18:28.253Z,7,running,72.8,4.52,3010.7,0.999,6843.48,24.1,[]
2e2391ec-cb91-4cdc-9b54-c9e272e9352f,1.0,beta-minerals,north-site,equipment_health,BETA-NORTH-CRUSHER-029,fixed_crusher,2026-09-01T20:18:28.253Z,7,running,76.0,3.87,2978.3,0.999,6504.58,24.7,[]
60cfbd15-cb2f-486f-bd9c-5d8edb93830c,1.0,beta-minerals,north-site,equipment_health,BETA-NORTH-CRUSHER-030,fixed_crusher,2026-09-01T20:18:28.253Z,7,running,70.9,4.3,2909.4,0.999,13544.22,24.5,[]
82ea1757-7727-4eff-b5f8-b234e9519877,1.0,acme-mining,site-01,equipment_health,ACME-S01-CRUSHER-001,fixed_crusher,2026-09-01T20:18:33.253Z,8,running,71.4,4.26,3068.8,0.999,16458.43,25.1,[]
a2e144a7-cf78-4c5b-9390-e88d1579e638,1.0,acme-mining,site-01,equipment_health,ACME-S01-CRUSHER-002,fixed_crusher,2026-09-01T20:18:33.253Z,8,running,69.0,3.82,2938.4,0.998,5622.65,24.4,[]
b7a8cd52-ea35-4ff6-92c9-e9aaa282be0f,1.0,acme-mining,site-01,equipment_health,ACME-S01-CRUSHER-003,fixed_crusher,2026-09-01T20:18:33.253Z,8,running,68.8,3.85,3047.2,0.999,14322.85,24.0,[]
84081ddc-fc8f-41e2-9739-7b83821db81d,1.0,acme-mining,site-01,equipment_health,ACME-S01-CRUSHER-004,fixed_crusher,2026-09-01T20:18:33.253Z,8,running,72.2,3.77,3112.2,0.998,6152.55,24.5,[]
cf341e1f-0100-492b-af91-f5e22f4656a4,1.0,acme-mining,site-01,equipment_health,ACME-S01-CRUSHER-005,fixed_crusher,2026-09-01T20:18:33.253Z,8,running,70.8,3.53,2979.9,0.998,3963.0,25.0,[]
68fa94a2-c955-4950-ac74-49b36b15a1db,1.0,acme-mining,site-01,equipment_health,ACME-S01-CRUSHER-006,fixed_crusher,2026-09-01T20:18:33.253Z,8,running,69.8,3.91,2935.0,0.998,17244.71,23.8,[]
9c8340d6-bbcd-4489-b7dd-1d298971f9f2,1.0,acme-mining,site-01,equipment_health,ACME-S01-CRUSHER-007,fixed_crusher,2026-09-01T20:18:33.253Z,8,running,75.6,4.44,2928.5,0.998,13724.19,24.1,[]
8603b49b-fe06-4b29-8d88-ea4c8c35e9c2,1.0,acme-mining,site-01,equipment_health,ACME-S01-CRUSHER-008,fixed_crusher,2026-09-01T20:18:33.253Z,8,running,73.8,3.71,3060.4,0.998,12502.25,24.3,[]
d601b631-ecc8-4a01-a2b9-27ddc4630a5c,1.0,acme-mining,site-01,equipment_health,ACME-S01-CRUSHER-009,fixed_crusher,2026-09-01T20:18:33.253Z,8,running,69.2,3.74,2960.8,0.998,15703.35,24.6,[]
a4190c24-4b40-43aa-a743-630073e0933a,1.0,acme-mining,site-01,equipment_health,ACME-S01-CRUSHER-010,fixed_crusher,2026-09-01T20:18:33.253Z,8,running,74.8,3.87,2954.1,0.998,9812.96,24.1,[]
abf10e00-050b-4fed-b703-4a927cba4949,1.0,acme-mining,site-01,equipment_health,ACME-S01-CRUSHER-011,fixed_crusher,2026-09-01T20:18:33.253Z,8,running,71.0,3.99,3098.3,0.998,13414.94,24.0,[]
00313627-c306-4080-a876-15c2cd1c87c3,1.0,acme-mining,site-01,equipment_health,ACME-S01-CRUSHER-012,fixed_crusher,2026-09-01T20:18:33.253Z,8,running,69.9,3.69,2913.6,0.998,11410.02,24.9,[]
03c426de-99a6-4153-a6ae-bec3fbe79102,1.0,acme-mining,site-01,equipment_health,ACME-S01-CRUSHER-013,fixed_crusher,2026-09-01T20:18:33.253Z,8,running,75.5,4.2,3018.4,0.999,5653.21,25.1,[]
ef15e5de-3ea0-45d8-80ae-2ab799c3bc9d,1.0,acme-mining,site-01,equipment_health,ACME-S01-CRUSHER-014,fixed_crusher,2026-09-01T20:18:33.253Z,8,running,73.7,4.2,2990.1,0.998,1652.92,24.7,[]
c2d6a6ce-4d86-4dd8-8a1c-d261acb1344a,1.0,acme-mining,site-01,equipment_health,ACME-S01-CRUSHER-015,fixed_crusher,2026-09-01T20:18:33.253Z,8,running,76.3,3.6,3072.1,0.999,21343.98,25.2,[]
d8980e4f-eaae-44cc-bcf6-e5d5b3a4cbc4,1.0,acme-mining,site-01,equipment_health,ACME-S01-CRUSHER-016,fixed_crusher,2026-09-01T20:18:33.253Z,8,running,76.1,4.12,2916.6,0.998,6910.23,24.5,[]
3d7c6abe-5e97-4e6f-931b-4e8e99b9836c,1.0,acme-mining,site-01,equipment_health,ACME-S01-CRUSHER-017,fixed_crusher,2026-09-01T20:18:33.253Z,8,running,71.7,3.77,3059.9,0.998,19136.12,23.9,[]
63aaf3f7-848d-460f-a1aa-ffad454e7c96,1.0,acme-mining,site-01,equipment_health,ACME-S01-CRUSHER-018,fixed_crusher,2026-09-01T20:18:33.253Z,8,running,69.1,4.02,3148.2,0.999,14058.68,24.1,[]
72f50ee2-8fc9-4444-aa5c-dabcdb8e5852,1.0,acme-mining,site-01,equipment_health,ACME-S01-CRUSHER-019,fixed_crusher,2026-09-01T20:18:33.253Z,8,running,71.7,3.82,3010.4,0.999,1412.04,25.2,[]
9c539f23-10c3-4f41-a2cf-2087dbb8eaba,1.0,acme-mining,site-01,equipment_health,ACME-S01-CRUSHER-020,fixed_crusher,2026-09-01T20:18:33.253Z,8,running,72.3,3.85,2958.3,0.998,21835.86,24.1,[]
32270c3e-6a0a-4cf9-9695-46373be091f7,1.0,acme-mining,site-02,equipment_health,ACME-S02-CRUSHER-001,fixed_crusher,2026-09-01T20:18:33.253Z,8,running,71.9,3.89,3075.1,0.999,21531.72,24.4,[]
b763ce8e-a8f7-4b2d-a3ef-8086e486a33f,1.0,acme-mining,site-02,equipment_health,ACME-S02-CRUSHER-002,fixed_crusher,2026-09-01T20:18:33.253Z,8,running,75.9,3.74,3121.9,0.998,7608.77,23.9,[]
bf16044c-c41b-4ffe-b4ee-4f438506c9cc,1.0,acme-mining,site-02,equipment_health,ACME-S02-CRUSHER-003,fixed_crusher,2026-09-01T20:18:33.253Z,8,running,70.8,4.54,2955.2,0.998,20160.48,24.9,[]
04ae6fd5-edac-41f9-af69-f33aaed3cc70,1.0,acme-mining,site-02,equipment_health,ACME-S02-CRUSHER-004,fixed_crusher,2026-09-01T20:18:33.253Z,8,running,71.7,3.93,3132.6,0.998,4749.82,24.3,[]
1fa7e8bd-2209-4d39-a1c2-4896249d642d,1.0,acme-mining,site-02,equipment_health,ACME-S02-CRUSHER-005,fixed_crusher,2026-09-01T20:18:33.253Z,8,running,73.3,4.06,3047.2,0.998,6832.72,24.0,[]
5af38163-2caf-44c3-ada6-6616d80c75a4,1.0,acme-mining,site-02,equipment_health,ACME-S02-CRUSHER-006,fixed_crusher,2026-09-01T20:18:33.253Z,8,running,70.9,3.9,2930.1,0.998,17946.87,24.2,[]
2320ef7b-0805-4f74-8909-1b93252ba745,1.0,acme-mining,site-02,equipment_health,ACME-S02-CRUSHER-007,fixed_crusher,2026-09-01T20:18:33.253Z,8,running,77.6,4.14,3142.7,0.999,12836.97,24.4,[]
f236a70c-cb99-48a6-8e42-7ed731877441,1.0,acme-mining,site-02,equipment_health,ACME-S02-CRUSHER-008,fixed_crusher,2026-09-01T20:18:33.253Z,8,running,76.6,3.66,3068.0,0.999,9297.68,25.0,[]
ff46c180-6d49-468d-bdee-cf3bb5969463,1.0,acme-mining,site-02,equipment_health,ACME-S02-CRUSHER-009,fixed_crusher,2026-09-01T20:18:33.253Z,8,running,76.8,4.28,2944.8,0.999,16779.65,25.1,[]
ec54a3ec-1cfd-415e-b95c-4f3781162911,1.0,acme-mining,site-02,equipment_health,ACME-S02-CRUSHER-010,fixed_crusher,2026-09-01T20:18:33.253Z,8,running,74.1,4.14,2953.9,0.999,14957.08,24.8,[]
b0261476-ca4a-4676-b6df-eed8bd6b06d0,1.0,acme-mining,site-02,equipment_health,ACME-S02-CRUSHER-011,fixed_crusher,2026-09-01T20:18:33.253Z,8,running,69.3,3.62,3009.3,0.998,14340.69,24.9,[]
75bbfca5-9a80-4d70-be0c-f0be9fa399d3,1.0,acme-mining,site-02,equipment_health,ACME-S02-CRUSHER-012,fixed_crusher,2026-09-01T20:18:33.253Z,8,running,69.5,3.72,3123.2,0.999,9615.94,24.4,[]
c92947ed-2d9e-4ca7-a173-2d4a3c12038f,1.0,acme-mining,site-02,equipment_health,ACME-S02-CRUSHER-013,fixed_crusher,2026-09-01T20:18:33.253Z,8,running,76.5,4.23,3074.8,0.998,11940.75,24.2,[]
5c6b22cc-66a6-4034-b2f0-c00cf598ebdc,1.0,acme-mining,site-02,equipment_health,ACME-S02-CRUSHER-014,fixed_crusher,2026-09-01T20:18:33.253Z,8,running,73.7,4.44,2934.2,0.998,12941.29,24.0,[]
75e86f92-4307-4e72-a23c-a43c640f5f37,1.0,acme-mining,site-02,equipment_health,ACME-S02-CRUSHER-015,fixed_crusher,2026-09-01T20:18:33.253Z,8,running,68.5,3.53,2957.5,0.998,19856.47,24.7,[]
b9e93873-fd51-4e91-a410-876e1cf040ae,1.0,acme-mining,site-02,equipment_health,ACME-S02-CRUSHER-016,fixed_crusher,2026-09-01T20:18:33.253Z,8,running,73.6,4.42,3135.9,0.999,16133.55,25.1,[]
2406b118-0399-447c-8462-b07f70ce444f,1.0,acme-mining,site-02,equipment_health,ACME-S02-CRUSHER-017,fixed_crusher,2026-09-01T20:18:33.253Z,8,running,74.5,4.47,3073.4,0.999,12272.68,25.1,[]
6c565b2a-4a5c-4232-a5cd-84e854abd692,1.0,acme-mining,site-02,equipment_health,ACME-S02-CRUSHER-018,fixed_crusher,2026-09-01T20:18:33.253Z,8,running,68.6,4.51,3022.1,0.998,17035.56,24.9,[]
a45b85d3-082a-47ee-892c-5a00b91cf402,1.0,acme-mining,site-02,equipment_health,ACME-S02-CRUSHER-019,fixed_crusher,2026-09-01T20:18:33.253Z,8,running,72.1,3.74,2935.2,0.998,8763.7,25.0,[]
0a5d6820-8b0a-4b4d-ace0-23c4e90a59db,1.0,acme-mining,site-02,equipment_health,ACME-S02-CRUSHER-020,fixed_crusher,2026-09-01T20:18:33.253Z,8,running,70.0,3.62,3147.1,0.998,9132.85,25.0,[]
3cda67da-435c-4255-a3ac-bca73e1b33a7,1.0,beta-minerals,north-site,equipment_health,BETA-NORTH-CRUSHER-001,fixed_crusher,2026-09-01T20:18:33.253Z,8,faulted,105.8,7.87,3121.2,0.58,10268.57,24.4,"[""BEARING_OVERHEAT"",""VIBRATION_HIGH""]"
cc8e5d2b-0d7c-4558-bb99-98a86ab20bcc,1.0,beta-minerals,north-site,equipment_health,BETA-NORTH-CRUSHER-002,fixed_crusher,2026-09-01T20:18:33.253Z,8,running,76.1,3.88,3073.0,0.998,10090.28,24.5,[]
e98c1f2a-fcf3-4612-961a-bde39f439119,1.0,beta-minerals,north-site,equipment_health,BETA-NORTH-CRUSHER-003,fixed_crusher,2026-09-01T20:18:33.253Z,8,running,73.5,4.24,2987.1,0.998,17521.09,24.3,[]
2cb73dae-6905-4874-a475-8904487cb09d,1.0,beta-minerals,north-site,equipment_health,BETA-NORTH-CRUSHER-004,fixed_crusher,2026-09-01T20:18:33.253Z,8,running,72.3,3.55,3050.9,0.998,7556.81,25.1,[]
04cd0c1c-1e21-4488-8843-731636bc8d14,1.0,beta-minerals,north-site,equipment_health,BETA-NORTH-CRUSHER-005,fixed_crusher,2026-09-01T20:18:33.253Z,8,running,68.9,4.02,3125.5,0.999,7964.56,24.2,[]
afe71253-6312-4a74-8a4f-21d23e3b87b8,1.0,beta-minerals,north-site,equipment_health,BETA-NORTH-CRUSHER-006,fixed_crusher,2026-09-01T20:18:33.253Z,8,running,74.8,4.26,3074.6,0.999,4130.61,25.1,[]
f354fdaa-80bf-4451-9a23-7d90e847bfe8,1.0,beta-minerals,north-site,equipment_health,BETA-NORTH-CRUSHER-007,fixed_crusher,2026-09-01T20:18:33.253Z,8,running,73.4,3.62,3013.9,0.999,14804.69,24.1,[]
a2fb9690-aad6-44f6-bc9e-47fbd4104592,1.0,beta-minerals,north-site,equipment_health,BETA-NORTH-CRUSHER-008,fixed_crusher,2026-09-01T20:18:33.253Z,8,running,76.4,4.43,3067.0,0.998,9865.26,25.0,[]
903b4504-1c56-468c-9c6b-1ab3dcfd3924,1.0,beta-minerals,north-site,equipment_health,BETA-NORTH-CRUSHER-009,fixed_crusher,2026-09-01T20:18:33.253Z,8,running,75.2,4.46,2941.7,0.998,21513.63,24.4,[]
24c419f4-1808-4e1a-a857-30c7d3d4add8,1.0,beta-minerals,north-site,equipment_health,BETA-NORTH-CRUSHER-010,fixed_crusher,2026-09-01T20:18:33.253Z,8,running,72.2,4.07,3031.4,0.998,9015.59,24.5,[]
2bf0b815-32b1-4653-8b06-5ea8b0294cf4,1.0,beta-minerals,north-site,equipment_health,BETA-NORTH-CRUSHER-011,fixed_crusher,2026-09-01T20:18:33.253Z,8,running,69.6,4.15,3133.2,0.999,12762.04,24.4,[]
7219c655-b73d-4a8a-8074-22b981a18202,1.0,beta-minerals,north-site,equipment_health,BETA-NORTH-CRUSHER-012,fixed_crusher,2026-09-01T20:18:33.253Z,8,running,72.3,3.52,3111.0,0.998,5623.28,25.1,[]
ac4b6f92-3898-4224-85e7-a79ae22555d7,1.0,beta-minerals,north-site,equipment_health,BETA-NORTH-CRUSHER-013,fixed_crusher,2026-09-01T20:18:33.253Z,8,running,72.4,4.04,2914.8,0.999,19491.07,24.3,[]
636c9a20-8663-4aca-8ecd-1dca81342ad4,1.0,beta-minerals,north-site,equipment_health,BETA-NORTH-CRUSHER-014,fixed_crusher,2026-09-01T20:18:33.253Z,8,running,76.2,4.09,3129.4,0.998,15163.75,24.0,[]
d45b073a-d3ef-431c-9240-faba7496e55f,1.0,beta-minerals,north-site,equipment_health,BETA-NORTH-CRUSHER-015,fixed_crusher,2026-09-01T20:18:33.253Z,8,running,72.4,4.24,2925.0,0.998,3475.15,24.0,[]
7d73bf80-e4e4-44a6-83da-322dd0e2474e,1.0,beta-minerals,north-site,equipment_health,BETA-NORTH-CRUSHER-016,fixed_crusher,2026-09-01T20:18:33.253Z,8,running,70.3,4.35,3129.9,0.999,7578.7,24.5,[]
4839df14-7a04-46f6-98f3-e56ed27b8c66,1.0,beta-minerals,north-site,equipment_health,BETA-NORTH-CRUSHER-017,fixed_crusher,2026-09-01T20:18:33.253Z,8,faulted,97.8,7.86,2972.9,0.58,10512.94,24.7,"[""BEARING_OVERHEAT"",""VIBRATION_HIGH""]"
64cdfcf0-486a-4114-972b-03bc506282eb,1.0,beta-minerals,north-site,equipment_health,BETA-NORTH-CRUSHER-018,fixed_crusher,2026-09-01T20:18:33.253Z,8,running,68.5,4.25,3038.2,0.998,12811.8,24.9,[]
841d9606-6165-4f14-8de2-f7c0cf58662d,1.0,beta-minerals,north-site,equipment_health,BETA-NORTH-CRUSHER-019,fixed_crusher,2026-09-01T20:18:33.253Z,8,running,69.3,3.9,2992.8,0.999,19458.89,24.3,[]
dbd0b265-773a-493c-a26b-55d549b16414,1.0,beta-minerals,north-site,equipment_health,BETA-NORTH-CRUSHER-020,fixed_crusher,2026-09-01T20:18:33.253Z,8,running,69.1,3.86,3047.6,0.999,3849.69,24.8,[]
24b400ae-036b-48d3-ba5a-f9f5bf53d100,1.0,beta-minerals,north-site,equipment_health,BETA-NORTH-CRUSHER-021,fixed_crusher,2026-09-01T20:18:33.253Z,8,running,68.9,4.44,2950.8,0.998,20321.71,24.2,[]
7071f166-b20e-4000-a340-231e754e736e,1.0,beta-minerals,north-site,equipment_health,BETA-NORTH-CRUSHER-022,fixed_crusher,2026-09-01T20:18:33.253Z,8,running,70.3,4.38,3121.6,0.998,21416.94,24.8,[]
daa1024d-4b5b-457b-a59c-1bf39093cf42,1.0,beta-minerals,north-site,equipment_health,BETA-NORTH-CRUSHER-023,fixed_crusher,2026-09-01T20:18:33.253Z,8,running,73.9,4.03,3069.6,0.998,4784.25,24.0,[]
f8b8551c-965a-429c-849e-7be1fc2e0956,1.0,beta-minerals,north-site,equipment_health,BETA-NORTH-CRUSHER-024,fixed_crusher,2026-09-01T20:18:33.253Z,8,faulted,103.3,8.47,3134.0,0.58,17579.61,24.9,"[""BEARING_OVERHEAT"",""VIBRATION_HIGH""]"
01944837-2820-4f95-8c14-6cef7bc566a1,1.0,beta-minerals,north-site,equipment_health,BETA-NORTH-CRUSHER-025,fixed_crusher,2026-09-01T20:18:33.253Z,8,running,72.5,4.44,3027.3,0.999,4886.6,25.0,[]
79116607-792f-4356-a98d-142f913ab0d4,1.0,beta-minerals,north-site,equipment_health,BETA-NORTH-CRUSHER-026,fixed_crusher,2026-09-01T20:18:33.253Z,8,running,75.4,4.3,3022.3,0.998,8609.07,24.9,[]
a04e4d2d-2cb3-4bab-aac8-d2cb67a4fae4,1.0,beta-minerals,north-site,equipment_health,BETA-NORTH-CRUSHER-027,fixed_crusher,2026-09-01T20:18:33.253Z,8,running,73.5,3.94,3125.0,0.998,4564.79,24.9,[]
5a533553-e015-44cc-910b-ac68f8841444,1.0,beta-minerals,north-site,equipment_health,BETA-NORTH-CRUSHER-028,fixed_crusher,2026-09-01T20:18:33.253Z,8,running,72.4,4.03,3093.2,0.999,6843.48,24.3,[]
6199da42-5a19-4e78-81c9-9df4edd86752,1.0,beta-minerals,north-site,equipment_health,BETA-NORTH-CRUSHER-029,fixed_crusher,2026-09-01T20:18:33.253Z,8,running,72.9,3.99,2973.0,0.999,6504.58,25.0,[]
7d75cb28-423e-4e1b-a4e7-522fdbead6a5,1.0,beta-minerals,north-site,equipment_health,BETA-NORTH-CRUSHER-030,fixed_crusher,2026-09-01T20:18:33.253Z,8,running,68.8,4.45,2914.1,0.999,13544.22,24.2,[]
66673d5c-298c-4e99-8cfd-141d9ad475d2,1.0,acme-mining,site-01,equipment_health,ACME-S01-CRUSHER-001,fixed_crusher,2026-09-01T20:18:38.253Z,9,running,72.6,4.47,2943.3,0.998,16458.43,24.4,[]
e5c7354a-dde8-4383-9b44-2eb4bf72530e,1.0,acme-mining,site-01,equipment_health,ACME-S01-CRUSHER-002,fixed_crusher,2026-09-01T20:18:38.253Z,9,running,71.9,4.09,3074.2,0.998,5622.66,24.5,[]
b9bd7eb9-1dff-4191-af39-7869925776e3,1.0,acme-mining,site-01,equipment_health,ACME-S01-CRUSHER-003,fixed_crusher,2026-09-01T20:18:38.253Z,9,running,76.9,4.04,3024.0,0.999,14322.85,24.9,[]
742bdc66-bc38-4c9d-9085-95dff2aeb10b,1.0,acme-mining,site-01,equipment_health,ACME-S01-CRUSHER-004,fixed_crusher,2026-09-01T20:18:38.253Z,9,running,74.1,4.25,3062.5,0.998,6152.55,25.1,[]
4985552c-87b8-497a-ae04-169027f972a0,1.0,acme-mining,site-01,equipment_health,ACME-S01-CRUSHER-005,fixed_crusher,2026-09-01T20:18:38.253Z,9,running,69.4,3.89,2947.6,0.998,3963.0,24.8,[]
8bfe65a4-0adf-4a0b-a162-fea14c3068d1,1.0,acme-mining,site-01,equipment_health,ACME-S01-CRUSHER-006,fixed_crusher,2026-09-01T20:18:38.253Z,9,running,76.7,4.56,3096.0,0.998,17244.72,24.5,[]
996faf8c-0400-4859-9dca-71fe86aa1ac4,1.0,acme-mining,site-01,equipment_health,ACME-S01-CRUSHER-007,fixed_crusher,2026-09-01T20:18:38.253Z,9,running,70.8,3.79,2937.6,0.998,13724.19,25.1,[]
a972d075-50fb-4855-9118-606a66e931d6,1.0,acme-mining,site-01,equipment_health,ACME-S01-CRUSHER-008,fixed_crusher,2026-09-01T20:18:38.253Z,9,running,68.8,4.16,2987.7,0.998,12502.25,24.2,[]
fbda3619-6649-4b0e-b10e-02356652781d,1.0,acme-mining,site-01,equipment_health,ACME-S01-CRUSHER-009,fixed_crusher,2026-09-01T20:18:38.253Z,9,running,75.7,4.22,2952.0,0.998,15703.35,24.7,[]
7383ef42-62ad-47d3-b995-9eb0bd85be97,1.0,acme-mining,site-01,equipment_health,ACME-S01-CRUSHER-010,fixed_crusher,2026-09-01T20:18:38.253Z,9,running,75.2,4.13,2969.4,0.998,9812.96,23.8,[]
b811f9e7-dcfc-465d-9f88-7424b17e3264,1.0,acme-mining,site-01,equipment_health,ACME-S01-CRUSHER-011,fixed_crusher,2026-09-01T20:18:38.253Z,9,running,75.3,3.67,3086.2,0.998,13414.95,24.8,[]
3b93eefa-8cb4-45aa-af38-37fc3931fa09,1.0,acme-mining,site-01,equipment_health,ACME-S01-CRUSHER-012,fixed_crusher,2026-09-01T20:18:38.253Z,9,running,77.6,3.87,3064.3,0.998,11410.02,24.3,[]
d77edc18-e223-4157-8a23-d873b8fe9b9b,1.0,acme-mining,site-01,equipment_health,ACME-S01-CRUSHER-013,fixed_crusher,2026-09-01T20:18:38.253Z,9,running,70.0,4.24,3135.4,0.998,5653.21,24.4,[]
7e60e2e7-4fb0-4db6-9f08-74bad4220105,1.0,acme-mining,site-01,equipment_health,ACME-S01-CRUSHER-014,fixed_crusher,2026-09-01T20:18:38.253Z,9,faulted,96.4,8.67,3115.4,0.58,1652.92,25.0,"[""BEARING_OVERHEAT"",""VIBRATION_HIGH""]"
bd1d78e5-a2d7-48c3-95f2-9a78b3ed83bc,1.0,acme-mining,site-01,equipment_health,ACME-S01-CRUSHER-015,fixed_crusher,2026-09-01T20:18:38.253Z,9,running,68.6,3.77,2976.9,0.998,21343.98,25.2,[]
a5eaf7de-4858-4c44-83e2-77095c7fcb25,1.0,acme-mining,site-01,equipment_health,ACME-S01-CRUSHER-016,fixed_crusher,2026-09-01T20:18:38.253Z,9,running,68.8,4.16,3091.3,0.998,6910.23,24.5,[]
30a285f5-f102-419f-a9a9-40b59bbc2d2d,1.0,acme-mining,site-01,equipment_health,ACME-S01-CRUSHER-017,fixed_crusher,2026-09-01T20:18:38.253Z,9,running,71.1,3.59,3036.9,0.998,19136.12,24.8,[]
60035e37-9458-4c5f-8a86-5f1ca658331f,1.0,acme-mining,site-01,equipment_health,ACME-S01-CRUSHER-018,fixed_crusher,2026-09-01T20:18:38.253Z,9,running,77.6,4.37,2969.2,0.998,14058.68,24.4,[]
b7477d30-250e-49c5-98e1-4f1137e654eb,1.0,acme-mining,site-01,equipment_health,ACME-S01-CRUSHER-019,fixed_crusher,2026-09-01T20:18:38.253Z,9,running,72.5,4.52,3027.7,0.999,1412.04,24.9,[]
ff120d37-d8ae-4e83-84c9-b5a6d4aec442,1.0,acme-mining,site-01,equipment_health,ACME-S01-CRUSHER-020,fixed_crusher,2026-09-01T20:18:38.253Z,9,running,68.0,4.29,3083.3,0.998,21835.86,24.4,[]
08ba11fc-50bb-47ce-a8c2-4ea0afe7fa63,1.0,acme-mining,site-02,equipment_health,ACME-S02-CRUSHER-001,fixed_crusher,2026-09-01T20:18:38.253Z,9,running,71.5,3.9,3140.5,0.998,21531.72,24.3,[]
f2d95ff4-49d4-4c11-830f-7073ca529fff,1.0,acme-mining,site-02,equipment_health,ACME-S02-CRUSHER-002,fixed_crusher,2026-09-01T20:18:38.253Z,9,running,70.7,4.56,3058.5,0.998,7608.77,24.2,[]
41712d0d-2250-410d-b7b2-0c1e76bcbc94,1.0,acme-mining,site-02,equipment_health,ACME-S02-CRUSHER-003,fixed_crusher,2026-09-01T20:18:38.253Z,9,running,74.5,4.01,3054.9,0.998,20160.48,24.2,[]
97c18c33-7688-4dc2-ba72-75a286bbfae7,1.0,acme-mining,site-02,equipment_health,ACME-S02-CRUSHER-004,fixed_crusher,2026-09-01T20:18:38.253Z,9,running,71.7,3.91,3038.2,0.998,4749.82,25.0,[]
e7acac80-e10f-4acc-9600-6948e0e14349,1.0,acme-mining,site-02,equipment_health,ACME-S02-CRUSHER-005,fixed_crusher,2026-09-01T20:18:38.253Z,9,running,77.7,3.88,3086.7,0.998,6832.72,24.2,[]
3c5a4b57-87d7-4ef4-a243-e1b18c5ae9b1,1.0,acme-mining,site-02,equipment_health,ACME-S02-CRUSHER-006,fixed_crusher,2026-09-01T20:18:38.253Z,9,running,69.0,3.95,2911.1,0.998,17946.87,24.9,[]
71b02b71-eeb5-41e8-88a4-d1d302244fca,1.0,acme-mining,site-02,equipment_health,ACME-S02-CRUSHER-007,fixed_crusher,2026-09-01T20:18:38.253Z,9,running,70.6,4.2,3094.2,0.999,12836.97,24.4,[]
5eb13f51-946a-4cdd-86e1-1afade82225f,1.0,acme-mining,site-02,equipment_health,ACME-S02-CRUSHER-008,fixed_crusher,2026-09-01T20:18:38.253Z,9,running,74.6,4.56,2975.5,0.999,9297.68,23.8,[]
f9c0f67c-378f-4b0f-8798-642c477c35ad,1.0,acme-mining,site-02,equipment_health,ACME-S02-CRUSHER-009,fixed_crusher,2026-09-01T20:18:38.253Z,9,faulted,103.6,7.74,3144.0,0.58,16779.65,24.8,"[""BEARING_OVERHEAT"",""VIBRATION_HIGH""]"
cb34514b-4c4a-440e-aa4b-6fa0c0df5814,1.0,acme-mining,site-02,equipment_health,ACME-S02-CRUSHER-010,fixed_crusher,2026-09-01T20:18:38.253Z,9,running,75.2,4.39,3073.4,0.998,14957.08,25.2,[]
0784b365-5039-4668-9a29-3a75910976f6,1.0,acme-mining,site-02,equipment_health,ACME-S02-CRUSHER-011,fixed_crusher,2026-09-01T20:18:38.253Z,9,running,71.2,3.87,2910.4,0.998,14340.69,24.8,[]
97a32b4e-1888-4303-96e2-4594a79fa8e8,1.0,acme-mining,site-02,equipment_health,ACME-S02-CRUSHER-012,fixed_crusher,2026-09-01T20:18:38.253Z,9,running,75.1,3.94,2930.7,0.998,9615.94,23.8,[]
fcc3458a-c889-4cd3-a902-1b463a904ee1,1.0,acme-mining,site-02,equipment_health,ACME-S02-CRUSHER-013,fixed_crusher,2026-09-01T20:18:38.253Z,9,running,68.2,4.01,3053.9,0.998,11940.75,23.8,[]
95494ac4-0c58-4b65-af8f-26386325a1ae,1.0,acme-mining,site-02,equipment_health,ACME-S02-CRUSHER-014,fixed_crusher,2026-09-01T20:18:38.253Z,9,running,72.4,3.54,2995.8,0.998,12941.29,24.6,[]
be50ea43-3cef-499c-9750-612911912736,1.0,acme-mining,site-02,equipment_health,ACME-S02-CRUSHER-015,fixed_crusher,2026-09-01T20:18:38.253Z,9,running,72.9,3.98,3049.3,0.998,19856.47,25.1,[]
4c59dff0-4158-491d-8e6e-3aefe7e23555,1.0,acme-mining,site-02,equipment_health,ACME-S02-CRUSHER-016,fixed_crusher,2026-09-01T20:18:38.253Z,9,running,72.0,4.27,2927.5,0.998,16133.55,24.9,[]
d8cb710b-1ac3-420b-bd7a-06c0d28dafdc,1.0,acme-mining,site-02,equipment_health,ACME-S02-CRUSHER-017,fixed_crusher,2026-09-01T20:18:38.253Z,9,running,74.6,4.35,3130.8,0.998,12272.68,24.4,[]
be4a7060-9e2a-48e3-9e32-213f400c72d4,1.0,acme-mining,site-02,equipment_health,ACME-S02-CRUSHER-018,fixed_crusher,2026-09-01T20:18:38.253Z,9,running,78.0,4.37,3021.7,0.998,17035.56,24.1,[]
2ff74df6-d25f-4cd0-90d4-112a1367c04a,1.0,acme-mining,site-02,equipment_health,ACME-S02-CRUSHER-019,fixed_crusher,2026-09-01T20:18:38.253Z,9,running,75.0,4.15,2911.4,0.998,8763.7,23.9,[]
c7e4852f-85c8-4295-9e8d-7838e0924768,1.0,acme-mining,site-02,equipment_health,ACME-S02-CRUSHER-020,fixed_crusher,2026-09-01T20:18:38.253Z,9,running,70.1,4.36,3141.8,0.998,9132.86,24.1,[]
945ecb6f-7d83-41a9-8901-17fa9f03af41,1.0,beta-minerals,north-site,equipment_health,BETA-NORTH-CRUSHER-001,fixed_crusher,2026-09-01T20:18:38.253Z,9,running,74.9,3.7,3063.3,0.998,10268.57,25.1,[]
1d1ca455-5ffd-4708-8555-0d5039f2b942,1.0,beta-minerals,north-site,equipment_health,BETA-NORTH-CRUSHER-002,fixed_crusher,2026-09-01T20:18:38.253Z,9,running,75.3,3.76,3131.0,0.998,10090.28,24.4,[]
0aa30915-b2a0-4155-991a-26fe876dea46,1.0,beta-minerals,north-site,equipment_health,BETA-NORTH-CRUSHER-003,fixed_crusher,2026-09-01T20:18:38.253Z,9,running,76.8,3.78,2947.8,0.998,17521.09,24.2,[]
22f3d4a4-5074-4253-a2b4-1a9c293bb660,1.0,beta-minerals,north-site,equipment_health,BETA-NORTH-CRUSHER-004,fixed_crusher,2026-09-01T20:18:38.253Z,9,running,71.0,4.49,3029.7,0.998,7556.81,24.0,[]
dfcea7f6-fcbf-4004-8f5b-1766d68f5ab5,1.0,beta-minerals,north-site,equipment_health,BETA-NORTH-CRUSHER-005,fixed_crusher,2026-09-01T20:18:38.253Z,9,running,72.8,3.87,3001.5,0.998,7964.56,24.8,[]
67d91161-0e75-4590-a351-c96369c407c1,1.0,beta-minerals,north-site,equipment_health,BETA-NORTH-CRUSHER-006,fixed_crusher,2026-09-01T20:18:38.253Z,9,running,76.7,4.21,3108.7,0.998,4130.61,24.7,[]
071bad0f-ea46-484a-80b2-57ad1f98b521,1.0,beta-minerals,north-site,equipment_health,BETA-NORTH-CRUSHER-007,fixed_crusher,2026-09-01T20:18:38.253Z,9,running,70.3,4.52,3061.8,0.998,14804.69,24.7,[]
8ee059ab-60d6-4b04-974f-cc1c1ff32a43,1.0,beta-minerals,north-site,equipment_health,BETA-NORTH-CRUSHER-008,fixed_crusher,2026-09-01T20:18:38.253Z,9,running,76.6,4.56,3056.6,0.998,9865.26,24.8,[]
7427eed7-3ed0-41da-bdc2-4f7536ede74c,1.0,beta-minerals,north-site,equipment_health,BETA-NORTH-CRUSHER-009,fixed_crusher,2026-09-01T20:18:38.253Z,9,running,68.7,4.27,3020.7,0.998,21513.64,24.5,[]
4dad8aa6-27a8-4493-b48d-2b18fa0658c2,1.0,beta-minerals,north-site,equipment_health,BETA-NORTH-CRUSHER-010,fixed_crusher,2026-09-01T20:18:38.253Z,9,running,72.1,4.26,3142.3,0.998,9015.59,25.0,[]
d1cb3864-86a6-4e3a-9a97-492e8e750600,1.0,beta-minerals,north-site,equipment_health,BETA-NORTH-CRUSHER-011,fixed_crusher,2026-09-01T20:18:38.253Z,9,running,69.5,3.54,3003.1,0.999,12762.04,24.6,[]
fdbc993d-a7d4-48bb-8cd7-50cfcbca1d06,1.0,beta-minerals,north-site,equipment_health,BETA-NORTH-CRUSHER-012,fixed_crusher,2026-09-01T20:18:38.253Z,9,running,75.2,3.8,3107.5,0.998,5623.28,25.2,[]
8a479602-b091-4f6c-b586-de0b50929e3f,1.0,beta-minerals,north-site,equipment_health,BETA-NORTH-CRUSHER-013,fixed_crusher,2026-09-01T20:18:38.253Z,9,running,69.5,3.77,3136.1,0.998,19491.07,24.0,[]
c918a027-7e4a-422a-abf1-e70dffafebbd,1.0,beta-minerals,north-site,equipment_health,BETA-NORTH-CRUSHER-014,fixed_crusher,2026-09-01T20:18:38.253Z,9,running,72.0,4.5,2964.7,0.998,15163.75,25.1,[]
e0143f37-56aa-41d6-af8b-208c949db946,1.0,beta-minerals,north-site,equipment_health,BETA-NORTH-CRUSHER-015,fixed_crusher,2026-09-01T20:18:38.253Z,9,running,75.9,4.47,3058.5,0.998,3475.16,24.5,[]
b427d707-1165-4526-ac4d-cd7aae202add,1.0,beta-minerals,north-site,equipment_health,BETA-NORTH-CRUSHER-016,fixed_crusher,2026-09-01T20:18:38.253Z,9,running,70.2,4.58,3052.7,0.998,7578.7,25.2,[]
d0091a00-9197-4752-92ff-a962bed1a9cf,1.0,beta-minerals,north-site,equipment_health,BETA-NORTH-CRUSHER-017,fixed_crusher,2026-09-01T20:18:38.253Z,9,running,69.6,4.13,3059.3,0.998,10512.94,25.0,[]
a70b7fa0-ea9a-4bcd-beed-ae5512fb81fd,1.0,beta-minerals,north-site,equipment_health,BETA-NORTH-CRUSHER-018,fixed_crusher,2026-09-01T20:18:38.253Z,9,running,71.2,3.96,3003.9,0.998,12811.8,24.8,[]
b591e0bd-0ebd-4192-9136-09b1a6b1c0be,1.0,beta-minerals,north-site,equipment_health,BETA-NORTH-CRUSHER-019,fixed_crusher,2026-09-01T20:18:38.253Z,9,running,68.8,3.89,3115.8,0.998,19458.89,23.8,[]
a2f9f9dd-f229-43f3-9df8-dcf967e0ffd7,1.0,beta-minerals,north-site,equipment_health,BETA-NORTH-CRUSHER-020,fixed_crusher,2026-09-01T20:18:38.253Z,9,running,77.1,4.32,3016.2,0.999,3849.69,24.9,[]
a415a2bf-b2e6-45a4-b0a4-31289004128f,1.0,beta-minerals,north-site,equipment_health,BETA-NORTH-CRUSHER-021,fixed_crusher,2026-09-01T20:18:38.253Z,9,running,75.2,3.66,3040.7,0.998,20321.71,24.6,[]
3e7cf2bc-dea3-49ec-a6ed-52edabfd609c,1.0,beta-minerals,north-site,equipment_health,BETA-NORTH-CRUSHER-022,fixed_crusher,2026-09-01T20:18:38.253Z,9,running,72.3,4.43,3001.6,0.998,21416.94,25.0,[]
b63e8206-5680-419a-893a-71ee17262c69,1.0,beta-minerals,north-site,equipment_health,BETA-NORTH-CRUSHER-023,fixed_crusher,2026-09-01T20:18:38.253Z,9,running,72.5,4.04,3110.5,0.998,4784.25,24.8,[]
38da4584-638d-4c20-8c3b-1c4cd5a1d29b,1.0,beta-minerals,north-site,equipment_health,BETA-NORTH-CRUSHER-024,fixed_crusher,2026-09-01T20:18:38.253Z,9,running,68.5,4.51,2944.0,0.998,17579.61,24.1,[]
78a7c86e-201f-43f8-90fb-65b589baaae7,1.0,beta-minerals,north-site,equipment_health,BETA-NORTH-CRUSHER-025,fixed_crusher,2026-09-01T20:18:38.253Z,9,running,69.4,4.28,2915.3,0.998,4886.6,24.4,[]
6d396a6b-dc40-4f5f-9727-88b352a50440,1.0,beta-minerals,north-site,equipment_health,BETA-NORTH-CRUSHER-026,fixed_crusher,2026-09-01T20:18:38.253Z,9,running,70.7,4.13,3055.5,0.998,8609.07,24.2,[]
2095f974-e234-4060-91e9-d125f40cfe79,1.0,beta-minerals,north-site,equipment_health,BETA-NORTH-CRUSHER-027,fixed_crusher,2026-09-01T20:18:38.253Z,9,running,73.9,3.8,3113.4,0.998,4564.79,24.8,[]
661017ca-0d25-4dd2-b7d6-7394ac49cf1a,1.0,beta-minerals,north-site,equipment_health,BETA-NORTH-CRUSHER-028,fixed_crusher,2026-09-01T20:18:38.253Z,9,running,75.9,4.26,2943.6,0.998,6843.48,24.5,[]
476fb94c-8a0f-483b-b070-3540228fed45,1.0,beta-minerals,north-site,equipment_health,BETA-NORTH-CRUSHER-029,fixed_crusher,2026-09-01T20:18:38.253Z,9,running,70.0,4.41,3106.5,0.998,6504.58,23.9,[]
f7a08573-356c-4dcd-9baa-8a041b56396e,1.0,beta-minerals,north-site,equipment_health,BETA-NORTH-CRUSHER-030,fixed_crusher,2026-09-01T20:18:38.253Z,9,running,72.8,3.8,2962.1,0.999,13544.22,25.1,[]
3cfabf4f-372d-4286-9529-388c5cb35682,1.0,acme-mining,site-01,equipment_health,ACME-S01-CRUSHER-001,fixed_crusher,2026-09-01T20:18:43.253Z,10,running,68.7,4.19,3082.7,0.998,16458.43,24.3,[]
539bb602-1b54-4124-bf04-2846e6922a30,1.0,acme-mining,site-01,equipment_health,ACME-S01-CRUSHER-002,fixed_crusher,2026-09-01T20:18:43.253Z,10,running,68.2,3.9,2920.2,0.998,5622.66,24.5,[]
978ab634-17c8-4dd7-8fc6-8ba74ea27838,1.0,acme-mining,site-01,equipment_health,ACME-S01-CRUSHER-003,fixed_crusher,2026-09-01T20:18:43.253Z,10,running,75.7,4.28,2932.2,0.998,14322.85,25.0,[]
178e2db7-4c5b-4692-8171-e1b72c3159b6,1.0,acme-mining,site-01,equipment_health,ACME-S01-CRUSHER-004,fixed_crusher,2026-09-01T20:18:43.253Z,10,running,70.1,3.51,3012.9,0.998,6152.56,24.0,[]
982a60ec-4be6-4bb8-9584-ea34c74d4415,1.0,acme-mining,site-01,equipment_health,ACME-S01-CRUSHER-005,fixed_crusher,2026-09-01T20:18:43.253Z,10,running,74.5,3.75,3076.3,0.998,3963.0,24.1,[]
2def4bb1-7d46-41eb-a8ef-be7b043b2dd3,1.0,acme-mining,site-01,equipment_health,ACME-S01-CRUSHER-006,fixed_crusher,2026-09-01T20:18:43.253Z,10,running,76.2,3.8,3148.9,0.998,17244.72,24.3,[]
fef225c1-2b2c-430c-b31d-6e1de0011985,1.0,acme-mining,site-01,equipment_health,ACME-S01-CRUSHER-007,fixed_crusher,2026-09-01T20:18:43.253Z,10,running,72.3,4.13,3112.4,0.998,13724.19,24.6,[]
6f655284-8f25-46cc-9aaf-affe5deff9d2,1.0,acme-mining,site-01,equipment_health,ACME-S01-CRUSHER-008,fixed_crusher,2026-09-01T20:18:43.253Z,10,running,72.2,3.94,2931.0,0.998,12502.25,25.0,[]
ed97ea03-9514-4689-9578-b8c9390b63a4,1.0,acme-mining,site-01,equipment_health,ACME-S01-CRUSHER-009,fixed_crusher,2026-09-01T20:18:43.253Z,10,running,76.4,4.02,3069.0,0.998,15703.35,23.8,[]
e6cb8226-259a-4309-a887-4bda4eb4125a,1.0,acme-mining,site-01,equipment_health,ACME-S01-CRUSHER-010,fixed_crusher,2026-09-01T20:18:43.253Z,10,running,71.7,4.5,2916.1,0.998,9812.96,23.8,[]
8214e706-ffb7-4da6-a322-6389d1a3d7ac,1.0,acme-mining,site-01,equipment_health,ACME-S01-CRUSHER-011,fixed_crusher,2026-09-01T20:18:43.253Z,10,running,73.8,3.5,3071.4,0.998,13414.95,24.2,[]
e7225135-c1c2-4fa3-b13c-5f0a72080b48,1.0,acme-mining,site-01,equipment_health,ACME-S01-CRUSHER-012,fixed_crusher,2026-09-01T20:18:43.253Z,10,running,68.3,3.86,3064.0,0.998,11410.02,24.5,[]
8801c54e-9f7c-414c-b858-f5e4b2685912,1.0,acme-mining,site-01,equipment_health,ACME-S01-CRUSHER-013,fixed_crusher,2026-09-01T20:18:43.253Z,10,running,72.1,4.26,3028.9,0.998,5653.21,24.6,[]
cc34d0c6-9a8c-4fd7-88b8-e21039d91910,1.0,acme-mining,site-01,equipment_health,ACME-S01-CRUSHER-014,fixed_crusher,2026-09-01T20:18:43.253Z,10,running,68.1,4.4,3063.5,0.998,1652.93,25.2,[]
c2c50403-8643-4216-bab2-c7388c811f0c,1.0,acme-mining,site-01,equipment_health,ACME-S01-CRUSHER-015,fixed_crusher,2026-09-01T20:18:43.253Z,10,running,75.1,3.61,3079.7,0.998,21343.98,24.1,[]
7fb82488-2134-4bc2-88e0-3fc700386918,1.0,acme-mining,site-01,equipment_health,ACME-S01-CRUSHER-016,fixed_crusher,2026-09-01T20:18:43.253Z,10,running,71.3,3.68,2961.1,0.998,6910.23,24.0,[]
86638ed7-e4f8-466e-9227-42059f031c6b,1.0,acme-mining,site-01,equipment_health,ACME-S01-CRUSHER-017,fixed_crusher,2026-09-01T20:18:43.253Z,10,running,77.4,3.86,3109.4,0.998,19136.12,24.1,[]
cd3b4a42-9963-4686-ac2d-9944055be5f9,1.0,acme-mining,site-01,equipment_health,ACME-S01-CRUSHER-018,fixed_crusher,2026-09-01T20:18:43.253Z,10,running,71.0,3.88,2967.8,0.998,14058.68,23.9,[]
8b5ff9e3-e27e-4b9a-b1f4-d24e4a0fed90,1.0,acme-mining,site-01,equipment_health,ACME-S01-CRUSHER-019,fixed_crusher,2026-09-01T20:18:43.253Z,10,running,73.0,3.95,3134.6,0.998,1412.05,24.8,[]
d7bd4954-5de4-49c1-be73-92e95cd41ac5,1.0,acme-mining,site-01,equipment_health,ACME-S01-CRUSHER-020,fixed_crusher,2026-09-01T20:18:43.253Z,10,running,68.5,3.62,2929.0,0.998,21835.87,24.3,[]
6983bdfd-77d8-46e0-a144-787c52f84b5c,1.0,acme-mining,site-02,equipment_health,ACME-S02-CRUSHER-001,fixed_crusher,2026-09-01T20:18:43.253Z,10,running,68.6,4.39,2932.5,0.998,21531.72,23.9,[]
5b9a06c9-4a2e-4282-8664-3896c1989e81,1.0,acme-mining,site-02,equipment_health,ACME-S02-CRUSHER-002,fixed_crusher,2026-09-01T20:18:43.253Z,10,running,73.4,3.7,3126.0,0.998,7608.77,24.6,[]
1479b860-c2eb-4031-8416-fa77c08280f4,1.0,acme-mining,site-02,equipment_health,ACME-S02-CRUSHER-003,fixed_crusher,2026-09-01T20:18:43.253Z,10,running,72.2,3.85,3120.5,0.998,20160.48,24.3,[]
8c164277-b8bf-4fe4-8016-d9fe79f822f2,1.0,acme-mining,site-02,equipment_health,ACME-S02-CRUSHER-004,fixed_crusher,2026-09-01T20:18:43.253Z,10,running,72.0,3.75,3008.3,0.998,4749.82,24.8,[]
bac2088f-2c5d-463c-8826-5a142700152b,1.0,acme-mining,site-02,equipment_health,ACME-S02-CRUSHER-005,fixed_crusher,2026-09-01T20:18:43.253Z,10,running,68.3,4.19,3037.7,0.998,6832.72,24.5,[]
3e9a6a7d-e194-4f2f-9a36-76139990a969,1.0,acme-mining,site-02,equipment_health,ACME-S02-CRUSHER-006,fixed_crusher,2026-09-01T20:18:43.253Z,10,running,69.7,4.23,3076.2,0.998,17946.87,24.3,[]
7d55f9c7-e3fe-4bd8-96b5-7186666dd522,1.0,acme-mining,site-02,equipment_health,ACME-S02-CRUSHER-007,fixed_crusher,2026-09-01T20:18:43.253Z,10,running,71.2,4.55,2968.1,0.998,12836.98,24.6,[]
2c488c8a-d229-4c30-9e18-84927707944a,1.0,acme-mining,site-02,equipment_health,ACME-S02-CRUSHER-008,fixed_crusher,2026-09-01T20:18:43.253Z,10,running,71.1,4.09,3122.6,0.998,9297.68,25.2,[]
a8ec0a0a-f523-42d4-ac17-f7d9f9eee60e,1.0,acme-mining,site-02,equipment_health,ACME-S02-CRUSHER-009,fixed_crusher,2026-09-01T20:18:43.253Z,10,running,72.5,3.54,2938.5,0.998,16779.65,24.1,[]
b2eb2b1f-7282-4a1c-b67b-cdda20edaac2,1.0,acme-mining,site-02,equipment_health,ACME-S02-CRUSHER-010,fixed_crusher,2026-09-01T20:18:43.253Z,10,running,69.7,4.18,3038.9,0.998,14957.08,25.1,[]
f0e31f17-afa6-41e7-9e5b-f036d9c92e88,1.0,acme-mining,site-02,equipment_health,ACME-S02-CRUSHER-011,fixed_crusher,2026-09-01T20:18:43.253Z,10,running,76.6,3.73,2939.8,0.998,14340.69,23.8,[]
44ab8aa1-934f-45a2-a43f-479dc75e1249,1.0,acme-mining,site-02,equipment_health,ACME-S02-CRUSHER-012,fixed_crusher,2026-09-01T20:18:43.253Z,10,running,73.2,4.58,2931.7,0.998,9615.94,24.4,[]
e7ea8421-576d-441b-891d-b7a0e751c448,1.0,acme-mining,site-02,equipment_health,ACME-S02-CRUSHER-013,fixed_crusher,2026-09-01T20:18:43.253Z,10,running,71.9,3.97,3035.4,0.998,11940.76,24.7,[]
7250ba10-4657-46bc-8171-7f863713aa97,1.0,acme-mining,site-02,equipment_health,ACME-S02-CRUSHER-014,fixed_crusher,2026-09-01T20:18:43.253Z,10,running,73.3,4.31,3145.4,0.998,12941.29,24.8,[]
75fff8d2-9d8f-484e-9704-5146194edf95,1.0,acme-mining,site-02,equipment_health,ACME-S02-CRUSHER-015,fixed_crusher,2026-09-01T20:18:43.253Z,10,running,77.1,3.99,2956.6,0.998,19856.47,24.2,[]
e937d11c-bee2-4de3-9391-6fd0bcaa36c3,1.0,acme-mining,site-02,equipment_health,ACME-S02-CRUSHER-016,fixed_crusher,2026-09-01T20:18:43.253Z,10,running,68.1,3.7,3034.2,0.998,16133.55,25.0,[]
faf27049-c00f-482b-a4eb-64c2793da54f,1.0,acme-mining,site-02,equipment_health,ACME-S02-CRUSHER-017,fixed_crusher,2026-09-01T20:18:43.253Z,10,running,76.1,4.33,3144.7,0.998,12272.68,24.7,[]
b4436e4d-e8d8-4f4c-89fa-45bd4f949670,1.0,acme-mining,site-02,equipment_health,ACME-S02-CRUSHER-018,fixed_crusher,2026-09-01T20:18:43.253Z,10,running,76.9,3.69,3138.5,0.998,17035.56,24.0,[]
bab851bb-0009-4ec7-b0f8-c92497f89e6a,1.0,acme-mining,site-02,equipment_health,ACME-S02-CRUSHER-019,fixed_crusher,2026-09-01T20:18:43.253Z,10,running,73.0,4.29,2909.1,0.998,8763.7,24.2,[]
ac1a12dd-105e-4407-b602-7cc565aff3fa,1.0,acme-mining,site-02,equipment_health,ACME-S02-CRUSHER-020,fixed_crusher,2026-09-01T20:18:43.253Z,10,running,75.1,4.02,2915.2,0.998,9132.86,24.0,[]
cd65d9af-0a35-40f5-a1a6-8bab034ba38b,1.0,beta-minerals,north-site,equipment_health,BETA-NORTH-CRUSHER-001,fixed_crusher,2026-09-01T20:18:43.253Z,10,running,69.3,4.32,3065.8,0.998,10268.57,25.1,[]
5d69b68a-90de-4858-a54c-737d52a44c69,1.0,beta-minerals,north-site,equipment_health,BETA-NORTH-CRUSHER-002,fixed_crusher,2026-09-01T20:18:43.253Z,10,running,71.7,3.99,2960.4,0.998,10090.28,24.7,[]
5f50f739-62c0-4de0-b7a1-41d0706665aa,1.0,beta-minerals,north-site,equipment_health,BETA-NORTH-CRUSHER-003,fixed_crusher,2026-09-01T20:18:43.253Z,10,running,77.9,4.33,3105.0,0.998,17521.09,24.9,[]
7ccf8920-a4df-4a71-90bf-4b02f093b11b,1.0,beta-minerals,north-site,equipment_health,BETA-NORTH-CRUSHER-004,fixed_crusher,2026-09-01T20:18:43.253Z,10,faulted,103.8,8.18,2985.7,0.58,7556.81,24.4,"[""BEARING_OVERHEAT"",""VIBRATION_HIGH""]"
fff29548-2d9e-4125-b9ae-66a48f81df85,1.0,beta-minerals,north-site,equipment_health,BETA-NORTH-CRUSHER-005,fixed_crusher,2026-09-01T20:18:43.253Z,10,running,71.4,4.11,3020.5,0.998,7964.57,24.7,[]
49140c6e-e6de-421a-a6e8-2cc357c53371,1.0,beta-minerals,north-site,equipment_health,BETA-NORTH-CRUSHER-006,fixed_crusher,2026-09-01T20:18:43.253Z,10,running,75.2,3.89,3109.6,0.998,4130.61,24.1,[]
487a78fc-d6e1-40c7-9a16-96cc86bdc768,1.0,beta-minerals,north-site,equipment_health,BETA-NORTH-CRUSHER-007,fixed_crusher,2026-09-01T20:18:43.253Z,10,running,74.0,3.73,2934.0,0.998,14804.69,24.4,[]
0b6b48fb-b8eb-4e8c-b3b4-8946c46a2295,1.0,beta-minerals,north-site,equipment_health,BETA-NORTH-CRUSHER-008,fixed_crusher,2026-09-01T20:18:43.253Z,10,running,69.5,4.54,3074.3,0.998,9865.26,24.0,[]
e7957857-8267-4932-bdb9-8903032a5c6a,1.0,beta-minerals,north-site,equipment_health,BETA-NORTH-CRUSHER-009,fixed_crusher,2026-09-01T20:18:43.253Z,10,running,72.7,4.48,3108.2,0.998,21513.64,24.9,[]
6239d655-9659-48a8-95e9-e408dc518ecc,1.0,beta-minerals,north-site,equipment_health,BETA-NORTH-CRUSHER-010,fixed_crusher,2026-09-01T20:18:43.253Z,10,running,71.4,4.14,2925.5,0.998,9015.59,24.1,[]
56f7bb3d-7939-4eba-851c-013d2b40c00a,1.0,beta-minerals,north-site,equipment_health,BETA-NORTH-CRUSHER-011,fixed_crusher,2026-09-01T20:18:43.253Z,10,running,75.7,4.27,3121.3,0.998,12762.04,23.8,[]
3540f24f-7eb0-4692-89f2-72307b92bfe0,1.0,beta-minerals,north-site,equipment_health,BETA-NORTH-CRUSHER-012,fixed_crusher,2026-09-01T20:18:43.253Z,10,running,74.5,3.78,3124.0,0.998,5623.28,24.1,[]
1e068935-c184-4694-a876-fdfc8b6c6eab,1.0,beta-minerals,north-site,equipment_health,BETA-NORTH-CRUSHER-013,fixed_crusher,2026-09-01T20:18:43.253Z,10,running,69.9,4.48,2949.2,0.998,19491.08,24.0,[]
35f8920a-06ba-40b4-956e-0da08391a536,1.0,beta-minerals,north-site,equipment_health,BETA-NORTH-CRUSHER-014,fixed_crusher,2026-09-01T20:18:43.253Z,10,running,73.1,4.09,2991.8,0.998,15163.75,24.7,[]
78e25ebd-a5e3-46ba-a6c0-dda34d51d406,1.0,beta-minerals,north-site,equipment_health,BETA-NORTH-CRUSHER-015,fixed_crusher,2026-09-01T20:18:43.253Z,10,running,74.5,4.48,3056.5,0.998,3475.16,23.8,[]
6688092c-8465-46a4-afae-69e55be9f4b1,1.0,beta-minerals,north-site,equipment_health,BETA-NORTH-CRUSHER-016,fixed_crusher,2026-09-01T20:18:43.253Z,10,running,73.9,4.38,3060.4,0.998,7578.7,24.3,[]
19347d3e-f775-45e8-87d9-eb96ad08a66f,1.0,beta-minerals,north-site,equipment_health,BETA-NORTH-CRUSHER-017,fixed_crusher,2026-09-01T20:18:43.253Z,10,running,72.8,3.96,3064.7,0.998,10512.95,24.6,[]
e0718c39-be70-4ef6-8e9e-a9dd4a59ac4b,1.0,beta-minerals,north-site,equipment_health,BETA-NORTH-CRUSHER-018,fixed_crusher,2026-09-01T20:18:43.253Z,10,running,71.9,3.91,3076.5,0.998,12811.81,24.2,[]
449756c1-34b1-4815-b402-c2298e64c6f0,1.0,beta-minerals,north-site,equipment_health,BETA-NORTH-CRUSHER-019,fixed_crusher,2026-09-01T20:18:43.253Z,10,running,69.0,4.04,3074.2,0.998,19458.89,24.9,[]
10490ddd-7fb2-4ad5-8b4c-e0b71db8b577,1.0,beta-minerals,north-site,equipment_health,BETA-NORTH-CRUSHER-020,fixed_crusher,2026-09-01T20:18:43.253Z,10,running,72.4,3.53,2951.6,0.998,3849.69,24.0,[]
d59ba0f0-e725-41cf-b113-8a531abfb50f,1.0,beta-minerals,north-site,equipment_health,BETA-NORTH-CRUSHER-021,fixed_crusher,2026-09-01T20:18:43.253Z,10,running,77.7,4.57,3007.2,0.998,20321.72,24.5,[]
bdcaa69a-f7a3-4129-a8ed-793529ba00e4,1.0,beta-minerals,north-site,equipment_health,BETA-NORTH-CRUSHER-022,fixed_crusher,2026-09-01T20:18:43.253Z,10,running,77.6,4.08,3039.0,0.998,21416.94,24.7,[]
2a9c0630-cd4f-4ca2-9bed-bff83590b282,1.0,beta-minerals,north-site,equipment_health,BETA-NORTH-CRUSHER-023,fixed_crusher,2026-09-01T20:18:43.253Z,10,running,72.6,4.5,3017.2,0.998,4784.25,25.1,[]
55b8310f-39d9-4a3f-9a7f-66fbbf2f5ef8,1.0,beta-minerals,north-site,equipment_health,BETA-NORTH-CRUSHER-024,fixed_crusher,2026-09-01T20:18:43.253Z,10,running,74.8,3.59,2993.1,0.998,17579.61,24.1,[]
e125d80f-27de-46ba-9d90-ba012b39c21c,1.0,beta-minerals,north-site,equipment_health,BETA-NORTH-CRUSHER-025,fixed_crusher,2026-09-01T20:18:43.253Z,10,running,75.6,4.41,3005.2,0.998,4886.6,24.3,[]
f0028a6c-a9a2-479d-a5b7-dff951bbae35,1.0,beta-minerals,north-site,equipment_health,BETA-NORTH-CRUSHER-026,fixed_crusher,2026-09-01T20:18:43.253Z,10,running,74.8,3.53,2982.9,0.998,8609.07,24.4,[]
c00c6033-8e64-47fd-863a-c13141e5cc86,1.0,beta-minerals,north-site,equipment_health,BETA-NORTH-CRUSHER-027,fixed_crusher,2026-09-01T20:18:43.253Z,10,running,74.5,3.95,3067.8,0.998,4564.79,23.9,[]
eabcccbb-a9d7-414f-858f-89b6d7ac23ae,1.0,beta-minerals,north-site,equipment_health,BETA-NORTH-CRUSHER-028,fixed_crusher,2026-09-01T20:18:43.253Z,10,running,71.0,3.96,2923.4,0.998,6843.48,24.2,[]
577196c2-f7a3-4a9c-9dfa-d03900035131,1.0,beta-minerals,north-site,equipment_health,BETA-NORTH-CRUSHER-029,fixed_crusher,2026-09-01T20:18:43.253Z,10,running,72.3,3.66,3045.9,0.998,6504.59,24.8,[]
4ce7c926-9286-4495-bd33-9da226efa345,1.0,beta-minerals,north-site,equipment_health,BETA-NORTH-CRUSHER-030,fixed_crusher,2026-09-01T20:18:43.253Z,10,running,70.3,3.87,2977.6,0.998,13544.22,25.0,[]
258ebb22-5a86-445f-9c26-8d30f151fa41,1.0,acme-mining,site-01,equipment_health,ACME-S01-CRUSHER-001,fixed_crusher,2026-09-01T20:18:48.253Z,11,running,74.2,3.53,2906.3,0.998,16458.43,23.9,[]
f523a354-5bbb-4d1e-948b-a4aacfa55079,1.0,acme-mining,site-01,equipment_health,ACME-S01-CRUSHER-002,fixed_crusher,2026-09-01T20:18:48.253Z,11,running,70.3,3.83,3049.9,0.998,5622.66,24.3,[]
e53eb1e3-41e9-4d63-a635-ba5d5406bda0,1.0,acme-mining,site-01,equipment_health,ACME-S01-CRUSHER-003,fixed_crusher,2026-09-01T20:18:48.253Z,11,running,76.1,4.29,3056.7,0.998,14322.85,24.8,[]
d8bca790-0fbc-4461-915c-bb1f8be36748,1.0,acme-mining,site-01,equipment_health,ACME-S01-CRUSHER-004,fixed_crusher,2026-09-01T20:18:48.253Z,11,running,77.3,4.06,2913.4,0.998,6152.56,24.8,[]
ad888400-ee8e-4c4e-bc2c-33e1a0c1b9bb,1.0,acme-mining,site-01,equipment_health,ACME-S01-CRUSHER-005,fixed_crusher,2026-09-01T20:18:48.253Z,11,running,69.2,4.13,2938.4,0.998,3963.0,24.6,[]
8937dc26-4752-4b06-bd28-34e7c8798667,1.0,acme-mining,site-01,equipment_health,ACME-S01-CRUSHER-006,fixed_crusher,2026-09-01T20:18:48.253Z,11,running,77.2,4.07,3022.8,0.998,17244.72,24.2,[]
c3610876-6cfb-4b15-9776-58a5fd0cb7b0,1.0,acme-mining,site-01,equipment_health,ACME-S01-CRUSHER-007,fixed_crusher,2026-09-01T20:18:48.253Z,11,running,70.1,3.63,2941.8,0.998,13724.19,24.1,[]
6337d4ed-17fb-43d1-80fc-027f08d1953c,1.0,acme-mining,site-01,equipment_health,ACME-S01-CRUSHER-008,fixed_crusher,2026-09-01T20:18:48.253Z,11,running,68.4,4.47,2903.4,0.998,12502.25,24.4,[]
facbae3a-1a0b-4123-be5d-10fda183c3e3,1.0,acme-mining,site-01,equipment_health,ACME-S01-CRUSHER-009,fixed_crusher,2026-09-01T20:18:48.253Z,11,running,75.3,4.47,3119.5,0.997,15703.35,24.5,[]
7c7cfff3-99d0-45dc-b8ef-cbc5ca5c03c8,1.0,acme-mining,site-01,equipment_health,ACME-S01-CRUSHER-010,fixed_crusher,2026-09-01T20:18:48.253Z,11,running,71.1,4.02,3114.6,0.998,9812.96,24.2,[]
740ed67c-e10e-40e6-9c6e-005015ea965e,1.0,acme-mining,site-01,equipment_health,ACME-S01-CRUSHER-011,fixed_crusher,2026-09-01T20:18:48.253Z,11,running,71.8,4.45,3145.5,0.998,13414.95,24.3,[]
b8b76f04-56b2-4137-873e-69c631807ddb,1.0,acme-mining,site-01,equipment_health,ACME-S01-CRUSHER-012,fixed_crusher,2026-09-01T20:18:48.253Z,11,faulted,106.3,8.87,2934.8,0.58,11410.03,24.0,"[""BEARING_OVERHEAT"",""VIBRATION_HIGH""]"
ff02f992-6e79-43e0-8854-c30a6d50e62f,1.0,acme-mining,site-01,equipment_health,ACME-S01-CRUSHER-013,fixed_crusher,2026-09-01T20:18:48.253Z,11,running,74.9,4.09,2930.2,0.998,5653.21,25.0,[]
98649455-e6e8-4ddd-b5ed-b26987cd3901,1.0,acme-mining,site-01,equipment_health,ACME-S01-CRUSHER-014,fixed_crusher,2026-09-01T20:18:48.253Z,11,running,72.2,4.55,2941.3,0.998,1652.93,24.6,[]
c4ff1200-43b5-4ffb-9136-402a7025d06e,1.0,acme-mining,site-01,equipment_health,ACME-S01-CRUSHER-015,fixed_crusher,2026-09-01T20:18:48.253Z,11,running,72.3,4.28,2953.9,0.998,21343.99,24.1,[]
66c6717a-5385-4276-a1db-5eca0c7c9e3c,1.0,acme-mining,site-01,equipment_health,ACME-S01-CRUSHER-016,fixed_crusher,2026-09-01T20:18:48.253Z,11,running,75.2,3.9,3046.6,0.998,6910.23,25.0,[]
0779fcc3-8486-4c26-b0e8-ffbddccb9485,1.0,acme-mining,site-01,equipment_health,ACME-S01-CRUSHER-017,fixed_crusher,2026-09-01T20:18:48.253Z,11,running,68.4,3.94,3065.0,0.998,19136.12,24.4,[]
b1ce6c73-3658-4c02-9a88-dfab2809d522,1.0,acme-mining,site-01,equipment_health,ACME-S01-CRUSHER-018,fixed_crusher,2026-09-01T20:18:48.253Z,11,running,77.9,3.6,2950.6,0.998,14058.68,24.7,[]
0497c1d2-51eb-4b23-b64f-5ce739d2f4f5,1.0,acme-mining,site-01,equipment_health,ACME-S01-CRUSHER-019,fixed_crusher,2026-09-01T20:18:48.253Z,11,running,73.2,4.3,3044.6,0.998,1412.05,25.2,[]
e1854754-9745-49da-a966-3ef48d49a513,1.0,acme-mining,site-01,equipment_health,ACME-S01-CRUSHER-020,fixed_crusher,2026-09-01T20:18:48.253Z,11,running,74.6,4.58,3099.6,0.998,21835.87,24.3,[]
bd028f69-1b98-4bcd-bfbf-0aece36a44b5,1.0,acme-mining,site-02,equipment_health,ACME-S02-CRUSHER-001,fixed_crusher,2026-09-01T20:18:48.253Z,11,running,71.3,3.99,3109.1,0.998,21531.72,24.7,[]
6e00a6aa-7d1d-4993-9fe8-8a1cc7d528ee,1.0,acme-mining,site-02,equipment_health,ACME-S02-CRUSHER-002,fixed_crusher,2026-09-01T20:18:48.253Z,11,running,73.7,3.7,2971.0,0.998,7608.77,24.8,[]
4218190c-6c7d-4096-8ece-ba32ec0b94d5,1.0,acme-mining,site-02,equipment_health,ACME-S02-CRUSHER-003,fixed_crusher,2026-09-01T20:18:48.253Z,11,running,69.5,3.82,3046.7,0.998,20160.49,24.9,[]
f9f0cb9e-db67-41ee-8587-e885ca5181ea,1.0,acme-mining,site-02,equipment_health,ACME-S02-CRUSHER-004,fixed_crusher,2026-09-01T20:18:48.253Z,11,running,68.4,4.04,3077.7,0.998,4749.82,25.0,[]
3171181b-7669-449d-99e3-5c0106f75124,1.0,acme-mining,site-02,equipment_health,ACME-S02-CRUSHER-005,fixed_crusher,2026-09-01T20:18:48.253Z,11,running,70.8,4.42,3042.3,0.998,6832.72,24.8,[]
ca3466bf-3559-40f2-a284-5e3077387a0d,1.0,acme-mining,site-02,equipment_health,ACME-S02-CRUSHER-006,fixed_crusher,2026-09-01T20:18:48.253Z,11,running,75.2,4.48,3009.1,0.998,17946.87,24.0,[]
dae27e81-4301-48c3-ac3e-e45179cd7ce9,1.0,acme-mining,site-02,equipment_health,ACME-S02-CRUSHER-007,fixed_crusher,2026-09-01T20:18:48.253Z,11,running,72.2,4.43,2929.4,0.998,12836.98,24.3,[]
b40e64a9-290c-4ef5-826a-74c3e924b02c,1.0,acme-mining,site-02,equipment_health,ACME-S02-CRUSHER-008,fixed_crusher,2026-09-01T20:18:48.253Z,11,running,68.3,3.69,3012.6,0.998,9297.68,24.4,[]
dc33e5c2-d4e3-4810-8cb4-467e475d79bd,1.0,acme-mining,site-02,equipment_health,ACME-S02-CRUSHER-009,fixed_crusher,2026-09-01T20:18:48.253Z,11,running,71.8,3.64,2938.7,0.998,16779.66,24.9,[]
73fb7e5b-e037-4c16-ae05-216779e559e7,1.0,acme-mining,site-02,equipment_health,ACME-S02-CRUSHER-010,fixed_crusher,2026-09-01T20:18:48.253Z,11,running,72.8,3.9,3101.3,0.998,14957.08,25.1,[]
551a9b47-87ab-4a57-8283-1af6ce499f66,1.0,acme-mining,site-02,equipment_health,ACME-S02-CRUSHER-011,fixed_crusher,2026-09-01T20:18:48.253Z,11,running,74.9,3.72,2925.8,0.998,14340.7,25.1,[]
87a491ec-1a5d-43f7-99ee-97be2fd331c9,1.0,acme-mining,site-02,equipment_health,ACME-S02-CRUSHER-012,fixed_crusher,2026-09-01T20:18:48.253Z,11,running,71.4,4.56,2984.1,0.998,9615.94,24.1,[]
a73ece97-8f8c-445a-b01f-bca9b5b4f9d7,1.0,acme-mining,site-02,equipment_health,ACME-S02-CRUSHER-013,fixed_crusher,2026-09-01T20:18:48.253Z,11,running,77.6,4.48,2990.9,0.998,11940.76,24.4,[]
a6b62c29-496a-4c6a-9982-6d3b53924d34,1.0,acme-mining,site-02,equipment_health,ACME-S02-CRUSHER-014,fixed_crusher,2026-09-01T20:18:48.253Z,11,running,77.9,4.55,3065.9,0.998,12941.29,24.1,[]
671c9881-b75d-4d64-83ab-c186c09ccabd,1.0,acme-mining,site-02,equipment_health,ACME-S02-CRUSHER-015,fixed_crusher,2026-09-01T20:18:48.253Z,11,running,72.8,4.57,3091.1,0.997,19856.47,24.4,[]
d7054177-9476-4472-9b92-e9a82670b269,1.0,acme-mining,site-02,equipment_health,ACME-S02-CRUSHER-016,fixed_crusher,2026-09-01T20:18:48.253Z,11,running,74.1,4.33,2975.4,0.998,16133.55,24.9,[]
362b2a40-fe20-4777-9f03-80be2b8fd8f6,1.0,acme-mining,site-02,equipment_health,ACME-S02-CRUSHER-017,fixed_crusher,2026-09-01T20:18:48.253Z,11,running,72.2,4.29,2973.4,0.998,12272.68,23.9,[]
ff620e46-cc25-4ad5-8288-92468228cc5d,1.0,acme-mining,site-02,equipment_health,ACME-S02-CRUSHER-018,fixed_crusher,2026-09-01T20:18:48.253Z,11,running,74.8,4.12,3091.5,0.998,17035.56,23.9,[]
a93830e8-d6bb-4e66-9347-701f98cd13de,1.0,acme-mining,site-02,equipment_health,ACME-S02-CRUSHER-019,fixed_crusher,2026-09-01T20:18:48.253Z,11,running,70.3,3.93,2995.9,0.998,8763.7,23.9,[]
a175fd0e-0912-4173-b6c7-ac96235f1e9b,1.0,acme-mining,site-02,equipment_health,ACME-S02-CRUSHER-020,fixed_crusher,2026-09-01T20:18:48.253Z,11,running,70.4,3.58,3070.0,0.998,9132.86,23.9,[]
14acf488-ab84-4717-b2d8-b2562f3de909,1.0,beta-minerals,north-site,equipment_health,BETA-NORTH-CRUSHER-001,fixed_crusher,2026-09-01T20:18:48.253Z,11,running,74.1,4.19,3069.5,0.998,10268.57,24.3,[]
dacda232-f0c5-4f30-8a5e-a176abd89554,1.0,beta-minerals,north-site,equipment_health,BETA-NORTH-CRUSHER-002,fixed_crusher,2026-09-01T20:18:48.253Z,11,running,70.4,3.93,3044.7,0.997,10090.28,24.5,[]
de7b270f-9dd3-48bd-95ee-49d85220a199,1.0,beta-minerals,north-site,equipment_health,BETA-NORTH-CRUSHER-003,fixed_crusher,2026-09-01T20:18:48.253Z,11,running,75.7,4.43,3052.9,0.998,17521.09,23.9,[]
01bcc547-64dd-4a26-be66-da200c97fb1e,1.0,beta-minerals,north-site,equipment_health,BETA-NORTH-CRUSHER-004,fixed_crusher,2026-09-01T20:18:48.253Z,11,running,74.4,3.64,2995.4,0.998,7556.81,24.5,[]
70743853-c926-4188-88f1-063abf990425,1.0,beta-minerals,north-site,equipment_health,BETA-NORTH-CRUSHER-005,fixed_crusher,2026-09-01T20:18:48.253Z,11,running,77.6,4.13,2952.7,0.998,7964.57,24.1,[]
680143de-02c2-48b8-85e2-246d70b72cd1,1.0,beta-minerals,north-site,equipment_health,BETA-NORTH-CRUSHER-006,fixed_crusher,2026-09-01T20:18:48.253Z,11,faulted,96.5,9.1,3039.2,0.58,4130.62,24.5,"[""BEARING_OVERHEAT"",""VIBRATION_HIGH""]"
5a628c0f-eef2-4055-a11c-9139ab482bc5,1.0,beta-minerals,north-site,equipment_health,BETA-NORTH-CRUSHER-007,fixed_crusher,2026-09-01T20:18:48.253Z,11,running,75.8,3.91,2958.9,0.998,14804.69,25.0,[]
6e14af0d-7696-4017-a695-3c62c901a00c,1.0,beta-minerals,north-site,equipment_health,BETA-NORTH-CRUSHER-008,fixed_crusher,2026-09-01T20:18:48.253Z,11,running,68.5,4.16,2969.2,0.998,9865.26,24.6,[]
1c381ff6-c019-461d-9067-6373e014fc69,1.0,beta-minerals,north-site,equipment_health,BETA-NORTH-CRUSHER-009,fixed_crusher,2026-09-01T20:18:48.253Z,11,running,69.2,3.7,2939.4,0.998,21513.64,24.6,[]
3fdd1504-a314-49f5-9361-0fb91bc3a6ab,1.0,beta-minerals,north-site,equipment_health,BETA-NORTH-CRUSHER-010,fixed_crusher,2026-09-01T20:18:48.253Z,11,running,75.5,3.63,2957.7,0.998,9015.59,25.2,[]
3356e9ae-dfa0-4446-a5bf-976c5e12d488,1.0,beta-minerals,north-site,equipment_health,BETA-NORTH-CRUSHER-011,fixed_crusher,2026-09-01T20:18:48.253Z,11,running,70.2,3.98,3015.0,0.998,12762.04,24.4,[]
3269c5db-1772-463c-acee-189d844925c9,1.0,beta-minerals,north-site,equipment_health,BETA-NORTH-CRUSHER-012,fixed_crusher,2026-09-01T20:18:48.253Z,11,running,70.4,4.22,3071.4,0.998,5623.29,24.9,[]
1eaa26de-d6d8-422a-965a-62942b7590a4,1.0,beta-minerals,north-site,equipment_health,BETA-NORTH-CRUSHER-013,fixed_crusher,2026-09-01T20:18:48.253Z,11,running,74.4,3.56,2981.4,0.998,19491.08,24.5,[]
f8ea1a8e-e69c-4e3e-a8e9-64ad0c2c69a3,1.0,beta-minerals,north-site,equipment_health,BETA-NORTH-CRUSHER-014,fixed_crusher,2026-09-01T20:18:48.253Z,11,running,75.8,4.12,3014.7,0.998,15163.75,24.1,[]
5819a7d1-7480-4785-a0ff-da4d274def21,1.0,beta-minerals,north-site,equipment_health,BETA-NORTH-CRUSHER-015,fixed_crusher,2026-09-01T20:18:48.253Z,11,running,70.1,4.2,2951.6,0.998,3475.16,24.1,[]
b4144d47-12dd-43e1-8e75-6c33845bbcd3,1.0,beta-minerals,north-site,equipment_health,BETA-NORTH-CRUSHER-016,fixed_crusher,2026-09-01T20:18:48.253Z,11,running,74.9,4.04,2907.9,0.998,7578.7,24.6,[]
8c49e78d-ed64-417b-aad4-fab5a6e8396a,1.0,beta-minerals,north-site,equipment_health,BETA-NORTH-CRUSHER-017,fixed_crusher,2026-09-01T20:18:48.253Z,11,running,68.5,3.8,2908.7,0.998,10512.95,24.9,[]
1b9d816f-77a7-406c-9982-53903c435288,1.0,beta-minerals,north-site,equipment_health,BETA-NORTH-CRUSHER-018,fixed_crusher,2026-09-01T20:18:48.253Z,11,running,71.7,4.21,3148.0,0.998,12811.81,24.1,[]
b414fcd9-9db7-4235-9df1-25f374352a66,1.0,beta-minerals,north-site,equipment_health,BETA-NORTH-CRUSHER-019,fixed_crusher,2026-09-01T20:18:48.253Z,11,running,73.8,3.95,2994.4,0.998,19458.89,25.0,[]
e76e7a81-14b9-434d-ad72-893f478f89dc,1.0,beta-minerals,north-site,equipment_health,BETA-NORTH-CRUSHER-020,fixed_crusher,2026-09-01T20:18:48.253Z,11,running,73.2,3.85,2904.1,0.998,3849.69,24.6,[]
962189f8-6ea0-467d-ac6b-014479a50d0e,1.0,beta-minerals,north-site,equipment_health,BETA-NORTH-CRUSHER-021,fixed_crusher,2026-09-01T20:18:48.253Z,11,running,73.8,4.51,2966.5,0.998,20321.72,23.9,[]
79347122-c447-475e-98fe-1a19f0943e9b,1.0,beta-minerals,north-site,equipment_health,BETA-NORTH-CRUSHER-022,fixed_crusher,2026-09-01T20:18:48.253Z,11,running,71.0,4.44,3094.9,0.998,21416.94,24.6,[]
27551cbc-f78f-45e4-9c40-aa331e5682b3,1.0,beta-minerals,north-site,equipment_health,BETA-NORTH-CRUSHER-023,fixed_crusher,2026-09-01T20:18:48.253Z,11,running,70.8,4.14,2928.7,0.998,4784.25,25.1,[]
3d195202-fa62-4e00-a4ce-e52f0b349425,1.0,beta-minerals,north-site,equipment_health,BETA-NORTH-CRUSHER-024,fixed_crusher,2026-09-01T20:18:48.253Z,11,running,68.7,4.1,3060.1,0.998,17579.61,24.4,[]
92a358c3-8860-4db4-9221-33fb134b6a7c,1.0,beta-minerals,north-site,equipment_health,BETA-NORTH-CRUSHER-025,fixed_crusher,2026-09-01T20:18:48.253Z,11,running,69.1,4.56,3090.7,0.998,4886.6,25.0,[]
c6224f76-9046-4e1d-96f9-e42db399a833,1.0,beta-minerals,north-site,equipment_health,BETA-NORTH-CRUSHER-026,fixed_crusher,2026-09-01T20:18:48.253Z,11,running,77.7,3.85,3032.2,0.998,8609.08,24.9,[]
8afe27fd-a9e2-4bc1-8420-3bc00438160a,1.0,beta-minerals,north-site,equipment_health,BETA-NORTH-CRUSHER-027,fixed_crusher,2026-09-01T20:18:48.253Z,11,running,68.9,4.29,2909.4,0.998,4564.79,24.1,[]
1d2cc5b8-a0aa-471c-b245-ca9516e48968,1.0,beta-minerals,north-site,equipment_health,BETA-NORTH-CRUSHER-028,fixed_crusher,2026-09-01T20:18:48.253Z,11,running,74.4,4.46,3109.3,0.998,6843.49,24.2,[]
840f6ee5-97c3-4c3f-8aca-fdb9a56c6889,1.0,beta-minerals,north-site,equipment_health,BETA-NORTH-CRUSHER-029,fixed_crusher,2026-09-01T20:18:48.253Z,11,running,71.8,3.83,3135.2,0.998,6504.59,25.1,[]
0e453c87-6320-45a1-bea5-b238ac5158d9,1.0,beta-minerals,north-site,equipment_health,BETA-NORTH-CRUSHER-030,fixed_crusher,2026-09-01T20:18:48.253Z,11,running,68.0,3.7,2930.9,0.998,13544.22,24.1,[]
9579586e-f669-401e-9231-343f5c39ad45,1.0,acme-mining,site-01,equipment_health,ACME-S01-CRUSHER-001,fixed_crusher,2026-09-01T20:18:53.253Z,12,running,68.2,4.43,2906.1,0.998,16458.44,24.0,[]
6ac282e2-85e2-44ef-ba67-ffdf737734e5,1.0,acme-mining,site-01,equipment_health,ACME-S01-CRUSHER-002,fixed_crusher,2026-09-01T20:18:53.253Z,12,running,71.5,3.72,3008.8,0.997,5622.66,23.9,[]
f1b0196c-2fad-4d43-bacc-0f205695ee03,1.0,acme-mining,site-01,equipment_health,ACME-S01-CRUSHER-003,fixed_crusher,2026-09-01T20:18:53.253Z,12,running,77.9,4.44,3103.6,0.998,14322.85,24.0,[]
bf204101-e4fe-427a-8851-7e1cf11badd2,1.0,acme-mining,site-01,equipment_health,ACME-S01-CRUSHER-004,fixed_crusher,2026-09-01T20:18:53.253Z,12,running,68.3,4.12,2999.3,0.997,6152.56,24.0,[]
fcfb7a4c-1883-4a39-aff3-2f9cac162768,1.0,acme-mining,site-01,equipment_health,ACME-S01-CRUSHER-005,fixed_crusher,2026-09-01T20:18:53.253Z,12,running,69.0,4.02,2950.3,0.997,3963.01,24.8,[]
c4ea078d-b32c-4e78-b995-05319f7c5c92,1.0,acme-mining,site-01,equipment_health,ACME-S01-CRUSHER-006,fixed_crusher,2026-09-01T20:18:53.253Z,12,running,71.7,4.21,2957.8,0.998,17244.72,24.8,[]
5ce26a43-639f-46c9-9bfe-c7627a4127b6,1.0,acme-mining,site-01,equipment_health,ACME-S01-CRUSHER-007,fixed_crusher,2026-09-01T20:18:53.253Z,12,running,70.5,4.2,3027.1,0.997,13724.19,24.5,[]
a6a086ed-6ad3-4272-a5c1-19f60c8a3001,1.0,acme-mining,site-01,equipment_health,ACME-S01-CRUSHER-008,fixed_crusher,2026-09-01T20:18:53.253Z,12,running,72.6,4.13,2938.8,0.998,12502.25,25.1,[]
57d75949-8cbd-4bb3-b064-76aec4393c31,1.0,acme-mining,site-01,equipment_health,ACME-S01-CRUSHER-009,fixed_crusher,2026-09-01T20:18:53.253Z,12,running,73.0,4.5,3042.5,0.997,15703.35,24.8,[]
4cc0e6cc-9b96-411e-8f8e-a8c727dac17e,1.0,acme-mining,site-01,equipment_health,ACME-S01-CRUSHER-010,fixed_crusher,2026-09-01T20:18:53.253Z,12,running,74.0,4.32,2988.6,0.998,9812.96,24.7,[]
06ab1cbf-7411-491d-a767-e5675aaf2217,1.0,acme-mining,site-01,equipment_health,ACME-S01-CRUSHER-011,fixed_crusher,2026-09-01T20:18:53.253Z,12,running,76.8,3.69,3081.3,0.998,13414.95,24.8,[]
62c12a4a-fdcf-4cd1-89b9-16c0fd591674,1.0,acme-mining,site-01,equipment_health,ACME-S01-CRUSHER-012,fixed_crusher,2026-09-01T20:18:53.253Z,12,running,74.8,4.45,3100.3,0.997,11410.03,24.4,[]
cca8b6b0-06ee-4c51-b47f-9a8b0557f4a5,1.0,acme-mining,site-01,equipment_health,ACME-S01-CRUSHER-013,fixed_crusher,2026-09-01T20:18:53.253Z,12,running,76.5,4.52,2970.0,0.998,5653.21,23.8,[]
0d30f160-06d0-4ed5-aa07-d2cfa1a0458a,1.0,acme-mining,site-01,equipment_health,ACME-S01-CRUSHER-014,fixed_crusher,2026-09-01T20:18:53.253Z,12,running,71.9,4.23,2932.3,0.997,1652.93,24.3,[]
f3757f5d-85c8-4304-b98c-8a438cea2bdd,1.0,acme-mining,site-01,equipment_health,ACME-S01-CRUSHER-015,fixed_crusher,2026-09-01T20:18:53.253Z,12,running,70.7,3.53,3066.6,0.998,21343.99,25.2,[]
8f1af6e2-094f-49eb-9699-af59c0166874,1.0,acme-mining,site-01,equipment_health,ACME-S01-CRUSHER-016,fixed_crusher,2026-09-01T20:18:53.253Z,12,running,71.4,3.9,2920.2,0.997,6910.23,24.6,[]
c7322d97-9bf9-4887-b04a-59171a41a85d,1.0,acme-mining,site-01,equipment_health,ACME-S01-CRUSHER-017,fixed_crusher,2026-09-01T20:18:53.253Z,12,running,69.2,3.52,2901.6,0.997,19136.12,24.0,[]
463527c6-efdb-4a60-95e3-75c5e50bb81d,1.0,acme-mining,site-01,equipment_health,ACME-S01-CRUSHER-018,fixed_crusher,2026-09-01T20:18:53.253Z,12,running,75.2,3.68,3019.2,0.998,14058.68,24.7,[]
39975c76-5db8-4575-9075-39c522ea9679,1.0,acme-mining,site-01,equipment_health,ACME-S01-CRUSHER-019,fixed_crusher,2026-09-01T20:18:53.253Z,12,running,71.6,4.37,3133.0,0.998,1412.05,25.2,[]
33fb67d4-d89d-4f80-8460-6a3a003cd71f,1.0,acme-mining,site-01,equipment_health,ACME-S01-CRUSHER-020,fixed_crusher,2026-09-01T20:18:53.253Z,12,running,77.3,3.96,3020.4,0.997,21835.87,24.2,[]
5b04e855-3f67-4a07-ba8f-81ec199801af,1.0,acme-mining,site-02,equipment_health,ACME-S02-CRUSHER-001,fixed_crusher,2026-09-01T20:18:53.253Z,12,running,72.5,4.1,3067.2,0.998,21531.72,23.9,[]
bee8ecab-16aa-4eff-b53d-4d4c1f924ad2,1.0,acme-mining,site-02,equipment_health,ACME-S02-CRUSHER-002,fixed_crusher,2026-09-01T20:18:53.253Z,12,running,73.4,3.91,2909.9,0.998,7608.77,23.9,[]
3bd5b76d-e232-4fc7-878b-b0a6c94a0dde,1.0,acme-mining,site-02,equipment_health,ACME-S02-CRUSHER-003,fixed_crusher,2026-09-01T20:18:53.253Z,12,faulted,102.2,9.65,2935.1,0.58,20160.49,24.7,"[""BEARING_OVERHEAT"",""VIBRATION_HIGH""]"
5710e0b3-b00c-485f-b4aa-b865aacd7f93,1.0,acme-mining,site-02,equipment_health,ACME-S02-CRUSHER-004,fixed_crusher,2026-09-01T20:18:53.253Z,12,running,71.3,3.94,3037.9,0.998,4749.82,24.0,[]
e1945410-f472-45f4-b163-6bac38a4d9ce,1.0,acme-mining,site-02,equipment_health,ACME-S02-CRUSHER-005,fixed_crusher,2026-09-01T20:18:53.253Z,12,running,77.6,4.22,2960.3,0.998,6832.72,24.2,[]
45702d21-2cb9-4fc9-9fd3-5efa430a1220,1.0,acme-mining,site-02,equipment_health,ACME-S02-CRUSHER-006,fixed_crusher,2026-09-01T20:18:53.253Z,12,running,69.8,3.82,2994.6,0.998,17946.87,24.7,[]
2bdcbc59-1139-45fa-b5bb-50e80b67853d,1.0,acme-mining,site-02,equipment_health,ACME-S02-CRUSHER-007,fixed_crusher,2026-09-01T20:18:53.253Z,12,running,76.6,4.08,3134.6,0.998,12836.98,24.9,[]
43c56e5a-69de-442f-916e-92b4212c5c90,1.0,acme-mining,site-02,equipment_health,ACME-S02-CRUSHER-008,fixed_crusher,2026-09-01T20:18:53.253Z,12,running,75.3,3.87,3016.4,0.998,9297.68,24.5,[]
141afbba-55ea-4f96-9ed8-3d33f3ebe9b4,1.0,acme-mining,site-02,equipment_health,ACME-S02-CRUSHER-009,fixed_crusher,2026-09-01T20:18:53.253Z,12,running,68.7,4.59,2991.6,0.998,16779.66,24.9,[]
4d6ee034-9060-4f36-8e42-9940ef14ff76,1.0,acme-mining,site-02,equipment_health,ACME-S02-CRUSHER-010,fixed_crusher,2026-09-01T20:18:53.253Z,12,running,73.7,3.93,3075.9,0.998,14957.08,24.6,[]
a73fdb6d-f348-45c2-b9f7-0f54e8d0d787,1.0,acme-mining,site-02,equipment_health,ACME-S02-CRUSHER-011,fixed_crusher,2026-09-01T20:18:53.253Z,12,running,75.9,3.51,3096.4,0.998,14340.7,24.7,[]
2b876ee7-daa3-409a-b0b2-97ad5958b987,1.0,acme-mining,site-02,equipment_health,ACME-S02-CRUSHER-012,fixed_crusher,2026-09-01T20:18:53.253Z,12,running,75.1,3.99,2978.7,0.998,9615.94,24.1,[]
336adc12-f510-4968-8ff9-003421138689,1.0,acme-mining,site-02,equipment_health,ACME-S02-CRUSHER-013,fixed_crusher,2026-09-01T20:18:53.253Z,12,running,73.2,4.2,2922.1,0.998,11940.76,24.6,[]
d7ab0e86-7791-466a-a96e-45806ce8f100,1.0,acme-mining,site-02,equipment_health,ACME-S02-CRUSHER-014,fixed_crusher,2026-09-01T20:18:53.253Z,12,running,71.3,4.31,2984.6,0.998,12941.29,24.5,[]
b6163a49-e182-4243-a24f-b529095e6174,1.0,acme-mining,site-02,equipment_health,ACME-S02-CRUSHER-015,fixed_crusher,2026-09-01T20:18:53.253Z,12,running,75.2,4.0,2932.6,0.997,19856.47,24.5,[]
6ba302cd-3e67-480a-a840-23ad49d7ca1d,1.0,acme-mining,site-02,equipment_health,ACME-S02-CRUSHER-016,fixed_crusher,2026-09-01T20:18:53.253Z,12,running,70.8,4.53,2976.7,0.998,16133.55,23.9,[]
a579a322-e756-4f51-a55b-5dcf37728d07,1.0,acme-mining,site-02,equipment_health,ACME-S02-CRUSHER-017,fixed_crusher,2026-09-01T20:18:53.253Z,12,running,73.5,3.74,3021.7,0.998,12272.68,24.1,[]
a4616583-44d6-4fd6-a9d9-11317244a031,1.0,acme-mining,site-02,equipment_health,ACME-S02-CRUSHER-018,fixed_crusher,2026-09-01T20:18:53.253Z,12,running,74.2,3.72,3059.6,0.998,17035.56,24.0,[]
3a187927-ea6f-4150-8a5b-81971c64df0c,1.0,acme-mining,site-02,equipment_health,ACME-S02-CRUSHER-019,fixed_crusher,2026-09-01T20:18:53.253Z,12,running,74.1,3.68,3059.5,0.997,8763.7,23.8,[]
e1ceb603-69f8-44d7-85c9-e2684a6dd8a0,1.0,acme-mining,site-02,equipment_health,ACME-S02-CRUSHER-020,fixed_crusher,2026-09-01T20:18:53.253Z,12,running,77.4,3.84,2998.5,0.997,9132.86,24.0,[]
94998144-c23b-47f7-ba69-0ad3f94da8f7,1.0,beta-minerals,north-site,equipment_health,BETA-NORTH-CRUSHER-001,fixed_crusher,2026-09-01T20:18:53.253Z,12,running,75.9,4.2,2980.4,0.998,10268.57,24.3,[]
fd2845a6-2e34-4582-ae2c-ce155788f42b,1.0,beta-minerals,north-site,equipment_health,BETA-NORTH-CRUSHER-002,fixed_crusher,2026-09-01T20:18:53.253Z,12,running,74.4,4.02,3013.3,0.997,10090.28,24.8,[]
2139842e-8ffe-4521-981b-1b7240344644,1.0,beta-minerals,north-site,equipment_health,BETA-NORTH-CRUSHER-003,fixed_crusher,2026-09-01T20:18:53.253Z,12,running,72.5,4.48,3130.3,0.998,17521.09,25.1,[]
664d5ba0-b988-4c9b-a34e-ebdd1f1794c6,1.0,beta-minerals,north-site,equipment_health,BETA-NORTH-CRUSHER-004,fixed_crusher,2026-09-01T20:18:53.253Z,12,running,77.0,4.03,3114.9,0.998,7556.82,24.6,[]
9e4de46b-a37e-4318-a212-3c73f076ac5b,1.0,beta-minerals,north-site,equipment_health,BETA-NORTH-CRUSHER-005,fixed_crusher,2026-09-01T20:18:53.253Z,12,running,75.3,4.32,2982.6,0.998,7964.57,24.0,[]
78fb6c0d-e232-4068-b8d2-cb28af391f1a,1.0,beta-minerals,north-site,equipment_health,BETA-NORTH-CRUSHER-006,fixed_crusher,2026-09-01T20:18:53.253Z,12,running,75.4,4.41,3004.8,0.998,4130.62,24.9,[]
03795cad-5d71-4648-acfb-c1a2c643044a,1.0,beta-minerals,north-site,equipment_health,BETA-NORTH-CRUSHER-007,fixed_crusher,2026-09-01T20:18:53.253Z,12,running,74.6,4.39,3093.2,0.998,14804.69,25.0,[]
eade0b6c-42d8-4d13-83d1-532be4fcea0b,1.0,beta-minerals,north-site,equipment_health,BETA-NORTH-CRUSHER-008,fixed_crusher,2026-09-01T20:18:53.253Z,12,running,74.3,3.69,2968.4,0.998,9865.26,24.8,[]
f9ed2fd1-17c2-4616-877d-853be2b43cad,1.0,beta-minerals,north-site,equipment_health,BETA-NORTH-CRUSHER-009,fixed_crusher,2026-09-01T20:18:53.253Z,12,running,76.8,3.73,3056.0,0.998,21513.64,24.5,[]
f837178e-3cc4-4080-a49e-b37ed537fed7,1.0,beta-minerals,north-site,equipment_health,BETA-NORTH-CRUSHER-010,fixed_crusher,2026-09-01T20:18:53.253Z,12,running,77.4,4.18,2935.6,0.998,9015.59,24.9,[]
9d7bebf3-330d-45aa-bd92-957899df40e0,1.0,beta-minerals,north-site,equipment_health,BETA-NORTH-CRUSHER-011,fixed_crusher,2026-09-01T20:18:53.253Z,12,running,68.4,3.5,3040.1,0.998,12762.04,24.9,[]
dc024cd7-7670-48a1-b903-f8031fcd0fdd,1.0,beta-minerals,north-site,equipment_health,BETA-NORTH-CRUSHER-012,fixed_crusher,2026-09-01T20:18:53.253Z,12,running,77.4,3.81,3003.7,0.997,5623.29,24.8,[]
3b0c990b-3f01-42b3-9b24-cf8f2420c447,1.0,beta-minerals,north-site,equipment_health,BETA-NORTH-CRUSHER-013,fixed_crusher,2026-09-01T20:18:53.253Z,12,running,76.4,4.1,2917.3,0.998,19491.08,25.2,[]
1828ad38-d4a3-46f3-9868-fac561eb2269,1.0,beta-minerals,north-site,equipment_health,BETA-NORTH-CRUSHER-014,fixed_crusher,2026-09-01T20:18:53.253Z,12,running,72.8,4.28,2983.4,0.997,15163.76,24.7,[]
985fb0e1-89a2-4b6e-b310-4a268b64659b,1.0,beta-minerals,north-site,equipment_health,BETA-NORTH-CRUSHER-015,fixed_crusher,2026-09-01T20:18:53.253Z,12,running,75.2,4.32,2905.4,0.998,3475.16,23.9,[]
847517e7-0853-4aae-9a11-b9473eea3b6b,1.0,beta-minerals,north-site,equipment_health,BETA-NORTH-CRUSHER-016,fixed_crusher,2026-09-01T20:18:53.253Z,12,running,75.9,3.72,3121.3,0.998,7578.71,23.9,[]
bb974c83-ce4a-4fef-a5f2-4f3ce8740299,1.0,beta-minerals,north-site,equipment_health,BETA-NORTH-CRUSHER-017,fixed_crusher,2026-09-01T20:18:53.253Z,12,running,73.0,3.99,3030.3,0.997,10512.95,24.7,[]
ea291044-8d3e-47b5-a066-ac4a3af648cf,1.0,beta-minerals,north-site,equipment_health,BETA-NORTH-CRUSHER-018,fixed_crusher,2026-09-01T20:18:53.253Z,12,running,76.9,3.71,2954.6,0.997,12811.81,24.5,[]
d6323dcc-6475-464e-a552-d15549f92313,1.0,beta-minerals,north-site,equipment_health,BETA-NORTH-CRUSHER-019,fixed_crusher,2026-09-01T20:18:53.253Z,12,running,74.1,4.03,3101.1,0.998,19458.9,24.9,[]
a688a735-e1e5-489d-8493-61054de587f4,1.0,beta-minerals,north-site,equipment_health,BETA-NORTH-CRUSHER-020,fixed_crusher,2026-09-01T20:18:53.253Z,12,faulted,96.7,9.54,3069.3,0.58,3849.69,24.2,"[""BEARING_OVERHEAT"",""VIBRATION_HIGH""]"
13d2c35c-f36e-4a99-b62e-b165c18b554f,1.0,beta-minerals,north-site,equipment_health,BETA-NORTH-CRUSHER-021,fixed_crusher,2026-09-01T20:18:53.253Z,12,running,70.5,4.22,3116.3,0.998,20321.72,23.9,[]
d8dc153d-463b-4262-990c-54cc702d7d34,1.0,beta-minerals,north-site,equipment_health,BETA-NORTH-CRUSHER-022,fixed_crusher,2026-09-01T20:18:53.253Z,12,running,74.0,3.72,2955.6,0.998,21416.95,25.1,[]
b1672144-08e0-4bfb-8d12-88cdd83d8d6a,1.0,beta-minerals,north-site,equipment_health,BETA-NORTH-CRUSHER-023,fixed_crusher,2026-09-01T20:18:53.253Z,12,running,74.8,3.57,3045.1,0.998,4784.25,25.1,[]
64cd1c32-d8e9-4540-94c3-069d4b40afb7,1.0,beta-minerals,north-site,equipment_health,BETA-NORTH-CRUSHER-024,fixed_crusher,2026-09-01T20:18:53.253Z,12,running,77.3,4.05,3014.4,0.998,17579.61,24.4,[]
e8bf518d-48f6-4dcf-829d-e1d6b22d2294,1.0,beta-minerals,north-site,equipment_health,BETA-NORTH-CRUSHER-025,fixed_crusher,2026-09-01T20:18:53.253Z,12,running,75.7,4.0,2977.8,0.998,4886.6,24.3,[]
2238f096-823f-4192-9f60-dc789d4533d6,1.0,beta-minerals,north-site,equipment_health,BETA-NORTH-CRUSHER-026,fixed_crusher,2026-09-01T20:18:53.253Z,12,running,70.1,4.49,3026.1,0.997,8609.08,24.7,[]
bae596ef-643f-40f5-925e-dc00d1ab8583,1.0,beta-minerals,north-site,equipment_health,BETA-NORTH-CRUSHER-027,fixed_crusher,2026-09-01T20:18:53.253Z,12,running,70.0,4.35,3080.5,0.998,4564.79,24.0,[]
dee3bcc3-02ec-4814-9eb8-3ec0ca8b387e,1.0,beta-minerals,north-site,equipment_health,BETA-NORTH-CRUSHER-028,fixed_crusher,2026-09-01T20:18:53.253Z,12,running,70.0,3.85,2951.4,0.998,6843.49,25.0,[]
e5e5afc6-0122-47f2-8419-8b6d7bb92275,1.0,beta-minerals,north-site,equipment_health,BETA-NORTH-CRUSHER-029,fixed_crusher,2026-09-01T20:18:53.253Z,12,running,69.4,4.26,2947.1,0.998,6504.59,25.1,[]
c56fed4c-0276-4ca6-8350-bb92fdf3aa12,1.0,beta-minerals,north-site,equipment_health,BETA-NORTH-CRUSHER-030,fixed_crusher,2026-09-01T20:18:53.253Z,12,running,75.5,3.58,3143.5,0.998,13544.23,24.5,[]
